{
"type": "FeatureCollection",
"name": "safetysign",
"crs": { "type": "name", "properties": { "name": "urn:ogc:def:crs:OGC:1.3:CRS84" } },
"features": [
{ "type": "Feature", "properties": { "ID": "B122CC003701", "AdminCode": "206", "Type": "2", "LinkID": "A219AS305883", "Ref_Lane": 3, "Maker": "올포랜드", "PostID": "C619AS305105", "UpdateDate": "20181001", "Version": "2020", "Remark": "횡단보도", "HistType": null, "HistRemark": null }, "geometry": { "type": "Polygon", "coordinates": [ [ [ 127.107413786464917, 37.396362043465892, 68.442 ], [ 127.107414524499887, 37.396364587801763, 67.941 ], [ 127.107413059721708, 37.396359499310783, 67.94 ], [ 127.107413786464917, 37.396362043465892, 68.442 ] ] ] } },
{ "type": "Feature", "properties": { "ID": "B122CC003702", "AdminCode": "206", "Type": "2", "LinkID": "A219AS305883", "Ref_Lane": 3, "Maker": "올포랜드", "PostID": "C619AS305104", "UpdateDate": "20181001", "Version": "2020", "Remark": "직진", "HistType": null, "HistRemark": null }, "geometry": { "type": "Polygon", "coordinates": [ [ [ 127.107264400089761, 37.396336182897564, 67.689 ], [ 127.107264430565507, 37.396336318573397, 67.641 ], [ 127.107264493103372, 37.396336526862825, 67.595 ], [ 127.107264565119962, 37.396336807404197, 67.554 ], [ 127.107264658360222, 37.396337142360544, 67.519 ], [ 127.10726476153242, 37.396337531551097, 67.491 ], [ 127.107264886608164, 37.396337948129933, 67.471 ], [ 127.107264999485693, 37.396338400563522, 67.459 ], [ 127.107265123654955, 37.396338853177937, 67.457 ], [ 127.107265247824216, 37.39633930579236, 67.464 ], [ 127.107265372446719, 37.396339740388967, 67.479 ], [ 127.107265486457393, 37.396340147778126, 67.503 ], [ 127.107265579017778, 37.39634050976116, 67.535 ], [ 127.107265672937899, 37.396340817690827, 67.573 ], [ 127.107265734569282, 37.396341062015821, 67.617 ], [ 127.107265786495333, 37.396341243097737, 67.665 ], [ 127.107265806585872, 37.396341342557214, 67.715 ], [ 127.10726581742432, 37.396341360755805, 67.767 ], [ 127.107265796427285, 37.396341297331922, 67.818 ], [ 127.10726576595151, 37.396341161656096, 67.868 ], [ 127.107265703413645, 37.396340953366675, 67.914 ], [ 127.107265631397055, 37.396340672825289, 67.955 ], [ 127.10726553815681, 37.396340337868949, 67.99 ], [ 127.107265434984598, 37.396339948678396, 68.018 ], [ 127.107265309908826, 37.39633953209956, 68.038 ], [ 127.107265197031296, 37.396339079665971, 68.049 ], [ 127.107265061570331, 37.396338626870744, 68.051 ], [ 127.107264937401098, 37.396338174256329, 68.045 ], [ 127.107264824070299, 37.396337739840511, 68.029 ], [ 127.107264710059624, 37.396337332451374, 68.005 ], [ 127.107264617499254, 37.396336970468333, 67.973 ], [ 127.107264523579119, 37.396336662538644, 67.935 ], [ 127.107264461947764, 37.39633641821365, 67.891 ], [ 127.107264409795107, 37.396336246140635, 67.843 ], [ 127.107264389704568, 37.396336146681172, 67.793 ], [ 127.107264378866105, 37.396336128482567, 67.741 ], [ 127.107264400089761, 37.396336182897564, 67.689 ] ] ] } },
{ "type": "Feature", "properties": { "ID": "B122CC003703", "AdminCode": "206", "Type": "2", "LinkID": "A219AS305409", "Ref_Lane": 3, "Maker": "올포랜드", "PostID": null, "UpdateDate": "20181001", "Version": "2020", "Remark": "유턴", "HistType": null, "HistRemark": null }, "geometry": { "type": "Polygon", "coordinates": [ [ [ 127.107131590051324, 37.396262541830403, 72.121 ], [ 127.107131515501948, 37.396262811012278, 72.188 ], [ 127.107131477547341, 37.396262972629891, 72.26 ], [ 127.107131464895815, 37.396263026502439, 72.334 ], [ 127.107131477773976, 37.396262963621012, 72.407 ], [ 127.107131527473555, 37.396262784166417, 72.478 ], [ 127.107131602249567, 37.396262505975642, 72.545 ], [ 127.107131713167064, 37.396262138238399, 72.605 ], [ 127.107131837869304, 37.396261671584135, 72.657 ], [ 127.107131986741408, 37.396261142229285, 72.699 ], [ 127.107132148491672, 37.396260549992959, 72.73 ], [ 127.107132322440194, 37.396259921901922, 72.749 ], [ 127.107132496841999, 37.396259275793057, 72.755 ], [ 127.107132682535493, 37.396258629865038, 72.749 ], [ 127.107132856484, 37.396258001773965, 72.73 ], [ 127.107133018007602, 37.396257418546547, 72.699 ], [ 127.107133166879706, 37.396256889191697, 72.656 ], [ 127.107133291581917, 37.396256422537419, 72.604 ], [ 127.107133402499386, 37.396256054800169, 72.544 ], [ 127.107133477275383, 37.396255776609401, 72.478 ], [ 127.107133526748314, 37.396255606163706, 72.407 ], [ 127.107133539626489, 37.396255543282265, 72.333 ], [ 127.107133526974948, 37.39625559715482, 72.26 ], [ 127.107133477728667, 37.396255758591614, 72.189 ], [ 127.107133403179319, 37.396256027773497, 72.122 ], [ 127.107133303553525, 37.39625639569158, 72.061 ], [ 127.107133179304597, 37.396256844328036, 72.008 ], [ 127.107133030432507, 37.396257373682914, 71.965 ], [ 127.107132868908906, 37.396257956910311, 71.934 ], [ 127.107132695187033, 37.396258575992491, 71.914 ], [ 127.107132520785228, 37.396259222101342, 71.906 ], [ 127.107132335091734, 37.396259868029361, 71.912 ], [ 127.107132161143198, 37.396260496120441, 71.93 ], [ 127.107131999392934, 37.396261088356731, 71.96 ], [ 127.107131850294209, 37.396261626720488, 72.001 ], [ 127.107131725818618, 37.396262084365851, 72.052 ], [ 127.107131590051324, 37.396262541830403, 72.121 ] ] ] } },
{ "type": "Feature", "properties": { "ID": "B122CC003704", "AdminCode": "206", "Type": "3", "LinkID": "A219AS305386", "Ref_Lane": 3, "Maker": "올포랜드", "PostID": "C619AS305109", "UpdateDate": "20181001", "Version": "2020", "Remark": "주정차금지", "HistType": null, "HistRemark": null }, "geometry": { "type": "Polygon", "coordinates": [ [ [ 127.109075750019386, 37.396331881020885, 70.953 ], [ 127.109075732388249, 37.396332133089565, 70.989 ], [ 127.109075727860102, 37.396332313267614, 71.029 ], [ 127.109075724690385, 37.396332439392282, 71.073 ], [ 127.109075723331941, 37.396332493445698, 71.118 ], [ 127.109075723784741, 37.396332475427904, 71.163 ], [ 127.109075726048815, 37.396332385338852, 71.207 ], [ 127.109075729897768, 37.39633223218749, 71.249 ], [ 127.109075746849669, 37.396332007145553, 71.287 ], [ 127.109075753641903, 37.396331736878437, 71.321 ], [ 127.109075773084342, 37.396331412738533, 71.348 ], [ 127.109075793432353, 37.396331052563035, 71.369 ], [ 127.109075814459615, 37.396330665360821, 71.383 ], [ 127.109075835939677, 37.396330260140779, 71.389 ], [ 127.109075857419768, 37.396329854920758, 71.388 ], [ 127.109075878899844, 37.396329449700723, 71.378 ], [ 127.109075888408952, 37.396329071326775, 71.361 ], [ 127.109075908304192, 37.39632872916907, 71.337 ], [ 127.109075927293787, 37.396328423046981, 71.307 ], [ 127.109075933406785, 37.396328179806595, 71.271 ], [ 127.109075949679465, 37.396327981791337, 71.231 ], [ 127.109075952849182, 37.396327855666705, 71.188 ], [ 127.10907595420764, 37.396327801613268, 71.143 ], [ 127.109075953981232, 37.396327810622196, 71.098 ], [ 127.109075951717159, 37.396327900711213, 71.053 ], [ 127.109075947868206, 37.396328053862568, 71.011 ], [ 127.109075931369119, 37.396328260886719, 70.973 ], [ 127.109075924350478, 37.39632854016272, 70.939 ], [ 127.109075905134475, 37.396328855293753, 70.911 ], [ 127.109075884786435, 37.39632921546923, 70.89 ], [ 127.109075863759173, 37.396329602671464, 70.876 ], [ 127.109075842279111, 37.396330007891486, 70.869 ], [ 127.109075820799049, 37.396330413111514, 70.87 ], [ 127.10907579954538, 37.396330809322635, 70.879 ], [ 127.109075790036229, 37.396331187696596, 70.896 ], [ 127.109075769914625, 37.396331538863194, 70.919 ], [ 127.109075750019386, 37.396331881020885, 70.953 ] ] ] } },
{ "type": "Feature", "properties": { "ID": "B122CC003705", "AdminCode": "206", "Type": "4", "LinkID": "A219AS305386", "Ref_Lane": 3, "Maker": "올포랜드", "PostID": "C619AS305109", "UpdateDate": "20181001", "Version": "2020", "Remark": "견인지역", "HistType": null, "HistRemark": null }, "geometry": { "type": "Polygon", "coordinates": [ [ [ 127.109076325957361, 37.396327392984041, 70.786 ], [ 127.109076325957361, 37.396327392984041, 70.171 ], [ 127.109075577642969, 37.396332896678736, 70.171 ], [ 127.109075577642969, 37.396332896678736, 70.786 ], [ 127.109076325957361, 37.396327392984041, 70.786 ] ] ] } },
{ "type": "Feature", "properties": { "ID": "B122CC003706", "AdminCode": "206", "Type": "4", "LinkID": "A219AS305373", "Ref_Lane": 4, "Maker": "올포랜드", "PostID": "C619AS305024", "UpdateDate": "20181001", "Version": "2020", "Remark": "유턴", "HistType": null, "HistRemark": null }, "geometry": { "type": "Polygon", "coordinates": [ [ [ 127.106756511180251, 37.396072129635527, 72.711 ], [ 127.106756115518635, 37.396072141323359, 72.775 ], [ 127.106755855583685, 37.396072146172557, 72.844 ], [ 127.106755731148709, 37.396072153192009, 72.916 ], [ 127.10675574244037, 37.396072153372856, 72.989 ], [ 127.106755900750343, 37.396072146895989, 73.06 ], [ 127.106756205851966, 37.396072142770208, 73.128 ], [ 127.10675662432358, 37.3960721224352, 73.19 ], [ 127.106757155711819, 37.39607210390875, 73.245 ], [ 127.106757800016737, 37.396072087190873, 73.291 ], [ 127.106758512298285, 37.396072062549223, 73.326 ], [ 127.106759281038151, 37.396072038811873, 73.35 ], [ 127.10676009494469, 37.39607201579792, 73.362 ], [ 127.10676090907792, 37.39607198377508, 73.361 ], [ 127.106761722984459, 37.396071960761113, 73.348 ], [ 127.106762480432678, 37.396071936842858, 73.322 ], [ 127.10676319271424, 37.396071912201187, 73.285 ], [ 127.106763814435794, 37.396071895121572, 73.238 ], [ 127.106764334532386, 37.396071876414226, 73.182 ], [ 127.106764741485648, 37.396071864907235, 73.119 ], [ 127.106765012938965, 37.396071851229969, 73.051 ], [ 127.106765159957291, 37.396071844572205, 72.98 ], [ 127.106765159957291, 37.396071844572205, 72.907 ], [ 127.106765012938965, 37.396071851229969, 72.836 ], [ 127.106764730193987, 37.396071864726387, 72.768 ], [ 127.106764323240725, 37.396071876233378, 72.705 ], [ 127.106763803144133, 37.396071894940711, 72.65 ], [ 127.106763181422565, 37.396071912020332, 72.603 ], [ 127.106762469141003, 37.396071936662004, 72.566 ], [ 127.106761700401137, 37.396071960399404, 72.541 ], [ 127.106760897786259, 37.396071983594226, 72.528 ], [ 127.106760083653029, 37.396072015617065, 72.528 ], [ 127.106759281038151, 37.396072038811873, 72.54 ], [ 127.106758512298285, 37.396072062549223, 72.564 ], [ 127.106757800016737, 37.396072087190873, 72.599 ], [ 127.106757167003479, 37.396072104089619, 72.645 ], [ 127.106756511180251, 37.396072129635527, 72.711 ] ] ] } },
{ "type": "Feature", "properties": { "ID": "B122CC003707", "AdminCode": "206", "Type": "2", "LinkID": "A219AS305882", "Ref_Lane": 4, "Maker": "올포랜드", "PostID": "C619AS305197", "UpdateDate": "20181001", "Version": "2020", "Remark": "직진 및 우회전", "HistType": null, "HistRemark": null }, "geometry": { "type": "Polygon", "coordinates": [ [ [ 127.10704060800883, 37.396025551566964, 68.203 ], [ 127.107040449472308, 37.396025567053158, 68.161 ], [ 127.107040211440861, 37.396025599291328, 68.12 ], [ 127.107039883076183, 37.396025630082853, 68.085 ], [ 127.10703950909155, 37.396025678168868, 68.054 ], [ 127.107039067356951, 37.396025725169892, 68.031 ], [ 127.107038591747383, 37.396025771628437, 68.014 ], [ 127.107038093101195, 37.396025835743124, 68.005 ], [ 127.10703758339001, 37.396025890668064, 68.004 ], [ 127.107037073678811, 37.396025945593024, 68.011 ], [ 127.107036586550933, 37.396026000879608, 68.025 ], [ 127.107036144816348, 37.396026047880639, 68.047 ], [ 127.107035736956718, 37.396026095424133, 68.076 ], [ 127.107035397073716, 37.396026135043726, 68.11 ], [ 127.107035136685596, 37.396026157911329, 68.149 ], [ 127.107034955339117, 37.396026182044743, 68.192 ], [ 127.107034853487534, 37.396026189426173, 68.236 ], [ 127.107034841969224, 37.396026198254241, 68.282 ], [ 127.107034910172473, 37.396026181321432, 68.327 ], [ 127.107035080000657, 37.396026166016078, 68.371 ], [ 127.107035329097101, 37.396026142967649, 68.411 ], [ 127.10703564639681, 37.39602610298639, 68.446 ], [ 127.107036031446441, 37.396026064090123, 68.477 ], [ 127.107036461889379, 37.396026016908287, 68.5 ], [ 127.107036937725596, 37.396025961440841, 68.517 ], [ 127.107037447436795, 37.396025906515902, 68.526 ], [ 127.107037957148009, 37.396025851590956, 68.527 ], [ 127.107038455794168, 37.396025787476276, 68.52 ], [ 127.107038942695397, 37.396025741198564, 68.505 ], [ 127.107039395948306, 37.396025685369466, 68.483 ], [ 127.107039792289612, 37.396025646654003, 68.455 ], [ 127.107040132172614, 37.396025607034403, 68.42 ], [ 127.107040392787368, 37.396025575157907, 68.381 ], [ 127.107040574133848, 37.396025551024479, 68.339 ], [ 127.107040675985431, 37.396025543643049, 68.294 ], [ 127.107040687277092, 37.396025543823889, 68.248 ], [ 127.10704060800883, 37.396025551566964, 68.203 ] ] ] } },
{ "type": "Feature", "properties": { "ID": "B122CC003708", "AdminCode": "206", "Type": "2", "LinkID": "A219AS305982", "Ref_Lane": 4, "Maker": "올포랜드", "PostID": null, "UpdateDate": "20181001", "Version": "2020", "Remark": "유턴", "HistType": null, "HistRemark": null }, "geometry": { "type": "Polygon", "coordinates": [ [ [ 127.106970274901613, 37.396128934422045, 72.538 ], [ 127.106970421466713, 37.396128945781804, 72.612 ], [ 127.106970421466713, 37.396128945781804, 72.688 ], [ 127.106970274901613, 37.396128934422045, 72.762 ], [ 127.106969981998077, 37.396128902693647, 72.833 ], [ 127.106969553821088, 37.396128859786309, 72.898 ], [ 127.106969012954053, 37.396128806061711, 72.956 ], [ 127.106968359170253, 37.396128750528767, 73.005 ], [ 127.106967626798067, 37.396128675712163, 73.042 ], [ 127.106966826675844, 37.396128599810538, 73.068 ], [ 127.106965992905245, 37.3961285143575, 73.081 ], [ 127.106965147842985, 37.396128428723642, 73.081 ], [ 127.106964313845751, 37.396128352279497, 73.067 ], [ 127.1069635137235, 37.396128276377844, 73.041 ], [ 127.106962781351356, 37.396128201561218, 73.004 ], [ 127.106962139085894, 37.396128137200172, 72.955 ], [ 127.106961598218845, 37.396128083475539, 72.897 ], [ 127.106961169815236, 37.396128049577051, 72.831 ], [ 127.106960888203375, 37.396128018029465, 72.76 ], [ 127.106960741638275, 37.396128006669706, 72.686 ], [ 127.106960741638275, 37.396128006669706, 72.61 ], [ 127.106960888203375, 37.396128018029465, 72.536 ], [ 127.106961181106911, 37.396128049757898, 72.465 ], [ 127.106961609283871, 37.396128092665258, 72.399 ], [ 127.106962150377569, 37.396128137380998, 72.342 ], [ 127.106962803934692, 37.396128201922892, 72.293 ], [ 127.106963536306864, 37.396128276739525, 72.256 ], [ 127.106964336429087, 37.396128352641171, 72.23 ], [ 127.106965170199672, 37.396128438094188, 72.217 ], [ 127.106966015488581, 37.396128514719166, 72.217 ], [ 127.10696686055087, 37.396128600353045, 72.231 ], [ 127.106967649381403, 37.396128676073829, 72.257 ], [ 127.106968381753603, 37.396128750890426, 72.295 ], [ 127.106969035310726, 37.396128815432284, 72.344 ], [ 127.106969576404452, 37.396128860147975, 72.402 ], [ 127.106969993289752, 37.396128902874487, 72.467 ], [ 127.106970274901613, 37.396128934422045, 72.538 ] ] ] } },
{ "type": "Feature", "properties": { "ID": "B122CC003709", "AdminCode": "206", "Type": "2", "LinkID": "A219AS305373", "Ref_Lane": 4, "Maker": "올포랜드", "PostID": "C619AS305024", "UpdateDate": "20181001", "Version": "2020", "Remark": "자회전시 보행신호시", "HistType": null, "HistRemark": null }, "geometry": { "type": "Polygon", "coordinates": [ [ [ 127.106764302045562, 37.396069127074483, 72.383 ], [ 127.106755016501182, 37.396070925055092, 72.367 ], [ 127.106755125564177, 37.396071080014842, 72.076 ], [ 127.106764411108614, 37.396069282034198, 72.092 ], [ 127.106764302045562, 37.396069127074483, 72.383 ] ] ] } },
{ "type": "Feature", "properties": { "ID": "B122CC003710", "AdminCode": "206", "Type": "2", "LinkID": "A219AS305449", "Ref_Lane": 3, "Maker": "올포랜드", "PostID": "C619AS305079", "UpdateDate": "20181001", "Version": "2020", "Remark": "유턴", "HistType": null, "HistRemark": null }, "geometry": { "type": "Polygon", "coordinates": [ [ [ 127.109370817532508, 37.396272620980085, 70.124 ], [ 127.109370816880286, 37.396272197380938, 70.055 ], [ 127.109370805841863, 37.396271737565542, 70.002 ], [ 127.109370807906089, 37.396271205859541, 69.959 ], [ 127.109370800036857, 37.396270619919477, 69.927 ], [ 127.109370793299476, 37.39626998893489, 69.906 ], [ 127.109370787241232, 37.396269330923595, 69.898 ], [ 127.10937078118296, 37.396268672912292, 69.902 ], [ 127.109370774671959, 37.396268032918812, 69.919 ], [ 127.10937076725547, 37.39626742896094, 69.949 ], [ 127.109370769772454, 37.396266879237118, 69.989 ], [ 127.10937075918676, 37.396266401403921, 70.039 ], [ 127.10937075785543, 37.396266004831489, 70.098 ], [ 127.109370754034003, 37.396265707356989, 70.163 ], [ 127.109370758787819, 37.39626551816999, 70.233 ], [ 127.109370749307089, 37.396265445918139, 70.306 ], [ 127.109370759693306, 37.396265482134375, 70.379 ], [ 127.109370756071343, 37.396265626276872, 70.451 ], [ 127.109370760798257, 37.396265887715721, 70.518 ], [ 127.109370763035102, 37.39626624825253, 70.579 ], [ 127.109370763008201, 37.396266698878406, 70.633 ], [ 127.109370772235664, 37.396267230765048, 70.677 ], [ 127.109370780104911, 37.396267816705077, 70.71 ], [ 127.109370775550559, 37.396268447509058, 70.732 ], [ 127.109370781608831, 37.396269105520354, 70.741 ], [ 127.109370787667075, 37.396269763531656, 70.737 ], [ 127.109370794178076, 37.396270403525151, 70.721 ], [ 127.109370801368186, 37.396271016491916, 70.692 ], [ 127.109370810142906, 37.396271566396351, 70.653 ], [ 127.109370809210517, 37.396272053057842, 70.603 ], [ 127.109370810315497, 37.396272458639181, 70.545 ], [ 127.109370814136923, 37.39627275611366, 70.48 ], [ 127.109370820448433, 37.396272954490186, 70.41 ], [ 127.109370818184729, 37.396273044579239, 70.337 ], [ 127.109370818863837, 37.396273017552538, 70.264 ], [ 127.109370822485801, 37.396272873410055, 70.192 ], [ 127.109370817532508, 37.396272620980085, 70.124 ] ] ] } },
{ "type": "Feature", "properties": { "ID": "B122CC003711", "AdminCode": "206", "Type": "4", "LinkID": "A219AS305449", "Ref_Lane": 3, "Maker": "올포랜드", "PostID": "C619AS305079", "UpdateDate": "20181001", "Version": "2020", "Remark": "직진후좌회전", "HistType": null, "HistRemark": null }, "geometry": { "type": "Polygon", "coordinates": [ [ [ 127.109370505132247, 37.396273814649305, 70.576 ], [ 127.109370505132247, 37.396273814649305, 70.016 ], [ 127.109370672401056, 37.39627884631421, 70.016 ], [ 127.109370672401056, 37.39627884631421, 70.572 ], [ 127.109370505132247, 37.396273814649305, 70.576 ] ] ] } },
{ "type": "Feature", "properties": { "ID": "B122CC003712", "AdminCode": "206", "Type": "4", "LinkID": "A219AS305386", "Ref_Lane": 3, "Maker": "올포랜드", "PostID": "C619AS305107", "UpdateDate": "20181001", "Version": "2020", "Remark": "유턴", "HistType": null, "HistRemark": null }, "geometry": { "type": "Polygon", "coordinates": [ [ [ 127.107986449206365, 37.396234509164877, 67.896 ], [ 127.107986401547663, 37.396234607539789, 67.943 ], [ 127.10798637828465, 37.396234634204994, 67.991 ], [ 127.107986401774212, 37.396234598530889, 68.039 ], [ 127.107986460951125, 37.396234491327803, 68.085 ], [ 127.107986555588923, 37.396234321604659, 68.129 ], [ 127.10798667439586, 37.396234089180695, 68.168 ], [ 127.107986828437106, 37.396233803245572, 68.202 ], [ 127.107987006194435, 37.396233472627429, 68.229 ], [ 127.107987196149608, 37.39623310615444, 68.249 ], [ 127.107987409141245, 37.396232722025125, 68.261 ], [ 127.107987622585952, 37.396232319878017, 68.265 ], [ 127.107987836030659, 37.396231917730915, 68.26 ], [ 127.107988037730607, 37.39623153342086, 68.247 ], [ 127.107988227459245, 37.39623117595675, 68.226 ], [ 127.107988405216545, 37.396230845338614, 68.198 ], [ 127.107988559031256, 37.396230568412392, 68.164 ], [ 127.107988677611644, 37.396230344997335, 68.124 ], [ 127.107988760957724, 37.396230175093422, 68.08 ], [ 127.107988819908101, 37.396230076899236, 68.033 ], [ 127.10798883187941, 37.39623005005329, 67.985 ], [ 127.107988819681552, 37.396230085908137, 67.937 ], [ 127.107988760504639, 37.396230193111222, 67.891 ], [ 127.10798866586687, 37.396230362834388, 67.847 ], [ 127.107988535768243, 37.396230595077597, 67.808 ], [ 127.107988393018687, 37.396230881193461, 67.774 ], [ 127.107988215261386, 37.396231211811617, 67.747 ], [ 127.107988014014538, 37.396231578103865, 67.727 ], [ 127.10798781231459, 37.396231962413928, 67.715 ], [ 127.107987598869883, 37.39623236456103, 67.711 ], [ 127.107987385425176, 37.396232766708131, 67.716 ], [ 127.107987172433525, 37.396233150837446, 67.729 ], [ 127.107986982704887, 37.396233508301542, 67.749 ], [ 127.107986805174093, 37.396233829910784, 67.777 ], [ 127.107986662424537, 37.396234116026648, 67.812 ], [ 127.107986543844149, 37.396234339441719, 67.852 ], [ 127.107986449206365, 37.396234509164877, 67.896 ] ] ] } },
{ "type": "Feature", "properties": { "ID": "B122CC003713", "AdminCode": "206", "Type": "4", "LinkID": "A219AS305386", "Ref_Lane": 5, "Maker": "올포랜드", "PostID": "C619AS305112", "UpdateDate": "20181001", "Version": "2020", "Remark": "우측면통행", "HistType": null, "HistRemark": null }, "geometry": { "type": "Polygon", "coordinates": [ [ [ 127.108641576083386, 37.396227265929355, 66.947 ], [ 127.108641470381826, 37.39622742646349, 66.995 ], [ 127.108641400140598, 37.396227524477347, 67.045 ], [ 127.108641388395981, 37.396227542314477, 67.097 ], [ 127.108641423403355, 37.396227497812006, 67.148 ], [ 127.10864150538923, 37.396227381961019, 67.198 ], [ 127.10864163435356, 37.396227194761529, 67.244 ], [ 127.108641798551758, 37.396226954050668, 67.286 ], [ 127.108642009275499, 37.396226660009098, 67.321 ], [ 127.108642243714925, 37.396226321284352, 67.35 ], [ 127.108642501643573, 37.396225946885387, 67.37 ], [ 127.10864278283502, 37.396225545821046, 67.383 ], [ 127.108643064026452, 37.396225144756741, 67.386 ], [ 127.108643356509575, 37.396224743873077, 67.38 ], [ 127.108643626182825, 37.396224351636967, 67.365 ], [ 127.108643883885037, 37.396223986246881, 67.343 ], [ 127.108644106806295, 37.396223656350401, 67.312 ], [ 127.10864430578539, 37.396223380145955, 67.275 ], [ 127.108644469757095, 37.396223148443966, 67.232 ], [ 127.108644575458641, 37.39622298790983, 67.184 ], [ 127.108644645699897, 37.396222889895959, 67.134 ], [ 127.108644668962668, 37.396222863230612, 67.083 ], [ 127.108644634181729, 37.396222898724211, 67.031 ], [ 127.108644563487559, 37.396223014755847, 66.982 ], [ 127.108644434749706, 37.396223192946444, 66.935 ], [ 127.108644270551537, 37.396223433657319, 66.894 ], [ 127.108644060054274, 37.396223718689974, 66.858 ], [ 127.108643825614863, 37.396224057414727, 66.829 ], [ 127.108643567686229, 37.396224431813692, 66.807 ], [ 127.10864329801295, 37.39622482404981, 66.795 ], [ 127.108643005529828, 37.39622522493346, 66.791 ], [ 127.108642724338381, 37.396225625997801, 66.796 ], [ 127.108642454665102, 37.396226018233897, 66.81 ], [ 127.108642196962904, 37.396226383623983, 66.832 ], [ 127.108641962749928, 37.3962267133398, 66.862 ], [ 127.108641763544369, 37.396226998553153, 66.899 ], [ 127.108641576083386, 37.396227265929355, 66.947 ] ] ] } },
{ "type": "Feature", "properties": { "ID": "B122CC003714", "AdminCode": "206", "Type": "4", "LinkID": "A219AS306032", "Ref_Lane": 2, "Maker": "올포랜드", "PostID": "C619AS305057", "UpdateDate": "20181001", "Version": "2020", "Remark": "직진 및 좌회전", "HistType": null, "HistRemark": null }, "geometry": { "type": "Polygon", "coordinates": [ [ [ 127.113238284693679, 37.396244120020967, 68.265 ], [ 127.113238274531497, 37.396244074796108, 68.344 ], [ 127.113238256240308, 37.396243903266033, 68.421 ], [ 127.113238229594202, 37.396243614439726, 68.494 ], [ 127.11323819436727, 37.396243217326045, 68.56 ], [ 127.113238139041883, 37.396242720753726, 68.618 ], [ 127.113238085749643, 37.396242143101077, 68.664 ], [ 127.113238022747055, 37.396241502205704, 68.699 ], [ 127.113237949582285, 37.396240816085466, 68.721 ], [ 127.113237876869363, 37.396240111947385, 68.73 ], [ 127.113237804382308, 37.396239398800375, 68.725 ], [ 127.113237731443462, 37.396238703671216, 68.706 ], [ 127.113237668666798, 37.396238053766922, 68.673 ], [ 127.113237604534675, 37.396237457916186, 68.629 ], [ 127.113237549661108, 37.396236943326009, 68.574 ], [ 127.113237515111905, 37.396236519185557, 68.51 ], [ 127.113237477851811, 37.39623620315222, 68.439 ], [ 127.113237460238324, 37.396236004595401, 68.362 ], [ 127.113237450753871, 37.396235932343757, 68.283 ], [ 127.113237449624336, 37.396235977388379, 68.204 ], [ 127.113237467915525, 37.396236148918419, 68.127 ], [ 127.113237505853363, 37.396236437924983, 68.054 ], [ 127.113237541080267, 37.396236835038671, 67.988 ], [ 127.113237596405668, 37.396237331610976, 67.931 ], [ 127.113237649697865, 37.396237909263633, 67.884 ], [ 127.113237712700453, 37.396238550159012, 67.849 ], [ 127.113237785865223, 37.396239236279236, 67.827 ], [ 127.11323785835225, 37.396239949426246, 67.818 ], [ 127.113237930839276, 37.396240662573263, 67.824 ], [ 127.113238004004046, 37.396241348693493, 67.843 ], [ 127.113238066554828, 37.396242007606709, 67.875 ], [ 127.113238130912862, 37.396242594448516, 67.919 ], [ 127.113238185786443, 37.3962431090387, 67.974 ], [ 127.113238220335631, 37.39624353317916, 68.039 ], [ 127.113238257595754, 37.396243849212482, 68.11 ], [ 127.113238275209213, 37.396244047769343, 68.186 ], [ 127.113238284693679, 37.396244120020967, 68.265 ] ] ] } },
{ "type": "Feature", "properties": { "ID": "B122CC003715", "AdminCode": "206", "Type": "2", "LinkID": "A219AS306044", "Ref_Lane": 3, "Maker": "올포랜드", "PostID": null, "UpdateDate": "20181001", "Version": "2020", "Remark": "유턴", "HistType": null, "HistRemark": null }, "geometry": { "type": "Polygon", "coordinates": [ [ [ 127.113189862751227, 37.396199320887924, 68.164 ], [ 127.113189837230891, 37.396199437643489, 68.086 ], [ 127.113189797256027, 37.396199680343734, 68.01 ], [ 127.113189731760826, 37.396200039799538, 67.941 ], [ 127.113189641197124, 37.396200497993028, 67.879 ], [ 127.113189536856609, 37.396201055104441, 67.827 ], [ 127.113189430934696, 37.396201675278341, 67.787 ], [ 127.113189301299798, 37.396202340136384, 67.76 ], [ 127.113189170535279, 37.396203050039063, 67.746 ], [ 127.113189039544849, 37.396203768950649, 67.746 ], [ 127.113188909006254, 37.396204469844378, 67.76 ], [ 127.113188790437135, 37.396205143891578, 67.787 ], [ 127.11318867322349, 37.396205763885241, 67.827 ], [ 127.113188569108885, 37.396206311987747, 67.879 ], [ 127.113188478545155, 37.396206770181244, 67.94 ], [ 127.113188413049954, 37.396207129637027, 68.01 ], [ 127.113188373075062, 37.396207372337265, 68.085 ], [ 127.113188347328801, 37.396207498101752, 68.164 ], [ 127.113188347328801, 37.396207498101752, 68.245 ], [ 127.113188373075062, 37.396207372337265, 68.324 ], [ 127.113188413049954, 37.396207129637027, 68.399 ], [ 127.113188489836887, 37.396206770361481, 68.469 ], [ 127.113188569108885, 37.396206311987747, 68.53 ], [ 127.11318867322349, 37.396205763885241, 68.582 ], [ 127.113188790437135, 37.396205143891578, 68.622 ], [ 127.113188909006254, 37.396204469844378, 68.65 ], [ 127.113189039770774, 37.396203759941706, 68.664 ], [ 127.113189170535279, 37.396203050039063, 68.664 ], [ 127.113189301299798, 37.396202340136384, 68.65 ], [ 127.113189430934696, 37.396201675278341, 68.622 ], [ 127.113189536856609, 37.396201055104441, 68.582 ], [ 127.1131896409712, 37.396200507001943, 68.53 ], [ 127.113189731760826, 37.396200039799538, 68.469 ], [ 127.113189797030103, 37.396199689352663, 68.399 ], [ 127.113189837230891, 37.396199437643489, 68.323 ], [ 127.113189862751227, 37.396199320887924, 68.244 ], [ 127.113189862751227, 37.396199320887924, 68.164 ] ] ] } },
{ "type": "Feature", "properties": { "ID": "B122CC003716", "AdminCode": "206", "Type": "3", "LinkID": "A219AS305425", "Ref_Lane": 4, "Maker": "올포랜드", "PostID": "C619AS305111", "UpdateDate": "20181001", "Version": "2020", "Remark": "주정차금지", "HistType": null, "HistRemark": null }, "geometry": { "type": "Polygon", "coordinates": [ [ [ 127.110260506360987, 37.396109057789644, 70.807 ], [ 127.110260418268581, 37.396109416882396, 70.76 ], [ 127.11026034146785, 37.396109776155683, 70.727 ], [ 127.110260241178679, 37.396110171103558, 70.702 ], [ 127.110260139984447, 37.396110602087063, 70.684 ], [ 127.110260038337657, 37.396111051088383, 70.676 ], [ 127.110259925172969, 37.396111508918111, 70.676 ], [ 127.110259823299955, 37.396111966928352, 70.685 ], [ 127.110259722331975, 37.396112388902957, 70.703 ], [ 127.110259633108228, 37.396112793040253, 70.729 ], [ 127.110259545242045, 37.39611314312409, 70.762 ], [ 127.110259481316859, 37.396113439515524, 70.801 ], [ 127.110259430493485, 37.396113664016191, 70.846 ], [ 127.110259392545629, 37.396113825635013, 70.895 ], [ 127.110259367925863, 37.396113906354167, 70.946 ], [ 127.110259367925863, 37.396113906354167, 70.997 ], [ 127.110259392319378, 37.39611383464392, 71.049 ], [ 127.110259418749251, 37.3961136818535, 71.097 ], [ 127.11025948109058, 37.396113448524439, 71.142 ], [ 127.110259544789514, 37.396113161141919, 71.182 ], [ 127.110259621363994, 37.396112810877568, 71.216 ], [ 127.110259721653165, 37.396112415929686, 71.243 ], [ 127.110259822847425, 37.396111984946174, 71.261 ], [ 127.110259924494187, 37.396111535944854, 71.271 ], [ 127.110260037658875, 37.396111078115119, 71.271 ], [ 127.110260139531917, 37.396110620104878, 71.263 ], [ 127.11026024072612, 37.396110189121366, 71.246 ], [ 127.110260329949895, 37.396109784984048, 71.221 ], [ 127.110260418042301, 37.396109425891311, 71.189 ], [ 127.11026049325919, 37.396109129680397, 71.149 ], [ 127.110260544535095, 37.396108887161922, 71.105 ], [ 127.110260582482937, 37.396108725543087, 71.057 ], [ 127.110260607328939, 37.39610863581504, 71.006 ], [ 127.11026060778147, 37.396108617797225, 70.954 ], [ 127.110260594679673, 37.396108689687978, 70.902 ], [ 127.110260557184375, 37.396108833288991, 70.853 ], [ 127.110260506360987, 37.396109057789644, 70.807 ] ] ] } },
{ "type": "Feature", "properties": { "ID": "B122CC003717", "AdminCode": "206", "Type": "4", "LinkID": "A219AS305425", "Ref_Lane": 4, "Maker": "올포랜드", "PostID": "C619AS305111", "UpdateDate": "20181001", "Version": "2020", "Remark": "견인지역", "HistType": null, "HistRemark": null }, "geometry": { "type": "Polygon", "coordinates": [ [ [ 127.110260203769485, 37.396108512200428, 70.209 ], [ 127.110260189310068, 37.396108638144653, 70.157 ], [ 127.110260161296353, 37.396108853997454, 70.107 ], [ 127.110260131472501, 37.396109141921542, 70.062 ], [ 127.110260088773117, 37.396109492727462, 70.024 ], [ 127.110260033424439, 37.39610989740634, 69.992 ], [ 127.110259988236166, 37.396110347310284, 69.969 ], [ 127.110259931077366, 37.396110824060415, 69.955 ], [ 127.110259873466049, 37.396111318828417, 69.951 ], [ 127.110259804563043, 37.396111813415843, 69.956 ], [ 127.110259747404257, 37.396112290165995, 69.971 ], [ 127.110259702442235, 37.396112731061017, 69.994 ], [ 127.110259647093557, 37.396113135739881, 70.026 ], [ 127.11025960439413, 37.396113486545815, 70.065 ], [ 127.110259574796572, 37.396113765460989, 70.111 ], [ 127.110259547009107, 37.396113972304867, 70.161 ], [ 127.110259532549719, 37.3961140982491, 70.214 ], [ 127.110259531644658, 37.396114134284737, 70.269 ], [ 127.11025953277597, 37.396114089240179, 70.324 ], [ 127.110259547461638, 37.396113954287038, 70.377 ], [ 127.110259575249103, 37.396113747443167, 70.427 ], [ 127.110259616364644, 37.39611345969962, 70.472 ], [ 127.110259659064042, 37.396113108893672, 70.511 ], [ 127.110259703347296, 37.39611269502538, 70.542 ], [ 127.110259759827272, 37.396112245301957, 70.565 ], [ 127.110259816986073, 37.39611176855184, 70.579 ], [ 127.110259874597389, 37.396111273783838, 70.583 ], [ 127.110259931982426, 37.396110788024771, 70.578 ], [ 127.110259989141198, 37.39611031127464, 70.563 ], [ 127.110260045621203, 37.396109861551224, 70.539 ], [ 127.110260089678178, 37.396109456691818, 70.507 ], [ 127.110260132151296, 37.396109114894806, 70.468 ], [ 127.110260161748883, 37.396108835979618, 70.423 ], [ 127.110260189536348, 37.396108629135739, 70.372 ], [ 127.110260203995736, 37.39610850319152, 70.319 ], [ 127.110260204900783, 37.396108467155884, 70.264 ], [ 127.110260203769485, 37.396108512200428, 70.209 ] ] ] } },
{ "type": "Feature", "properties": { "ID": "B122CC003718", "AdminCode": "206", "Type": "2", "LinkID": "A219AS305991", "Ref_Lane": 3, "Maker": "올포랜드", "PostID": null, "UpdateDate": "20181001", "Version": "2020", "Remark": "유턴", "HistType": null, "HistRemark": null }, "geometry": { "type": "Polygon", "coordinates": [ [ [ 127.109963939681151, 37.396185329775257, 69.942 ], [ 127.109963722173575, 37.396185894086578, 69.874 ], [ 127.109963571284737, 37.396186504525772, 69.822 ], [ 127.109963452460562, 37.39618718757783, 69.782 ], [ 127.109963388737128, 37.39618792558614, 69.755 ], [ 127.109963380793275, 37.396188691523911, 69.742 ], [ 127.109963417789942, 37.396189467192791, 69.743 ], [ 127.10996351147142, 37.396190234755508, 69.759 ], [ 127.109963640159521, 37.396190957815328, 69.788 ], [ 127.109963815598533, 37.39619161853502, 69.83 ], [ 127.109964038014738, 37.396192207905635, 69.884 ], [ 127.109964285729987, 37.396192689530437, 69.948 ], [ 127.109964558744238, 37.396193063409434, 70.02 ], [ 127.109964834926714, 37.396193311163707, 70.098 ], [ 127.109965136860794, 37.396193433154387, 70.179 ], [ 127.10996541960597, 37.396193419650331, 70.261 ], [ 127.109965705971945, 37.396193262003713, 70.342 ], [ 127.109965961404725, 37.396192986699653, 70.42 ], [ 127.109966197422295, 37.396192584909777, 70.491 ], [ 127.10996639098866, 37.396192074290795, 70.553 ], [ 127.109966553169215, 37.396191464032178, 70.606 ], [ 127.109966671993348, 37.396190780980078, 70.646 ], [ 127.109966735716768, 37.39619004297181, 70.674 ], [ 127.109966754952282, 37.396189277214575, 70.688 ], [ 127.109966717955587, 37.396188501545687, 70.687 ], [ 127.109966624274051, 37.396187733982956, 70.672 ], [ 127.109966495585965, 37.396187010923143, 70.644 ], [ 127.109966320373232, 37.396186341194557, 70.602 ], [ 127.109966109248688, 37.396185752004506, 70.549 ], [ 127.109965861759761, 37.396185261370796, 70.485 ], [ 127.109965588971832, 37.396184878482885, 70.413 ], [ 127.109965301723975, 37.396184621539149, 70.336 ], [ 127.109965011081655, 37.396184499729038, 70.254 ], [ 127.109964717044804, 37.396184513052567, 70.172 ], [ 127.109964442423163, 37.396184652861884, 70.091 ], [ 127.109964175698693, 37.396184927985388, 70.013 ], [ 127.109963939681151, 37.396185329775257, 69.942 ] ] ] } },
{ "type": "Feature", "properties": { "ID": "B122CC003719", "AdminCode": "206", "Type": "4", "LinkID": "A219AS305991", "Ref_Lane": 3, "Maker": "올포랜드", "PostID": null, "UpdateDate": "20181001", "Version": "2020", "Remark": "좌회전시보행신호시", "HistType": null, "HistRemark": null }, "geometry": { "type": "Polygon", "coordinates": [ [ [ 127.109961738478191, 37.39618526754122, 69.802 ], [ 127.109960017863145, 37.396184960640809, 69.438 ], [ 127.109959635382125, 37.396192092446384, 69.378 ], [ 127.109961355997356, 37.396192399346795, 69.742 ], [ 127.109961738478191, 37.39618526754122, 69.802 ] ] ] } },
{ "type": "Feature", "properties": { "ID": "B122CC003720", "AdminCode": "206", "Type": "4", "LinkID": "A219AS305991", "Ref_Lane": 3, "Maker": "올포랜드", "PostID": null, "UpdateDate": "20181001", "Version": "2020", "Remark": "직진후좌회전", "HistType": null, "HistRemark": null }, "geometry": { "type": "Polygon", "coordinates": [ [ [ 127.109962099882637, 37.396183921440908, 70.002 ], [ 127.109962099882637, 37.396183921440908, 69.429 ], [ 127.109962025623375, 37.396178783113172, 69.429 ], [ 127.109962025623375, 37.396178783113172, 69.996 ], [ 127.109962099882637, 37.396183921440908, 70.002 ] ] ] } },
{ "type": "Feature", "properties": { "ID": "B122CC003721", "AdminCode": "206", "Type": "2", "LinkID": "A219AS305991", "Ref_Lane": 4, "Maker": "올포랜드", "PostID": "C619AS305110", "UpdateDate": "20181001", "Version": "2020", "Remark": "진행방향별통행구문", "HistType": null, "HistRemark": null }, "geometry": { "type": "Polygon", "coordinates": [ [ [ 127.109369872060142, 37.396138517494443, 70.416 ], [ 127.109369872060142, 37.396138517494443, 69.677 ], [ 127.109370021844668, 37.396145144096941, 69.677 ], [ 127.109370021844668, 37.396145144096941, 70.411 ], [ 127.109369872060142, 37.396138517494443, 70.416 ] ] ] } },
{ "type": "Feature", "properties": { "ID": "B122CC003722", "AdminCode": "206", "Type": "2", "LinkID": "A219AS305991", "Ref_Lane": 4, "Maker": "올포랜드", "PostID": "C619AS305110", "UpdateDate": "20181001", "Version": "2020", "Remark": "횡단보도", "HistType": null, "HistRemark": null }, "geometry": { "type": "Polygon", "coordinates": [ [ [ 127.10934392042121, 37.396080692612038, 67.088 ], [ 127.10934356714553, 37.396078118391472, 66.589 ], [ 127.109344273470569, 37.396083275841519, 66.587 ], [ 127.10934392042121, 37.396080692612038, 67.088 ] ] ] } },
{ "type": "Feature", "properties": { "ID": "B122CC003723", "AdminCode": "206", "Type": "2", "LinkID": "A219AS305390", "Ref_Lane": 3, "Maker": "올포랜드", "PostID": "C619AS305106", "UpdateDate": "20181001", "Version": "2020", "Remark": "우측면통행", "HistType": null, "HistRemark": null }, "geometry": { "type": "Polygon", "coordinates": [ [ [ 127.107957060983054, 37.396216806815673, 67.396 ], [ 127.107957072727828, 37.39621678897862, 67.441 ], [ 127.107957049011731, 37.396216833661626, 67.485 ], [ 127.107956989834761, 37.39621694086469, 67.528 ], [ 127.107956884131809, 37.396217101398179, 67.568 ], [ 127.107956754259646, 37.396217324632481, 67.604 ], [ 127.1079566006714, 37.39621759254976, 67.635 ], [ 127.107956423367057, 37.396217905150046, 67.659 ], [ 127.107956234317939, 37.396218235587391, 67.677 ], [ 127.107956021779287, 37.39621860169887, 67.687 ], [ 127.107955809240607, 37.39621896781032, 67.689 ], [ 127.107955596928477, 37.396219324912877, 67.684 ], [ 127.107955395908036, 37.396219682196168, 67.671 ], [ 127.107955207085439, 37.396220003624627, 67.65 ], [ 127.10795503023418, 37.396220298207126, 67.623 ], [ 127.10795488839068, 37.39622054828736, 67.59 ], [ 127.107954770263305, 37.396220753684595, 67.553 ], [ 127.107954687596802, 37.396220896561758, 67.511 ], [ 127.107954640391128, 37.396220976918876, 67.468 ], [ 127.107954628646354, 37.396220994755922, 67.423 ], [ 127.107954652362466, 37.396220950072916, 67.378 ], [ 127.10795472283111, 37.396220843050607, 67.335 ], [ 127.107954817468951, 37.396220673327491, 67.295 ], [ 127.107954947341113, 37.396220450093196, 67.259 ], [ 127.107955100929374, 37.396220182175895, 67.229 ], [ 127.107955278007182, 37.39621987858451, 67.204 ], [ 127.107955478574539, 37.39621953931902, 67.187 ], [ 127.10795567959498, 37.396219182035715, 67.177 ], [ 127.10795589213366, 37.396218815924236, 67.175 ], [ 127.107956104672326, 37.3962184498128, 67.18 ], [ 127.107956316757921, 37.396218101719128, 67.193 ], [ 127.107956505807039, 37.396217771281776, 67.214 ], [ 127.10795667136658, 37.39621747651853, 67.241 ], [ 127.107956813210066, 37.396217226438303, 67.274 ], [ 127.107956931110891, 37.396217030049975, 67.311 ], [ 127.107957013777394, 37.396216887172784, 67.353 ], [ 127.107957060983054, 37.396216806815673, 67.396 ] ] ] } },
{ "type": "Feature", "properties": { "ID": "B122CC003724", "AdminCode": "206", "Type": "3", "LinkID": "A219AS305390", "Ref_Lane": 4, "Maker": "올포랜드", "PostID": "C619AS305108", "UpdateDate": "20181001", "Version": "2020", "Remark": "주정차금지", "HistType": null, "HistRemark": null }, "geometry": { "type": "Polygon", "coordinates": [ [ [ 127.107658018989824, 37.396083726503811, 71.912 ], [ 127.1076579835659, 37.396083338398178, 71.937 ], [ 127.107657947009073, 37.396082995337018, 71.97 ], [ 127.107657920611047, 37.396082697501122, 72.009 ], [ 127.1076579036921, 37.396082471917161, 72.053 ], [ 127.107657896252221, 37.396082318585151, 72.1 ], [ 127.107657886999732, 37.396082237324329, 72.15 ], [ 127.107657886999732, 37.396082237324329, 72.201 ], [ 127.107657896252221, 37.396082318585151, 72.25 ], [ 127.1076579036921, 37.396082471917161, 72.298 ], [ 127.107657920611047, 37.396082697501122, 72.342 ], [ 127.107657947235651, 37.396082986328125, 72.38 ], [ 127.1076579835659, 37.396083338398178, 72.413 ], [ 127.107658018989824, 37.396083726503811, 72.439 ], [ 127.107658053507478, 37.396084150645024, 72.456 ], [ 127.107658087345371, 37.39608460181293, 72.465 ], [ 127.107658132474938, 37.396085053161627, 72.466 ], [ 127.107658166312845, 37.396085504329534, 72.457 ], [ 127.107658212122161, 37.396085928651537, 72.441 ], [ 127.107658236027845, 37.396086325585287, 72.416 ], [ 127.10765827235808, 37.396086677655333, 72.384 ], [ 127.107658298982685, 37.396086966482329, 72.346 ], [ 127.107658315675067, 37.396087201075197, 72.302 ], [ 127.107658334180044, 37.39608736359687, 72.255 ], [ 127.107658343432533, 37.396087444857706, 72.206 ], [ 127.107658343205955, 37.396087453866606, 72.155 ], [ 127.107658333726903, 37.39608738161467, 72.106 ], [ 127.107658326060417, 37.396087237291546, 72.058 ], [ 127.107658297623232, 37.396087020535717, 72.014 ], [ 127.107658282063738, 37.39608674089839, 71.975 ], [ 127.107658245506926, 37.39608639783723, 71.942 ], [ 127.107658210082974, 37.39608600973159, 71.915 ], [ 127.107658175565348, 37.39608558559037, 71.897 ], [ 127.107658141500849, 37.39608514343135, 71.887 ], [ 127.107658096371267, 37.396084692082681, 71.886 ], [ 127.107658062306797, 37.396084249923661, 71.893 ], [ 127.107658018989824, 37.396083726503811, 71.912 ] ] ] } },
{ "type": "Feature", "properties": { "ID": "B122CC003725", "AdminCode": "206", "Type": "4", "LinkID": "A219AS305390", "Ref_Lane": 4, "Maker": "올포랜드", "PostID": "C619AS305108", "UpdateDate": "20181001", "Version": "2020", "Remark": "견인지역", "HistType": null, "HistRemark": null }, "geometry": { "type": "Polygon", "coordinates": [ [ [ 127.107657738395389, 37.396082307045475, 71.867 ], [ 127.107658263484538, 37.396087479627909, 71.861 ], [ 127.107658263484538, 37.396087479627909, 71.288 ], [ 127.107657738395389, 37.396082307045475, 71.288 ], [ 127.107657738395389, 37.396082307045475, 71.867 ] ] ] } },
{ "type": "Feature", "properties": { "ID": "B122CC003726", "AdminCode": "206", "Type": "3", "LinkID": "A219AS306028", "Ref_Lane": 4, "Maker": "올포랜드", "PostID": "C619AS305128", "UpdateDate": "20181001", "Version": "2020", "Remark": "주정차금지", "HistType": null, "HistRemark": null }, "geometry": { "type": "Polygon", "coordinates": [ [ [ 127.113130754749733, 37.396022083245235, 69.201 ], [ 127.113130924577035, 37.396022067931099, 69.151 ], [ 127.113131185189772, 37.396022036041082, 69.103 ], [ 127.113131536362019, 37.396021996584125, 69.06 ], [ 127.113131955736264, 37.396021940190785, 69.023 ], [ 127.113132454152421, 37.396021885059177, 68.994 ], [ 127.113132998187211, 37.396021812630714, 68.972 ], [ 127.11313357587116, 37.39602174975191, 68.959 ], [ 127.113134165072722, 37.396021678044427, 68.955 ], [ 127.113134765566002, 37.396021606517174, 68.961 ], [ 127.113135332184186, 37.396021534449183, 68.976 ], [ 127.113135864701334, 37.396021470849377, 68.999 ], [ 127.113136351825801, 37.396021415537525, 69.031 ], [ 127.113136759682419, 37.396021367972835, 69.069 ], [ 127.113137088271273, 37.396021328155356, 69.114 ], [ 127.113137337592306, 37.396021296085095, 69.162 ], [ 127.113137473544512, 37.396021280230201, 69.214 ], [ 127.113137518937236, 37.39602127194226, 69.267 ], [ 127.113137450961119, 37.396021279869707, 69.32 ], [ 127.113137292199582, 37.396021304373036, 69.371 ], [ 127.11313702029517, 37.396021336082811, 69.419 ], [ 127.113136669122923, 37.396021375539789, 69.462 ], [ 127.113136238682884, 37.396021422743971, 69.499 ], [ 127.113135751332521, 37.396021487064772, 69.529 ], [ 127.113135207523669, 37.396021550484328, 69.55 ], [ 127.113134629613782, 37.396021622372047, 69.563 ], [ 127.11313402912053, 37.396021693899314, 69.566 ], [ 127.113133439918954, 37.396021765606797, 69.561 ], [ 127.113132873526695, 37.396021828665837, 69.546 ], [ 127.113132341009532, 37.396021892265651, 69.522 ], [ 127.113131853659169, 37.396021956586424, 69.491 ], [ 127.113131445802523, 37.396022004151078, 69.452 ], [ 127.113131117213669, 37.396022043968529, 69.408 ], [ 127.113130879410264, 37.396022067210119, 69.359 ], [ 127.113130731940402, 37.396022091893663, 69.307 ], [ 127.113130698065305, 37.396022091352926, 69.254 ], [ 127.113130754749733, 37.396022083245235, 69.201 ] ] ] } },
{ "type": "Feature", "properties": { "ID": "B122CC003727", "AdminCode": "206", "Type": "4", "LinkID": "A219AS306028", "Ref_Lane": 4, "Maker": "올포랜드", "PostID": "C619AS305128", "UpdateDate": "20181001", "Version": "2020", "Remark": "견인지역", "HistType": null, "HistRemark": null }, "geometry": { "type": "Polygon", "coordinates": [ [ [ 127.113130455291667, 37.396022312790883, 68.582 ], [ 127.113130500684363, 37.396022304502928, 68.64 ], [ 127.113130648154211, 37.39602227981937, 68.695 ], [ 127.113130908992844, 37.396022238920438, 68.748 ], [ 127.113131260842863, 37.396022172436687, 68.796 ], [ 127.113131703252364, 37.396022098385998, 68.837 ], [ 127.113132213863878, 37.39602200739894, 68.871 ], [ 127.11313278115982, 37.396021908304192, 68.896 ], [ 127.113133393848472, 37.396021800921496, 68.912 ], [ 127.11313402912053, 37.396021693899314, 68.918 ], [ 127.113134664392561, 37.396021586877104, 68.914 ], [ 127.113135277081213, 37.396021479494401, 68.9 ], [ 127.11313585566883, 37.396021380579882, 68.877 ], [ 127.113136377572062, 37.39602128977306, 68.845 ], [ 127.11313684279088, 37.396021207073908, 68.805 ], [ 127.113137217224249, 37.396021140950658, 68.758 ], [ 127.11313748958051, 37.39602109122302, 68.707 ], [ 127.11313767092544, 37.396021067080191, 68.652 ], [ 127.113137739127467, 37.396021050143816, 68.594 ], [ 127.113137693734743, 37.396021058431749, 68.537 ], [ 127.113137534973234, 37.396021082935079, 68.481 ], [ 127.113137285200352, 37.396021133023204, 68.429 ], [ 127.113136922284596, 37.396021190317789, 68.381 ], [ 127.113136479875081, 37.396021264368493, 68.339 ], [ 127.113135969263567, 37.396021355355572, 68.306 ], [ 127.113135401967639, 37.396021454450342, 68.28 ], [ 127.113134789279002, 37.396021561833052, 68.265 ], [ 127.113134165298646, 37.396021669035491, 68.258 ], [ 127.113133529800692, 37.396021785066615, 68.262 ], [ 127.113132905820351, 37.396021892269076, 68.276 ], [ 127.113132327232719, 37.396021991183574, 68.3 ], [ 127.113131805329488, 37.396022081990374, 68.332 ], [ 127.113131351628283, 37.39602215586082, 68.372 ], [ 127.113130977194885, 37.396022221984062, 68.418 ], [ 127.113130693546907, 37.396022271531436, 68.47 ], [ 127.11313052326777, 37.396022304863429, 68.525 ], [ 127.113130455291667, 37.396022312790883, 68.582 ] ] ] } },
{ "type": "Feature", "properties": { "ID": "B122CC003728", "AdminCode": "206", "Type": "3", "LinkID": "A219AS305430", "Ref_Lane": 4, "Maker": "올포랜드", "PostID": "C619AS305114", "UpdateDate": "20181001", "Version": "2020", "Remark": "주정차금지", "HistType": null, "HistRemark": null }, "geometry": { "type": "Polygon", "coordinates": [ [ [ 127.112299121886068, 37.396108745071587, 69.819 ], [ 127.112299134750629, 37.39610913281583, 69.778 ], [ 127.112299147841171, 37.396109511551153, 69.75 ], [ 127.112299160253656, 37.39610991731324, 69.73 ], [ 127.112299171988099, 37.396110350102084, 69.717 ], [ 127.112299183270494, 37.396110800908765, 69.714 ], [ 127.11229919455289, 37.396111251715475, 69.719 ], [ 127.112299206287332, 37.396111684504312, 69.732 ], [ 127.112299218699832, 37.396112090266406, 69.753 ], [ 127.112299232016412, 37.396112459992807, 69.782 ], [ 127.112299235397401, 37.396112775485363, 69.818 ], [ 127.112299251652246, 37.39611302809579, 69.859 ], [ 127.112299246905806, 37.396113217283123, 69.904 ], [ 127.112299255259273, 37.396113334579425, 69.953 ], [ 127.112299254355179, 37.396113370615112, 70.003 ], [ 127.112299255259273, 37.396113334579425, 70.052 ], [ 127.112299246905806, 37.396113217283123, 70.101 ], [ 127.11229925187827, 37.396113019086869, 70.146 ], [ 127.112299235623411, 37.396112766476435, 70.187 ], [ 127.112299232242435, 37.396112450983885, 70.223 ], [ 127.112299218925855, 37.396112081257478, 70.251 ], [ 127.11229920673938, 37.396111666486476, 70.273 ], [ 127.112299195004937, 37.396111233697631, 70.286 ], [ 127.112299183722541, 37.396110782890915, 70.29 ], [ 127.112299172440146, 37.396110332084248, 70.286 ], [ 127.112299160705703, 37.396109899295404, 70.274 ], [ 127.112299148519241, 37.396109484524402, 70.253 ], [ 127.112299135202647, 37.396109114797987, 70.225 ], [ 127.112299120755978, 37.396108790116187, 70.189 ], [ 127.11229911601886, 37.396108528677161, 70.149 ], [ 127.112299109473582, 37.396108339309492, 70.104 ], [ 127.112299101346153, 37.396108213004283, 70.055 ], [ 127.112299102476257, 37.396108167959675, 70.005 ], [ 127.112299101572177, 37.396108203995354, 69.955 ], [ 127.112299110151653, 37.396108312282735, 69.907 ], [ 127.112299116922955, 37.396108492641474, 69.861 ], [ 127.112299121886068, 37.396108745071587, 69.819 ] ] ] } },
{ "type": "Feature", "properties": { "ID": "B122CC003729", "AdminCode": "206", "Type": "4", "LinkID": "A219AS305430", "Ref_Lane": 4, "Maker": "올포랜드", "PostID": "C619AS305114", "UpdateDate": "20181001", "Version": "2020", "Remark": "견인지역", "HistType": null, "HistRemark": null }, "geometry": { "type": "Polygon", "coordinates": [ [ [ 127.112298517115732, 37.396108086511305, 69.634 ], [ 127.112298517115732, 37.396108086511305, 69.053 ], [ 127.112299585883022, 37.396113213684011, 69.053 ], [ 127.112299585883022, 37.396113213684011, 69.627 ], [ 127.112298517115732, 37.396108086511305, 69.634 ] ] ] } },
{ "type": "Feature", "properties": { "ID": "B122CC003730", "AdminCode": "206", "Type": "3", "LinkID": "A219AS305373", "Ref_Lane": 4, "Maker": "올포랜드", "PostID": "C619AS305150", "UpdateDate": "20181001", "Version": "2020", "Remark": "최고속도제한80", "HistType": null, "HistRemark": null }, "geometry": { "type": "Polygon", "coordinates": [ [ [ 127.106684443755597, 37.396030283785862, 73.249 ], [ 127.106684987795376, 37.396030211387249, 73.182 ], [ 127.106685543126787, 37.396030139169497, 73.132 ], [ 127.106686189244869, 37.39603005038088, 73.091 ], [ 127.106686914631226, 37.396029953849386, 73.061 ], [ 127.106687673892552, 37.396029857860469, 73.042 ], [ 127.106688467255537, 37.396029753405237, 73.036 ], [ 127.106689249326863, 37.396029648769165, 73.042 ], [ 127.106690020106527, 37.396029543952203, 73.06 ], [ 127.106690733974546, 37.396029456248726, 73.09 ], [ 127.106691391384246, 37.396029367640914, 73.13 ], [ 127.106691958007318, 37.396029295603995, 73.18 ], [ 127.106692411487117, 37.396029230767333, 73.238 ], [ 127.106692751370304, 37.396029191148756, 73.302 ], [ 127.106692966818528, 37.396029158549581, 73.371 ], [ 127.106693046086832, 37.396029150806719, 73.442 ], [ 127.106692978110189, 37.396029158730435, 73.513 ], [ 127.106692785471949, 37.396029182682447, 73.582 ], [ 127.106692456653747, 37.3960292314908, 73.647 ], [ 127.106692014692285, 37.396029287499431, 73.706 ], [ 127.106691459360874, 37.396029359717197, 73.757 ], [ 127.106690813469498, 37.396029439496971, 73.798 ], [ 127.106690099374831, 37.396029536209355, 73.829 ], [ 127.106689339886813, 37.396029641207164, 73.849 ], [ 127.106688546523841, 37.396029745662396, 73.856 ], [ 127.106687753387519, 37.396029841108714, 73.851 ], [ 127.106686982607854, 37.396029945925648, 73.834 ], [ 127.106686257221483, 37.396030042457141, 73.805 ], [ 127.106685599811783, 37.396030131064926, 73.766 ], [ 127.106685021897022, 37.396030202920947, 73.716 ], [ 127.106684557125547, 37.396030267576712, 73.659 ], [ 127.106684205724022, 37.396030316023314, 73.595 ], [ 127.1066839792108, 37.396030339432727, 73.526 ], [ 127.106683888424158, 37.396030356003621, 73.455 ], [ 127.10668394510914, 37.396030347899021, 73.384 ], [ 127.106684126455747, 37.396030323766176, 73.315 ], [ 127.106684443755597, 37.396030283785862, 73.249 ] ] ] } },
{ "type": "Feature", "properties": { "ID": "B122CC003731", "AdminCode": "206", "Type": "2", "LinkID": "A219AS306120", "Ref_Lane": 4, "Maker": "올포랜드", "PostID": "C619AS305113", "UpdateDate": "20181001", "Version": "2020", "Remark": "직진 및 우회전", "HistType": null, "HistRemark": null }, "geometry": { "type": "Polygon", "coordinates": [ [ [ 127.110732272153456, 37.396129243601258, 65.537 ], [ 127.110732220671537, 37.396129044502814, 65.584 ], [ 127.11073217844546, 37.396128926665035, 65.634 ], [ 127.110732168058576, 37.396128890448907, 65.685 ], [ 127.11073217844546, 37.396128926665035, 65.737 ], [ 127.110732209606056, 37.396129035313422, 65.786 ], [ 127.110732272605873, 37.396129225583451, 65.833 ], [ 127.110732345313949, 37.396129479096338, 65.876 ], [ 127.110732450313648, 37.396129796213046, 65.912 ], [ 127.110732553956112, 37.396130167383227, 65.942 ], [ 127.11073267927712, 37.39613057495, 65.965 ], [ 127.110732815211222, 37.396131009724002, 65.979 ], [ 127.110732950919115, 37.396131453506918, 65.984 ], [ 127.110733086400813, 37.396131906298734, 65.98 ], [ 127.110733222334929, 37.396132341072736, 65.967 ], [ 127.110733347655952, 37.396132748639516, 65.946 ], [ 127.11073346236391, 37.396133128999082, 65.917 ], [ 127.11073356736361, 37.396133446115797, 65.882 ], [ 127.110733650910973, 37.396133717826999, 65.84 ], [ 127.110733702619115, 37.396133907916543, 65.794 ], [ 127.110733744618997, 37.396134034763215, 65.744 ], [ 127.110733766071363, 37.396134080168721, 65.693 ], [ 127.110733755458284, 37.396134052961521, 65.642 ], [ 127.110733724297674, 37.396133944313142, 65.592 ], [ 127.110733661071635, 37.396133763052013, 65.545 ], [ 127.110733588137364, 37.396133518548048, 65.502 ], [ 127.110733494203146, 37.396133210620739, 65.465 ], [ 127.110733379042756, 37.396132848278988, 65.434 ], [ 127.110733253721733, 37.396132440712201, 65.411 ], [ 127.110733128853099, 37.396132015127591, 65.397 ], [ 127.110732993371428, 37.396131562335768, 65.391 ], [ 127.110732846371832, 37.396131118372395, 65.394 ], [ 127.11073271043773, 37.396130683598372, 65.406 ], [ 127.110732585342902, 37.396130267022698, 65.426 ], [ 127.110732470408749, 37.396129895672026, 65.454 ], [ 127.110732377153155, 37.396129560717981, 65.489 ], [ 127.110732272153456, 37.396129243601258, 65.537 ] ] ] } },
{ "type": "Feature", "properties": { "ID": "B122CC003732", "AdminCode": "206", "Type": "2", "LinkID": "A219AS306044", "Ref_Lane": 3, "Maker": "올포랜드", "PostID": null, "UpdateDate": "20181001", "Version": "2020", "Remark": "직진 및 좌회전", "HistType": null, "HistRemark": null }, "geometry": { "type": "Polygon", "coordinates": [ [ [ 127.112646952340953, 37.396182722496476, 68.442 ], [ 127.112646950533133, 37.396182794567864, 68.521 ], [ 127.112646957079264, 37.396182983935532, 68.598 ], [ 127.112646971753435, 37.396183299608396, 68.67 ], [ 127.112646983715862, 37.396183723388347, 68.735 ], [ 127.112647004710183, 37.396184237437822, 68.791 ], [ 127.112647023670689, 37.39618483256757, 68.836 ], [ 127.112647052567084, 37.396185481931148, 68.869 ], [ 127.112647068815846, 37.39618618516797, 68.889 ], [ 127.112647096130374, 37.396186897594013, 68.895 ], [ 127.112647123218906, 37.396187619028993, 68.887 ], [ 127.112647150985367, 37.396188313437214, 68.865 ], [ 127.112647168815997, 37.396188953611578, 68.83 ], [ 127.112647188002498, 37.396189539732418, 68.784 ], [ 127.112647209222828, 37.396190044772965, 68.727 ], [ 127.112647221637204, 37.396190450535052, 68.661 ], [ 127.112647236763308, 37.396190748190072, 68.588 ], [ 127.112647243761415, 37.396190919539897, 68.51 ], [ 127.112647242405558, 37.396190973593448, 68.431 ], [ 127.112647244213392, 37.396190901522061, 68.351 ], [ 127.112647237667218, 37.396190712154379, 68.274 ], [ 127.112647222993061, 37.396190396481515, 68.202 ], [ 127.112647210804681, 37.396189981710499, 68.137 ], [ 127.112647190036327, 37.39618945865211, 68.081 ], [ 127.112647171075793, 37.396188863522362, 68.036 ], [ 127.112647142179412, 37.396188214158762, 68.004 ], [ 127.11264712593065, 37.396187510921933, 67.984 ], [ 127.112647098616137, 37.396186798495883, 67.978 ], [ 127.112647071527618, 37.396186077060911, 67.986 ], [ 127.112647043535148, 37.396185391661639, 68.008 ], [ 127.112647025930499, 37.396184742478333, 68.042 ], [ 127.112647006743984, 37.396184156357499, 68.089 ], [ 127.112646985523682, 37.396183651316953, 68.146 ], [ 127.112646973109321, 37.396183245554859, 68.212 ], [ 127.112646957983188, 37.396182947899831, 68.285 ], [ 127.112646950985066, 37.396182776550013, 68.363 ], [ 127.112646952340953, 37.396182722496476, 68.442 ] ] ] } },
{ "type": "Feature", "properties": { "ID": "B122CC003733", "AdminCode": "204", "Type": "3", "LinkID": "A219AS305095", "Ref_Lane": 4, "Maker": "올포랜드", "PostID": "C619AS305147", "UpdateDate": "20181001", "Version": "2020", "Remark": "최고속도제한80", "HistType": null, "HistRemark": null }, "geometry": { "type": "Polygon", "coordinates": [ [ [ 127.099664491789582, 37.408880183717372, 81.617 ], [ 127.099664255535785, 37.408880143868707, 81.657 ], [ 127.099664098109145, 37.40888011429999, 81.7 ], [ 127.099664030575568, 37.40888010420165, 81.745 ], [ 127.099664052934997, 37.408880113573652, 81.791 ], [ 127.099664154349213, 37.408880124216772, 81.835 ], [ 127.099664345656478, 37.408880154330234, 81.877 ], [ 127.099664604269691, 37.4088802035509, 81.915 ], [ 127.09966494171006, 37.408880263051465, 81.949 ], [ 127.099665335618113, 37.408880323459996, 81.977 ], [ 127.099665774245054, 37.408880402612532, 81.999 ], [ 127.099666246752633, 37.408880482309826, 82.013 ], [ 127.099666741847287, 37.408880562370278, 82.02 ], [ 127.099667248235463, 37.40888064261231, 82.019 ], [ 127.099667731808935, 37.40888073150002, 82.01 ], [ 127.099668204316515, 37.408880811197292, 81.993 ], [ 127.099668631877563, 37.408880881159412, 81.97 ], [ 127.099669003198542, 37.408880941204735, 81.94 ], [ 127.099669318279481, 37.408880991333326, 81.905 ], [ 127.099669554533264, 37.408881031181963, 81.865 ], [ 127.099669723253456, 37.408881060932252, 81.822 ], [ 127.09966980185294, 37.408881080221029, 81.777 ], [ 127.099669790787061, 37.408881071030599, 81.732 ], [ 127.099669700666368, 37.40888106056908, 81.688 ], [ 127.099669520652654, 37.408881030637211, 81.646 ], [ 127.099669262039413, 37.408880981416559, 81.607 ], [ 127.099668935664937, 37.408880931106403, 81.573 ], [ 127.099668553278065, 37.408880861870642, 81.544 ], [ 127.09966811442348, 37.408880791726943, 81.522 ], [ 127.0996676419159, 37.408880712029678, 81.507 ], [ 127.099667146821233, 37.408880631969225, 81.499 ], [ 127.099666651954237, 37.408880542899922, 81.5 ], [ 127.099666156859598, 37.40888046283947, 81.508 ], [ 127.099665695645555, 37.408880383323755, 81.524 ], [ 127.099665268084536, 37.408880313361649, 81.546 ], [ 127.099664885469991, 37.408880253134711, 81.575 ], [ 127.099664491789582, 37.408880183717372, 81.617 ] ] ] } },
{ "type": "Feature", "properties": { "ID": "B122CC003734", "AdminCode": "206", "Type": "3", "LinkID": "A219AS305025", "Ref_Lane": 3, "Maker": "올포랜드", "PostID": "C619AS305167", "UpdateDate": "20181001", "Version": "2020", "Remark": "천천히", "HistType": null, "HistRemark": null }, "geometry": { "type": "Polygon", "coordinates": [ [ [ 127.101809534718072, 37.405738477424578, 71.894 ], [ 127.101806488236178, 37.405737428109916, 72.402 ], [ 127.101812581200036, 37.405739526739218, 72.402 ], [ 127.101809534718072, 37.405738477424578, 71.894 ] ] ] } },
{ "type": "Feature", "properties": { "ID": "B122CC003735", "AdminCode": "206", "Type": "2", "LinkID": "A219AS305301", "Ref_Lane": 5, "Maker": "올포랜드", "PostID": null, "UpdateDate": "20181001", "Version": "2020", "Remark": "유턴", "HistType": null, "HistRemark": null }, "geometry": { "type": "Polygon", "coordinates": [ [ [ 127.10621602290837, 37.40011742882232, 68.961 ], [ 127.106216762755281, 37.400117656976533, 68.916 ], [ 127.106217468725376, 37.400117884587935, 68.886 ], [ 127.106218219637768, 37.400118121931946, 68.869 ], [ 127.106218992907912, 37.400118368646645, 68.865 ], [ 127.106219766178086, 37.400118615361365, 68.873 ], [ 127.10622050579822, 37.400118852524415, 68.894 ], [ 127.106221189410576, 37.400119070765072, 68.927 ], [ 127.106221817015182, 37.400119270083344, 68.971 ], [ 127.106222354962, 37.40011944092759, 69.024 ], [ 127.106222780893219, 37.400119573927057, 69.086 ], [ 127.106223083289876, 37.400119677909686, 69.153 ], [ 127.106223273897726, 37.400119735038693, 69.225 ], [ 127.106223318613246, 37.400119753780153, 69.298 ], [ 127.106223240247729, 37.400119725487031, 69.372 ], [ 127.106223027508875, 37.400119649978421, 69.443 ], [ 127.106222679943158, 37.400119545272069, 69.509 ], [ 127.106222220361886, 37.400119402720968, 69.568 ], [ 127.106221671349601, 37.400119222686932, 69.62 ], [ 127.10622102138727, 37.400119013997923, 69.661 ], [ 127.10622031519037, 37.4001187953954, 69.691 ], [ 127.106219564504741, 37.400118549042553, 69.709 ], [ 127.106218791234568, 37.400118302327826, 69.714 ], [ 127.106218029029876, 37.400118064802932, 69.706 ], [ 127.106217278117512, 37.400117827458928, 69.686 ], [ 127.106216583439661, 37.400117600028452, 69.654 ], [ 127.106215955835125, 37.40011740071013, 69.611 ], [ 127.10621541788835, 37.400117229865884, 69.558 ], [ 127.106214980891636, 37.400117087676584, 69.497 ], [ 127.106214655683715, 37.400116992340941, 69.43 ], [ 127.106214465302628, 37.400116926203061, 69.358 ], [ 127.106214409294864, 37.400116907280662, 69.284 ], [ 127.106214487660381, 37.400116935573791, 69.211 ], [ 127.106214689333726, 37.400117001892603, 69.14 ], [ 127.106215025607128, 37.400117106418044, 69.073 ], [ 127.106215473896114, 37.40011724878827, 69.013 ], [ 127.10621602290837, 37.40011742882232, 68.961 ] ] ] } },
{ "type": "Feature", "properties": { "ID": "B122CC003736", "AdminCode": "206", "Type": "2", "LinkID": "A219AS305849", "Ref_Lane": 4, "Maker": "올포랜드", "PostID": "C619AS305155", "UpdateDate": "20181001", "Version": "2020", "Remark": "최고속도제한80", "HistType": null, "HistRemark": null }, "geometry": { "type": "Polygon", "coordinates": [ [ [ 127.106642888337589, 37.399064674577239, 69.629 ], [ 127.106643282654616, 37.399064716943556, 69.566 ], [ 127.106643767081849, 37.399064769765786, 69.514 ], [ 127.106644330327114, 37.399064832863047, 69.47 ], [ 127.10664497239047, 37.399064906235367, 69.436 ], [ 127.106645682206491, 37.399064980692955, 69.412 ], [ 127.106646414606729, 37.399065055512303, 69.399 ], [ 127.106647169364493, 37.399065139702266, 69.398 ], [ 127.106647901538025, 37.399065223530485, 69.409 ], [ 127.106648611354046, 37.399065297988045, 69.431 ], [ 127.106649276001633, 37.399065371722116, 69.463 ], [ 127.106649861831144, 37.399065435181107, 69.506 ], [ 127.106650346258377, 37.399065488003316, 69.556 ], [ 127.106650740575432, 37.399065530369612, 69.614 ], [ 127.106651010905964, 37.399065561737352, 69.677 ], [ 127.106651146184575, 37.399065572916783, 69.742 ], [ 127.106651168768806, 37.399065573278541, 69.81 ], [ 127.106651044782282, 37.399065562279993, 69.876 ], [ 127.106650808101378, 37.399065540463766, 69.939 ], [ 127.106650436368554, 37.39906549845923, 69.998 ], [ 127.106649974525553, 37.399065445998787, 70.051 ], [ 127.106649399988143, 37.399065382720657, 70.095 ], [ 127.106648757698053, 37.399065318357259, 70.13 ], [ 127.106648059400868, 37.399065235071681, 70.154 ], [ 127.106647327000616, 37.399065160252341, 70.167 ], [ 127.106646572242852, 37.399065076062371, 70.168 ], [ 127.106645828777232, 37.399064992053262, 70.158 ], [ 127.106645118961197, 37.39906491759568, 70.137 ], [ 127.106644454313624, 37.399064843861623, 70.104 ], [ 127.106643868484113, 37.399064780402597, 70.063 ], [ 127.106643372764793, 37.399064727399491, 70.012 ], [ 127.106642978447766, 37.399064685033153, 69.955 ], [ 127.106642708117235, 37.399064653665384, 69.892 ], [ 127.106642561546479, 37.399064642305071, 69.826 ], [ 127.106642538962248, 37.399064641943312, 69.759 ], [ 127.106642651656657, 37.399064652760977, 69.693 ], [ 127.106642888337589, 37.399064674577239, 69.629 ] ] ] } },
{ "type": "Feature", "properties": { "ID": "B122CC003737", "AdminCode": "206", "Type": "3", "LinkID": "A219AS305350", "Ref_Lane": 4, "Maker": "올포랜드", "PostID": "C619AS305151", "UpdateDate": "20181001", "Version": "2020", "Remark": "주정차금지", "HistType": null, "HistRemark": null }, "geometry": { "type": "Polygon", "coordinates": [ [ [ 127.10688276355917, 37.397113484790438, 71.492 ], [ 127.106882786142805, 37.39711348515214, 71.438 ], [ 127.106882706873392, 37.397113492895087, 71.384 ], [ 127.106882514459087, 37.397113507838455, 71.332 ], [ 127.106882231483539, 37.397113530343915, 71.283 ], [ 127.10688185772004, 37.397113569420377, 71.24 ], [ 127.106881404913807, 37.397113607230892, 71.203 ], [ 127.106880884129993, 37.397113652965217, 71.174 ], [ 127.106880306660386, 37.397113706804184, 71.153 ], [ 127.106879706607117, 37.397113760281442, 71.141 ], [ 127.106879095262045, 37.397113813577839, 71.139 ], [ 127.106878483916972, 37.397113866874257, 71.147 ], [ 127.106877895155534, 37.397113920532362, 71.163 ], [ 127.106877351788071, 37.397113965904957, 71.189 ], [ 127.106876864879709, 37.39711401218181, 71.222 ], [ 127.106876457240759, 37.3971140507157, 71.263 ], [ 127.106876128871235, 37.397114081506643, 71.309 ], [ 127.106875902581464, 37.39711409590744, 71.36 ], [ 127.106875766626231, 37.397114111755037, 71.414 ], [ 127.106875744042597, 37.397114111393343, 71.468 ], [ 127.106875823312009, 37.397114103650395, 71.523 ], [ 127.106876015726343, 37.397114088707042, 71.575 ], [ 127.106876298701891, 37.397114066201603, 71.623 ], [ 127.106876683757193, 37.397114027305989, 71.666 ], [ 127.106877136563426, 37.397113989495494, 71.703 ], [ 127.106877657347269, 37.397113943761205, 71.732 ], [ 127.106878223525058, 37.397113889741384, 71.753 ], [ 127.106878823578299, 37.397113836264147, 71.765 ], [ 127.106879434923385, 37.39711378296775, 71.767 ], [ 127.106880046268458, 37.397113729671325, 71.759 ], [ 127.106880635029896, 37.397113676013213, 71.742 ], [ 127.106881178397373, 37.397113630640597, 71.717 ], [ 127.10688166530575, 37.397113584363744, 71.683 ], [ 127.106882072944671, 37.397113545829825, 71.643 ], [ 127.106882401314195, 37.397113515038868, 71.596 ], [ 127.106882627603966, 37.397113500638049, 71.545 ], [ 127.10688276355917, 37.397113484790438, 71.492 ] ] ] } },
{ "type": "Feature", "properties": { "ID": "B122CC003738", "AdminCode": "206", "Type": "4", "LinkID": "A219AS305350", "Ref_Lane": 4, "Maker": "올포랜드", "PostID": "C619AS305151", "UpdateDate": "20181001", "Version": "2020", "Remark": "견인지역", "HistType": null, "HistRemark": null }, "geometry": { "type": "Polygon", "coordinates": [ [ [ 127.106876043708198, 37.397114323480743, 71.035 ], [ 127.106876043708198, 37.397114323480743, 70.455 ], [ 127.106882481717008, 37.397113462251454, 70.455 ], [ 127.106882481717008, 37.397113462251454, 71.029 ], [ 127.106876043708198, 37.397114323480743, 71.035 ] ] ] } },
{ "type": "Feature", "properties": { "ID": "B122CC003739", "AdminCode": "206", "Type": "2", "LinkID": "A219AS305117", "Ref_Lane": 1, "Maker": "올포랜드", "PostID": "C619AS305164", "UpdateDate": "20181001", "Version": "2020", "Remark": "횡단보도", "HistType": null, "HistRemark": null }, "geometry": { "type": "Polygon", "coordinates": [ [ [ 127.10449356134815, 37.40348273232393, 70.892 ], [ 127.104490318509576, 37.403482752418377, 70.394 ], [ 127.104496804186681, 37.403482712229376, 70.394 ], [ 127.10449356134815, 37.40348273232393, 70.892 ] ] ] } },
{ "type": "Feature", "properties": { "ID": "B122CC003740", "AdminCode": "206", "Type": "4", "LinkID": "A219AS305117", "Ref_Lane": 1, "Maker": "올포랜드", "PostID": "C619AS305164", "UpdateDate": "20181001", "Version": "2020", "Remark": "보행자주의", "HistType": null, "HistRemark": null }, "geometry": { "type": "Polygon", "coordinates": [ [ [ 127.104497253230932, 37.403482376955346, 70.331 ], [ 127.104497208740923, 37.40348234920431, 70.133 ], [ 127.104490558381741, 37.403482648115116, 70.146 ], [ 127.104490602871749, 37.40348267586613, 70.344 ], [ 127.104497253230932, 37.403482376955346, 70.331 ] ] ] } },
{ "type": "Feature", "properties": { "ID": "B122CC003741", "AdminCode": "206", "Type": "2", "LinkID": "A219AS305117", "Ref_Lane": 1, "Maker": "올포랜드", "PostID": "C619AS305163", "UpdateDate": "20181001", "Version": "2020", "Remark": "직진 및 우회전", "HistType": null, "HistRemark": null }, "geometry": { "type": "Polygon", "coordinates": [ [ [ 127.10456377232525, 37.403441111947167, 67.849 ], [ 127.104563401480377, 37.403441033900052, 67.801 ], [ 127.104563008277012, 37.403440946481872, 67.764 ], [ 127.104562558836847, 37.403440849149341, 67.734 ], [ 127.104562053159952, 37.403440741902479, 67.711 ], [ 127.104561502539013, 37.403440624922347, 67.697 ], [ 127.104560951918074, 37.403440507942186, 67.692 ], [ 127.104560390004394, 37.403440390780972, 67.695 ], [ 127.104559839383484, 37.40344027380084, 67.708 ], [ 127.10455932241382, 37.403440166372853, 67.729 ], [ 127.104558850615192, 37.403440059669251, 67.757 ], [ 127.104558445892053, 37.403439981078819, 67.793 ], [ 127.104558120218215, 37.403439903756087, 67.835 ], [ 127.104557861619881, 37.403439854546527, 67.881 ], [ 127.10455770442934, 37.403439815975702, 67.931 ], [ 127.104557648192582, 37.40343980606135, 67.982 ], [ 127.104557681843843, 37.403439815613496, 68.034 ], [ 127.104557816675865, 37.403439844813271, 68.084 ], [ 127.104558041395933, 37.403439893479536, 68.132 ], [ 127.104558356004034, 37.403439961612321, 68.175 ], [ 127.104558738141648, 37.403440039840554, 68.212 ], [ 127.104559198874526, 37.403440137354174, 68.243 ], [ 127.104559704551448, 37.403440244601086, 68.266 ], [ 127.104560243879618, 37.403440361400115, 68.281 ], [ 127.104560805793298, 37.403440478561343, 68.287 ], [ 127.104561367706978, 37.403440595722579, 68.284 ], [ 127.104561918327889, 37.403440712702704, 68.272 ], [ 127.104562435070576, 37.403440829139548, 68.252 ], [ 127.104562907096209, 37.403440926834257, 68.223 ], [ 127.104563322885113, 37.403441014614636, 68.188 ], [ 127.104563660078711, 37.403441083109605, 68.147 ], [ 127.104563918450054, 37.403441141328003, 68.1 ], [ 127.104564086933351, 37.40344118007993, 68.051 ], [ 127.104564154462892, 37.403441190175364, 67.999 ], [ 127.104564120811631, 37.403441180623219, 67.948 ], [ 127.104563997045332, 37.403441160613404, 67.897 ], [ 127.10456377232525, 37.403441111947167, 67.849 ] ] ] } },
{ "type": "Feature", "properties": { "ID": "B122CC003742", "AdminCode": "206", "Type": "2", "LinkID": "A219AS305945", "Ref_Lane": 2, "Maker": "올포랜드", "PostID": "C619AS305162", "UpdateDate": "20181001", "Version": "2020", "Remark": "직진 및 좌회전", "HistType": null, "HistRemark": null }, "geometry": { "type": "Polygon", "coordinates": [ [ [ 127.104701965634334, 37.403375022184441, 71.878 ], [ 127.104702224913538, 37.403375044367067, 71.945 ], [ 127.104702371719242, 37.403375046721138, 72.015 ], [ 127.104702372173222, 37.403375028703401, 72.086 ], [ 127.10470222604846, 37.403374999322715, 72.156 ], [ 127.104701944637767, 37.403374958760189, 72.223 ], [ 127.104701550526613, 37.403374907377959, 72.284 ], [ 127.104701032649203, 37.403374835986078, 72.338 ], [ 127.104700424656812, 37.403374754136678, 72.384 ], [ 127.104699737615192, 37.40337467101967, 72.42 ], [ 127.104698982817126, 37.403374586816192, 72.444 ], [ 127.104698205660554, 37.403374493241664, 72.456 ], [ 127.104697417211227, 37.403374399486047, 72.456 ], [ 127.10469662853491, 37.403374314739288, 72.443 ], [ 127.104695885029585, 37.403374230716871, 72.419 ], [ 127.104695186468263, 37.403374156427653, 72.384 ], [ 127.104694589314633, 37.403374092777028, 72.338 ], [ 127.10469405969053, 37.403374039221774, 72.284 ], [ 127.104693676191133, 37.403374015047206, 72.223 ], [ 127.104693383033734, 37.403373992321306, 72.156 ], [ 127.104693247747775, 37.403373981139438, 72.086 ], [ 127.10469323600104, 37.4033739989761, 72.015 ], [ 127.104693371060009, 37.403374019166847, 71.946 ], [ 127.104693629658215, 37.403374068376088, 71.879 ], [ 127.104694023769369, 37.403374119758361, 71.817 ], [ 127.104694530354024, 37.403374190969188, 71.762 ], [ 127.104695127280635, 37.403374263628663, 71.715 ], [ 127.104695814322241, 37.403374346745672, 71.68 ], [ 127.104696557827566, 37.40337443076811, 71.655 ], [ 127.104697334984138, 37.403374524342652, 71.642 ], [ 127.104698123433465, 37.403374618098255, 71.641 ], [ 127.104698911882792, 37.403374711853893, 71.652 ], [ 127.104699655615121, 37.403374786867424, 71.675 ], [ 127.104700342883703, 37.403374860975525, 71.71 ], [ 127.104700962622829, 37.403374924988277, 71.754 ], [ 127.104701480954219, 37.403374978362422, 71.808 ], [ 127.104701965634334, 37.403375022184441, 71.878 ] ] ] } },
{ "type": "Feature", "properties": { "ID": "B122CC003743", "AdminCode": "206", "Type": "3", "LinkID": "A219AS305273", "Ref_Lane": 5, "Maker": "올포랜드", "PostID": "C619AS305159", "UpdateDate": "20181001", "Version": "2020", "Remark": "주정차금지", "HistType": null, "HistRemark": null }, "geometry": { "type": "Polygon", "coordinates": [ [ [ 127.105010630557786, 37.402574991860874, 72.765 ], [ 127.105010417359537, 37.402574934367685, 72.71 ], [ 127.10501031640672, 37.402574905711631, 72.66 ], [ 127.10501031640672, 37.402574905711631, 72.609 ], [ 127.10501040606691, 37.402574934186624, 72.559 ], [ 127.105010585841171, 37.402574973118909, 72.511 ], [ 127.105010855275623, 37.402575040526209, 72.466 ], [ 127.105011203077652, 37.402575136227469, 72.427 ], [ 127.105011618408497, 37.402575242023907, 72.393 ], [ 127.10501208997556, 37.402575357734463, 72.367 ], [ 127.105012606486156, 37.402575483178076, 72.349 ], [ 127.105013145128126, 37.402575627001532, 72.339 ], [ 127.105013695289699, 37.402575761997177, 72.338 ], [ 127.105014245451258, 37.402575896992801, 72.347 ], [ 127.105014761734921, 37.402576031445278, 72.363 ], [ 127.10501524436765, 37.402576156345745, 72.388 ], [ 127.105015670991151, 37.402576262323215, 72.42 ], [ 127.10501603031274, 37.402576349196636, 72.459 ], [ 127.105016322105527, 37.402576425974893, 72.503 ], [ 127.105016524238124, 37.402576474278142, 72.55 ], [ 127.105016625190942, 37.402576502934203, 72.6 ], [ 127.105016636483569, 37.402576503115242, 72.652 ], [ 127.105016557889059, 37.402576483830167, 72.702 ], [ 127.10501637834173, 37.402576435889003, 72.751 ], [ 127.10501610890725, 37.402576368481732, 72.796 ], [ 127.105015772170901, 37.40257628197039, 72.836 ], [ 127.105015356840056, 37.402576176173987, 72.869 ], [ 127.105014885273008, 37.402576060463446, 72.896 ], [ 127.105014368762383, 37.402575935019819, 72.915 ], [ 127.105013830120399, 37.402575791196377, 72.925 ], [ 127.10501327995884, 37.402575656200753, 72.926 ], [ 127.105012729797281, 37.402575521205108, 72.919 ], [ 127.105012213513618, 37.402575386752616, 72.903 ], [ 127.105011719588262, 37.402575261671103, 72.878 ], [ 127.10501129296479, 37.402575155693626, 72.847 ], [ 127.105010922577506, 37.402575059630259, 72.808 ], [ 127.105010630557786, 37.402574991860874, 72.765 ] ] ] } },
{ "type": "Feature", "properties": { "ID": "B122CC003744", "AdminCode": "206", "Type": "4", "LinkID": "A219AS305273", "Ref_Lane": 5, "Maker": "올포랜드", "PostID": "C619AS305159", "UpdateDate": "20181001", "Version": "2020", "Remark": "견인지역", "HistType": null, "HistRemark": null }, "geometry": { "type": "Polygon", "coordinates": [ [ [ 127.105015267860708, 37.402576120672357, 72.206 ], [ 127.105015682737658, 37.402576244486497, 72.173 ], [ 127.105016018793179, 37.402576358024461, 72.135 ], [ 127.105016288000698, 37.402576434440611, 72.091 ], [ 127.105016478386759, 37.402576500580565, 72.044 ], [ 127.105016568046963, 37.402576529055565, 71.994 ], [ 127.105016579339576, 37.402576529236626, 71.944 ], [ 127.105016489679386, 37.402576500761612, 71.894 ], [ 127.105016310359005, 37.402576443811597, 71.847 ], [ 127.105016052671075, 37.4025763585676, 71.803 ], [ 127.105015705095994, 37.402576253857475, 71.764 ], [ 127.105015301511642, 37.402576130224389, 71.731 ], [ 127.105014853210676, 37.40257598784931, 71.706 ], [ 127.105014348673507, 37.402575835560121, 71.688 ], [ 127.105013833297619, 37.40257566507217, 71.679 ], [ 127.105013295109529, 37.40257550323097, 71.678 ], [ 127.105012779506708, 37.402575341751849, 71.687 ], [ 127.105012275196501, 37.402575180453809, 71.704 ], [ 127.105011815602921, 37.402575037897662, 71.729 ], [ 127.105011400725971, 37.402574914083495, 71.761 ], [ 127.105011064670478, 37.40257480054553, 71.799 ], [ 127.10501079546296, 37.40257472412938, 71.842 ], [ 127.105010605076913, 37.402574657989426, 71.89 ], [ 127.105010515416723, 37.402574629514426, 71.939 ], [ 127.105010504124095, 37.402574629333365, 71.99 ], [ 127.105010593784257, 37.40257465780838, 72.039 ], [ 127.105010773104652, 37.402574714758401, 72.087 ], [ 127.105011031019544, 37.402574790993533, 72.131 ], [ 127.105011367075036, 37.402574904531463, 72.17 ], [ 127.10501177065936, 37.402575028164591, 72.203 ], [ 127.105012230252925, 37.402575170720716, 72.228 ], [ 127.105012723497467, 37.402575322828859, 72.246 ], [ 127.105013250392915, 37.40257548448902, 72.255 ], [ 127.10501377706143, 37.402575655158046, 72.256 ], [ 127.105014303956892, 37.402575816818192, 72.247 ], [ 127.105014797201406, 37.402575968926335, 72.231 ], [ 127.105015267860708, 37.402576120672357, 72.206 ] ] ] } },
{ "type": "Feature", "properties": { "ID": "B122CC003745", "AdminCode": "206", "Type": "3", "LinkID": "A219AS305273", "Ref_Lane": 5, "Maker": "올포랜드", "PostID": "C619AS305160", "UpdateDate": "20181001", "Version": "2020", "Remark": "천천히", "HistType": null, "HistRemark": null }, "geometry": { "type": "Polygon", "coordinates": [ [ [ 127.105033389530405, 37.402520921173362, 68.611 ], [ 127.105029646390051, 37.40251972558557, 69.231 ], [ 127.105037132670887, 37.40252211676107, 69.229 ], [ 127.105033389530405, 37.402520921173362, 68.611 ] ] ] } },
{ "type": "Feature", "properties": { "ID": "B122CC003746", "AdminCode": "206", "Type": "3", "LinkID": "A219AS305273", "Ref_Lane": 5, "Maker": "올포랜드", "PostID": "C619AS305158", "UpdateDate": "20181001", "Version": "2020", "Remark": "최고속도제한80", "HistType": null, "HistRemark": null }, "geometry": { "type": "Polygon", "coordinates": [ [ [ 127.105149128317549, 37.402312406628909, 72.556 ], [ 127.105148847137443, 37.402312357058662, 72.622 ], [ 127.105148689721972, 37.40231232749754, 72.692 ], [ 127.105148667136802, 37.402312327135462, 72.763 ], [ 127.105148790901438, 37.402312347144616, 72.833 ], [ 127.105149038203763, 37.402312396171737, 72.901 ], [ 127.105149409270737, 37.402312465208027, 72.963 ], [ 127.105149892809749, 37.40231255407241, 73.019 ], [ 127.105150477528241, 37.402312662583846, 73.066 ], [ 127.105151140840988, 37.402312790380286, 73.104 ], [ 127.105151871909271, 37.402312919262911, 73.13 ], [ 127.105152636401485, 37.402313066706405, 73.144 ], [ 127.105153412186297, 37.402313214330924, 73.146 ], [ 127.105154188198028, 37.40231335294655, 73.136 ], [ 127.105154930105087, 37.402313500027937, 73.114 ], [ 127.105155616003017, 37.402313628186427, 73.08 ], [ 127.105156234599278, 37.402313737240938, 73.037 ], [ 127.105156751789153, 37.40231383565726, 72.984 ], [ 127.105157167799575, 37.402313914426529, 72.924 ], [ 127.105157460045376, 37.402313973186665, 72.858 ], [ 127.105157628753446, 37.402314002928811, 72.788 ], [ 127.105157651338615, 37.402314003290883, 72.717 ], [ 127.105157550159163, 37.402313983643822, 72.647 ], [ 127.105157302629877, 37.402313943625572, 72.58 ], [ 127.105156942855473, 37.40231387477035, 72.517 ], [ 127.105156459316461, 37.402313785905989, 72.461 ], [ 127.105155885890539, 37.402313677575627, 72.413 ], [ 127.105155222577764, 37.402313549779215, 72.375 ], [ 127.10515450302897, 37.402313412068757, 72.348 ], [ 127.105153738309838, 37.402313273634178, 72.333 ], [ 127.105152962525025, 37.402313126009645, 72.33 ], [ 127.105152186513294, 37.402312987394005, 72.34 ], [ 127.105151444606278, 37.402312840312604, 72.361 ], [ 127.105150758708334, 37.402312712154085, 72.394 ], [ 127.105150140112102, 37.40231260309956, 72.437 ], [ 127.105149611629656, 37.40231250450217, 72.489 ], [ 127.105149128317549, 37.402312406628909, 72.556 ] ] ] } },
{ "type": "Feature", "properties": { "ID": "B122CC003747", "AdminCode": "206", "Type": "3", "LinkID": "A219AS305285", "Ref_Lane": 5, "Maker": "올포랜드", "PostID": null, "UpdateDate": "20181001", "Version": "2020", "Remark": "차높이제한 5.0m", "HistType": null, "HistRemark": null }, "geometry": { "type": "Polygon", "coordinates": [ [ [ 127.105557832050053, 37.40165136509853, 70.936 ], [ 127.105557630146393, 37.401651307787382, 70.975 ], [ 127.105557495543977, 37.401651269579929, 71.017 ], [ 127.105557450827746, 37.401651250838221, 71.06 ], [ 127.105557484478339, 37.401651260390075, 71.104 ], [ 127.1055575852033, 37.401651298054524, 71.146 ], [ 127.105557776041323, 37.40165134617579, 71.186 ], [ 127.105558033953699, 37.401651422409664, 71.223 ], [ 127.105558347874776, 37.401651517566251, 71.254 ], [ 127.10555871803146, 37.401651622636678, 71.28 ], [ 127.105559133131223, 37.401651737439948, 71.299 ], [ 127.105559581654759, 37.401651870803967, 71.312 ], [ 127.105560041470781, 37.401652004348968, 71.317 ], [ 127.105560501513665, 37.401652128885097, 71.314 ], [ 127.105560950037187, 37.401652262249122, 71.305 ], [ 127.105561376202587, 37.401652386242255, 71.287 ], [ 127.105561768717379, 37.401652500683539, 71.264 ], [ 127.10556210522347, 37.401652596202091, 71.234 ], [ 127.105562374428345, 37.401652672616954, 71.199 ], [ 127.10556258762449, 37.401652730109092, 71.16 ], [ 127.105562722000045, 37.401652777325367, 71.119 ], [ 127.105562778235637, 37.401652787239207, 71.076 ], [ 127.105562755650652, 37.401652786877229, 71.032 ], [ 127.105562654698829, 37.401652758221672, 70.99 ], [ 127.105562475380168, 37.401652701272518, 70.95 ], [ 127.105562228533401, 37.401652634228512, 70.913 ], [ 127.105561914612323, 37.401652539071968, 70.881 ], [ 127.105561555748125, 37.40165243418253, 70.855 ], [ 127.105561140648334, 37.401652319379252, 70.835 ], [ 127.10556070319042, 37.401652195205124, 70.822 ], [ 127.105560243374427, 37.40165206166013, 70.816 ], [ 127.105559783558405, 37.401651928115129, 70.818 ], [ 127.105559335034869, 37.401651794751096, 70.827 ], [ 127.105558908869483, 37.401651670757943, 70.843 ], [ 127.105558516127815, 37.401651565325544, 70.866 ], [ 127.105558179848614, 37.401651460798085, 70.896 ], [ 127.105557832050053, 37.40165136509853, 70.936 ] ] ] } },
{ "type": "Feature", "properties": { "ID": "B122CC003748", "AdminCode": "204", "Type": "2", "LinkID": "A219AS305917", "Ref_Lane": 4, "Maker": "올포랜드", "PostID": null, "UpdateDate": "20181001", "Version": "2020", "Remark": "유턴", "HistType": null, "HistRemark": null }, "geometry": { "type": "Polygon", "coordinates": [ [ [ 127.099737623399292, 37.412307458869194, 83.74 ], [ 127.099738362976595, 37.412307254460792, 83.769 ], [ 127.099739136436071, 37.4123070505972, 83.785 ], [ 127.099739932711316, 37.412306838087922, 83.788 ], [ 127.099740717692498, 37.412306625397079, 83.778 ], [ 127.099741479857897, 37.412306421351865, 83.756 ], [ 127.099742185097696, 37.412306234416334, 83.722 ], [ 127.099742822117875, 37.412306064408924, 83.677 ], [ 127.099743356808602, 37.412305919793653, 83.622 ], [ 127.09974378916985, 37.412305800570536, 83.56 ], [ 127.099744096158233, 37.412305724394081, 83.491 ], [ 127.099744278229039, 37.412305673246557, 83.418 ], [ 127.099744312338856, 37.412305664782501, 83.344 ], [ 127.099744210009391, 37.412305690174676, 83.27 ], [ 127.099743971012998, 37.412305758431877, 83.199 ], [ 127.099743607099043, 37.412305851718045, 83.133 ], [ 127.099743129333902, 37.412305979223611, 83.074 ], [ 127.09974254901168, 37.41230614113018, 83.024 ], [ 127.099741877881669, 37.412306319601647, 82.983 ], [ 127.099741138532039, 37.41230651500122, 82.955 ], [ 127.099740365072563, 37.412306718864862, 82.938 ], [ 127.099739568797332, 37.412306931374097, 82.934 ], [ 127.099738783816164, 37.412307144064947, 82.944 ], [ 127.099738021650737, 37.412307348110161, 82.965 ], [ 127.099737316410909, 37.412307535045649, 82.999 ], [ 127.099736679390716, 37.412307705053038, 83.044 ], [ 127.099736133405898, 37.41230784948668, 83.098 ], [ 127.099735701044636, 37.412307968709769, 83.161 ], [ 127.099735393828595, 37.412308053895032, 83.229 ], [ 127.099735211757775, 37.41230810504252, 83.301 ], [ 127.099735166353909, 37.412308113324997, 83.376 ], [ 127.099735268683361, 37.412308087932836, 83.449 ], [ 127.099735496158061, 37.412308028502899, 83.52 ], [ 127.099735860299688, 37.412307926207916, 83.586 ], [ 127.099736338064858, 37.412307798702386, 83.646 ], [ 127.099736918159451, 37.412307645804667, 83.697 ], [ 127.099737623399292, 37.412307458869194, 83.74 ] ] ] } },
{ "type": "Feature", "properties": { "ID": "B122CC003749", "AdminCode": "204", "Type": "2", "LinkID": "A219AS305063", "Ref_Lane": 5, "Maker": "올포랜드", "PostID": "C619AS305171", "UpdateDate": "20181001", "Version": "2020", "Remark": "차높이제한 3.0m", "HistType": null, "HistRemark": null }, "geometry": { "type": "Polygon", "coordinates": [ [ [ 127.099231762735911, 37.411125960985324, 84.382 ], [ 127.099231705811135, 37.411125978094773, 84.422 ], [ 127.0992317173327, 37.411125969267601, 84.461 ], [ 127.099231808139123, 37.411125952703038, 84.501 ], [ 127.099231956098009, 37.411125910020161, 84.538 ], [ 127.099232183797156, 37.411125841582262, 84.572 ], [ 127.099232468193378, 37.4111257650437, 84.601 ], [ 127.099232798220498, 37.411125671214037, 84.626 ], [ 127.099233173650831, 37.411125569102069, 84.645 ], [ 127.099233583418211, 37.411125449517385, 84.658 ], [ 127.099234004251727, 37.411125339123139, 84.664 ], [ 127.099234425312957, 37.41112521972007, 84.662 ], [ 127.099234846374202, 37.411125100317001, 84.654 ], [ 127.099235233326084, 37.411124989377839, 84.639 ], [ 127.099235597462553, 37.411124887084249, 84.618 ], [ 127.09923591596808, 37.411124802081765, 84.592 ], [ 127.099236177776561, 37.411124725179924, 84.561 ], [ 127.099236382660237, 37.411124665387575, 84.525 ], [ 127.099236519097531, 37.411124631531891, 84.488 ], [ 127.099236576022307, 37.411124614422405, 84.448 ], [ 127.099236564500742, 37.411124623249599, 84.408 ], [ 127.099236473694347, 37.411124639814169, 84.369 ], [ 127.099236325507732, 37.41112469150589, 84.332 ], [ 127.099236098036315, 37.411124750934974, 84.298 ], [ 127.099235813640092, 37.411124827473529, 84.268 ], [ 127.099235483612986, 37.411124921303191, 84.243 ], [ 127.099235108182654, 37.411125023415153, 84.225 ], [ 127.099234698415287, 37.411125142999872, 84.212 ], [ 127.099234277354071, 37.411125262402933, 84.206 ], [ 127.099233856520527, 37.411125372797187, 84.208 ], [ 127.099233435459311, 37.411125492200263, 84.216 ], [ 127.099233037213509, 37.41112560295776, 84.231 ], [ 127.099232673077069, 37.411125705251358, 84.252 ], [ 127.09923236586539, 37.411125790435463, 84.278 ], [ 127.099232092763032, 37.411125867155654, 84.31 ], [ 127.099231899173233, 37.411125927129632, 84.345 ], [ 127.099231762735911, 37.411125960985324, 84.382 ] ] ] } },
{ "type": "Feature", "properties": { "ID": "B122CC003750", "AdminCode": "204", "Type": "2", "LinkID": "A219AS305932", "Ref_Lane": 4, "Maker": "올포랜드", "PostID": "C619AS305011", "UpdateDate": "20181001", "Version": "2020", "Remark": "최고속도제한80", "HistType": null, "HistRemark": null }, "geometry": { "type": "Polygon", "coordinates": [ [ [ 127.099321959296631, 37.41053808468493, 87.503 ], [ 127.099322558550384, 37.410538067284591, 87.55 ], [ 127.099323056160046, 37.410538048249613, 87.605 ], [ 127.099323452125645, 37.410538027580024, 87.668 ], [ 127.099323700816655, 37.410538022566939, 87.735 ], [ 127.099323825275974, 37.410538015555993, 87.806 ], [ 127.099323813982181, 37.410538015374378, 87.877 ], [ 127.099323655641498, 37.410538021840445, 87.947 ], [ 127.099323372841468, 37.410538035317465, 88.013 ], [ 127.099322954515983, 37.410538046614974, 88.074 ], [ 127.099322423024972, 37.410538065105087, 88.128 ], [ 127.099321800955948, 37.410538091151011, 88.172 ], [ 127.099321099830433, 37.410538115925526, 88.207 ], [ 127.099320342008298, 37.410538148800775, 88.23 ], [ 127.099319550532471, 37.410538172122294, 88.241 ], [ 127.099318747535222, 37.410538204271035, 88.24 ], [ 127.099317956059394, 37.410538227592532, 88.226 ], [ 127.099317209531051, 37.410538260649368, 88.201 ], [ 127.0993165196993, 37.410538285605512, 88.164 ], [ 127.099315909151784, 37.410538302824172, 88.118 ], [ 127.099315400248329, 37.410538321677492, 88.062 ], [ 127.099315015576522, 37.410538342528717, 88.0 ], [ 127.099314755591749, 37.410538347360145, 87.933 ], [ 127.099314619838594, 37.410538354189448, 87.863 ], [ 127.099314631132387, 37.410538354371084, 87.792 ], [ 127.099314789473098, 37.410538347905018, 87.722 ], [ 127.099315072273143, 37.410538334428004, 87.655 ], [ 127.099315479304835, 37.410538322948867, 87.594 ], [ 127.099315999502082, 37.410538304277203, 87.541 ], [ 127.099316621571091, 37.410538278231307, 87.496 ], [ 127.099317322696592, 37.410538253456799, 87.461 ], [ 127.099318080291056, 37.410538229590422, 87.437 ], [ 127.099318871994541, 37.410538197260074, 87.426 ], [ 127.099319674991833, 37.41053816511134, 87.427 ], [ 127.099320466467617, 37.410538141789829, 87.44 ], [ 127.099321212995989, 37.410538108732972, 87.465 ], [ 127.099321959296631, 37.41053808468493, 87.503 ] ] ] } },
{ "type": "Feature", "properties": { "ID": "B122CC003751", "AdminCode": "204", "Type": "2", "LinkID": "A219AS305932", "Ref_Lane": 4, "Maker": "올포랜드", "PostID": null, "UpdateDate": "20181001", "Version": "2020", "Remark": "유턴", "HistType": null, "HistRemark": null }, "geometry": { "type": "Polygon", "coordinates": [ [ [ 127.099350034055675, 37.410538599264569, 87.649 ], [ 127.099349797113845, 37.410538586441646, 87.707 ], [ 127.099349672882198, 37.410538584443792, 87.767 ], [ 127.099349672882198, 37.410538584443792, 87.829 ], [ 127.099349797113845, 37.410538586441646, 87.889 ], [ 127.099350034055675, 37.410538599264569, 87.947 ], [ 127.099350372641581, 37.410538613722096, 88.0 ], [ 127.099350812643863, 37.410538638823034, 88.047 ], [ 127.099351342996471, 37.410538665376968, 88.086 ], [ 127.099351941111763, 37.410538693020634, 88.117 ], [ 127.099352595696004, 37.410538721572429, 88.138 ], [ 127.099353272640144, 37.410538759496262, 88.149 ], [ 127.099353961105734, 37.410538788592902, 88.149 ], [ 127.099354638049874, 37.410538826516749, 88.139 ], [ 127.099355292634115, 37.410538855068502, 88.118 ], [ 127.099355890749422, 37.410538882712153, 88.088 ], [ 127.099356421102016, 37.410538909266059, 88.049 ], [ 127.09935687239809, 37.410538934548619, 88.002 ], [ 127.099357222277803, 37.410538949187718, 87.949 ], [ 127.099357459219618, 37.410538962010627, 87.892 ], [ 127.099357583451265, 37.410538964008474, 87.832 ], [ 127.099357594745058, 37.410538964190103, 87.77 ], [ 127.099357481807203, 37.410538962373877, 87.71 ], [ 127.099357244865374, 37.410538949550983, 87.652 ], [ 127.099356906279468, 37.410538935093484, 87.599 ], [ 127.099356466277158, 37.410538909992546, 87.552 ], [ 127.099355947218342, 37.410538883620269, 87.512 ], [ 127.09935534910305, 37.410538855976618, 87.481 ], [ 127.099354705812587, 37.410538827606473, 87.459 ], [ 127.099354028868461, 37.410538789682633, 87.448 ], [ 127.099353340402857, 37.410538760585993, 87.447 ], [ 127.099352663458731, 37.410538722662153, 87.457 ], [ 127.099352008874504, 37.410538694110365, 87.477 ], [ 127.099351410759184, 37.410538666466707, 87.507 ], [ 127.099350869112811, 37.410538639731165, 87.546 ], [ 127.099350417816723, 37.410538614448562, 87.592 ], [ 127.099350034055675, 37.410538599264569, 87.649 ] ] ] } },
{ "type": "Feature", "properties": { "ID": "B122CC003752", "AdminCode": "204", "Type": "2", "LinkID": "A219AS305932", "Ref_Lane": 4, "Maker": "올포랜드", "PostID": "C619AS305169", "UpdateDate": "20181001", "Version": "2020", "Remark": "최고속도제한80", "HistType": null, "HistRemark": null }, "geometry": { "type": "Polygon", "coordinates": [ [ [ 127.099314890173204, 37.410471332628084, 89.873 ], [ 127.099315137725526, 37.410471372659174, 89.826 ], [ 127.099315464334239, 37.410471413961652, 89.784 ], [ 127.099315858250264, 37.410471474371541, 89.747 ], [ 127.099316330995009, 37.410471545061633, 89.718 ], [ 127.099316848914881, 37.410471616478247, 89.696 ], [ 127.099317400488374, 37.410471697448557, 89.682 ], [ 127.099317974649409, 37.410471778782117, 89.678 ], [ 127.099318537516695, 37.410471859934056, 89.682 ], [ 127.099319089090201, 37.410471940904358, 89.696 ], [ 127.099319607010074, 37.410472012320923, 89.717 ], [ 127.099320079754818, 37.410472083011037, 89.747 ], [ 127.099320484964636, 37.410472143602533, 89.783 ], [ 127.099320811573378, 37.410472184904997, 89.825 ], [ 127.099321059125685, 37.410472224936079, 89.871 ], [ 127.099321205489403, 37.410472245314878, 89.921 ], [ 127.099321250436788, 37.410472255050202, 89.972 ], [ 127.099321205489403, 37.410472245314878, 90.024 ], [ 127.099321059125685, 37.410472224936079, 90.073 ], [ 127.099320822867142, 37.410472185086626, 90.12 ], [ 127.0993204962584, 37.410472143784162, 90.162 ], [ 127.099320091048611, 37.410472083192651, 90.199 ], [ 127.099319618303838, 37.410472012502552, 90.228 ], [ 127.099319111677758, 37.410471941267616, 90.25 ], [ 127.099318560104265, 37.410471860297299, 90.264 ], [ 127.099317985943202, 37.410471778963746, 90.268 ], [ 127.099317411782138, 37.410471697630193, 90.264 ], [ 127.099316860208646, 37.410471616659898, 90.251 ], [ 127.099316342288802, 37.410471545243269, 90.229 ], [ 127.099315869544029, 37.410471474553155, 90.2 ], [ 127.099315464334239, 37.410471413961652, 90.164 ], [ 127.099315137725526, 37.410471372659174, 90.122 ], [ 127.099314890173204, 37.410471332628084, 90.075 ], [ 127.099314743809501, 37.410471312249271, 90.025 ], [ 127.09931468756831, 37.410471302332319, 89.974 ], [ 127.099314743809501, 37.410471312249271, 89.923 ], [ 127.099314890173204, 37.410471332628084, 89.873 ] ] ] } },
{ "type": "Feature", "properties": { "ID": "B122CC003753", "AdminCode": "206", "Type": "2", "LinkID": "A219AS305945", "Ref_Lane": 2, "Maker": "올포랜드", "PostID": null, "UpdateDate": "20181001", "Version": "2020", "Remark": "유턴", "HistType": null, "HistRemark": null }, "geometry": { "type": "Polygon", "coordinates": [ [ [ 127.104711414089294, 37.403382041225164, 72.537 ], [ 127.104711313816509, 37.403381985542218, 72.62 ], [ 127.104711068326921, 37.403381864443105, 72.701 ], [ 127.104710700433003, 37.403381669281146, 72.775 ], [ 127.104710209680789, 37.403381418074069, 72.842 ], [ 127.104709618655804, 37.403381111184039, 72.899 ], [ 127.104708949489535, 37.403380766990956, 72.944 ], [ 127.104708213474751, 37.403380385675881, 72.976 ], [ 127.104707432742956, 37.403379985618741, 72.994 ], [ 127.104706629879658, 37.403379567181702, 72.998 ], [ 127.104705838082126, 37.403379157934616, 72.986 ], [ 127.104705079708879, 37.403378767248498, 72.961 ], [ 127.104704377118395, 37.403378404494397, 72.922 ], [ 127.10470374137644, 37.403378078862275, 72.87 ], [ 127.104703206134275, 37.403377799904227, 72.808 ], [ 127.104702771164867, 37.40337757662914, 72.737 ], [ 127.104702470119548, 37.40337741858913, 72.659 ], [ 127.104702302771244, 37.403377334793063, 72.577 ], [ 127.104702269346973, 37.403377316232081, 72.493 ], [ 127.104702369619758, 37.403377371915042, 72.409 ], [ 127.104702615109332, 37.403377493014155, 72.329 ], [ 127.104702983003193, 37.40337768817615, 72.255 ], [ 127.10470347375535, 37.40337793938324, 72.188 ], [ 127.104704064780293, 37.403378246273306, 72.131 ], [ 127.104704733946505, 37.403378590466424, 72.086 ], [ 127.10470546996126, 37.403378971781521, 72.054 ], [ 127.104706250693042, 37.40337937183866, 72.036 ], [ 127.104707053556339, 37.4033797902757, 72.032 ], [ 127.104707845353872, 37.403380199522779, 72.044 ], [ 127.104708603727161, 37.40338059020889, 72.069 ], [ 127.104709306317702, 37.403380952962969, 72.108 ], [ 127.104709942059685, 37.40338127859507, 72.16 ], [ 127.104710477301907, 37.403381557553089, 72.222 ], [ 127.104710912271358, 37.403381780828155, 72.293 ], [ 127.104711213316733, 37.403381938868129, 72.371 ], [ 127.104711380665051, 37.403382022664175, 72.453 ], [ 127.104711414089294, 37.403382041225164, 72.537 ] ] ] } },
{ "type": "Feature", "properties": { "ID": "B122CC003754", "AdminCode": "206", "Type": "3", "LinkID": "A219AS305103", "Ref_Lane": 4, "Maker": "올포랜드", "PostID": null, "UpdateDate": "20181001", "Version": "2020", "Remark": "차높이제한4.5m", "HistType": null, "HistRemark": null }, "geometry": { "type": "Polygon", "coordinates": [ [ [ 127.100241367087449, 37.407601274489821, 79.6 ], [ 127.100240781881212, 37.407601183970932, 79.634 ], [ 127.100240275500852, 37.407601103731551, 79.677 ], [ 127.100239859239764, 37.407601033953213, 79.727 ], [ 127.100239544163713, 37.407600983826292, 79.783 ], [ 127.100239330272728, 37.407600953350787, 79.843 ], [ 127.100239251674381, 37.407600934062422, 79.906 ], [ 127.100239285326865, 37.407600943615847, 79.968 ], [ 127.10023944297869, 37.407600964174868, 80.03 ], [ 127.100239712881319, 37.407601013575693, 80.088 ], [ 127.100240084196543, 37.407601073619098, 80.141 ], [ 127.100240556924405, 37.407601144305069, 80.187 ], [ 127.100241119543966, 37.407601234460898, 80.225 ], [ 127.100241738402701, 37.407601334533219, 80.253 ], [ 127.1002424022073, 37.407601444340465, 80.272 ], [ 127.100243088598603, 37.407601554510784, 80.28 ], [ 127.100243786283272, 37.407601664862582, 80.277 ], [ 127.100244472674575, 37.407601775032873, 80.263 ], [ 127.100245114120014, 37.407601875468238, 80.238 ], [ 127.10024569932628, 37.407601965987119, 80.204 ], [ 127.10024620570664, 37.407602046226472, 80.162 ], [ 127.100246633261094, 37.407602116186318, 80.112 ], [ 127.100246948337173, 37.407602166313211, 80.056 ], [ 127.10024715093482, 37.407602196607186, 79.996 ], [ 127.100247240826533, 37.407602216077073, 79.933 ], [ 127.100247207174021, 37.407602206523649, 79.87 ], [ 127.100247049522224, 37.407602185964627, 79.809 ], [ 127.100246790685347, 37.407602145754176, 79.751 ], [ 127.100246408304301, 37.407602076520462, 79.698 ], [ 127.100245935576424, 37.407602005834519, 79.652 ], [ 127.100245384250229, 37.407601915860198, 79.614 ], [ 127.10024476539148, 37.407601815787913, 79.585 ], [ 127.100244101359323, 37.407601714989504, 79.566 ], [ 127.10024341496802, 37.407601604819213, 79.558 ], [ 127.100242717283351, 37.407601494467393, 79.561 ], [ 127.100242030892062, 37.407601384297081, 79.575 ], [ 127.100241367087449, 37.407601274489821, 79.6 ] ] ] } },
{ "type": "Feature", "properties": { "ID": "B122CC003755", "AdminCode": "206", "Type": "4", "LinkID": "A219AS305945", "Ref_Lane": 2, "Maker": "올포랜드", "PostID": null, "UpdateDate": "20181001", "Version": "2020", "Remark": "좌회전시 보행신호시", "HistType": null, "HistRemark": null }, "geometry": { "type": "Polygon", "coordinates": [ [ [ 127.104711481164827, 37.403382069338271, 72.021 ], [ 127.104702258281222, 37.40337730704212, 72.012 ], [ 127.104702291705493, 37.40337732560311, 71.624 ], [ 127.104711503296357, 37.403382087718178, 71.633 ], [ 127.104711481164827, 37.403382069338271, 72.021 ] ] ] } },
{ "type": "Feature", "properties": { "ID": "B122CC003756", "AdminCode": "206", "Type": "2", "LinkID": "A219AS305957", "Ref_Lane": 2, "Maker": "올포랜드", "PostID": null, "UpdateDate": "20181001", "Version": "2020", "Remark": "유턴", "HistType": null, "HistRemark": null }, "geometry": { "type": "Polygon", "coordinates": [ [ [ 127.104777406731543, 37.403167060530684, 72.162 ], [ 127.104776962627767, 37.403167648235353, 72.116 ], [ 127.104776530043679, 37.403168227112218, 72.087 ], [ 127.104776074193225, 37.403168832653513, 72.071 ], [ 127.104775617888777, 37.403169456212588, 72.068 ], [ 127.104775161811332, 37.403170070762755, 72.08 ], [ 127.104774717707542, 37.403170658467381, 72.105 ], [ 127.104774308389764, 37.403171210679766, 72.143 ], [ 127.104773945831724, 37.403171700554346, 72.192 ], [ 127.104773630487358, 37.403172110073378, 72.252 ], [ 127.104773384942106, 37.403172439599039, 72.32 ], [ 127.104773209649906, 37.403172671113573, 72.395 ], [ 127.104773116130474, 37.40317279578916, 72.473 ], [ 127.104773104156806, 37.403172822634708, 72.553 ], [ 127.104773162890169, 37.40317273345137, 72.633 ], [ 127.104773314462051, 37.403172546619054, 72.709 ], [ 127.104773525221248, 37.403172252585662, 72.78 ], [ 127.104773817299247, 37.403171869731082, 72.844 ], [ 127.104774156590921, 37.403171406520968, 72.898 ], [ 127.10477455393503, 37.403170881154118, 72.94 ], [ 127.104774986292171, 37.403170311286146, 72.971 ], [ 127.104775431076916, 37.403169696554883, 72.988 ], [ 127.104775898447059, 37.403169082185798, 72.991 ], [ 127.104776354751493, 37.40316845862673, 72.98 ], [ 127.104776798855269, 37.40316787092209, 72.956 ], [ 127.104777219465689, 37.403167318890773, 72.918 ], [ 127.104777582023715, 37.403166829016179, 72.869 ], [ 127.104777897595014, 37.403166410488232, 72.81 ], [ 127.104778143367213, 37.403166071953706, 72.742 ], [ 127.104778318886346, 37.403165831430314, 72.668 ], [ 127.104778423925467, 37.403165697926909, 72.589 ], [ 127.104778447191833, 37.40316567126245, 72.509 ], [ 127.104778377392734, 37.403165751255834, 72.429 ], [ 127.104778248406333, 37.403165938450321, 72.352 ], [ 127.104778026581414, 37.403166223293759, 72.281 ], [ 127.10477774579617, 37.403166606329442, 72.217 ], [ 127.104777406731543, 37.403167060530684, 72.162 ] ] ] } },
{ "type": "Feature", "properties": { "ID": "B122CC003757", "AdminCode": "206", "Type": "4", "LinkID": "A219AS305957", "Ref_Lane": 2, "Maker": "올포랜드", "PostID": null, "UpdateDate": "20181001", "Version": "2020", "Remark": "좌회전시 보행신호시", "HistType": null, "HistRemark": null }, "geometry": { "type": "Polygon", "coordinates": [ [ [ 127.104773647285853, 37.40317323690654, 72.058 ], [ 127.104777717023964, 37.403165506341836, 72.06 ], [ 127.104777717023964, 37.403165506341836, 71.77 ], [ 127.104773647512843, 37.403173227897675, 71.768 ], [ 127.104773647285853, 37.40317323690654, 72.058 ] ] ] } },
{ "type": "Feature", "properties": { "ID": "B122CC003758", "AdminCode": "206", "Type": "3", "LinkID": "A219AS305353", "Ref_Lane": 5, "Maker": "올포랜드", "PostID": null, "UpdateDate": "20181001", "Version": "2020", "Remark": "천천히", "HistType": null, "HistRemark": null }, "geometry": { "type": "Polygon", "coordinates": [ [ [ 127.107236294657142, 37.396729111446646, 68.035 ], [ 127.107240482582213, 37.396728781956064, 68.68 ], [ 127.107232106958705, 37.3967294319282, 68.68 ], [ 127.107236294657142, 37.396729111446646, 68.035 ] ] ] } },
{ "type": "Feature", "properties": { "ID": "B122CC003759", "AdminCode": "206", "Type": "3", "LinkID": "A219AS305219", "Ref_Lane": 5, "Maker": "올포랜드", "PostID": "C619AS305196", "UpdateDate": "20181001", "Version": "2020", "Remark": "최고속도제한 80", "HistType": null, "HistRemark": null }, "geometry": { "type": "Polygon", "coordinates": [ [ [ 127.107216196470176, 37.397377150447134, 71.231 ], [ 127.107216808497171, 37.397377070122346, 71.291 ], [ 127.10721729586038, 37.39737700582635, 71.359 ], [ 127.10721764726793, 37.397376957378349, 71.434 ], [ 127.107217851201383, 37.397376933606381, 71.514 ], [ 127.107217896595486, 37.397376925320756, 71.595 ], [ 127.107217783223575, 37.397376941530368, 71.676 ], [ 127.107217522377553, 37.397376982416013, 71.754 ], [ 127.107217103218787, 37.397377029779136, 71.826 ], [ 127.107216559169615, 37.397377102179924, 71.891 ], [ 127.10721590174856, 37.397377190790337, 71.946 ], [ 127.107215142474075, 37.397377286782252, 71.991 ], [ 127.107214303703287, 37.397377399526228, 72.023 ], [ 127.107213419765031, 37.397377511546949, 72.041 ], [ 127.107212524308281, 37.397377632395731, 72.046 ], [ 127.107211617786305, 37.397377744054772, 72.036 ], [ 127.107210756431797, 37.397377856437096, 72.012 ], [ 127.107209940471336, 37.397377960533788, 71.976 ], [ 127.107209215072459, 37.397378057068124, 71.927 ], [ 127.107208591753576, 37.397378137212044, 71.868 ], [ 127.107208104390367, 37.397378201508005, 71.8 ], [ 127.1072077416909, 37.39737824977518, 71.726 ], [ 127.107207526238966, 37.397378282375186, 71.647 ], [ 127.107207469779638, 37.397378281471106, 71.566 ], [ 127.107207582924914, 37.397378274270395, 71.485 ], [ 127.10720783225247, 37.397378242212838, 71.407 ], [ 127.107208240345997, 37.397378185660038, 71.335 ], [ 127.107208773103309, 37.39737811307846, 71.269 ], [ 127.107209430297772, 37.397378033477004, 71.213 ], [ 127.107210178280383, 37.397377937304306, 71.168 ], [ 127.107211017051185, 37.397377824560337, 71.136 ], [ 127.107211889697581, 37.397377712358832, 71.116 ], [ 127.107212796446177, 37.397377591690891, 71.111 ], [ 127.107213691676293, 37.397377479851009, 71.12 ], [ 127.107214564322689, 37.397377367649483, 71.143 ], [ 127.107215369217883, 37.397377254363043, 71.178 ], [ 127.107216196470176, 37.397377150447134, 71.231 ] ] ] } },
{ "type": "Feature", "properties": { "ID": "B122CC003760", "AdminCode": "206", "Type": "3", "LinkID": "A219AS305850", "Ref_Lane": 4, "Maker": "올포랜드", "PostID": null, "UpdateDate": "20181001", "Version": "2020", "Remark": "주정차금지", "HistType": null, "HistRemark": null }, "geometry": { "type": "Polygon", "coordinates": [ [ [ 127.106976846379169, 37.399117411333364, 69.265 ], [ 127.106977150359739, 37.399117452251815, 69.309 ], [ 127.106977364230005, 37.39911748271458, 69.356 ], [ 127.106977476924541, 37.399117493531932, 69.406 ], [ 127.10697749928211, 37.39911750290252, 69.457 ], [ 127.106977420690626, 37.399117483618816, 69.508 ], [ 127.106977240470016, 37.399117462707473, 69.556 ], [ 127.106976981431274, 37.399117431521326, 69.601 ], [ 127.106976632508875, 37.399117380870599, 69.642 ], [ 127.10697621606046, 37.399117320125896, 69.676 ], [ 127.106975731859279, 37.39911725829613, 69.703 ], [ 127.106975202716328, 37.399117186734074, 69.723 ], [ 127.106974650989116, 37.399117114810316, 69.734 ], [ 127.106974088196452, 37.399117033696825, 69.736 ], [ 127.106973525177125, 37.399116961592206, 69.729 ], [ 127.106972984968721, 37.399116880840403, 69.714 ], [ 127.106972478183309, 37.399116818648906, 69.691 ], [ 127.106972027858518, 37.399116757361654, 69.66 ], [ 127.106971633767643, 37.399116705987552, 69.622 ], [ 127.1069713297871, 37.399116665069087, 69.58 ], [ 127.106971115916807, 37.399116634606315, 69.533 ], [ 127.10697098086473, 37.399116614418361, 69.483 ], [ 127.106970958280471, 37.399116614056673, 69.432 ], [ 127.106971026033207, 37.399116615141764, 69.382 ], [ 127.106971183442852, 37.3991166447003, 69.333 ], [ 127.106971442481637, 37.399116675886475, 69.288 ], [ 127.106971780111891, 37.399116726356347, 69.247 ], [ 127.106972196786998, 37.399116778092178, 69.212 ], [ 127.106972669696006, 37.399116839741112, 69.184 ], [ 127.10697318754687, 37.399116911122334, 69.164 ], [ 127.10697373904739, 37.399116992054978, 69.152 ], [ 127.106974302066718, 37.39911706415959, 69.149 ], [ 127.106974864859382, 37.399117145273102, 69.155 ], [ 127.106975405294477, 37.399117217015998, 69.169 ], [ 127.106975912079889, 37.399117279207466, 69.191 ], [ 127.106976373470133, 37.399117349684431, 69.221 ], [ 127.106976846379169, 37.399117411333364, 69.265 ] ] ] } },
{ "type": "Feature", "properties": { "ID": "B122CC003761", "AdminCode": "206", "Type": "4", "LinkID": "A219AS305850", "Ref_Lane": 4, "Maker": "올포랜드", "PostID": null, "UpdateDate": "20181001", "Version": "2020", "Remark": "견인지역", "HistType": null, "HistRemark": null }, "geometry": { "type": "Polygon", "coordinates": [ [ [ 127.106971012474247, 37.399116705049792, 69.142 ], [ 127.106976900572946, 37.399117502326504, 69.087 ], [ 127.106976236377861, 37.399117410576487, 68.505 ], [ 127.106970348279191, 37.399116613299753, 68.559 ], [ 127.106971012474247, 37.399116705049792, 69.142 ] ] ] } },
{ "type": "Feature", "properties": { "ID": "B122CC003762", "AdminCode": "206", "Type": "2", "LinkID": "A219AS305967", "Ref_Lane": 4, "Maker": "올포랜드", "PostID": null, "UpdateDate": "20181001", "Version": "2020", "Remark": "유턴", "HistType": null, "HistRemark": null }, "geometry": { "type": "Polygon", "coordinates": [ [ [ 127.106608386386938, 37.399731318616851, 68.992 ], [ 127.106608307794929, 37.399731299332871, 69.064 ], [ 127.106608105668769, 37.39973125103252, 69.133 ], [ 127.106607780235208, 37.399731164706878, 69.198 ], [ 127.106607331267497, 37.399731049364824, 69.257 ], [ 127.106606781350067, 37.399730905368166, 69.307 ], [ 127.106606152840641, 37.39973074208752, 69.348 ], [ 127.106605445739206, 37.399730559522908, 69.378 ], [ 127.106604693922364, 37.399730358216992, 69.397 ], [ 127.106603930813336, 37.399730156730165, 69.403 ], [ 127.106603156412078, 37.399729955062462, 69.396 ], [ 127.106602415660745, 37.399729762946286, 69.377 ], [ 127.106601719851511, 37.399729580562521, 69.346 ], [ 127.1066010913421, 37.399729417281868, 69.305 ], [ 127.106600541424726, 37.399729273285182, 69.253 ], [ 127.106600103749258, 37.399729158123989, 69.194 ], [ 127.106599778088963, 37.399729080807219, 69.129 ], [ 127.106599587481782, 37.399729023678837, 69.059 ], [ 127.106599519955211, 37.399729013584619, 68.988 ], [ 127.106599598547263, 37.399729032868599, 68.916 ], [ 127.106599800673393, 37.399729081168992, 68.847 ], [ 127.106600126106926, 37.399729167494662, 68.782 ], [ 127.106600575074609, 37.399729282836716, 68.723 ], [ 127.106601124992011, 37.399729426833431, 68.672 ], [ 127.106601764793638, 37.399729590294974, 68.631 ], [ 127.106602460376109, 37.39972978168759, 68.601 ], [ 127.106603212419671, 37.399729973984662, 68.583 ], [ 127.106603975528699, 37.399730175471475, 68.577 ], [ 127.106604749929943, 37.399730377139171, 68.584 ], [ 127.106605490681318, 37.399730569255347, 68.603 ], [ 127.106606197782767, 37.399730751819959, 68.634 ], [ 127.106606826292193, 37.399730915100577, 68.676 ], [ 127.106607364917409, 37.399731058916359, 68.727 ], [ 127.106607802592904, 37.39973117407753, 68.786 ], [ 127.106608128253171, 37.399731251394279, 68.851 ], [ 127.10660831886041, 37.399731308522654, 68.921 ], [ 127.106608386386938, 37.399731318616851, 68.992 ] ] ] } },
{ "type": "Feature", "properties": { "ID": "B122CC003763", "AdminCode": "206", "Type": "2", "LinkID": "A219AS305394", "Ref_Lane": 5, "Maker": "올포랜드", "PostID": "C619AS305193", "UpdateDate": "20181001", "Version": "2020", "Remark": "직진및우회전", "HistType": null, "HistRemark": null }, "geometry": { "type": "Polygon", "coordinates": [ [ [ 127.10675193888423, 37.399656173472437, 64.811 ], [ 127.106751433228979, 37.399656066235465, 64.783 ], [ 127.106750927573771, 37.399655958998501, 64.765 ], [ 127.106750410626333, 37.399655851580675, 64.755 ], [ 127.106749871321227, 37.399655734792212, 64.753 ], [ 127.106749343081603, 37.399655627193496, 64.76 ], [ 127.106748826134194, 37.399655519775663, 64.775 ], [ 127.106748354128854, 37.399655422090184, 64.798 ], [ 127.106747938357813, 37.399655334317956, 64.828 ], [ 127.1067475788211, 37.399655256458985, 64.865 ], [ 127.106747286584124, 37.399655197702998, 64.907 ], [ 127.106747084458078, 37.399655149402882, 64.952 ], [ 127.10674697198948, 37.399655129576381, 65.0 ], [ 127.106746960923999, 37.399655120386619, 65.049 ], [ 127.106747028223779, 37.399655139489639, 65.098 ], [ 127.106747196699942, 37.399655178238262, 65.145 ], [ 127.10674744399482, 37.399655227261867, 65.188 ], [ 127.10674776988165, 37.399655295569332, 65.227 ], [ 127.106748174360504, 37.399655383160692, 65.26 ], [ 127.106748624008134, 37.399655471475533, 65.286 ], [ 127.106749118371141, 37.399655578531629, 65.305 ], [ 127.106749646610766, 37.399655686130359, 65.316 ], [ 127.106750174623684, 37.399655802737939, 65.318 ], [ 127.10675071392879, 37.399655919526396, 65.311 ], [ 127.106751219584027, 37.39965602676336, 65.296 ], [ 127.106751702881553, 37.399656124629679, 65.274 ], [ 127.106752129944809, 37.399656212582777, 65.244 ], [ 127.106752489481551, 37.39965629044174, 65.208 ], [ 127.106752781718498, 37.399656349197727, 65.166 ], [ 127.106752983844586, 37.399656397497836, 65.121 ], [ 127.106753107605357, 37.399656417505177, 65.073 ], [ 127.106753129963053, 37.399656426875808, 65.023 ], [ 127.106753062663287, 37.399656407772817, 64.975 ], [ 127.106752905252591, 37.399656378213955, 64.928 ], [ 127.106752658184433, 37.399656320181471, 64.884 ], [ 127.106752332297575, 37.399656251874006, 64.845 ], [ 127.10675193888423, 37.399656173472437, 64.811 ] ] ] } },
{ "type": "Feature", "properties": { "ID": "B122CC003764", "AdminCode": "206", "Type": "3", "LinkID": "A219AS305303", "Ref_Lane": 5, "Maker": "올포랜드", "PostID": "C619AS305192", "UpdateDate": "20181001", "Version": "2020", "Remark": "주정차금지", "HistType": null, "HistRemark": null }, "geometry": { "type": "Polygon", "coordinates": [ [ [ 127.106388675105066, 37.400484886400015, 69.983 ], [ 127.106388898003615, 37.400485007133689, 70.022 ], [ 127.106389054055256, 37.400485090746365, 70.065 ], [ 127.106389131967731, 37.400485137057146, 70.11 ], [ 127.106389143260046, 37.40048513723805, 70.155 ], [ 127.106389076413166, 37.400485100117059, 70.2 ], [ 127.106388942719406, 37.400485025875099, 70.244 ], [ 127.10638873088638, 37.400484914331209, 70.284 ], [ 127.106388463272069, 37.400484774856146, 70.319 ], [ 127.106388151395521, 37.400484598621908, 70.35 ], [ 127.106387783510883, 37.400484403465356, 70.373 ], [ 127.106387382202797, 37.400484189748283, 70.39 ], [ 127.106386969829146, 37.400483966841428, 70.399 ], [ 127.106386546389999, 37.400483734744796, 70.401 ], [ 127.106386122950767, 37.400483502648143, 70.394 ], [ 127.106385710350395, 37.400483288750166, 70.38 ], [ 127.106385342692548, 37.400483084584742, 70.359 ], [ 127.106385008458105, 37.400482898979767, 70.33 ], [ 127.106384718485913, 37.400482750133989, 70.297 ], [ 127.106384495587392, 37.400482629400315, 70.258 ], [ 127.10638432847017, 37.400482536597835, 70.216 ], [ 127.10638423926541, 37.400482490106143, 70.171 ], [ 127.106384228199843, 37.400482480916352, 70.126 ], [ 127.106384283754423, 37.400482517856439, 70.081 ], [ 127.106384406382631, 37.400482582908623, 70.037 ], [ 127.106384606923271, 37.400482694271595, 69.997 ], [ 127.106384863245268, 37.400482833565761, 69.961 ], [ 127.106385186640864, 37.400483000972052, 69.93 ], [ 127.106385543233174, 37.4004831959477, 69.906 ], [ 127.10638593324893, 37.400483409483861, 69.888 ], [ 127.106386345622568, 37.400483632390696, 69.878 ], [ 127.106386769288534, 37.400483855478456, 69.876 ], [ 127.106387192727723, 37.400484087575116, 69.882 ], [ 127.106387605101332, 37.400484310481971, 69.895 ], [ 127.106387984051551, 37.400484514828307, 69.916 ], [ 127.106388318512728, 37.400484691424367, 69.943 ], [ 127.106388675105066, 37.400484886400015, 69.983 ] ] ] } },
{ "type": "Feature", "properties": { "ID": "B122CC003765", "AdminCode": "206", "Type": "4", "LinkID": "A219AS305303", "Ref_Lane": 5, "Maker": "올포랜드", "PostID": "C619AS305192", "UpdateDate": "20181001", "Version": "2020", "Remark": "견인지역", "HistType": null, "HistRemark": null }, "geometry": { "type": "Polygon", "coordinates": [ [ [ 127.106384495587392, 37.400482629400315, 69.877 ], [ 127.106384283754423, 37.400482517856439, 69.322 ], [ 127.106389143033269, 37.400485146246929, 69.302 ], [ 127.106389343573923, 37.400485257609901, 69.857 ], [ 127.106384495587392, 37.400482629400315, 69.877 ] ] ] } },
{ "type": "Feature", "properties": { "ID": "B122CC003766", "AdminCode": "206", "Type": "3", "LinkID": "A219AS305237", "Ref_Lane": 4, "Maker": "올포랜드", "PostID": null, "UpdateDate": "20181001", "Version": "2020", "Remark": "최고속도제한80", "HistType": null, "HistRemark": null }, "geometry": { "type": "Polygon", "coordinates": [ [ [ 127.106239339560005, 37.400730446201479, 70.859 ], [ 127.106239620735067, 37.400730495769018, 70.928 ], [ 127.106239778147767, 37.400730525328605, 71.0 ], [ 127.10623978944011, 37.400730525509523, 71.073 ], [ 127.10623966567772, 37.400730505501599, 71.146 ], [ 127.106239395795015, 37.400730456114985, 71.215 ], [ 127.106239002376711, 37.400730377711568, 71.28 ], [ 127.106238496261582, 37.400730288490017, 71.337 ], [ 127.106237877676421, 37.40073017944146, 71.385 ], [ 127.106237191790697, 37.400730051289578, 71.423 ], [ 127.106236438377593, 37.400729913043271, 71.449 ], [ 127.106235640021822, 37.400729765064369, 71.463 ], [ 127.106234830373694, 37.400729616904542, 71.465 ], [ 127.106234032017952, 37.400729468925626, 71.453 ], [ 127.106233267312518, 37.400729330498358, 71.43 ], [ 127.10623255884208, 37.40072920198461, 71.394 ], [ 127.106231928964576, 37.400729092755107, 71.348 ], [ 127.106231400491538, 37.40072899416279, 71.293 ], [ 127.106230984488519, 37.400728915397501, 71.231 ], [ 127.106230680728714, 37.400728865468096, 71.162 ], [ 127.106230523316057, 37.400728835908502, 71.09 ], [ 127.106230512250505, 37.400728826718677, 71.017 ], [ 127.10623062472051, 37.400728846545704, 70.944 ], [ 127.106230883310857, 37.400728895751385, 70.875 ], [ 127.106231265663581, 37.400728964965055, 70.81 ], [ 127.10623177155189, 37.400729063195513, 70.753 ], [ 127.106232378844666, 37.400729172063166, 70.704 ], [ 127.106233064957181, 37.400729291206197, 70.666 ], [ 127.106233807077885, 37.4007294292716, 70.639 ], [ 127.106234605433642, 37.400729577250516, 70.624 ], [ 127.106235403789412, 37.400729725229411, 70.622 ], [ 127.106236202145169, 37.40072987320832, 70.632 ], [ 127.106236978142988, 37.400730011816492, 70.655 ], [ 127.106237686613454, 37.400730140330211, 70.69 ], [ 127.106238316264168, 37.400730258568579, 70.735 ], [ 127.106238856029591, 37.4007303573418, 70.79 ], [ 127.106239339560005, 37.400730446201479, 70.859 ] ] ] } },
{ "type": "Feature", "properties": { "ID": "B122CC003767", "AdminCode": "206", "Type": "3", "LinkID": "A219AS305286", "Ref_Lane": 5, "Maker": "올포랜드", "PostID": null, "UpdateDate": "20181001", "Version": "2020", "Remark": "차높이제한5.0m", "HistType": null, "HistRemark": null }, "geometry": { "type": "Polygon", "coordinates": [ [ [ 127.105788177620923, 37.401561687155976, 70.995 ], [ 127.105788435760076, 37.401561754380467, 71.034 ], [ 127.105788604013071, 37.401561802139426, 71.077 ], [ 127.105788705191713, 37.401561821785933, 71.122 ], [ 127.10578870496488, 37.401561830794805, 71.168 ], [ 127.105788637890512, 37.401561802682338, 71.213 ], [ 127.105788469410683, 37.401561763932264, 71.257 ], [ 127.105788233629653, 37.401561706078589, 71.297 ], [ 127.105787930774255, 37.401561620112474, 71.333 ], [ 127.105787560390795, 37.401561524051637, 71.363 ], [ 127.105787145064298, 37.401561418258048, 71.387 ], [ 127.105786685021542, 37.401561293722807, 71.403 ], [ 127.105786202393816, 37.401561168825609, 71.412 ], [ 127.105785708700466, 37.401561034738577, 71.414 ], [ 127.105785226072769, 37.4015609098414, 71.407 ], [ 127.105784754737542, 37.401560785125191, 71.393 ], [ 127.105784328118546, 37.401560679150606, 71.371 ], [ 127.105783946669476, 37.401560573899907, 71.343 ], [ 127.105783609936651, 37.401560487390853, 71.309 ], [ 127.105783351797513, 37.401560420166362, 71.27 ], [ 127.105783172252018, 37.40156037222642, 71.227 ], [ 127.105783071300252, 37.401560343571042, 71.183 ], [ 127.105783048715281, 37.401560343209091, 71.137 ], [ 127.105783116243316, 37.401560353303807, 71.092 ], [ 127.105783273203812, 37.401560400881813, 71.048 ], [ 127.105783497692386, 37.401560458554506, 71.008 ], [ 127.105783800774617, 37.40156053551177, 70.972 ], [ 127.10578415986555, 37.401560631391625, 70.941 ], [ 127.105784575192075, 37.401560737185228, 70.916 ], [ 127.105785023942332, 37.401560861539508, 70.899 ], [ 127.105785506570029, 37.401560986436706, 70.889 ], [ 127.105785989197756, 37.401561111333898, 70.887 ], [ 127.105786471825454, 37.401561236231075, 70.893 ], [ 127.105786943160709, 37.401561360947298, 70.906 ], [ 127.105787380845328, 37.401561476111702, 70.927 ], [ 127.105787762294398, 37.401561581362394, 70.955 ], [ 127.105788177620923, 37.401561687155976, 70.995 ] ] ] } },
{ "type": "Feature", "properties": { "ID": "B122CC003768", "AdminCode": "206", "Type": "3", "LinkID": "A219AS305286", "Ref_Lane": 5, "Maker": "올포랜드", "PostID": null, "UpdateDate": "20181001", "Version": "2020", "Remark": "주정차금지", "HistType": null, "HistRemark": null }, "geometry": { "type": "Polygon", "coordinates": [ [ [ 127.105818367290141, 37.401725288453122, 71.154 ], [ 127.105817897314864, 37.401725109683738, 71.116 ], [ 127.105817393462104, 37.401724930371444, 71.088 ], [ 127.105816844892999, 37.401724732317518, 71.069 ], [ 127.105816262673216, 37.401724524711803, 71.059 ], [ 127.105815680453432, 37.40172431710608, 71.06 ], [ 127.105815109526162, 37.401724109681339, 71.07 ], [ 127.105814572022751, 37.40172392081724, 71.089 ], [ 127.105814068396825, 37.401723732496059, 71.118 ], [ 127.105813620552922, 37.401723572106349, 71.154 ], [ 127.105813251076029, 37.401723440010059, 71.198 ], [ 127.105812959966144, 37.401723336207198, 71.247 ], [ 127.105812758288948, 37.401723269887604, 71.3 ], [ 127.10581265756376, 37.401723232223375, 71.356 ], [ 127.10581265756376, 37.401723232223375, 71.412 ], [ 127.105812769581448, 37.40172327006858, 71.468 ], [ 127.105812971258672, 37.401723336388173, 71.521 ], [ 127.105813262141695, 37.401723449199899, 71.57 ], [ 127.105813631618588, 37.401723581296181, 71.613 ], [ 127.10581407946249, 37.401723741685899, 71.649 ], [ 127.105814583315251, 37.401723920998222, 71.678 ], [ 127.105815131884341, 37.40172411905214, 71.697 ], [ 127.105815702811626, 37.401724326476888, 71.707 ], [ 127.105816285031395, 37.401724534082625, 71.707 ], [ 127.105816855958665, 37.401724741507358, 71.697 ], [ 127.105817404527755, 37.401724939561284, 71.678 ], [ 127.105817908380544, 37.401725118873586, 71.649 ], [ 127.105818356224447, 37.401725279263268, 71.613 ], [ 127.105818736767034, 37.401725420549376, 71.57 ], [ 127.105819027876933, 37.401725524352251, 71.521 ], [ 127.105819229554157, 37.401725590671838, 71.468 ], [ 127.105819330279317, 37.40172562833606, 71.412 ], [ 127.105819330279317, 37.40172562833606, 71.355 ], [ 127.105819229554157, 37.401725590671838, 71.3 ], [ 127.105819027876933, 37.401725524352251, 71.246 ], [ 127.105818748059548, 37.401725420730358, 71.197 ], [ 127.105818367290141, 37.401725288453122, 71.154 ] ] ] } },
{ "type": "Feature", "properties": { "ID": "B122CC003769", "AdminCode": "206", "Type": "4", "LinkID": "A219AS305286", "Ref_Lane": 5, "Maker": "올포랜드", "PostID": null, "UpdateDate": "20181001", "Version": "2020", "Remark": "견인지역", "HistType": null, "HistRemark": null }, "geometry": { "type": "Polygon", "coordinates": [ [ [ 127.105813109164743, 37.40172414071192, 71.024 ], [ 127.105818727693361, 37.401725780904513, 71.001 ], [ 127.105818867612612, 37.401724710657689, 70.322 ], [ 127.105813249084093, 37.401723070465081, 70.345 ], [ 127.105813109164743, 37.40172414071192, 71.024 ] ] ] } },
{ "type": "Feature", "properties": { "ID": "B122CC003770", "AdminCode": "206", "Type": "2", "LinkID": "A219AS305894", "Ref_Lane": 1, "Maker": "올포랜드", "PostID": "C619AS305189", "UpdateDate": "20181001", "Version": "2020", "Remark": "횡단보도", "HistType": null, "HistRemark": null }, "geometry": { "type": "Polygon", "coordinates": [ [ [ 127.105312598109791, 37.402974878200666, 70.158 ], [ 127.105309392801075, 37.402974754719295, 69.665 ], [ 127.10531580341852, 37.402975001681945, 69.665 ], [ 127.105312598109791, 37.402974878200666, 70.158 ] ] ] } },
{ "type": "Feature", "properties": { "ID": "B122CC003771", "AdminCode": "206", "Type": "4", "LinkID": "A219AS305894", "Ref_Lane": 1, "Maker": "올포랜드", "PostID": "C619AS305189", "UpdateDate": "20181001", "Version": "2020", "Remark": "보행자주의", "HistType": null, "HistRemark": null }, "geometry": { "type": "Polygon", "coordinates": [ [ [ 127.105309232661199, 37.402974833264842, 69.596 ], [ 127.105315579833857, 37.402974907972762, 69.587 ], [ 127.105315557248446, 37.402974907610734, 69.42 ], [ 127.105309198783118, 37.402974832721775, 69.429 ], [ 127.105309232661199, 37.402974833264842, 69.596 ] ] ] } },
{ "type": "Feature", "properties": { "ID": "B122CC003772", "AdminCode": "206", "Type": "2", "LinkID": "A219AS305894", "Ref_Lane": 2, "Maker": "올포랜드", "PostID": "C619AS305188", "UpdateDate": "20181001", "Version": "2020", "Remark": "직진및우회전", "HistType": null, "HistRemark": null }, "geometry": { "type": "Polygon", "coordinates": [ [ [ 127.105244827902354, 37.402989599766599, 68.186 ], [ 127.105245018516584, 37.402989656897326, 68.23 ], [ 127.105245130762739, 37.402989685734248, 68.277 ], [ 127.105245153121203, 37.402989695105177, 68.324 ], [ 127.105245085818908, 37.402989676001262, 68.371 ], [ 127.105244928855811, 37.402989628422482, 68.417 ], [ 127.10524469329772, 37.402989561558769, 68.459 ], [ 127.105244390664254, 37.402989466582255, 68.497 ], [ 127.105244020501559, 37.402989361510691, 68.529 ], [ 127.105243594329238, 37.402989237516223, 68.555 ], [ 127.105243134732675, 37.402989094960937, 68.573 ], [ 127.105242641258059, 37.402988951862568, 68.583 ], [ 127.105242136490759, 37.40298880858316, 68.586 ], [ 127.105241643243033, 37.402988656475898, 68.58 ], [ 127.105241161061116, 37.402988513558519, 68.566 ], [ 127.105240712530346, 37.402988380193143, 68.544 ], [ 127.105240308716503, 37.402988265569618, 68.515 ], [ 127.105239961139176, 37.40298816086009, 68.48 ], [ 127.105239691929967, 37.402988084444402, 68.441 ], [ 127.105239490023038, 37.402988027132636, 68.397 ], [ 127.105239378003816, 37.402987989286849, 68.351 ], [ 127.105239355645367, 37.40298797991592, 68.303 ], [ 127.105239411654949, 37.40298799883881, 68.256 ], [ 127.105239557325348, 37.402988046236551, 68.21 ], [ 127.10523978159074, 37.40298811291926, 68.168 ], [ 127.105240084451125, 37.402988198886916, 68.13 ], [ 127.105240454613792, 37.402988303958487, 68.097 ], [ 127.105240869493414, 37.402988427771923, 68.071 ], [ 127.105241340382648, 37.402988570508256, 68.053 ], [ 127.105241822564579, 37.402988713425607, 68.042 ], [ 127.105242327331894, 37.402988856705029, 68.039 ], [ 127.105242820579591, 37.40298900881227, 68.044 ], [ 127.105243302761536, 37.402989151729614, 68.058 ], [ 127.105243762585005, 37.402989285276036, 68.079 ], [ 127.105244166398862, 37.402989399899568, 68.107 ], [ 127.10524450268349, 37.402989504428042, 68.141 ], [ 127.105244827902354, 37.402989599766599, 68.186 ] ] ] } },
{ "type": "Feature", "properties": { "ID": "B122CC003773", "AdminCode": "206", "Type": "2", "LinkID": "A219AS305949", "Ref_Lane": 2, "Maker": "올포랜드", "PostID": null, "UpdateDate": "20181001", "Version": "2020", "Remark": "유턴", "HistType": null, "HistRemark": null }, "geometry": { "type": "Polygon", "coordinates": [ [ [ 127.105100783656056, 37.403066907082092, 72.573 ], [ 127.105101028918369, 37.403067037189267, 72.638 ], [ 127.105101162615298, 37.403067111432755, 72.706 ], [ 127.105101173681064, 37.403067120622673, 72.775 ], [ 127.105101084701076, 37.403067065121107, 72.844 ], [ 127.105100883928756, 37.403066962764719, 72.91 ], [ 127.105100583110683, 37.403066795716867, 72.971 ], [ 127.10510018201991, 37.403066572986347, 73.025 ], [ 127.105099702787996, 37.403066312953086, 73.072 ], [ 127.105099145414925, 37.403066015617014, 73.109 ], [ 127.105098543551847, 37.403065690530148, 73.135 ], [ 127.105097919557267, 37.403065347063453, 73.149 ], [ 127.105097273204237, 37.403064994225787, 73.152 ], [ 127.105096626624231, 37.403064650396985, 73.142 ], [ 127.105096013695444, 37.403064316120187, 73.121 ], [ 127.105095434190872, 37.403064000404257, 73.089 ], [ 127.105094921534757, 37.403063721810078, 73.046 ], [ 127.105094486792879, 37.403063489527561, 72.995 ], [ 127.105094141257894, 37.403063303737774, 72.937 ], [ 127.105093896222542, 37.40306316462172, 72.873 ], [ 127.105093762525641, 37.403063090378218, 72.805 ], [ 127.105093728874479, 37.403063080826243, 72.736 ], [ 127.105093818308319, 37.403063118310051, 72.667 ], [ 127.105094007560993, 37.403063229494279, 72.601 ], [ 127.105094308605956, 37.403063387533287, 72.54 ], [ 127.105094698630921, 37.403063601073875, 72.485 ], [ 127.105095177862808, 37.403063861107164, 72.438 ], [ 127.105095723943151, 37.403064158262218, 72.4 ], [ 127.105096314513474, 37.403064483168073, 72.374 ], [ 127.105096950027701, 37.403064817806943, 72.358 ], [ 127.105097596380759, 37.403065170644609, 72.355 ], [ 127.10509823144109, 37.40306552330123, 72.363 ], [ 127.105098844369934, 37.403065857578035, 72.384 ], [ 127.105099424101468, 37.40306616428505, 72.415 ], [ 127.105099936757611, 37.403066442879208, 72.457 ], [ 127.105100382565311, 37.403066684351622, 72.508 ], [ 127.105100783656056, 37.403066907082092, 72.573 ] ] ] } },
{ "type": "Feature", "properties": { "ID": "B122CC003774", "AdminCode": "206", "Type": "4", "LinkID": "A219AS305949", "Ref_Lane": 2, "Maker": "올포랜드", "PostID": null, "UpdateDate": "20181001", "Version": "2020", "Remark": "좌회전시 보행자 신호시", "HistType": null, "HistRemark": null }, "geometry": { "type": "Polygon", "coordinates": [ [ [ 127.105093655617424, 37.403063746577587, 72.313 ], [ 127.10509361651971, 37.403063953238522, 72.037 ], [ 127.105101470068831, 37.403066566598639, 72.052 ], [ 127.105101508939583, 37.403066368946554, 72.327 ], [ 127.105093655617424, 37.403063746577587, 72.313 ] ] ] } },
{ "type": "Feature", "properties": { "ID": "B122CC003775", "AdminCode": "206", "Type": "2", "LinkID": "A219AS305949", "Ref_Lane": 2, "Maker": "올포랜드", "PostID": null, "UpdateDate": "20181001", "Version": "2020", "Remark": "직진및좌회전", "HistType": null, "HistRemark": null }, "geometry": { "type": "Polygon", "coordinates": [ [ [ 127.105110865682235, 37.403071647070725, 72.283 ], [ 127.105110642097543, 37.403071553361158, 72.211 ], [ 127.105110295881687, 37.403071394598008, 72.142 ], [ 127.105109837873471, 37.403071188980093, 72.081 ], [ 127.105109290658334, 37.403070936869462, 72.028 ], [ 127.105108653782381, 37.403070656283887, 71.986 ], [ 127.105107950057985, 37.403070338576555, 71.956 ], [ 127.105107212909331, 37.403070002308361, 71.939 ], [ 127.105106453402243, 37.403069656669174, 71.935 ], [ 127.105105704960906, 37.403069320219927, 71.944 ], [ 127.10510497887806, 37.403068993141623, 71.967 ], [ 127.105104297512156, 37.403068684805234, 72.002 ], [ 127.105103694287408, 37.403068413771635, 72.048 ], [ 127.105103180496542, 37.403068180221851, 72.105 ], [ 127.10510276720531, 37.403067993345822, 72.17 ], [ 127.105102465479476, 37.403067862333451, 72.241 ], [ 127.105102297904438, 37.40306778754681, 72.316 ], [ 127.105102264480195, 37.403067768985949, 72.393 ], [ 127.105102353687144, 37.403067815478643, 72.47 ], [ 127.105102577271794, 37.403067909188238, 72.544 ], [ 127.105102923487635, 37.403068067951409, 72.612 ], [ 127.105103381495809, 37.403068273569346, 72.674 ], [ 127.105103940003602, 37.403068525861059, 72.726 ], [ 127.105104576652593, 37.403068815455512, 72.768 ], [ 127.105105280376947, 37.403069133162866, 72.798 ], [ 127.105106017752533, 37.403069460422195, 72.815 ], [ 127.105106777259621, 37.403069806061389, 72.819 ], [ 127.105107525700959, 37.40307014251065, 72.81 ], [ 127.105108251783832, 37.403070469588926, 72.787 ], [ 127.105108921857081, 37.403070777744233, 72.751 ], [ 127.105109536374542, 37.403071048958864, 72.705 ], [ 127.105110050165479, 37.403071282508627, 72.648 ], [ 127.105110452164027, 37.403071469203596, 72.583 ], [ 127.105110753889889, 37.403071600215952, 72.512 ], [ 127.105110921464941, 37.403071675002543, 72.437 ], [ 127.105110954889184, 37.403071693563412, 72.36 ], [ 127.105110865682235, 37.403071647070725, 72.283 ] ] ] } },
{ "type": "Feature", "properties": { "ID": "B122CC003776", "AdminCode": "206", "Type": "3", "LinkID": "A219AS305037", "Ref_Lane": 3, "Maker": "올포랜드", "PostID": "C619AS305185", "UpdateDate": "20181001", "Version": "2020", "Remark": "주정차금지", "HistType": null, "HistRemark": null }, "geometry": { "type": "Polygon", "coordinates": [ [ [ 127.104950537123997, 37.403802055051784, 68.801 ], [ 127.104950492179711, 37.403802045318692, 68.849 ], [ 127.104950357573799, 37.403802007110492, 68.896 ], [ 127.104950133079356, 37.403801949436051, 68.939 ], [ 127.104949841281936, 37.40380187265751, 68.979 ], [ 127.104949470661822, 37.403801785602695, 69.013 ], [ 127.104949044258518, 37.403801670615927, 69.041 ], [ 127.104948584203754, 37.403801546077148, 69.061 ], [ 127.104948078977728, 37.403801420814112, 69.074 ], [ 127.104947562685879, 37.40380128636113, 69.078 ], [ 127.104947046394017, 37.403801151908155, 69.074 ], [ 127.10494654116799, 37.403801026645127, 69.061 ], [ 127.104946081113255, 37.403800902106298, 69.041 ], [ 127.104945654709951, 37.403800787119543, 69.013 ], [ 127.104945284089837, 37.4038007000647, 68.979 ], [ 127.104944992292445, 37.403800623286173, 68.939 ], [ 127.104944767798003, 37.403800565611739, 68.896 ], [ 127.10494463319209, 37.403800527403504, 68.849 ], [ 127.104944588247832, 37.40380051767039, 68.801 ], [ 127.10494463319209, 37.403800527403504, 68.753 ], [ 127.104944767798003, 37.403800565611739, 68.706 ], [ 127.104944992292445, 37.403800623286173, 68.663 ], [ 127.104945284089837, 37.4038007000647, 68.623 ], [ 127.104945654709951, 37.403800787119543, 68.589 ], [ 127.104946081113255, 37.403800902106298, 68.561 ], [ 127.10494654116799, 37.403801026645127, 68.541 ], [ 127.104947046394017, 37.403801151908155, 68.528 ], [ 127.104947562685879, 37.40380128636113, 68.524 ], [ 127.104948078977728, 37.403801420814112, 68.528 ], [ 127.104948584203754, 37.403801546077148, 68.541 ], [ 127.104949044258518, 37.403801670615927, 68.561 ], [ 127.104949470661822, 37.403801785602695, 68.589 ], [ 127.104949841281936, 37.40380187265751, 68.623 ], [ 127.104950133079356, 37.403801949436051, 68.663 ], [ 127.104950357573799, 37.403802007110492, 68.706 ], [ 127.104950492179711, 37.403802045318692, 68.753 ], [ 127.104950537123997, 37.403802055051784, 68.801 ] ] ] } },
{ "type": "Feature", "properties": { "ID": "B122CC003777", "AdminCode": "206", "Type": "3", "LinkID": "A219AS305136", "Ref_Lane": 3, "Maker": "올포랜드", "PostID": "C619AS305184", "UpdateDate": "20181001", "Version": "2020", "Remark": "주정차금지", "HistType": null, "HistRemark": null }, "geometry": { "type": "Polygon", "coordinates": [ [ [ 127.104823896424492, 37.40400999796725, 73.417 ], [ 127.104823918783211, 37.404010007338265, 73.468 ], [ 127.104823851707096, 37.404009979225229, 73.518 ], [ 127.104823706035049, 37.40400993182692, 73.566 ], [ 127.104823459635313, 37.404009846763472, 73.611 ], [ 127.10482314615949, 37.404009733586996, 73.651 ], [ 127.104822765380575, 37.404009601306306, 73.686 ], [ 127.104822328818372, 37.404009441093677, 73.713 ], [ 127.104821847311811, 37.404009271147864, 73.733 ], [ 127.104821343446531, 37.404009091831028, 73.744 ], [ 127.104820816995556, 37.404008912152058, 73.746 ], [ 127.104820302064439, 37.404008723645276, 73.74 ], [ 127.104819797972169, 37.404008553337313, 73.725 ], [ 127.104819339051275, 37.404008383753634, 73.702 ], [ 127.10481892462083, 37.404008241920856, 73.672 ], [ 127.104818566200635, 37.404008119011202, 73.635 ], [ 127.104818286376386, 37.404008015386786, 73.592 ], [ 127.104818084921064, 37.404007940056495, 73.546 ], [ 127.104817961607722, 37.404007902029207, 73.497 ], [ 127.104817939249017, 37.404007892658207, 73.446 ], [ 127.104818006325132, 37.404007920771264, 73.396 ], [ 127.104818163290005, 37.404007968350626, 73.348 ], [ 127.104818398396858, 37.404008053233014, 73.303 ], [ 127.104818711872696, 37.404008166409504, 73.262 ], [ 127.104819092651596, 37.404008298690187, 73.228 ], [ 127.104819529213771, 37.404008458902851, 73.201 ], [ 127.104820010720331, 37.404008628848679, 73.181 ], [ 127.104820525878438, 37.404008808346582, 73.17 ], [ 127.104821041036573, 37.404008987844477, 73.167 ], [ 127.104821567260544, 37.404009176532334, 73.174 ], [ 127.104822060059959, 37.404009346659215, 73.189 ], [ 127.104822518980868, 37.404009516242887, 73.212 ], [ 127.104822944704168, 37.404009658256705, 73.242 ], [ 127.104823291831536, 37.404009780985284, 73.28 ], [ 127.104823571655814, 37.404009884609685, 73.322 ], [ 127.10482378440399, 37.40400996012103, 73.369 ], [ 127.104823896424492, 37.40400999796725, 73.417 ] ] ] } },
{ "type": "Feature", "properties": { "ID": "B122CC003778", "AdminCode": "206", "Type": "4", "LinkID": "A219AS305136", "Ref_Lane": 3, "Maker": "올포랜드", "PostID": "C619AS305184", "UpdateDate": "20181001", "Version": "2020", "Remark": "견인지역", "HistType": null, "HistRemark": null }, "geometry": { "type": "Polygon", "coordinates": [ [ [ 127.104818434545194, 37.404007963687533, 73.158 ], [ 127.10481813213525, 37.404007859700975, 72.582 ], [ 127.104823949711005, 37.404010124996795, 72.553 ], [ 127.104824240828108, 37.404010228802264, 73.13 ], [ 127.104818434545194, 37.404007963687533, 73.158 ] ] ] } },
{ "type": "Feature", "properties": { "ID": "B122CC003779", "AdminCode": "206", "Type": "3", "LinkID": "A219AS305136", "Ref_Lane": 3, "Maker": "올포랜드", "PostID": "C619AS305183", "UpdateDate": "20181001", "Version": "2020", "Remark": "양보", "HistType": null, "HistRemark": null }, "geometry": { "type": "Polygon", "coordinates": [ [ [ 127.104797919531478, 37.404059934330753, 69.378 ], [ 127.104800984264514, 37.40406115509856, 69.904 ], [ 127.104794843732662, 37.40405870437295, 69.904 ], [ 127.104797919531478, 37.404059934330753, 69.378 ] ] ] } },
{ "type": "Feature", "properties": { "ID": "B122CC003780", "AdminCode": "206", "Type": "3", "LinkID": "A219AS305140", "Ref_Lane": 3, "Maker": "올포랜드", "PostID": "C619AS305148", "UpdateDate": "20181001", "Version": "2020", "Remark": "주정차금지", "HistType": null, "HistRemark": null }, "geometry": { "type": "Polygon", "coordinates": [ [ [ 127.103608096003512, 37.405251995749133, 75.318 ], [ 127.103608316185529, 37.405252224594562, 75.363 ], [ 127.103608469972244, 37.405252398299652, 75.412 ], [ 127.1036085688838, 37.405252508036732, 75.465 ], [ 127.103608601854333, 37.40525254461577, 75.52 ], [ 127.103608580176839, 37.405252508217927, 75.575 ], [ 127.103608480811019, 37.405252416498563, 75.628 ], [ 127.103608338090169, 37.405252251983534, 75.678 ], [ 127.103608129201149, 37.405252023319314, 75.723 ], [ 127.103607864982735, 37.405251748704778, 75.763 ], [ 127.103607568248052, 37.405251419493517, 75.795 ], [ 127.103607238315732, 37.405251062712097, 75.819 ], [ 127.103606886478744, 37.405250678541684, 75.834 ], [ 127.103606512282894, 37.405250285000022, 75.839 ], [ 127.103606149380028, 37.405249891639563, 75.835 ], [ 127.103605786250071, 37.405249507287948, 75.822 ], [ 127.103605456544898, 37.405249141497656, 75.8 ], [ 127.103605148517204, 37.405248812105185, 75.769 ], [ 127.103604884525936, 37.405248528481799, 75.731 ], [ 127.103604664571051, 37.405248290627505, 75.687 ], [ 127.10360449949134, 37.40524811674122, 75.638 ], [ 127.103604400579798, 37.405248007004126, 75.585 ], [ 127.1036043565434, 37.405247961235041, 75.53 ], [ 127.103604378448026, 37.405247988624026, 75.476 ], [ 127.103604466520821, 37.405248080162188, 75.422 ], [ 127.103604620761786, 37.405248235849577, 75.372 ], [ 127.103604818584913, 37.405248455323743, 75.327 ], [ 127.103605071510302, 37.405248729757069, 75.287 ], [ 127.103605368472088, 37.40524904995948, 75.254 ], [ 127.103605698404408, 37.405249406740936, 75.23 ], [ 127.1036060504685, 37.405249781902469, 75.214 ], [ 127.103606413371338, 37.405250175262921, 75.208 ], [ 127.103606776047044, 37.405250577632266, 75.211 ], [ 127.103607139177029, 37.40525096198386, 75.223 ], [ 127.103607480175228, 37.405251327955355, 75.245 ], [ 127.10360778820295, 37.405251657347819, 75.275 ], [ 127.103608096003512, 37.405251995749133, 75.318 ] ] ] } },
{ "type": "Feature", "properties": { "ID": "B122CC003781", "AdminCode": "206", "Type": "4", "LinkID": "A219AS305140", "Ref_Lane": 3, "Maker": "올포랜드", "PostID": "C619AS305148", "UpdateDate": "20181001", "Version": "2020", "Remark": "견인지역", "HistType": null, "HistRemark": null }, "geometry": { "type": "Polygon", "coordinates": [ [ [ 127.103604631373415, 37.405248263057331, 75.139 ], [ 127.103608832875111, 37.405252791660125, 75.178 ], [ 127.103609131199761, 37.405253057809325, 74.547 ], [ 127.103604929925169, 37.405248520197745, 74.508 ], [ 127.103604631373415, 37.405248263057331, 75.139 ] ] ] } },
{ "type": "Feature", "properties": { "ID": "B122CC003782", "AdminCode": "206", "Type": "3", "LinkID": "A219AS305132", "Ref_Lane": 5, "Maker": "올포랜드", "PostID": "C619AS305181", "UpdateDate": "20181001", "Version": "2020", "Remark": "주정차금지", "HistType": null, "HistRemark": null }, "geometry": { "type": "Polygon", "coordinates": [ [ [ 127.10176201130102, 37.406165753970328, 75.035 ], [ 127.101761781420606, 37.406165461878238, 74.982 ], [ 127.101761529181275, 37.40616516041456, 74.943 ], [ 127.101761255492448, 37.406164813543874, 74.911 ], [ 127.101760937767892, 37.406164420903444, 74.888 ], [ 127.101760609204916, 37.406164010063925, 74.874 ], [ 127.101760269576147, 37.40616359003419, 74.869 ], [ 127.101759929947406, 37.406163170004461, 74.874 ], [ 127.101759590091277, 37.406162758983569, 74.889 ], [ 127.101759283432528, 37.406162375533356, 74.913 ], [ 127.101758998450578, 37.406162028481319, 74.945 ], [ 127.101758757504427, 37.406161727198977, 74.985 ], [ 127.101758560139274, 37.406161489704139, 75.031 ], [ 127.101758417875686, 37.406161307169242, 75.082 ], [ 127.101758330258889, 37.40616119761205, 75.136 ], [ 127.101758297288924, 37.406161161032522, 75.192 ], [ 127.101758330258889, 37.40616119761205, 75.248 ], [ 127.101758417875686, 37.406161307169242, 75.302 ], [ 127.101758560366648, 37.406161480695282, 75.353 ], [ 127.101758757504427, 37.406161727198977, 75.399 ], [ 127.101758998450578, 37.406162028481319, 75.439 ], [ 127.101759283432528, 37.406162375533356, 75.471 ], [ 127.101759590091277, 37.406162758983569, 75.495 ], [ 127.101759918654253, 37.406163169823088, 75.51 ], [ 127.101760269576147, 37.40616359003419, 75.516 ], [ 127.101760608977543, 37.406164019072783, 75.511 ], [ 127.101760937540547, 37.406164429912302, 75.497 ], [ 127.101761255492448, 37.406164813543874, 75.474 ], [ 127.101761540247054, 37.406165169604776, 75.442 ], [ 127.101761781193233, 37.406165470887096, 75.403 ], [ 127.101761989624194, 37.406165717572172, 75.357 ], [ 127.10176213188781, 37.406165900107048, 75.307 ], [ 127.101762230570401, 37.406166018854471, 75.253 ], [ 127.101762263313006, 37.40616606444285, 75.197 ], [ 127.101762241636152, 37.406166028044709, 75.141 ], [ 127.101762153792009, 37.406165927496346, 75.086 ], [ 127.10176201130102, 37.406165753970328, 75.035 ] ] ] } },
{ "type": "Feature", "properties": { "ID": "B122CC003783", "AdminCode": "206", "Type": "4", "LinkID": "A219AS305132", "Ref_Lane": 5, "Maker": "올포랜드", "PostID": "C619AS305181", "UpdateDate": "20181001", "Version": "2020", "Remark": "견인지역", "HistType": null, "HistRemark": null }, "geometry": { "type": "Polygon", "coordinates": [ [ [ 127.101758091511286, 37.406161256865119, 74.866 ], [ 127.101758091511286, 37.406161256865119, 74.219 ], [ 127.101762436348011, 37.406165923021852, 74.219 ], [ 127.101762436348011, 37.406165923021852, 74.866 ], [ 127.101758091511286, 37.406161256865119, 74.866 ] ] ] } },
{ "type": "Feature", "properties": { "ID": "B122CC003784", "AdminCode": "206", "Type": "3", "LinkID": "A219AS305149", "Ref_Lane": 4, "Maker": "올포랜드", "PostID": null, "UpdateDate": "20181001", "Version": "2020", "Remark": "차높이제한4.5m", "HistType": null, "HistRemark": null }, "geometry": { "type": "Polygon", "coordinates": [ [ [ 127.100598236479698, 37.40716638007455, 78.299 ], [ 127.100598427783055, 37.407166410186413, 78.351 ], [ 127.100598517901858, 37.407166420647179, 78.404 ], [ 127.100598506608577, 37.407166420465686, 78.458 ], [ 127.100598394130699, 37.407166400633095, 78.511 ], [ 127.100598180240766, 37.407166370158265, 78.562 ], [ 127.100597865166236, 37.407166320032353, 78.608 ], [ 127.100597471266227, 37.407166259627139, 78.649 ], [ 127.100597010061492, 37.407166180115304, 78.683 ], [ 127.100596481097028, 37.407166099514534, 78.709 ], [ 127.100595918707711, 37.407166000351602, 78.727 ], [ 127.10059533350433, 37.407165909834539, 78.735 ], [ 127.100594725941875, 37.407165809945646, 78.734 ], [ 127.100594140738522, 37.407165719428583, 78.724 ], [ 127.100593589414984, 37.407165629455974, 78.705 ], [ 127.100593071971332, 37.407165540027833, 78.677 ], [ 127.100592621832391, 37.407165469706335, 78.641 ], [ 127.100592239225662, 37.407165409482587, 78.6 ], [ 127.100591946737723, 37.407165359719642, 78.552 ], [ 127.100591755434365, 37.407165329607778, 78.501 ], [ 127.100591654022267, 37.407165318965511, 78.448 ], [ 127.100591665315577, 37.407165319147019, 78.394 ], [ 127.100591777793426, 37.407165338979603, 78.341 ], [ 127.100591991683359, 37.407165369454447, 78.29 ], [ 127.10059229546458, 37.407165419398886, 78.244 ], [ 127.100592678071308, 37.407165479622606, 78.203 ], [ 127.100593139276043, 37.407165559134462, 78.169 ], [ 127.100593668240506, 37.407165639735247, 78.142 ], [ 127.100594230857297, 37.40716572988935, 78.124 ], [ 127.100594815833176, 37.40716582941527, 78.115 ], [ 127.100595412329852, 37.407165920113812, 78.116 ], [ 127.100596008599027, 37.407166019821204, 78.126 ], [ 127.100596559922522, 37.40716610979382, 78.145 ], [ 127.100597077593704, 37.40716619021309, 78.172 ], [ 127.100597539025955, 37.40716626071606, 78.207 ], [ 127.100597910111887, 37.407166329767136, 78.249 ], [ 127.100598236479698, 37.40716638007455, 78.299 ] ] ] } },
{ "type": "Feature", "properties": { "ID": "B122CC003785", "AdminCode": "204", "Type": "3", "LinkID": "A219AS305153", "Ref_Lane": 5, "Maker": "올포랜드", "PostID": "C619AS305180", "UpdateDate": "20181001", "Version": "2020", "Remark": "양보", "HistType": null, "HistRemark": null }, "geometry": { "type": "Polygon", "coordinates": [ [ [ 127.100079080452886, 37.408888976007226, 80.566 ], [ 127.100081791955446, 37.408889425157568, 80.99 ], [ 127.100076368950354, 37.408888526856813, 80.99 ], [ 127.100079080452886, 37.408888976007226, 80.566 ] ] ] } },
{ "type": "Feature", "properties": { "ID": "B122CC003786", "AdminCode": "204", "Type": "3", "LinkID": "A219AS305153", "Ref_Lane": 5, "Maker": "올포랜드", "PostID": "C619AS305179", "UpdateDate": "20181001", "Version": "2020", "Remark": "최고속도제한80", "HistType": null, "HistRemark": null }, "geometry": { "type": "Polygon", "coordinates": [ [ [ 127.099983385172294, 37.408968135531495, 85.759 ], [ 127.099983228655717, 37.408968069927838, 85.683 ], [ 127.09998292668854, 37.408967947910952, 85.609 ], [ 127.099982513151389, 37.408967770025477, 85.541 ], [ 127.099981976295567, 37.408967554107534, 85.482 ], [ 127.099981350001713, 37.408967300701796, 85.433 ], [ 127.099980645563377, 37.408967009989837, 85.396 ], [ 127.099979885112461, 37.408966700352387, 85.371 ], [ 127.099979102302086, 37.408966381342992, 85.36 ], [ 127.099978297132168, 37.408966052961638, 85.362 ], [ 127.09997752561533, 37.408965734133808, 85.378 ], [ 127.09997677623042, 37.408965433686724, 85.408 ], [ 127.099976105217578, 37.408965161537068, 85.45 ], [ 127.099975512576805, 37.408964917684806, 85.503 ], [ 127.099975009374091, 37.408964711320344, 85.565 ], [ 127.099974640328412, 37.408964561187581, 85.635 ], [ 127.099974394373831, 37.408964458096136, 85.71 ], [ 127.099974271282747, 37.408964411054811, 85.789 ], [ 127.099974304935785, 37.408964420608328, 85.868 ], [ 127.099974461224761, 37.408964495220815, 85.946 ], [ 127.09997476341951, 37.408964608228885, 86.02 ], [ 127.099975188250141, 37.408964786295947, 86.087 ], [ 127.099975713812384, 37.408965002032367, 86.146 ], [ 127.099976340106195, 37.408965255438126, 86.195 ], [ 127.099977044544502, 37.408965546150142, 86.232 ], [ 127.099977804995376, 37.408965855787585, 86.257 ], [ 127.09997859909933, 37.408966174978538, 86.268 ], [ 127.099979392975669, 37.408966503178348, 86.266 ], [ 127.099980175786087, 37.408966822187729, 86.249 ], [ 127.099980913877488, 37.408967122453213, 86.22 ], [ 127.099981595956308, 37.408967403793262, 86.178 ], [ 127.099982188824711, 37.408967638636625, 86.125 ], [ 127.09998268073393, 37.408967844819514, 86.062 ], [ 127.099983049779638, 37.408967994952249, 85.992 ], [ 127.099983295734248, 37.408968098043701, 85.917 ], [ 127.099983407531795, 37.408968144903433, 85.838 ], [ 127.099983385172294, 37.408968135531495, 85.759 ] ] ] } },
{ "type": "Feature", "properties": { "ID": "B122CC003787", "AdminCode": "204", "Type": "3", "LinkID": "A219AS305154", "Ref_Lane": 4, "Maker": "올포랜드", "PostID": "C619AS305178", "UpdateDate": "20181001", "Version": "2020", "Remark": "최고속도제한80", "HistType": null, "HistRemark": null }, "geometry": { "type": "Polygon", "coordinates": [ [ [ 127.100002328627696, 37.409065766007906, 81.388 ], [ 127.100001877795293, 37.409065722710395, 81.35 ], [ 127.100001438256484, 37.40906567959442, 81.324 ], [ 127.100000953543386, 37.409065635752206, 81.305 ], [ 127.10000044647073, 37.409065582538084, 81.294 ], [ 127.099999916810944, 37.409065528960809, 81.291 ], [ 127.099999386923585, 37.409065484392393, 81.296 ], [ 127.099998891144509, 37.409065431359792, 81.309 ], [ 127.09999841772499, 37.409065387699144, 81.33 ], [ 127.099997989479746, 37.409065344764706, 81.358 ], [ 127.099997617474742, 37.409065311746879, 81.392 ], [ 127.099997324524736, 37.40906527999995, 81.431 ], [ 127.099997110402114, 37.409065258532721, 81.474 ], [ 127.099996986400456, 37.40906524752679, 81.519 ], [ 127.099996941226166, 37.40906524680058, 81.566 ], [ 127.099996997694021, 37.409065247708348, 81.613 ], [ 127.099997144055237, 37.409065268086231, 81.658 ], [ 127.099997369471424, 37.409065289735011, 81.701 ], [ 127.099997673942582, 37.409065312654661, 81.739 ], [ 127.099998057013551, 37.409065354862882, 81.772 ], [ 127.099998485258809, 37.409065397797306, 81.798 ], [ 127.099998969971907, 37.409065441639527, 81.818 ], [ 127.099999477272135, 37.409065485844835, 81.83 ], [ 127.100000006931907, 37.409065539422102, 81.834 ], [ 127.100000536591693, 37.409065592999347, 81.829 ], [ 127.100001043891922, 37.409065637204662, 81.817 ], [ 127.100001517083854, 37.409065689874119, 81.797 ], [ 127.100001956622691, 37.409065732990108, 81.769 ], [ 127.100002328627696, 37.409065766007906, 81.736 ], [ 127.100002621577701, 37.409065797754842, 81.697 ], [ 127.100002846993888, 37.409065819403615, 81.655 ], [ 127.100002982289141, 37.409065830591096, 81.609 ], [ 127.100003038756981, 37.409065831498857, 81.562 ], [ 127.100002993582706, 37.409065830772647, 81.515 ], [ 127.100002846993888, 37.409065819403615, 81.47 ], [ 127.100002632871266, 37.409065797936414, 81.427 ], [ 127.100002328627696, 37.409065766007906, 81.388 ] ] ] } },
{ "type": "Feature", "properties": { "ID": "B122CC003788", "AdminCode": "204", "Type": "2", "LinkID": "A219AS305030", "Ref_Lane": 3, "Maker": "올포랜드", "PostID": "C619AS305089", "UpdateDate": "20181001", "Version": "2020", "Remark": "양측방통행", "HistType": null, "HistRemark": null }, "geometry": { "type": "Polygon", "coordinates": [ [ [ 127.099650838015364, 37.410257974594053, 83.14 ], [ 127.099650950725163, 37.410257985418809, 83.09 ], [ 127.099650962018913, 37.410257985600389, 83.038 ], [ 127.09965086060285, 37.410257974957247, 82.988 ], [ 127.099650680358224, 37.41025795403408, 82.939 ], [ 127.099650398925164, 37.410257913458921, 82.894 ], [ 127.099650038435882, 37.4102578716126, 82.854 ], [ 127.099649599118024, 37.410257819486304, 82.821 ], [ 127.099649103559088, 37.410257757443219, 82.794 ], [ 127.09964857434656, 37.410257685846496, 82.776 ], [ 127.099647999959075, 37.410257613523434, 82.766 ], [ 127.099647436865297, 37.410257541381924, 82.766 ], [ 127.099646862477812, 37.410257469058834, 82.774 ], [ 127.099646321971548, 37.41025739728051, 82.791 ], [ 127.09964582641264, 37.410257335237411, 82.816 ], [ 127.099645375801032, 37.410257282929493, 82.849 ], [ 127.099645004245659, 37.410257231892743, 82.887 ], [ 127.099644711291205, 37.410257200144819, 82.932 ], [ 127.099644508686751, 37.410257169849622, 82.98 ], [ 127.099644395976924, 37.410257159024873, 83.03 ], [ 127.099644384683174, 37.410257158843265, 83.082 ], [ 127.099644486099237, 37.410257169486449, 83.133 ], [ 127.099644666343892, 37.410257190409595, 83.181 ], [ 127.099644947776923, 37.410257230984776, 83.226 ], [ 127.099645319559954, 37.410257273012689, 83.266 ], [ 127.099645747584063, 37.410257324957406, 83.3 ], [ 127.099646243142985, 37.41025738700052, 83.326 ], [ 127.099646783649249, 37.410257458778851, 83.344 ], [ 127.099647346742984, 37.41025753092034, 83.354 ], [ 127.099647921130497, 37.41025760324343, 83.354 ], [ 127.099648484224247, 37.410257675384933, 83.346 ], [ 127.09964902473051, 37.410257747163236, 83.329 ], [ 127.099649531583196, 37.410257809387907, 83.304 ], [ 127.099649970901055, 37.410257861514218, 83.271 ], [ 127.099650342456428, 37.410257912550946, 83.232 ], [ 127.099650635410882, 37.41025794429887, 83.188 ], [ 127.099650838015364, 37.410257974594053, 83.14 ] ] ] } },
{ "type": "Feature", "properties": { "ID": "B122CC003789", "AdminCode": "204", "Type": "3", "LinkID": "A219AS305938", "Ref_Lane": 3, "Maker": "올포랜드", "PostID": null, "UpdateDate": "20181001", "Version": "2020", "Remark": "최고속도제한80", "HistType": null, "HistRemark": null }, "geometry": { "type": "Polygon", "coordinates": [ [ [ 127.099530669071285, 37.410472567478507, 86.864 ], [ 127.099531086258054, 37.410472601224406, 86.928 ], [ 127.099531368147154, 37.410472623782198, 86.997 ], [ 127.099531503444823, 37.410472634970283, 87.07 ], [ 127.099531503444823, 37.410472634970283, 87.143 ], [ 127.099531368147154, 37.410472623782198, 87.216 ], [ 127.099531086258054, 37.410472601224406, 87.285 ], [ 127.099530669071285, 37.410472567478507, 87.348 ], [ 127.099530139174391, 37.410472522907725, 87.405 ], [ 127.099529519154942, 37.410472467875273, 87.452 ], [ 127.09952880878528, 37.410472411389961, 87.49 ], [ 127.09952803088062, 37.41047234480618, 87.515 ], [ 127.099527219094639, 37.41047227767757, 87.529 ], [ 127.099526396014852, 37.410472210367359, 87.529 ], [ 127.099525584228871, 37.410472143238756, 87.517 ], [ 127.099524806096554, 37.410472085663791, 87.493 ], [ 127.099524084660771, 37.410472019988013, 87.457 ], [ 127.099523441826122, 37.410471973601155, 87.411 ], [ 127.099522911929256, 37.410471929030329, 87.355 ], [ 127.099522483448709, 37.410471895102802, 87.292 ], [ 127.099522190493502, 37.410471863354545, 87.224 ], [ 127.099522032608263, 37.410471851803237, 87.152 ], [ 127.099522021314499, 37.410471851621622, 87.079 ], [ 127.099522145318375, 37.410471862628121, 87.006 ], [ 127.099522404619933, 37.410471884822719, 86.937 ], [ 127.099522799219145, 37.410471918205452, 86.873 ], [ 127.099523317822246, 37.410471962594642, 86.816 ], [ 127.099523938069339, 37.410472008618306, 86.767 ], [ 127.099524637145208, 37.410472064922033, 86.729 ], [ 127.09952540375609, 37.410472131324227, 86.702 ], [ 127.09952620424832, 37.410472198271243, 86.688 ], [ 127.099527027328079, 37.410472265581433, 86.686 ], [ 127.09952783911406, 37.410472332710036, 86.696 ], [ 127.09952861701872, 37.410472399293837, 86.719 ], [ 127.099529349975953, 37.410472456142351, 86.754 ], [ 127.099529992582958, 37.410472511538018, 86.799 ], [ 127.099530669071285, 37.410472567478507, 86.864 ] ] ] } },
{ "type": "Feature", "properties": { "ID": "B122CC003790", "AdminCode": "204", "Type": "2", "LinkID": "A219AS305938", "Ref_Lane": 3, "Maker": "올포랜드", "PostID": "C619AS305012", "UpdateDate": "20181001", "Version": "2020", "Remark": "유턴", "HistType": null, "HistRemark": null }, "geometry": { "type": "Polygon", "coordinates": [ [ [ 127.099558292285963, 37.410473065734969, 86.826 ], [ 127.099558652320894, 37.410473125599253, 86.882 ], [ 127.099558899873358, 37.410473165629845, 86.943 ], [ 127.099559023649576, 37.410473185645138, 87.007 ], [ 127.099559023649576, 37.410473185645138, 87.071 ], [ 127.099558899873358, 37.410473165629845, 87.135 ], [ 127.099558663614658, 37.410473125780861, 87.196 ], [ 127.099558314873534, 37.410473066098177, 87.253 ], [ 127.099557853649941, 37.410472986581809, 87.302 ], [ 127.099557313597558, 37.410472896785386, 87.345 ], [ 127.099556694716398, 37.410472796708895, 87.377 ], [ 127.099556030887825, 37.410472686897187, 87.4 ], [ 127.099555322111769, 37.410472567350197, 87.412 ], [ 127.099554613335727, 37.410472447803222, 87.413 ], [ 127.099553904559698, 37.410472328256226, 87.403 ], [ 127.099553229437319, 37.410472218262882, 87.382 ], [ 127.099552599490067, 37.410472108995968, 87.35 ], [ 127.09955204814392, 37.410472019017924, 87.31 ], [ 127.099551575626563, 37.410471939319905, 87.261 ], [ 127.099551204297882, 37.410471879274006, 87.206 ], [ 127.099550945451668, 37.410471839061785, 87.146 ], [ 127.099550810609301, 37.410471809856055, 87.082 ], [ 127.099550799315537, 37.410471809674441, 87.018 ], [ 127.099550900504198, 37.410471829326539, 86.954 ], [ 127.099551125469105, 37.410471868993952, 86.893 ], [ 127.099551474437916, 37.410471919667827, 86.836 ], [ 127.099551913073924, 37.410471998820995, 86.785 ], [ 127.0995524418325, 37.410472088435846, 86.743 ], [ 127.099553049419868, 37.41047218833075, 86.709 ], [ 127.09955371324844, 37.41047229814248, 86.685 ], [ 127.099554410730718, 37.410472417507876, 86.672 ], [ 127.099555119506746, 37.410472537054851, 86.67 ], [ 127.099555828282803, 37.410472656601826, 86.679 ], [ 127.099556503405168, 37.410472766595149, 86.699 ], [ 127.099557133580106, 37.41047286685324, 86.729 ], [ 127.099557695992374, 37.410472966021693, 86.768 ], [ 127.099558292285963, 37.410473065734969, 86.826 ] ] ] } },
{ "type": "Feature", "properties": { "ID": "B122CC003791", "AdminCode": "204", "Type": "2", "LinkID": "A219AS305171", "Ref_Lane": 3, "Maker": "올포랜드", "PostID": "C619AS305174", "UpdateDate": "20181001", "Version": "2020", "Remark": "횡단보도", "HistType": null, "HistRemark": null }, "geometry": { "type": "Polygon", "coordinates": [ [ [ 127.099703459492318, 37.410424100806175, 85.162 ], [ 127.099700071044651, 37.410424505961615, 84.636 ], [ 127.099706847939942, 37.41042369565065, 84.636 ], [ 127.099703459492318, 37.410424100806175, 85.162 ] ] ] } },
{ "type": "Feature", "properties": { "ID": "B122CC003792", "AdminCode": "204", "Type": "3", "LinkID": "A219AS305181", "Ref_Lane": 4, "Maker": "올포랜드", "PostID": "C619AS305173", "UpdateDate": "20181001", "Version": "2020", "Remark": "주정차금지", "HistType": null, "HistRemark": null }, "geometry": { "type": "Polygon", "coordinates": [ [ [ 127.099756568063256, 37.411192467623742, 86.37 ], [ 127.099756239857598, 37.411192489384234, 86.325 ], [ 127.09975587754262, 37.411192519608768, 86.289 ], [ 127.099755458758196, 37.411192548925406, 86.26 ], [ 127.099754972210476, 37.411192577152491, 86.237 ], [ 127.099754462847315, 37.411192614025246, 86.222 ], [ 127.099753919602506, 37.411192650353236, 86.216 ], [ 127.099753387423917, 37.411192695871634, 86.217 ], [ 127.099752855472971, 37.41119273238121, 86.227 ], [ 127.09975234610981, 37.411192769253944, 86.245 ], [ 127.099751893443752, 37.411192798025795, 86.27 ], [ 127.09975148595322, 37.411192827523998, 86.303 ], [ 127.099751157747534, 37.411192849284447, 86.34 ], [ 127.099750897305199, 37.411192872134436, 86.383 ], [ 127.099750727669246, 37.411192878419463, 86.428 ], [ 127.099750648384372, 37.411192886157174, 86.476 ], [ 127.099750659678278, 37.411192886338767, 86.524 ], [ 127.0997507728448, 37.411192879145801, 86.571 ], [ 127.099750976590059, 37.411192864396718, 86.616 ], [ 127.099751259620163, 37.411192841909902, 86.657 ], [ 127.09975161041362, 37.411192820512603, 86.693 ], [ 127.099752040491921, 37.411192791377573, 86.723 ], [ 127.099752515973421, 37.411192753960094, 86.746 ], [ 127.099753025336582, 37.411192717087346, 86.762 ], [ 127.099753568581392, 37.411192680759356, 86.769 ], [ 127.099754111826215, 37.411192644431374, 86.768 ], [ 127.099754643777175, 37.411192607921812, 86.758 ], [ 127.09975514184643, 37.411192570867478, 86.741 ], [ 127.099755606034037, 37.41119253326837, 86.716 ], [ 127.099756013524569, 37.41119250377016, 86.684 ], [ 127.099756353024119, 37.411192482191275, 86.646 ], [ 127.09975661323881, 37.411192468350094, 86.604 ], [ 127.099756794396313, 37.411192453237817, 86.558 ], [ 127.099756873681159, 37.411192445500092, 86.511 ], [ 127.099756862387281, 37.411192445318505, 86.462 ], [ 127.099756760514651, 37.411192452693044, 86.415 ], [ 127.099756568063256, 37.411192467623742, 86.37 ] ] ] } },
{ "type": "Feature", "properties": { "ID": "B122CC003793", "AdminCode": "204", "Type": "4", "LinkID": "A219AS305181", "Ref_Lane": 4, "Maker": "올포랜드", "PostID": "C619AS305173", "UpdateDate": "20181001", "Version": "2020", "Remark": "견인지역", "HistType": null, "HistRemark": null }, "geometry": { "type": "Polygon", "coordinates": [ [ [ 127.099751157519918, 37.411192858293269, 86.187 ], [ 127.099757065904896, 37.411192439578237, 86.217 ], [ 127.09975745080763, 37.411192409716847, 85.618 ], [ 127.099751553716544, 37.411192828613508, 85.588 ], [ 127.099751157519918, 37.411192858293269, 86.187 ] ] ] } },
{ "type": "Feature", "properties": { "ID": "B122CC003794", "AdminCode": "204", "Type": "3", "LinkID": "A219AS305003", "Ref_Lane": 4, "Maker": "올포랜드", "PostID": "C619AS305172", "UpdateDate": "20181001", "Version": "2020", "Remark": "주정차금지", "HistType": null, "HistRemark": null }, "geometry": { "type": "Polygon", "coordinates": [ [ [ 127.100108762956822, 37.412618192111566, 79.889 ], [ 127.100109037429533, 37.412618061336516, 79.939 ], [ 127.100109220638956, 37.412617965144307, 79.993 ], [ 127.100109312129874, 37.412617921552609, 80.049 ], [ 127.100109311902244, 37.412617930561446, 80.106 ], [ 127.100109209117221, 37.412617973971578, 80.163 ], [ 127.100109026135442, 37.412618061154944, 80.216 ], [ 127.10010874014101, 37.412618200757287, 80.266 ], [ 127.100108385699102, 37.412618366296769, 80.31 ], [ 127.1001079623545, 37.412618575791051, 80.346 ], [ 127.100107482084155, 37.412618802395222, 80.375 ], [ 127.100106956182159, 37.412619046290779, 80.395 ], [ 127.100106407236709, 37.412619307840913, 80.405 ], [ 127.100105858291272, 37.412619569391026, 80.405 ], [ 127.100105309345807, 37.412619830941118, 80.395 ], [ 127.100104794510287, 37.41262008402709, 80.376 ], [ 127.100104302945809, 37.412620310449675, 80.348 ], [ 127.100103879828808, 37.412620510935106, 80.311 ], [ 127.100103525159284, 37.412620685483404, 80.268 ], [ 127.100103239164824, 37.412620825085718, 80.219 ], [ 127.100103044888883, 37.412620912087533, 80.165 ], [ 127.100102941876258, 37.41262096450648, 80.109 ], [ 127.100102930582167, 37.41262096432493, 80.052 ], [ 127.100103022073057, 37.412620920733239, 79.996 ], [ 127.100103205054893, 37.41262083354988, 79.942 ], [ 127.100103479300003, 37.412620711783653, 79.892 ], [ 127.100103822447807, 37.412620546062634, 79.848 ], [ 127.100104245564836, 37.412620345577196, 79.81 ], [ 127.100104714541089, 37.412620118791509, 79.781 ], [ 127.100105229149008, 37.412619874714387, 79.76 ], [ 127.100105766800354, 37.412619612982702, 79.749 ], [ 127.100106327039896, 37.412619351614154, 79.748 ], [ 127.100106875985333, 37.412619090064027, 79.756 ], [ 127.100107390820853, 37.412618836978062, 79.775 ], [ 127.100107882385302, 37.412618610555469, 79.802 ], [ 127.100108317024009, 37.41261840124276, 79.837 ], [ 127.100108762956822, 37.412618192111566, 79.889 ] ] ] } },
{ "type": "Feature", "properties": { "ID": "B122CC003795", "AdminCode": "204", "Type": "4", "LinkID": "A219AS305003", "Ref_Lane": 4, "Maker": "올포랜드", "PostID": "C619AS305172", "UpdateDate": "20181001", "Version": "2020", "Remark": "견인지역", "HistType": null, "HistRemark": null }, "geometry": { "type": "Polygon", "coordinates": [ [ [ 127.100102954536069, 37.412620910635063, 79.739 ], [ 127.100102874566872, 37.412620945399468, 79.124 ], [ 127.100109393237119, 37.412617841744044, 79.115 ], [ 127.100109473433918, 37.412617797970789, 79.73 ], [ 127.100102954536069, 37.412620910635063, 79.739 ] ] ] } },
{ "type": "Feature", "properties": { "ID": "B122CC003796", "AdminCode": "204", "Type": "2", "LinkID": "A219AS305003", "Ref_Lane": 4, "Maker": "올포랜드", "PostID": "C619AS305198", "UpdateDate": "20181001", "Version": "2020", "Remark": "우측면통행", "HistType": null, "HistRemark": null }, "geometry": { "type": "Polygon", "coordinates": [ [ [ 127.099981817220893, 37.41274314632772, 77.296 ], [ 127.099981408356214, 37.412743229879446, 77.252 ], [ 127.099981010785626, 37.412743313612751, 77.22 ], [ 127.099980556516826, 37.41274340544701, 77.196 ], [ 127.099980068138024, 37.412743505745418, 77.178 ], [ 127.099979557170968, 37.412743605680653, 77.169 ], [ 127.099979023388045, 37.412743714261573, 77.168 ], [ 127.099978512193346, 37.412743823205645, 77.176 ], [ 127.09997801252041, 37.412743923322445, 77.191 ], [ 127.099977546957462, 37.412744014975161, 77.215 ], [ 127.099977138092783, 37.412744098526858, 77.245 ], [ 127.099976797220449, 37.412744174159172, 77.281 ], [ 127.099976513273958, 37.41274423268171, 77.322 ], [ 127.099976320363368, 37.41274426563028, 77.367 ], [ 127.099976218033376, 37.412744291022634, 77.414 ], [ 127.099976206739242, 37.412744290841069, 77.462 ], [ 127.099976286253366, 37.412744274094393, 77.509 ], [ 127.099976445281612, 37.412744240601093, 77.555 ], [ 127.099976695118073, 37.412744190542682, 77.598 ], [ 127.099977024468657, 37.412744123737632, 77.635 ], [ 127.099977421811616, 37.412744049013178, 77.668 ], [ 127.099977864786297, 37.412743956997339, 77.693 ], [ 127.099978353165127, 37.41274385669896, 77.711 ], [ 127.099978875653932, 37.41274374793646, 77.721 ], [ 127.099979398142722, 37.412743639173968, 77.723 ], [ 127.099979920631554, 37.412743530411454, 77.716 ], [ 127.099980420304476, 37.412743430294647, 77.701 ], [ 127.09998088586741, 37.412743338641938, 77.679 ], [ 127.099981306253838, 37.412743246262956, 77.649 ], [ 127.099981658192675, 37.412743179821021, 77.614 ], [ 127.099981942139138, 37.412743121298504, 77.573 ], [ 127.099982146571477, 37.412743079522635, 77.528 ], [ 127.099982260195588, 37.412743054311846, 77.481 ], [ 127.099982282783813, 37.412743054674998, 77.433 ], [ 127.099982214791467, 37.412743062594402, 77.385 ], [ 127.099982055763221, 37.412743096087731, 77.339 ], [ 127.099981817220893, 37.41274314632772, 77.296 ] ] ] } },
{ "type": "Feature", "properties": { "ID": "B122CC003797", "AdminCode": "204", "Type": "4", "LinkID": "A219AS305063", "Ref_Lane": 6, "Maker": "올포랜드", "PostID": "C619AS305171", "UpdateDate": "20181001", "Version": "2020", "Remark": "임시진입로 소형차전용", "HistType": null, "HistRemark": null }, "geometry": { "type": "Polygon", "coordinates": [ [ [ 127.09923630269229, 37.41112470015144, 84.164 ], [ 127.099236143667227, 37.411124733643838, 83.675 ], [ 127.099231558079936, 37.411126011768829, 83.688 ], [ 127.099231717104999, 37.411125978276417, 84.177 ], [ 127.09923630269229, 37.41112470015144, 84.164 ] ] ] } },
{ "type": "Feature", "properties": { "ID": "B122CC003798", "AdminCode": "206", "Type": "2", "LinkID": "A219AS305025", "Ref_Lane": 2, "Maker": "올포랜드", "PostID": "C619AS305166", "UpdateDate": "20181001", "Version": "2020", "Remark": "양측방통행", "HistType": null, "HistRemark": null }, "geometry": { "type": "Polygon", "coordinates": [ [ [ 127.102492056424381, 37.40543813593608, 69.87 ], [ 127.102492276148894, 37.405438382801201, 69.825 ], [ 127.102492507166502, 37.405438629847623, 69.791 ], [ 127.10249277092683, 37.405438922482254, 69.764 ], [ 127.102493056591427, 37.405439242506034, 69.744 ], [ 127.102493364387598, 37.405439580910134, 69.732 ], [ 127.102493683022246, 37.405439937513229, 69.728 ], [ 127.102494001884182, 37.405440285107488, 69.732 ], [ 127.102494309680324, 37.405440623511588, 69.745 ], [ 127.102494606638004, 37.405440943716663, 69.766 ], [ 127.10249485910532, 37.405441236169963, 69.794 ], [ 127.1024950901229, 37.405441483216407, 69.828 ], [ 127.102495265811626, 37.405441684312038, 69.868 ], [ 127.102495408984851, 37.405441830810645, 69.911 ], [ 127.102495485763441, 37.405441922168329, 69.958 ], [ 127.102495518960751, 37.40544194973878, 70.006 ], [ 127.102495485763441, 37.405441922168329, 70.054 ], [ 127.102495408984851, 37.405441830810645, 70.101 ], [ 127.102495265811626, 37.405441684312038, 70.145 ], [ 127.1024950901229, 37.405441483216407, 70.185 ], [ 127.10249485910532, 37.405441236169963, 70.219 ], [ 127.10249459534495, 37.405440943535368, 70.247 ], [ 127.102494309680324, 37.405440623511588, 70.268 ], [ 127.102494001884182, 37.405440285107488, 70.28 ], [ 127.10249368324952, 37.405439928504371, 70.285 ], [ 127.102493364387598, 37.405439580910134, 70.281 ], [ 127.102493056818687, 37.405439233497169, 70.269 ], [ 127.102492759861036, 37.405438913292087, 70.249 ], [ 127.102492496100695, 37.405438620657478, 70.221 ], [ 127.102492265083143, 37.405438373611041, 70.188 ], [ 127.10249207832868, 37.405438163325243, 70.148 ], [ 127.102491946675769, 37.405438007999088, 70.105 ], [ 127.102491858604125, 37.405437916460109, 70.058 ], [ 127.10249182563409, 37.405437879880786, 70.01 ], [ 127.102491847538374, 37.405437907269949, 69.961 ], [ 127.102491924544225, 37.405437989618775, 69.914 ], [ 127.102492056424381, 37.40543813593608, 69.87 ] ] ] } },
{ "type": "Feature", "properties": { "ID": "B122CC003799", "AdminCode": "206", "Type": "3", "LinkID": "A219AS305903", "Ref_Lane": 3, "Maker": "올포랜드", "PostID": null, "UpdateDate": "20181001", "Version": "2020", "Remark": "차높이제한4.5m", "HistType": null, "HistRemark": null }, "geometry": { "type": "Polygon", "coordinates": [ [ [ 127.10438006140518, 37.404028584208696, 64.913 ], [ 127.104380720190804, 37.404028892187156, 64.839 ], [ 127.104381345551957, 37.404029181604514, 64.788 ], [ 127.10438204882783, 37.40402951733401, 64.748 ], [ 127.104382796821042, 37.404029871805697, 64.722 ], [ 127.104383589531551, 37.404030245019605, 64.709 ], [ 127.1043843935349, 37.404030618414616, 64.711 ], [ 127.104385174952583, 37.404030991447364, 64.727 ], [ 127.104385922945823, 37.404031345919044, 64.757 ], [ 127.104386615382978, 37.404031663449672, 64.799 ], [ 127.104387218158465, 37.404031952504766, 64.853 ], [ 127.104387720660583, 37.404032185876645, 64.917 ], [ 127.104388111369474, 37.404032372392997, 64.989 ], [ 127.104388379446263, 37.404032493855048, 65.067 ], [ 127.104388502078322, 37.404032558909371, 65.148 ], [ 127.104388491012514, 37.404032549719389, 65.23 ], [ 127.104388345794774, 37.404032484302839, 65.311 ], [ 127.104388066879181, 37.404032344641962, 65.388 ], [ 127.104387653584652, 37.404032157763353, 65.459 ], [ 127.104387140016698, 37.4040319152015, 65.522 ], [ 127.104386525948357, 37.404031625965281, 65.575 ], [ 127.104385822672413, 37.404031290235807, 65.616 ], [ 127.10438506338636, 37.404030935583009, 65.644 ], [ 127.104384281968677, 37.404030562550247, 65.658 ], [ 127.104383477965314, 37.404030189155243, 65.657 ], [ 127.104382685254819, 37.404029815941371, 65.643 ], [ 127.104381925968781, 37.404029461288538, 65.615 ], [ 127.104381233758687, 37.404029134749024, 65.573 ], [ 127.104380619690389, 37.404028845512777, 65.52 ], [ 127.104380094829665, 37.404028602769785, 65.457 ], [ 127.104379693055023, 37.4040284070634, 65.386 ], [ 127.10437941391244, 37.404028276411367, 65.308 ], [ 127.104379268694728, 37.404028210994795, 65.227 ], [ 127.104379268694728, 37.404028210994795, 65.144 ], [ 127.104379402619585, 37.404028276230257, 65.063 ], [ 127.104379670696389, 37.404028397692315, 64.985 ], [ 127.10438006140518, 37.404028584208696, 64.913 ] ] ] } },
{ "type": "Feature", "properties": { "ID": "B122CC003800", "AdminCode": "206", "Type": "3", "LinkID": "A219AS305595", "Ref_Lane": 4, "Maker": "올포랜드", "PostID": "C619AS305145", "UpdateDate": "20181001", "Version": "2020", "Remark": "주정차금지", "HistType": null, "HistRemark": null }, "geometry": { "type": "Polygon", "coordinates": [ [ [ 127.10581731335617, 37.403079888282129, 73.514 ], [ 127.105817374079948, 37.403080168643157, 73.459 ], [ 127.105817444735365, 37.403080503238407, 73.414 ], [ 127.105817525095489, 37.403080901076734, 73.375 ], [ 127.105817626679936, 37.4030813533303, 73.345 ], [ 127.105817727356964, 37.403081841619368, 73.325 ], [ 127.10581783887298, 37.403082348107162, 73.314 ], [ 127.1058179499353, 37.403082872612728, 73.313 ], [ 127.105818061224468, 37.403083388109394, 73.323 ], [ 127.105818161674648, 37.403083885407334, 73.342 ], [ 127.105818251966383, 37.403084337479925, 73.371 ], [ 127.105818343392386, 37.403084744508121, 73.408 ], [ 127.105818414047803, 37.40308507910337, 73.452 ], [ 127.105818474998443, 37.403085350455527, 73.503 ], [ 127.105818515405389, 37.403085540365815, 73.558 ], [ 127.105818535722264, 37.403085630816506, 73.616 ], [ 127.105818535495416, 37.403085639825399, 73.674 ], [ 127.105818514951665, 37.403085558383559, 73.732 ], [ 127.10581848538375, 37.403085386671982, 73.788 ], [ 127.105818423979372, 37.403085133337605, 73.839 ], [ 127.105818353097121, 37.403084807751227, 73.885 ], [ 127.105818272736983, 37.403084409912879, 73.924 ], [ 127.105818182218385, 37.403083966849174, 73.954 ], [ 127.105818070248674, 37.403083478379131, 73.975 ], [ 127.105817970252176, 37.403082963063433, 73.986 ], [ 127.105817859189855, 37.403082438557895, 73.988 ], [ 127.105817747900701, 37.403081923061215, 73.979 ], [ 127.105817647223674, 37.403081434772126, 73.959 ], [ 127.105817545866088, 37.403080973509702, 73.931 ], [ 127.1058174544401, 37.403080566481499, 73.894 ], [ 127.105817384011559, 37.403080222877378, 73.85 ], [ 127.105817334353603, 37.403079951706211, 73.8 ], [ 127.105817293946686, 37.403079761795908, 73.745 ], [ 127.105817262790794, 37.403079653146484, 73.687 ], [ 127.105817263017656, 37.403079644137598, 73.628 ], [ 127.105817283561393, 37.403079725579438, 73.57 ], [ 127.10581731335617, 37.403079888282129, 73.514 ] ] ] } },
{ "type": "Feature", "properties": { "ID": "B122CC003801", "AdminCode": "206", "Type": "4", "LinkID": "A219AS305595", "Ref_Lane": 4, "Maker": "올포랜드", "PostID": "C619AS305145", "UpdateDate": "20181001", "Version": "2020", "Remark": "견인지역", "HistType": null, "HistRemark": null }, "geometry": { "type": "Polygon", "coordinates": [ [ [ 127.105818430961889, 37.403085304687224, 73.273 ], [ 127.105817287417906, 37.403079572428545, 73.282 ], [ 127.105817267101003, 37.403079481977819, 72.609 ], [ 127.105818410644986, 37.403085214236505, 72.599 ], [ 127.105818430961889, 37.403085304687224, 73.273 ] ] ] } },
{ "type": "Feature", "properties": { "ID": "B122CC003802", "AdminCode": "206", "Type": "2", "LinkID": "A219AS305599", "Ref_Lane": 3, "Maker": "올포랜드", "PostID": "C619AS305103", "UpdateDate": "20181001", "Version": "2020", "Remark": "우측면통행", "HistType": null, "HistRemark": null }, "geometry": { "type": "Polygon", "coordinates": [ [ [ 127.10665084688199, 37.403214596856209, 70.432 ], [ 127.106650800123788, 37.403214659194788, 70.476 ], [ 127.10665070660734, 37.403214783871945, 70.518 ], [ 127.106650566786186, 37.403214952869938, 70.557 ], [ 127.106650391726291, 37.40321517537852, 70.591 ], [ 127.106650181654416, 37.403215442388806, 70.62 ], [ 127.106649948090052, 37.403215745072842, 70.642 ], [ 127.106649702552687, 37.403216074602604, 70.657 ], [ 127.106649434203106, 37.403216412779472, 70.665 ], [ 127.106649165626763, 37.40321675996519, 70.664 ], [ 127.106648908569909, 37.403217098322962, 70.656 ], [ 127.106648651966552, 37.403217418662955, 70.64 ], [ 127.106648418628936, 37.403217712338098, 70.617 ], [ 127.106648219849802, 37.403217979529281, 70.588 ], [ 127.106648045016641, 37.403218193028991, 70.553 ], [ 127.106647916488214, 37.403218362207866, 70.514 ], [ 127.1066478231985, 37.403218477876131, 70.471 ], [ 127.106647787733024, 37.403218540395606, 70.427 ], [ 127.106647787959787, 37.403218531386734, 70.382 ], [ 127.106647834718004, 37.403218469048149, 70.338 ], [ 127.106647928234452, 37.403218344370984, 70.295 ], [ 127.106648068055605, 37.403218175373006, 70.257 ], [ 127.106648243342292, 37.403217943855552, 70.222 ], [ 127.106648453187404, 37.403217685854138, 70.194 ], [ 127.106648686751782, 37.403217383170123, 70.172 ], [ 127.106648932289161, 37.403217053640354, 70.157 ], [ 127.106649200638742, 37.403216715463486, 70.149 ], [ 127.106649469215085, 37.403216368277768, 70.15 ], [ 127.106649726271939, 37.403216029919982, 70.158 ], [ 127.106649982875268, 37.403215709580003, 70.174 ], [ 127.106650216212884, 37.40321541590486, 70.197 ], [ 127.106650414992018, 37.40321514871367, 70.226 ], [ 127.106650589825151, 37.40321493521396, 70.261 ], [ 127.106650718353578, 37.403214766035084, 70.3 ], [ 127.106650811643277, 37.403214650366806, 70.343 ], [ 127.106650847108753, 37.403214587847316, 70.387 ], [ 127.10665084688199, 37.403214596856209, 70.432 ] ] ] } },
{ "type": "Feature", "properties": { "ID": "B122CC003803", "AdminCode": "206", "Type": "3", "LinkID": "A219AS305599", "Ref_Lane": 3, "Maker": "올포랜드", "PostID": "C619AS305144", "UpdateDate": "20181001", "Version": "2020", "Remark": "최고속도제한60", "HistType": null, "HistRemark": null }, "geometry": { "type": "Polygon", "coordinates": [ [ [ 127.106721721646736, 37.403122308450484, 75.055 ], [ 127.106721727951054, 37.403122506826747, 74.993 ], [ 127.106721754346623, 37.403122804662488, 74.934 ], [ 127.106721778701484, 37.403123183578124, 74.882 ], [ 127.106721812308365, 37.40312364375464, 74.839 ], [ 127.106721855620748, 37.40312416717417, 74.805 ], [ 127.106721898026152, 37.403124726629237, 74.781 ], [ 127.106721939524576, 37.403125322119799, 74.769 ], [ 127.106721980796237, 37.403125926619303, 74.768 ], [ 127.106722033587388, 37.403126522290762, 74.779 ], [ 127.106722075766058, 37.403127090754708, 74.802 ], [ 127.106722107785714, 37.403127613993362, 74.835 ], [ 127.106722141165832, 37.403128083178729, 74.877 ], [ 127.106722176586686, 37.40312847128417, 74.929 ], [ 127.10672220275552, 37.403128778128789, 74.986 ], [ 127.106722208606342, 37.403128994522817, 75.049 ], [ 127.106722217178117, 37.403129102810283, 75.115 ], [ 127.106722216951383, 37.403129111819155, 75.182 ], [ 127.106722208379608, 37.403129003531689, 75.249 ], [ 127.106722202075261, 37.403128805155418, 75.312 ], [ 127.106722175679721, 37.403128507319693, 75.37 ], [ 127.106722151551594, 37.403128119395149, 75.422 ], [ 127.10672211771795, 37.403127668227533, 75.466 ], [ 127.106722074405567, 37.403127144807996, 75.5 ], [ 127.106722032226926, 37.403126576344057, 75.523 ], [ 127.106721990728502, 37.403125980853467, 75.535 ], [ 127.106721949456812, 37.403125376353991, 75.536 ], [ 127.10672189666569, 37.403124780682532, 75.524 ], [ 127.10672185448702, 37.403124212218572, 75.502 ], [ 127.106721822467364, 37.403123688979925, 75.469 ], [ 127.106721788860483, 37.403123228803437, 75.426 ], [ 127.106721753666392, 37.403122831689117, 75.375 ], [ 127.106721727497572, 37.403122524844505, 75.317 ], [ 127.106721721420001, 37.403122317459342, 75.254 ], [ 127.106721712848199, 37.40312220917189, 75.188 ], [ 127.106721712848199, 37.40312220917189, 75.121 ], [ 127.106721721646736, 37.403122308450484, 75.055 ] ] ] } },
{ "type": "Feature", "properties": { "ID": "B122CC003804", "AdminCode": "206", "Type": "3", "LinkID": "A219AS305599", "Ref_Lane": 3, "Maker": "올포랜드", "PostID": "C619AS305143", "UpdateDate": "20181001", "Version": "2020", "Remark": "주정차금지", "HistType": null, "HistRemark": null }, "geometry": { "type": "Polygon", "coordinates": [ [ [ 127.107264751448099, 37.403109141167761, 75.806 ], [ 127.107264759794006, 37.403109258464092, 75.866 ], [ 127.107264777165796, 37.403109466030081, 75.924 ], [ 127.107264803790216, 37.403109754856885, 75.976 ], [ 127.107264839440518, 37.403110133953341, 76.022 ], [ 127.107264885023483, 37.403110567283946, 76.059 ], [ 127.107264929246384, 37.40311105466786, 76.088 ], [ 127.107264983855288, 37.403111578268138, 76.107 ], [ 127.107265037784131, 37.403112128895074, 76.116 ], [ 127.107265091712975, 37.403112679521996, 76.114 ], [ 127.10726514586851, 37.40311322114006, 76.101 ], [ 127.107265200704077, 37.403113735731452, 76.078 ], [ 127.107265245380333, 37.403114205097594, 76.045 ], [ 127.107265291416681, 37.403114620410442, 76.004 ], [ 127.107265328200398, 37.403114954462488, 75.955 ], [ 127.10726535550485, 37.40311521626262, 75.9 ], [ 127.107265373783378, 37.403115387793086, 75.842 ], [ 127.107265383262643, 37.403115460044987, 75.781 ], [ 127.107265383716012, 37.403115442027222, 75.719 ], [ 127.107265375370133, 37.403115324730891, 75.659 ], [ 127.10726535799833, 37.403115117164894, 75.602 ], [ 127.107265331600587, 37.403114819329232, 75.55 ], [ 127.107265295723579, 37.403114449241635, 75.504 ], [ 127.107265250140614, 37.403114015911036, 75.466 ], [ 127.107265206144405, 37.40311351951825, 75.437 ], [ 127.107265151535529, 37.403112995917958, 75.418 ], [ 127.107265097606643, 37.403112445291015, 75.41 ], [ 127.107265043677799, 37.403111894664086, 75.412 ], [ 127.107264989522264, 37.403111353046043, 75.425 ], [ 127.107264934686711, 37.403110838454651, 75.449 ], [ 127.10726489001047, 37.403110369088523, 75.481 ], [ 127.107264843747444, 37.403109962784548, 75.523 ], [ 127.107264807190404, 37.403109619723622, 75.571 ], [ 127.107264779659275, 37.403109366932384, 75.626 ], [ 127.107264761380748, 37.403109195401889, 75.685 ], [ 127.107264751901468, 37.403109123149989, 75.746 ], [ 127.107264751448099, 37.403109141167761, 75.806 ] ] ] } },
{ "type": "Feature", "properties": { "ID": "B122CC003805", "AdminCode": "206", "Type": "3", "LinkID": "A219AS305599", "Ref_Lane": 3, "Maker": "올포랜드", "PostID": "C619AS305143", "UpdateDate": "20181001", "Version": "2020", "Remark": "견인지역", "HistType": null, "HistRemark": null }, "geometry": { "type": "Polygon", "coordinates": [ [ [ 127.107265459632856, 37.403115118792428, 75.363 ], [ 127.107265465073155, 37.403114902579226, 74.701 ], [ 127.107264621829131, 37.403108904766746, 74.725 ], [ 127.107264616388804, 37.403109120979963, 75.388 ], [ 127.107265459632856, 37.403115118792428, 75.363 ] ] ] } },
{ "type": "Feature", "properties": { "ID": "B122CC003806", "AdminCode": "206", "Type": "3", "LinkID": "A219AS305605", "Ref_Lane": 4, "Maker": "올포랜드", "PostID": null, "UpdateDate": "20181001", "Version": "2020", "Remark": "차높이제한4.5m", "HistType": null, "HistRemark": null }, "geometry": { "type": "Polygon", "coordinates": [ [ [ 127.107709416844372, 37.403159701314422, 76.682 ], [ 127.10770937730048, 37.40315992599421, 76.629 ], [ 127.1077093133581, 37.40316022238347, 76.582 ], [ 127.107709236536607, 37.403160581654141, 76.541 ], [ 127.107709146835987, 37.40316100380624, 76.508 ], [ 127.107709056228856, 37.403161461993868, 76.483 ], [ 127.10770895342246, 37.403161956036243, 76.469 ], [ 127.107708850162823, 37.403162468096411, 76.463 ], [ 127.107708735610473, 37.403162979975747, 76.468 ], [ 127.107708632804076, 37.403163474018129, 76.483 ], [ 127.107708541970311, 37.403163941214657, 76.508 ], [ 127.107708452496297, 37.403164354357841, 76.541 ], [ 127.107708375448169, 37.403164722637406, 76.581 ], [ 127.10770832302515, 37.403165010198585, 76.628 ], [ 127.107708272415152, 37.403165225688667, 76.681 ], [ 127.107708246430263, 37.403165360460392, 76.736 ], [ 127.107708234004406, 37.403165405324003, 76.794 ], [ 127.107708246430263, 37.403165360460392, 76.851 ], [ 127.107708272188518, 37.403165234697568, 76.907 ], [ 127.107708311505789, 37.40316501902668, 76.959 ], [ 127.107708375448169, 37.403164722637406, 77.006 ], [ 127.107708452269662, 37.403164363366734, 77.047 ], [ 127.107708541970311, 37.403163941214657, 77.08 ], [ 127.107708632577442, 37.403163483027029, 77.104 ], [ 127.107708735383838, 37.403162988984633, 77.119 ], [ 127.107708849936202, 37.40316247710529, 77.125 ], [ 127.107708953195825, 37.403161965045115, 77.12 ], [ 127.107709056002221, 37.403161471002747, 77.105 ], [ 127.107709146835987, 37.40316100380624, 77.081 ], [ 127.107709236309972, 37.403160590663049, 77.048 ], [ 127.1077093133581, 37.40316022238347, 77.007 ], [ 127.10770937730048, 37.40315992599421, 76.96 ], [ 127.107709416617737, 37.403159710323301, 76.908 ], [ 127.107709442602612, 37.403159575551619, 76.852 ], [ 127.107709455028484, 37.403159530687994, 76.795 ], [ 127.107709442602612, 37.403159575551619, 76.738 ], [ 127.107709416844372, 37.403159701314422, 76.682 ] ] ] } },
{ "type": "Feature", "properties": { "ID": "B122CC003807", "AdminCode": "206", "Type": "2", "LinkID": "A219AS305608", "Ref_Lane": 3, "Maker": "올포랜드", "PostID": "C619AS305102", "UpdateDate": "20181001", "Version": "2020", "Remark": "유턴", "HistType": null, "HistRemark": null }, "geometry": { "type": "Polygon", "coordinates": [ [ [ 127.108199267087898, 37.403215399146177, 74.522 ], [ 127.108199256927989, 37.403215353920984, 74.571 ], [ 127.108199267541025, 37.403215381128398, 74.621 ], [ 127.108199287634264, 37.403215480587654, 74.669 ], [ 127.108199328273869, 37.403215661488424, 74.714 ], [ 127.108199378620213, 37.403215905632166, 74.755 ], [ 127.108199450192643, 37.403216204190713, 74.791 ], [ 127.108199531698432, 37.403216556983374, 74.821 ], [ 127.108199623364072, 37.403216955001177, 74.843 ], [ 127.108199725869355, 37.403217371217501, 74.857 ], [ 127.108199827694918, 37.403217814460525, 74.862 ], [ 127.108199929747059, 37.40321824869465, 74.859 ], [ 127.108200020733037, 37.403218673739147, 74.847 ], [ 127.108200112172128, 37.403219080765865, 74.827 ], [ 127.10820020474408, 37.403219442748131, 74.8 ], [ 127.108200275863382, 37.403219759324458, 74.765 ], [ 127.108200337049354, 37.403220021666712, 74.725 ], [ 127.108200377462396, 37.403220211576347, 74.681 ], [ 127.108200408168656, 37.403220338243052, 74.633 ], [ 127.108200418328551, 37.403220383468231, 74.584 ], [ 127.108200407715529, 37.403220356260825, 74.535 ], [ 127.108200387622276, 37.403220256801546, 74.487 ], [ 127.108200346982684, 37.403220075900791, 74.441 ], [ 127.108200296636326, 37.403219831757056, 74.4 ], [ 127.10820022529046, 37.403219524189616, 74.364 ], [ 127.108200143784671, 37.403219171396998, 74.335 ], [ 127.108200051892439, 37.403218782388052, 74.313 ], [ 127.10819994961372, 37.403218357162821, 74.299 ], [ 127.108199847561579, 37.40321792292869, 74.294 ], [ 127.108199745736016, 37.403217479685679, 74.297 ], [ 127.108199654750067, 37.403217054641196, 74.309 ], [ 127.108199551791643, 37.403216656442616, 74.329 ], [ 127.108199470739024, 37.403216285632205, 74.357 ], [ 127.108199399619735, 37.403215969055886, 74.391 ], [ 127.108199338207186, 37.40321571572251, 74.431 ], [ 127.108199298020736, 37.403215516803968, 74.475 ], [ 127.108199267087898, 37.403215399146177, 74.522 ] ] ] } },
{ "type": "Feature", "properties": { "ID": "B122CC003808", "AdminCode": "206", "Type": "3", "LinkID": "A219AS305472", "Ref_Lane": 3, "Maker": "올포랜드", "PostID": "C619AS305142", "UpdateDate": "20181001", "Version": "2020", "Remark": "주정차금지", "HistType": null, "HistRemark": null }, "geometry": { "type": "Polygon", "coordinates": [ [ [ 127.1083939976632, 37.403114799746938, 78.448 ], [ 127.108394050502142, 37.403114944792812, 78.474 ], [ 127.108394124793818, 37.403115135244597, 78.497 ], [ 127.108394198632396, 37.403115343714163, 78.516 ], [ 127.108394282857532, 37.403115588400027, 78.53 ], [ 127.108394378148859, 37.403115842275483, 78.539 ], [ 127.108394484279827, 37.403116114349473, 78.543 ], [ 127.108394579344619, 37.403116377233822, 78.542 ], [ 127.108394674409382, 37.403116640118178, 78.535 ], [ 127.108394769700709, 37.403116893993655, 78.523 ], [ 127.108394854378943, 37.403117120661712, 78.507 ], [ 127.108394928444085, 37.403117320122398, 78.486 ], [ 127.108394980829928, 37.403117483186051, 78.461 ], [ 127.108395034121955, 37.403117610214153, 78.433 ], [ 127.108395065961247, 37.40311769183635, 78.404 ], [ 127.10839507634779, 37.403117728052635, 78.373 ], [ 127.10839507657434, 37.403117719043756, 78.342 ], [ 127.10839505557469, 37.403117655620051, 78.311 ], [ 127.10839501289577, 37.403117555799369, 78.282 ], [ 127.108394959830278, 37.403117419762367, 78.256 ], [ 127.108394896604793, 37.403117238500208, 78.233 ], [ 127.108394811700009, 37.403117020841023, 78.214 ], [ 127.108394727248324, 37.403116785164059, 78.199 ], [ 127.108394631956998, 37.403116531288603, 78.189 ], [ 127.108394537118755, 37.403116259395347, 78.185 ], [ 127.108394442053992, 37.403115996510984, 78.186 ], [ 127.108394335696474, 37.403115733445901, 78.192 ], [ 127.108394251697888, 37.403115479751158, 78.204 ], [ 127.10839416701964, 37.403115253083072, 78.22 ], [ 127.108394092954526, 37.403115053622415, 78.241 ], [ 127.108394029502492, 37.403114881369127, 78.265 ], [ 127.108393987503192, 37.403114754521773, 78.293 ], [ 127.1083939556639, 37.403114672899562, 78.322 ], [ 127.10839393398463, 37.403114636502558, 78.353 ], [ 127.10839393398463, 37.403114636502558, 78.384 ], [ 127.108393955210815, 37.403114690917363, 78.415 ], [ 127.1083939976632, 37.403114799746938, 78.448 ] ] ] } },
{ "type": "Feature", "properties": { "ID": "B122CC003809", "AdminCode": "206", "Type": "4", "LinkID": "A219AS305472", "Ref_Lane": 3, "Maker": "올포랜드", "PostID": "C619AS305142", "UpdateDate": "20181001", "Version": "2020", "Remark": "견인지역", "HistType": null, "HistRemark": null }, "geometry": { "type": "Polygon", "coordinates": [ [ [ 127.108394970443385, 37.403117446969759, 78.181 ], [ 127.108395034348504, 37.403117601205267, 77.823 ], [ 127.1083940396625, 37.403114926594313, 77.807 ], [ 127.108393987050093, 37.40311477253956, 78.166 ], [ 127.108394970443385, 37.403117446969759, 78.181 ] ] ] } },
{ "type": "Feature", "properties": { "ID": "B122CC003810", "AdminCode": "206", "Type": "2", "LinkID": "A219AS305615", "Ref_Lane": 4, "Maker": "올포랜드", "PostID": "C619AS305141", "UpdateDate": "20181001", "Version": "2020", "Remark": "횡단보도", "HistType": null, "HistRemark": null }, "geometry": { "type": "Polygon", "coordinates": [ [ [ 127.109293858257303, 37.403085640172293, 77.777 ], [ 127.10929447210512, 37.403089534386275, 77.023 ], [ 127.109293244409528, 37.403081745958303, 77.023 ], [ 127.109293858257303, 37.403085640172293, 77.777 ] ] ] } },
{ "type": "Feature", "properties": { "ID": "B122CC003811", "AdminCode": "206", "Type": "2", "LinkID": "A219AS306109", "Ref_Lane": 3, "Maker": "올포랜드", "PostID": null, "UpdateDate": "20181001", "Version": "2020", "Remark": "유턴", "HistType": null, "HistRemark": null }, "geometry": { "type": "Polygon", "coordinates": [ [ [ 127.109360870788464, 37.403166662144393, 80.088 ], [ 127.109360788540485, 37.403167237629809, 80.033 ], [ 127.109360694773343, 37.403167821943534, 79.993 ], [ 127.109360599647601, 37.403168460310582, 79.965 ], [ 127.109360503616145, 37.403169134713231, 79.95 ], [ 127.109360396065512, 37.403169817944132, 79.948 ], [ 127.109360300034055, 37.403170492346774, 79.96 ], [ 127.109360204681892, 37.403171139722751, 79.984 ], [ 127.109360110461878, 37.403171742054226, 80.02 ], [ 127.109360029346036, 37.403172272495183, 80.068 ], [ 127.109359961334377, 37.403172731045643, 80.125 ], [ 127.109359907106196, 37.403173090678884, 80.19 ], [ 127.109359878180655, 37.403173342566653, 80.261 ], [ 127.109359852198722, 37.403173477338804, 80.336 ], [ 127.109359851745864, 37.403173495356597, 80.413 ], [ 127.109359865529356, 37.403173396439399, 80.488 ], [ 127.10935989354914, 37.403173180587181, 80.561 ], [ 127.109359946871606, 37.403172856989528, 80.628 ], [ 127.109360002684795, 37.403172434294014, 80.688 ], [ 127.109360083121345, 37.403171930879743, 80.739 ], [ 127.109360165595746, 37.40317134638542, 80.78 ], [ 127.109360260721516, 37.40317070801833, 80.808 ], [ 127.109360367819292, 37.403170042805236, 80.824 ], [ 127.10936046407717, 37.403169359393701, 80.827 ], [ 127.109360571627775, 37.403168676162785, 80.816 ], [ 127.109360666979939, 37.40316802878683, 80.793 ], [ 127.109360761426387, 37.40316741744644, 80.757 ], [ 127.109360842768638, 37.403166877996576, 80.71 ], [ 127.109360910780296, 37.403166419446137, 80.653 ], [ 127.109360965008449, 37.403166059812889, 80.588 ], [ 127.109360994160426, 37.40316579891622, 80.517 ], [ 127.10936102036878, 37.40316565513519, 80.442 ], [ 127.109361021048073, 37.403165628108503, 80.366 ], [ 127.109361007491017, 37.403165718016815, 80.29 ], [ 127.109360979697655, 37.403165924860119, 80.217 ], [ 127.109360926375203, 37.403166248457801, 80.149 ], [ 127.109360870788464, 37.403166662144393, 80.088 ] ] ] } },
{ "type": "Feature", "properties": { "ID": "B122CC003812", "AdminCode": "206", "Type": "4", "LinkID": "A219AS306109", "Ref_Lane": 4, "Maker": "올포랜드", "PostID": null, "UpdateDate": "20181001", "Version": "2020", "Remark": "좌회전시 보행신호시", "HistType": null, "HistRemark": null }, "geometry": { "type": "Polygon", "coordinates": [ [ [ 127.109359811980468, 37.403173729045932, 79.937 ], [ 127.109359810169025, 37.403173801117084, 79.632 ], [ 127.109361006132445, 37.403165772070174, 79.608 ], [ 127.109361007943875, 37.403165699999022, 79.913 ], [ 127.109359811980468, 37.403173729045932, 79.937 ] ] ] } },
{ "type": "Feature", "properties": { "ID": "B122CC003813", "AdminCode": "206", "Type": "3", "LinkID": "A219AS305658", "Ref_Lane": 4, "Maker": "올포랜드", "PostID": "C619AS305139", "UpdateDate": "20181001", "Version": "2020", "Remark": "최고속도제한60", "HistType": null, "HistRemark": null }, "geometry": { "type": "Polygon", "coordinates": [ [ [ 127.109998449273093, 37.403085535158688, 77.162 ], [ 127.109998456063678, 37.403085264891736, 77.228 ], [ 127.109998460138016, 37.403085102731559, 77.298 ], [ 127.109998461496147, 37.403085048678179, 77.37 ], [ 127.109998459911665, 37.403085111740467, 77.442 ], [ 127.109998455837328, 37.403085273900629, 77.511 ], [ 127.109998448820392, 37.403085553176474, 77.576 ], [ 127.109998439313586, 37.403085931550201, 77.635 ], [ 127.109998416476841, 37.403086390823425, 77.686 ], [ 127.10999840312202, 37.4030869223484, 77.728 ], [ 127.10999838840911, 37.403087507926777, 77.758 ], [ 127.109998361271678, 37.403088138369085, 77.777 ], [ 127.109998345200637, 37.403088778000829, 77.784 ], [ 127.109998328903245, 37.403089426641507, 77.777 ], [ 127.109998301765813, 37.403090057083801, 77.759 ], [ 127.109998287052875, 37.403090642662171, 77.729 ], [ 127.109998273471703, 37.403091183196068, 77.688 ], [ 127.109998250634987, 37.403091642469299, 77.637 ], [ 127.109998241128153, 37.403092020843019, 77.579 ], [ 127.109998234111217, 37.403092300118857, 77.514 ], [ 127.109998229810515, 37.403092471287934, 77.444 ], [ 127.109998228226047, 37.403092534350193, 77.373 ], [ 127.109998229584164, 37.40309248029682, 77.301 ], [ 127.109998233432151, 37.403092327145536, 77.231 ], [ 127.109998240222737, 37.403092056878606, 77.166 ], [ 127.109998249276856, 37.403091696522672, 77.106 ], [ 127.1099982721136, 37.403091237249441, 77.055 ], [ 127.109998285242042, 37.403090714733374, 77.012 ], [ 127.10999829972863, 37.403090138163876, 76.981 ], [ 127.109998326866062, 37.403089507721582, 76.961 ], [ 127.109998342937104, 37.403088868089824, 76.954 ], [ 127.10999835923451, 37.403088219449153, 76.959 ], [ 127.109998386371927, 37.403087589006866, 76.976 ], [ 127.109998401084866, 37.403087003428489, 77.005 ], [ 127.109998414666009, 37.403086462894599, 77.045 ], [ 127.109998437729104, 37.403085994612496, 77.094 ], [ 127.109998449273093, 37.403085535158688, 77.162 ] ] ] } },
{ "type": "Feature", "properties": { "ID": "B122CC003814", "AdminCode": "206", "Type": "4", "LinkID": "A219AS305658", "Ref_Lane": 4, "Maker": "올포랜드", "PostID": "C619AS305139", "UpdateDate": "20181001", "Version": "2020", "Remark": "250m", "HistType": null, "HistRemark": null }, "geometry": { "type": "Polygon", "coordinates": [ [ [ 127.109999582499057, 37.403091690803855, 75.782 ], [ 127.109999615245513, 37.403091736390067, 75.489 ], [ 127.109995978879837, 37.403085387505904, 75.472 ], [ 127.109995946359732, 37.403085332910784, 75.765 ], [ 127.109999582499057, 37.403091690803855, 75.782 ] ] ] } },
{ "type": "Feature", "properties": { "ID": "B122CC003815", "AdminCode": "206", "Type": "3", "LinkID": "A219AS305658", "Ref_Lane": 4, "Maker": "올포랜드", "PostID": "C619AS305140", "UpdateDate": "20181001", "Version": "2020", "Remark": "주정차금지", "HistType": null, "HistRemark": null }, "geometry": { "type": "Polygon", "coordinates": [ [ [ 127.110264958287317, 37.40309113029236, 79.504 ], [ 127.110264928709199, 37.403090958581622, 79.55 ], [ 127.110264908613232, 37.403090859122614, 79.598 ], [ 127.110264897999471, 37.403090831915364, 79.648 ], [ 127.110264908160602, 37.403090877140414, 79.697 ], [ 127.11026493887033, 37.403091003806644, 79.745 ], [ 127.110264967769496, 37.403091202544097, 79.789 ], [ 127.110265017669875, 37.403091464704936, 79.829 ], [ 127.110265088571509, 37.403091790289146, 79.864 ], [ 127.110265158341534, 37.403092160917879, 79.891 ], [ 127.110265227206298, 37.403092567582213, 79.911 ], [ 127.110265318203872, 37.403092992625425, 79.923 ], [ 127.110265397456061, 37.403093435505916, 79.926 ], [ 127.110265476708264, 37.403093878386372, 79.921 ], [ 127.110265567705866, 37.403094303429604, 79.907 ], [ 127.110265636796925, 37.403094701085017, 79.885 ], [ 127.110265707019607, 37.403095053695978, 79.856 ], [ 127.110265767081145, 37.403095361081853, 79.82 ], [ 127.110265817434197, 37.403095605224884, 79.779 ], [ 127.110265846785978, 37.403095785944522, 79.733 ], [ 127.11026586665561, 37.403095894412417, 79.685 ], [ 127.110265877043076, 37.403095930628552, 79.636 ], [ 127.110265866881946, 37.403095885403516, 79.586 ], [ 127.110265836172218, 37.403095758737265, 79.539 ], [ 127.11026580704673, 37.403095569008734, 79.494 ], [ 127.110265756919986, 37.403095315856795, 79.454 ], [ 127.11026569708477, 37.403094999462013, 79.419 ], [ 127.11026562731476, 37.403094628833294, 79.391 ], [ 127.110265546930947, 37.403094230997326, 79.371 ], [ 127.110265467452422, 37.403093797125742, 79.358 ], [ 127.110265387973897, 37.403093363254165, 79.354 ], [ 127.110265297428953, 37.403092920193131, 79.359 ], [ 127.11026521772412, 37.403092495330469, 79.372 ], [ 127.110265137340306, 37.403092097494486, 79.394 ], [ 127.110265078636701, 37.40309173605521, 79.422 ], [ 127.110265018575163, 37.403091428669327, 79.458 ], [ 127.110264958287317, 37.40309113029236, 79.504 ] ] ] } },
{ "type": "Feature", "properties": { "ID": "B122CC003816", "AdminCode": "206", "Type": "4", "LinkID": "A219AS305658", "Ref_Lane": 4, "Maker": "올포랜드", "PostID": "C619AS305140", "UpdateDate": "20181001", "Version": "2020", "Remark": "견인지역", "HistType": null, "HistRemark": null }, "geometry": { "type": "Polygon", "coordinates": [ [ [ 127.110266070603927, 37.40309587063561, 79.322 ], [ 127.110266061121749, 37.403095798383866, 78.75 ], [ 127.110264739698067, 37.403090387771037, 78.759 ], [ 127.110264749180246, 37.403090460022803, 79.331 ], [ 127.110266070603927, 37.40309587063561, 79.322 ] ] ] } },
{ "type": "Feature", "properties": { "ID": "B122CC003817", "AdminCode": "206", "Type": "3", "LinkID": "A219AS305658", "Ref_Lane": 4, "Maker": "올포랜드", "PostID": "C619AS305140", "UpdateDate": "20181001", "Version": "2020", "Remark": "천천히", "HistType": null, "HistRemark": null }, "geometry": { "type": "Polygon", "coordinates": [ [ [ 127.110260711631412, 37.403089286930168, 75.416 ], [ 127.110260115948748, 37.403086916126576, 75.881 ], [ 127.110261307314147, 37.403091657733718, 75.881 ], [ 127.110260711631412, 37.403089286930168, 75.416 ] ] ] } },
{ "type": "Feature", "properties": { "ID": "B122CC003818", "AdminCode": "206", "Type": "3", "LinkID": "A219AS305632", "Ref_Lane": 4, "Maker": "올포랜드", "PostID": "C619AS305138", "UpdateDate": "20181001", "Version": "2020", "Remark": "최고속도제한60", "HistType": null, "HistRemark": null }, "geometry": { "type": "Polygon", "coordinates": [ [ [ 127.110559354590777, 37.403110896689753, 79.408 ], [ 127.110559353233043, 37.403110950743134, 79.338 ], [ 127.110559383038122, 37.403111113444922, 79.27 ], [ 127.110559410354071, 37.403111375244613, 79.205 ], [ 127.110559457540091, 37.403111745512177, 79.147 ], [ 127.110559525501301, 37.403112188211971, 79.097 ], [ 127.110559591425925, 37.403112711991866, 79.056 ], [ 127.110559667511893, 37.403113280996834, 79.026 ], [ 127.110559742466421, 37.403113895046246, 79.008 ], [ 127.110559828261117, 37.403114527294015, 79.002 ], [ 127.110559914055841, 37.403115159541784, 79.008 ], [ 127.110559989010397, 37.403115773591225, 79.026 ], [ 127.110560064870072, 37.403116351605057, 79.056 ], [ 127.110560130794696, 37.403116875384981, 79.096 ], [ 127.110560187236899, 37.403117326913147, 79.146 ], [ 127.11056024594194, 37.403117688352324, 79.204 ], [ 127.110560273031595, 37.403117959160909, 79.269 ], [ 127.110560291543948, 37.403118121682169, 79.337 ], [ 127.110560301478984, 37.403118175916113, 79.408 ], [ 127.110560302836703, 37.40311812186269, 79.478 ], [ 127.110560273031595, 37.403117959160909, 79.547 ], [ 127.11056024594194, 37.403117688352324, 79.611 ], [ 127.11056019852964, 37.403117327093682, 79.669 ], [ 127.110560130794696, 37.403116875384981, 79.719 ], [ 127.110560064643764, 37.403116360613978, 79.76 ], [ 127.110559988784104, 37.403115782600125, 79.79 ], [ 127.110559913829547, 37.403115168550698, 79.808 ], [ 127.110559828034852, 37.403114536302915, 79.814 ], [ 127.110559742240142, 37.403113904055161, 79.808 ], [ 127.110559667285614, 37.403113290005706, 79.79 ], [ 127.110559591425925, 37.403112711991866, 79.76 ], [ 127.110559525274994, 37.403112197220871, 79.719 ], [ 127.110559468832818, 37.403111745692684, 79.669 ], [ 127.110559410127777, 37.403111384253521, 79.611 ], [ 127.110559383038122, 37.403111113444922, 79.547 ], [ 127.11055936452577, 37.403110950923661, 79.479 ], [ 127.110559354590777, 37.403110896689753, 79.408 ] ] ] } },
{ "type": "Feature", "properties": { "ID": "B122CC003819", "AdminCode": "206", "Type": "3", "LinkID": "A219AS305638", "Ref_Lane": 3, "Maker": "올포랜드", "PostID": null, "UpdateDate": "20181001", "Version": "2020", "Remark": "차높이제한4.5m", "HistType": null, "HistRemark": null }, "geometry": { "type": "Polygon", "coordinates": [ [ [ 127.111046079949446, 37.403166496728652, 76.852 ], [ 127.111046068204246, 37.403166514565974, 76.901 ], [ 127.111046043356424, 37.403166604294071, 76.948 ], [ 127.111046005406067, 37.403166765912907, 76.994 ], [ 127.111045954353102, 37.403166999422496, 77.035 ], [ 127.111045879357277, 37.403167286624551, 77.071 ], [ 127.111045791711319, 37.403167627699546, 77.101 ], [ 127.111045702934234, 37.403168013819055, 77.124 ], [ 127.111045602185683, 37.403168426784823, 77.139 ], [ 127.111045489918155, 37.403168848578993, 77.146 ], [ 127.111045388717159, 37.403169279562555, 77.144 ], [ 127.111045287742385, 37.403169701537216, 77.134 ], [ 127.111045187220057, 37.40317010549407, 77.115 ], [ 127.111045098895389, 37.403170473595779, 77.089 ], [ 127.111045011928113, 37.403170787644072, 77.057 ], [ 127.111044948677488, 37.403171057008798, 77.018 ], [ 127.111044898529457, 37.40317125448275, 76.975 ], [ 127.111044872550508, 37.403171389255363, 76.928 ], [ 127.111044848381397, 37.403171451956752, 76.88 ], [ 127.111044860126626, 37.4031714341194, 76.831 ], [ 127.111044884974419, 37.403171344391332, 76.783 ], [ 127.111044922924791, 37.403171182772482, 76.738 ], [ 127.111044973977741, 37.403170949262908, 76.697 ], [ 127.111045048973594, 37.403170662060845, 76.661 ], [ 127.111045136619552, 37.403170320985843, 76.631 ], [ 127.111045225396666, 37.403169934866341, 76.608 ], [ 127.111045326145216, 37.403169521900587, 76.593 ], [ 127.111045438412731, 37.403169100106403, 76.586 ], [ 127.111045539613741, 37.403168669122849, 76.588 ], [ 127.111045640814737, 37.40316823813928, 76.598 ], [ 127.111045741110829, 37.403167843191326, 76.617 ], [ 127.111045829435469, 37.403167475089624, 76.643 ], [ 127.11104591640273, 37.403167161041324, 76.676 ], [ 127.111045979653355, 37.403166891676605, 76.714 ], [ 127.111046029801415, 37.403166694202632, 76.757 ], [ 127.111046055780335, 37.403166559430026, 76.804 ], [ 127.111046079949446, 37.403166496728652, 76.852 ] ] ] } },
{ "type": "Feature", "properties": { "ID": "B122CC003820", "AdminCode": "206", "Type": "2", "LinkID": "A219AS306096", "Ref_Lane": 3, "Maker": "올포랜드", "PostID": null, "UpdateDate": "20181001", "Version": "2020", "Remark": "유턴", "HistType": null, "HistRemark": null }, "geometry": { "type": "Polygon", "coordinates": [ [ [ 127.112552446651776, 37.403181909144884, 74.195 ], [ 127.11255244506944, 37.403181972207243, 74.119 ], [ 127.112552406670176, 37.403182151844476, 74.045 ], [ 127.112552354265574, 37.403182439408319, 73.976 ], [ 127.112552288081687, 37.403182825889843, 73.913 ], [ 127.112552196825717, 37.403183311108734, 73.859 ], [ 127.11255209246859, 37.403183868218569, 73.815 ], [ 127.112551986529155, 37.403184488390792, 73.783 ], [ 127.112551857099959, 37.40318514423798, 73.763 ], [ 127.112551738285404, 37.403185827292269, 73.756 ], [ 127.11255161947085, 37.403186510346522, 73.763 ], [ 127.112551490041668, 37.403187166193739, 73.783 ], [ 127.112551384102218, 37.40318778636594, 73.815 ], [ 127.112551279745091, 37.403188343475769, 73.859 ], [ 127.112551188489107, 37.403188828694645, 73.913 ], [ 127.112551122305192, 37.403189215176191, 73.976 ], [ 127.11255106990059, 37.40318950274002, 74.045 ], [ 127.112551031501326, 37.403189682377246, 74.119 ], [ 127.11255102991899, 37.403189745439633, 74.195 ], [ 127.112551031501326, 37.403189682377246, 74.271 ], [ 127.11255106990059, 37.40318950274002, 74.345 ], [ 127.112551122305192, 37.403189215176191, 74.414 ], [ 127.112551188489107, 37.403188828694645, 74.477 ], [ 127.112551279745091, 37.403188343475769, 74.531 ], [ 127.112551384102218, 37.40318778636594, 74.575 ], [ 127.112551490041668, 37.403187166193739, 74.607 ], [ 127.11255161947085, 37.403186510346522, 74.627 ], [ 127.112551738285404, 37.403185827292269, 74.634 ], [ 127.112551857099959, 37.40318514423798, 74.627 ], [ 127.112551986529155, 37.403184488390792, 74.607 ], [ 127.11255209246859, 37.403183868218569, 74.575 ], [ 127.112552196825717, 37.403183311108734, 74.531 ], [ 127.112552288081687, 37.403182825889843, 74.477 ], [ 127.112552354265574, 37.403182439408319, 74.414 ], [ 127.112552406670176, 37.403182151844476, 74.345 ], [ 127.11255244506944, 37.403181972207243, 74.271 ], [ 127.112552446651776, 37.403181909144884, 74.195 ] ] ] } },
{ "type": "Feature", "properties": { "ID": "B122CC003821", "AdminCode": "206", "Type": "3", "LinkID": "A219AS305681", "Ref_Lane": 4, "Maker": "올포랜드", "PostID": "C619AS305137", "UpdateDate": "20181001", "Version": "2020", "Remark": "천천히", "HistType": null, "HistRemark": null }, "geometry": { "type": "Polygon", "coordinates": [ [ [ 127.112798330814144, 37.402826226736536, 73.85 ], [ 127.1127924166029, 37.402825555504911, 74.765 ], [ 127.112804245025529, 37.402826897967863, 74.765 ], [ 127.112798330814144, 37.402826226736536, 73.85 ] ] ] } },
{ "type": "Feature", "properties": { "ID": "B122CC003822", "AdminCode": "206", "Type": "3", "LinkID": "A219AS305702", "Ref_Lane": 3, "Maker": "올포랜드", "PostID": "C619AS305136", "UpdateDate": "20181001", "Version": "2020", "Remark": "주정차금지", "HistType": null, "HistRemark": null }, "geometry": { "type": "Polygon", "coordinates": [ [ [ 127.11281946183739, 37.402132987449733, 73.207 ], [ 127.112819790453216, 37.402132947633895, 73.151 ], [ 127.112820198343314, 37.402132900071301, 73.102 ], [ 127.112820697026336, 37.402132835933259, 73.061 ], [ 127.112821263465023, 37.40213277287701, 73.028 ], [ 127.112821886818807, 37.402132692704484, 73.004 ], [ 127.11282255534303, 37.402132613253116, 72.991 ], [ 127.11282323515988, 37.402132533982098, 72.988 ], [ 127.112823903684102, 37.402132454530715, 72.995 ], [ 127.112824560915712, 37.402132374899054, 73.013 ], [ 127.112825161458247, 37.402132303374806, 73.041 ], [ 127.112825705537716, 37.402132230949043, 73.077 ], [ 127.11282617011689, 37.402132175278993, 73.122 ], [ 127.112826532610526, 37.402132136004077, 73.173 ], [ 127.112826804537278, 37.402132104295625, 73.229 ], [ 127.112826951793238, 37.40213208862172, 73.288 ], [ 127.112826985897073, 37.402132080153692, 73.349 ], [ 127.1128269066228, 37.402132087900512, 73.41 ], [ 127.112826713970335, 37.402132111862137, 73.468 ], [ 127.112826396647165, 37.402132151858275, 73.522 ], [ 127.112825988757052, 37.402132199420919, 73.571 ], [ 127.112825490074044, 37.402132263558954, 73.612 ], [ 127.112824923635344, 37.402132326615217, 73.646 ], [ 127.112824300281588, 37.402132406787786, 73.67 ], [ 127.112823643049964, 37.402132486419447, 73.683 ], [ 127.112822963233143, 37.402132565690493, 73.687 ], [ 127.112822283416293, 37.402132644961554, 73.679 ], [ 127.112821637477296, 37.402132724773509, 73.662 ], [ 127.112821025642134, 37.402132796117428, 73.634 ], [ 127.112820481788674, 37.402132859534248, 73.598 ], [ 127.112820017209486, 37.402132915204284, 73.553 ], [ 127.112819643197227, 37.4021329633078, 73.502 ], [ 127.112819371270476, 37.402132995016203, 73.446 ], [ 127.112819224014515, 37.402133010690122, 73.387 ], [ 127.112819178618054, 37.402133018977814, 73.326 ], [ 127.112819257892326, 37.402133011231037, 73.266 ], [ 127.11281946183739, 37.402132987449733, 73.207 ] ] ] } },
{ "type": "Feature", "properties": { "ID": "B122CC003823", "AdminCode": "206", "Type": "4", "LinkID": "A219AS305702", "Ref_Lane": 3, "Maker": "올포랜드", "PostID": "C619AS305136", "UpdateDate": "20181001", "Version": "2020", "Remark": "견인지역", "HistType": null, "HistRemark": null }, "geometry": { "type": "Polygon", "coordinates": [ [ [ 127.112826849255697, 37.402132123034669, 72.978 ], [ 127.11281951784845, 37.40213300636907, 72.955 ], [ 127.112819789775202, 37.402132974660645, 72.256 ], [ 127.112827132475047, 37.402132091506537, 72.279 ], [ 127.112826849255697, 37.402132123034669, 72.978 ] ] ] } },
{ "type": "Feature", "properties": { "ID": "B122CC003824", "AdminCode": "206", "Type": "3", "LinkID": "A219AS305496", "Ref_Lane": 3, "Maker": "올포랜드", "PostID": "C619AS305135", "UpdateDate": "20181001", "Version": "2020", "Remark": "주정차금지", "HistType": null, "HistRemark": null }, "geometry": { "type": "Polygon", "coordinates": [ [ [ 127.112819618203815, 37.401003648649983, 70.593 ], [ 127.112820002372885, 37.401003645771176, 70.539 ], [ 127.112820431711711, 37.401003643613542, 70.495 ], [ 127.11282095139012, 37.40100364289831, 70.458 ], [ 127.112821527756736, 37.401003634075629, 70.43 ], [ 127.112822149293123, 37.401003625974127, 70.411 ], [ 127.112822804480814, 37.401003627422433, 70.401 ], [ 127.112823459894543, 37.401003619861832, 70.402 ], [ 127.112824115308271, 37.401003612301231, 70.414 ], [ 127.112824725326192, 37.401003613028315, 70.434 ], [ 127.11282529040038, 37.401003604025327, 70.465 ], [ 127.112825798786318, 37.401003603129766, 70.503 ], [ 127.112826205540273, 37.401003600611531, 70.548 ], [ 127.11282653324713, 37.401003596831217, 70.599 ], [ 127.112826748029548, 37.401003591247935, 70.655 ], [ 127.112826860954002, 37.401003593050909, 70.712 ], [ 127.112826849661559, 37.401003592870602, 70.771 ], [ 127.112826725444663, 37.401003590887335, 70.828 ], [ 127.112826488077346, 37.40100359611003, 70.883 ], [ 127.11282614907806, 37.401003599710052, 70.933 ], [ 127.112825719739206, 37.401003601867686, 70.978 ], [ 127.112825211353254, 37.401003602763254, 71.015 ], [ 127.112824634986652, 37.401003611585963, 71.044 ], [ 127.112824013450265, 37.401003619687458, 71.063 ], [ 127.112823358262531, 37.401003618239166, 71.073 ], [ 127.112822702848845, 37.401003625799767, 71.072 ], [ 127.112822047435117, 37.401003633360375, 71.062 ], [ 127.112821426124725, 37.401003632452948, 71.041 ], [ 127.112820861050565, 37.401003641455929, 71.012 ], [ 127.112820352664627, 37.401003642351476, 70.974 ], [ 127.112819934618216, 37.401003644689396, 70.929 ], [ 127.112819606911373, 37.401003648469683, 70.878 ], [ 127.112819380836498, 37.401003653872657, 70.823 ], [ 127.112819267912045, 37.401003652069683, 70.765 ], [ 127.112819267912045, 37.401003652069683, 70.706 ], [ 127.112819392128941, 37.40100365405295, 70.648 ], [ 127.112819618203815, 37.401003648649983, 70.593 ] ] ] } },
{ "type": "Feature", "properties": { "ID": "B122CC003825", "AdminCode": "206", "Type": "4", "LinkID": "A219AS305496", "Ref_Lane": 3, "Maker": "올포랜드", "PostID": "C619AS305135", "UpdateDate": "20181001", "Version": "2020", "Remark": "견인지역", "HistType": null, "HistRemark": null }, "geometry": { "type": "Polygon", "coordinates": [ [ [ 127.112826713926225, 37.40100359971597, 70.377 ], [ 127.112826815558222, 37.401003601338644, 69.707 ], [ 127.112819211449846, 37.40100365116821, 69.698 ], [ 127.112819109591854, 37.401003658554437, 70.368 ], [ 127.112826713926225, 37.40100359971597, 70.377 ] ] ] } },
{ "type": "Feature", "properties": { "ID": "B122CC003826", "AdminCode": "206", "Type": "2", "LinkID": "A219AS306076", "Ref_Lane": 3, "Maker": "올포랜드", "PostID": null, "UpdateDate": "20181001", "Version": "2020", "Remark": "유턴", "HistType": null, "HistRemark": null }, "geometry": { "type": "Polygon", "coordinates": [ [ [ 127.112889805999131, 37.400058373020642, 67.905 ], [ 127.112889941280756, 37.400058384192995, 67.834 ], [ 127.112890222910352, 37.400058415726903, 67.764 ], [ 127.112890639821615, 37.400058458433186, 67.7 ], [ 127.112891158363567, 37.400058502762029, 67.644 ], [ 127.112891789376619, 37.400058566911575, 67.596 ], [ 127.112892510728045, 37.400058632503431, 67.559 ], [ 127.112893277022721, 37.40005870782533, 67.533 ], [ 127.112894099778913, 37.40005878404866, 67.52 ], [ 127.112894922535077, 37.40005886027199, 67.52 ], [ 127.112895733773001, 37.400058945323927, 67.533 ], [ 127.112896511359978, 37.400059020826092, 67.557 ], [ 127.112897232711433, 37.400059086417912, 67.594 ], [ 127.11289786372447, 37.400059150567429, 67.641 ], [ 127.112898393558751, 37.400059195076523, 67.697 ], [ 127.11289881047, 37.400059237782777, 67.761 ], [ 127.112899103617892, 37.400059260488042, 67.83 ], [ 127.112899249965864, 37.400059280849604, 67.903 ], [ 127.112899249965864, 37.400059280849604, 67.976 ], [ 127.112899103391911, 37.400059269496964, 68.049 ], [ 127.112898833054615, 37.400059238143356, 68.118 ], [ 127.112898416143352, 37.400059195437109, 68.182 ], [ 127.112897886309057, 37.400059150927994, 68.239 ], [ 127.112897255296033, 37.400059086778455, 68.286 ], [ 127.112896545236879, 37.400059021366943, 68.323 ], [ 127.112895767649903, 37.400058945864771, 68.349 ], [ 127.112894956186011, 37.400058869821756, 68.362 ], [ 127.112894133655814, 37.400058784589518, 68.362 ], [ 127.112893310899622, 37.400058708366196, 68.349 ], [ 127.112892544604946, 37.400058633044296, 68.324 ], [ 127.11289182325352, 37.400058567452454, 68.288 ], [ 127.112891192240468, 37.400058503302894, 68.24 ], [ 127.112890651113901, 37.400058458613472, 68.184 ], [ 127.112890245494967, 37.400058416087468, 68.12 ], [ 127.112889952347075, 37.400058393382189, 68.051 ], [ 127.112889817291418, 37.400058373200928, 67.979 ], [ 127.112889805999131, 37.400058373020642, 67.905 ] ] ] } },
{ "type": "Feature", "properties": { "ID": "B122CC003827", "AdminCode": "206", "Type": "3", "LinkID": "A219AS305508", "Ref_Lane": 3, "Maker": "올포랜드", "PostID": "C619AS305134", "UpdateDate": "20181001", "Version": "2020", "Remark": "주정차금지", "HistType": null, "HistRemark": null }, "geometry": { "type": "Polygon", "coordinates": [ [ [ 127.112824076351174, 37.399068252917864, 67.523 ], [ 127.112823726746413, 37.399068229311091, 67.567 ], [ 127.11282347854501, 37.399068216335806, 67.615 ], [ 127.112823331973019, 37.399068204983138, 67.666 ], [ 127.112823275512241, 37.399068204081694, 67.72 ], [ 127.112823331973019, 37.399068204983138, 67.773 ], [ 127.112823489837169, 37.399068216516106, 67.824 ], [ 127.112823738038557, 37.39906822949137, 67.872 ], [ 127.112824087643347, 37.399068253098164, 67.916 ], [ 127.112824505001043, 37.399068277786704, 67.954 ], [ 127.112825001177825, 37.399068312746159, 67.984 ], [ 127.112825542749221, 37.399068339417873, 68.007 ], [ 127.112826117971053, 37.399068375639345, 68.021 ], [ 127.112826715777231, 37.399068412221403, 68.026 ], [ 127.112827313583423, 37.399068448803469, 68.021 ], [ 127.112827900097429, 37.399068485205234, 68.008 ], [ 127.11282844166881, 37.399068511876905, 67.986 ], [ 127.112828937845592, 37.399068546836361, 67.956 ], [ 127.112829366495461, 37.399068571705165, 67.918 ], [ 127.112829705034059, 37.399068586122731, 67.875 ], [ 127.112829964301639, 37.399068608287202, 67.827 ], [ 127.112830133683929, 37.399068610991527, 67.776 ], [ 127.112830189918711, 37.399068620901893, 67.723 ], [ 127.112830144750092, 37.399068620180742, 67.67 ], [ 127.1128299981781, 37.39906860882806, 67.619 ], [ 127.112829749976697, 37.39906859585281, 67.57 ], [ 127.11282942295621, 37.399068572606616, 67.526 ], [ 127.112829005598513, 37.399068547918105, 67.488 ], [ 127.112828520487895, 37.39906852214785, 67.457 ], [ 127.112827979142494, 37.39906848646725, 67.433 ], [ 127.112827403920633, 37.399068450245771, 67.419 ], [ 127.112826806114469, 37.399068413663727, 67.413 ], [ 127.112826219600436, 37.399068377261933, 67.417 ], [ 127.112825632860435, 37.399068349869097, 67.429 ], [ 127.112825091515049, 37.399068314188483, 67.451 ], [ 127.112824583820128, 37.39906828805762, 67.48 ], [ 127.112824076351174, 37.399068252917864, 67.523 ] ] ] } },
{ "type": "Feature", "properties": { "ID": "B122CC003828", "AdminCode": "206", "Type": "4", "LinkID": "A219AS305508", "Ref_Lane": 3, "Maker": "올포랜드", "PostID": "C619AS305134", "UpdateDate": "20181001", "Version": "2020", "Remark": "견인지역", "HistType": null, "HistRemark": null }, "geometry": { "type": "Polygon", "coordinates": [ [ [ 127.112830310071644, 37.399068334419361, 67.39 ], [ 127.112823132775006, 37.399068490203639, 67.382 ], [ 127.112823223112215, 37.399068491645941, 66.769 ], [ 127.112830400182887, 37.399068344870599, 66.777 ], [ 127.112830310071644, 37.399068334419361, 67.39 ] ] ] } },
{ "type": "Feature", "properties": { "ID": "B122CC003829", "AdminCode": "206", "Type": "3", "LinkID": "A219AS305785", "Ref_Lane": 4, "Maker": "올포랜드", "PostID": "C619AS305133", "UpdateDate": "20181001", "Version": "2020", "Remark": "주정차금지", "HistType": null, "HistRemark": null }, "geometry": { "type": "Polygon", "coordinates": [ [ [ 127.112779437204068, 37.396883390010785, 68.099 ], [ 127.112779267600729, 37.396883396315431, 68.151 ], [ 127.112779199623802, 37.396883404242637, 68.204 ], [ 127.112779233499282, 37.396883404783495, 68.257 ], [ 127.112779380744939, 37.396883389109348, 68.309 ], [ 127.112779618325206, 37.39688337487749, 68.357 ], [ 127.112779946240053, 37.39688336208787, 68.402 ], [ 127.112780364941457, 37.396883332722709, 68.441 ], [ 127.112780851167841, 37.396883313448143, 68.472 ], [ 127.112781383013441, 37.396883276876892, 68.496 ], [ 127.112781959800401, 37.396883250035692, 68.511 ], [ 127.112782559396962, 37.396883214546136, 68.517 ], [ 127.112783158993537, 37.39688317905658, 68.514 ], [ 127.11278374729828, 37.396883143386745, 68.501 ], [ 127.11278429020976, 37.396883116004673, 68.48 ], [ 127.11278479924573, 37.396883088081744, 68.451 ], [ 127.112785229238966, 37.396883058896854, 68.414 ], [ 127.112785591255275, 37.396883037639157, 68.371 ], [ 127.112785851419176, 37.396883023767835, 68.324 ], [ 127.112786032314332, 37.396883017643461, 68.273 ], [ 127.11278610029126, 37.396883009716227, 68.22 ], [ 127.112786066415794, 37.396883009175383, 68.166 ], [ 127.112785919170122, 37.396883024849529, 68.115 ], [ 127.11278568158987, 37.39688303908143, 68.066 ], [ 127.112785353675008, 37.396883051871043, 68.021 ], [ 127.11278494626545, 37.396883081416519, 67.982 ], [ 127.112784460039066, 37.396883100691085, 67.951 ], [ 127.112783928193451, 37.396883137262364, 67.927 ], [ 127.112783351406506, 37.396883164103564, 67.911 ], [ 127.112782751809931, 37.39688319959312, 67.905 ], [ 127.11278215221337, 37.39688323508269, 67.908 ], [ 127.112781575200444, 37.396883270932804, 67.92 ], [ 127.112781020997147, 37.396883298134583, 67.941 ], [ 127.112780511961148, 37.396883326057491, 67.971 ], [ 127.112780081967941, 37.39688335524238, 68.007 ], [ 127.112779719951632, 37.396883376500035, 68.05 ], [ 127.112779437204068, 37.396883390010785, 68.099 ] ] ] } },
{ "type": "Feature", "properties": { "ID": "B122CC003830", "AdminCode": "206", "Type": "4", "LinkID": "A219AS305785", "Ref_Lane": 4, "Maker": "올포랜드", "PostID": "C619AS305133", "UpdateDate": "20181001", "Version": "2020", "Remark": "견인지역", "HistType": null, "HistRemark": null }, "geometry": { "type": "Polygon", "coordinates": [ [ [ 127.112785972472281, 37.396882701249474, 67.857 ], [ 127.112785587646357, 37.396882731155536, 67.272 ], [ 127.112778739363975, 37.396883739370317, 67.308 ], [ 127.112779135255764, 37.396883718653484, 67.893 ], [ 127.112785972472281, 37.396882701249474, 67.857 ] ] ] } },
{ "type": "Feature", "properties": { "ID": "B122CC003831", "AdminCode": "206", "Type": "2", "LinkID": "A219AS306038", "Ref_Lane": 3, "Maker": "올포랜드", "PostID": null, "UpdateDate": "20181001", "Version": "2020", "Remark": "유턴", "HistType": null, "HistRemark": null }, "geometry": { "type": "Polygon", "coordinates": [ [ [ 127.112881076062379, 37.396440884244292, 68.183 ], [ 127.112881607678887, 37.396440856681423, 68.112 ], [ 127.112882184462407, 37.396440829839641, 68.057 ], [ 127.112882862871771, 37.396440804620298, 68.012 ], [ 127.112883620775349, 37.396440762645021, 67.978 ], [ 127.112884423620017, 37.396440730399739, 67.956 ], [ 127.112885271857692, 37.396440689866644, 67.947 ], [ 127.112886108803593, 37.396440649153242, 67.95 ], [ 127.112886934231781, 37.396440617268503, 67.967 ], [ 127.112887726010641, 37.396440575834028, 67.996 ], [ 127.112888438295272, 37.396440551155465, 68.037 ], [ 127.112889060471787, 37.396440516025827, 68.088 ], [ 127.112889569278806, 37.396440497111278, 68.148 ], [ 127.11288995387649, 37.396440476213762, 68.215 ], [ 127.112890214038842, 37.39644046234217, 68.286 ], [ 127.112890315664686, 37.396440463964616, 68.361 ], [ 127.112890281789419, 37.396440463423794, 68.436 ], [ 127.112890100895314, 37.396440469548367, 68.51 ], [ 127.112889772982399, 37.396440482338299, 68.579 ], [ 127.112889320634167, 37.396440502154221, 68.643 ], [ 127.112888743850618, 37.396440528996038, 68.698 ], [ 127.112888076507076, 37.396440563404617, 68.744 ], [ 127.112887318829465, 37.396440596370986, 68.779 ], [ 127.112886515758817, 37.396440637625197, 68.802 ], [ 127.112885667747108, 37.396440669149413, 68.812 ], [ 127.11288481950946, 37.396440709682516, 68.809 ], [ 127.112883993855334, 37.396440750576161, 68.793 ], [ 127.112883202302413, 37.396440783001715, 68.765 ], [ 127.112882489791815, 37.396440816689157, 68.725 ], [ 127.11288185632354, 37.396440851638495, 68.674 ], [ 127.11288133622476, 37.396440870372736, 68.615 ], [ 127.112880940335316, 37.396440891089938, 68.548 ], [ 127.112880668881175, 37.396440904781244, 68.477 ], [ 127.112880555963599, 37.396440902978512, 68.402 ], [ 127.11288057854712, 37.396440903339055, 68.327 ], [ 127.112880759441211, 37.396440897214518, 68.253 ], [ 127.112881076062379, 37.396440884244292, 68.183 ] ] ] } },
{ "type": "Feature", "properties": { "ID": "B122CC003832", "AdminCode": "206", "Type": "3", "LinkID": "A219AS305539", "Ref_Lane": 4, "Maker": "올포랜드", "PostID": "C619AS305132", "UpdateDate": "20181001", "Version": "2020", "Remark": "주정차금지", "HistType": null, "HistRemark": null }, "geometry": { "type": "Polygon", "coordinates": [ [ [ 127.11277830408082, 37.395341913698672, 70.069 ], [ 127.1127786773813, 37.395341892621062, 70.024 ], [ 127.112779061973342, 37.395341871723737, 69.991 ], [ 127.112779514314951, 37.3953418519081, 69.964 ], [ 127.112780000757311, 37.395341823624342, 69.945 ], [ 127.112780521074455, 37.395341795881428, 69.933 ], [ 127.112781063974779, 37.395341768499087, 69.93 ], [ 127.112781595583499, 37.395341740936438, 69.934 ], [ 127.112782116126596, 37.395341704184595, 69.947 ], [ 127.112782602343003, 37.395341684909759, 69.968 ], [ 127.112783043618961, 37.395341655904879, 69.996 ], [ 127.112783416919441, 37.395341634827282, 70.03 ], [ 127.112783722244373, 37.395341621676927, 70.069 ], [ 127.112783948528161, 37.395341607264619, 70.113 ], [ 127.112784084253249, 37.395341600419044, 70.159 ], [ 127.112784129419623, 37.395341601140132, 70.207 ], [ 127.112784072961645, 37.395341600238737, 70.255 ], [ 127.112783937236557, 37.395341607084347, 70.301 ], [ 127.112783699661179, 37.395341621316376, 70.344 ], [ 127.112783394110281, 37.395341643475639, 70.383 ], [ 127.112783009518225, 37.395341664372992, 70.417 ], [ 127.112782568468205, 37.395341684368915, 70.444 ], [ 127.112782082025859, 37.395341712652694, 70.465 ], [ 127.112781561708715, 37.395341740395608, 70.477 ], [ 127.112781018808406, 37.395341767777971, 70.481 ], [ 127.112780475908082, 37.395341795160327, 70.477 ], [ 127.112779955590938, 37.395341822903255, 70.465 ], [ 127.112779469148592, 37.395341851186984, 70.445 ], [ 127.112779028098572, 37.395341871182914, 70.417 ], [ 127.112778643506516, 37.395341892080239, 70.383 ], [ 127.112778326664028, 37.39534191405923, 70.344 ], [ 127.11277810038024, 37.39534192847151, 70.301 ], [ 127.112777953363548, 37.39534193513682, 70.255 ], [ 127.112777908197188, 37.395341934415711, 70.207 ], [ 127.112777942071972, 37.395341934956541, 70.159 ], [ 127.11277807779706, 37.395341928110966, 70.113 ], [ 127.11277830408082, 37.395341913698672, 70.069 ] ] ] } },
{ "type": "Feature", "properties": { "ID": "B122CC003833", "AdminCode": "206", "Type": "4", "LinkID": "A219AS305539", "Ref_Lane": 4, "Maker": "올포랜드", "PostID": "C619AS305132", "UpdateDate": "20181001", "Version": "2020", "Remark": "견인지역", "HistType": null, "HistRemark": null }, "geometry": { "type": "Polygon", "coordinates": [ [ [ 127.112783959819751, 37.395341607444898, 69.893 ], [ 127.112784004986111, 37.395341608166, 69.302 ], [ 127.112778123189372, 37.395341919823146, 69.298 ], [ 127.11277807779706, 37.395341928110966, 69.889 ], [ 127.112783959819751, 37.395341607444898, 69.893 ] ] ] } },
{ "type": "Feature", "properties": { "ID": "B122CC003834", "AdminCode": "206", "Type": "2", "LinkID": "A219AS305539", "Ref_Lane": 4, "Maker": "올포랜드", "PostID": "C619AS305098", "UpdateDate": "20181001", "Version": "2020", "Remark": "우측면통행", "HistType": null, "HistRemark": null }, "geometry": { "type": "Polygon", "coordinates": [ [ [ 127.112951796819857, 37.394940759823207, 66.769 ], [ 127.112951234276494, 37.394940669729877, 66.826 ], [ 127.112950783970717, 37.394940608465923, 66.89 ], [ 127.11295045764588, 37.39494055819376, 66.961 ], [ 127.112950288950657, 37.394940528463081, 67.035 ], [ 127.112950255301996, 37.394940518913366, 67.111 ], [ 127.112950367765464, 37.394940538733827, 67.187 ], [ 127.112950615275494, 37.394940578735266, 67.259 ], [ 127.112951009123606, 37.394940639097904, 67.327 ], [ 127.112951526726746, 37.394940719461275, 67.387 ], [ 127.112952145501822, 37.3949408194648, 67.439 ], [ 127.112952865674771, 37.394940930099629, 67.48 ], [ 127.112953642079489, 37.394941050644654, 67.509 ], [ 127.112954463650325, 37.394941171910737, 67.525 ], [ 127.112955307578332, 37.394941302546236, 67.529 ], [ 127.112956140214763, 37.394941433001485, 67.519 ], [ 127.112956950494095, 37.394941554087282, 67.496 ], [ 127.112957704315733, 37.394941674271756, 67.461 ], [ 127.112958368256955, 37.394941774996305, 67.415 ], [ 127.112958942091879, 37.394941865269864, 67.359 ], [ 127.112959403463265, 37.394941935722983, 67.295 ], [ 127.112959729788116, 37.394941985995118, 67.225 ], [ 127.112959909774872, 37.39494201590604, 67.151 ], [ 127.112959954941019, 37.394942016627077, 67.075 ], [ 127.112959853543146, 37.394942005995809, 66.999 ], [ 127.112959606033101, 37.394941965994413, 66.927 ], [ 127.11295921218499, 37.394941905631796, 66.859 ], [ 127.112958705873353, 37.394941825448718, 66.798 ], [ 127.112958098163872, 37.394941734634386, 66.747 ], [ 127.112957389282428, 37.394941624179864, 66.705 ], [ 127.11295661287771, 37.39494150363484, 66.675 ], [ 127.112955791306845, 37.394941382368792, 66.658 ], [ 127.112954947378881, 37.3949412517333, 66.654 ], [ 127.112954114742408, 37.394941121278052, 66.663 ], [ 127.112953304689057, 37.394940991183326, 66.685 ], [ 127.112952550641467, 37.394940880007724, 66.719 ], [ 127.112951796819857, 37.394940759823207, 66.769 ] ] ] } },
{ "type": "Feature", "properties": { "ID": "B122CC003835", "AdminCode": "206", "Type": "3", "LinkID": "A219AS305539", "Ref_Lane": 4, "Maker": "올포랜드", "PostID": null, "UpdateDate": "20181001", "Version": "2020", "Remark": "차높이제한4.5m", "HistType": null, "HistRemark": null }, "geometry": { "type": "Polygon", "coordinates": [ [ [ 127.112858691916927, 37.394621536600475, 69.868 ], [ 127.112858411437301, 37.394621460022371, 69.927 ], [ 127.112858254486184, 37.394621412454008, 69.99 ], [ 127.112858198254727, 37.394621402543734, 70.054 ], [ 127.112858276843227, 37.394621421823473, 70.118 ], [ 127.112858467442848, 37.394621478941566, 70.181 ], [ 127.112858759213964, 37.394621555699921, 70.239 ], [ 127.112859162996159, 37.394621670296672, 70.291 ], [ 127.112859656432434, 37.394621813362328, 70.336 ], [ 127.112860228457251, 37.3946219757077, 70.373 ], [ 127.112860856713539, 37.394622147963339, 70.399 ], [ 127.112861518392393, 37.39462233877763, 70.415 ], [ 127.112862202654256, 37.394622529952436, 70.42 ], [ 127.112862886916091, 37.394622721127249, 70.414 ], [ 127.112863548594973, 37.394622911941518, 70.397 ], [ 127.112864176851289, 37.394623084197136, 70.369 ], [ 127.11286473758463, 37.394623246362222, 70.331 ], [ 127.112865219955367, 37.394623380238649, 70.286 ], [ 127.112865601154624, 37.394623494474843, 70.232 ], [ 127.112865892925754, 37.39462357123319, 70.174 ], [ 127.112866072459852, 37.394623619162083, 70.111 ], [ 127.112866128465399, 37.394623638081278, 70.047 ], [ 127.112866061168347, 37.394623618981811, 69.983 ], [ 127.112865881634278, 37.394623571052918, 69.921 ], [ 127.112865590089086, 37.394623485285649, 69.862 ], [ 127.112865197372386, 37.394623379878119, 69.81 ], [ 127.112864715227602, 37.394623236992764, 69.764 ], [ 127.112864154268308, 37.394623083836606, 69.727 ], [ 127.112863537529449, 37.394622902752317, 69.7 ], [ 127.112862875624614, 37.394622720946977, 69.683 ], [ 127.112862191362751, 37.394622529772164, 69.677 ], [ 127.112861507326869, 37.394622329588437, 69.682 ], [ 127.112860845422034, 37.394622147783068, 69.698 ], [ 127.112860217391699, 37.394621966518507, 69.725 ], [ 127.112859656432434, 37.394621813362328, 69.762 ], [ 127.112859162996159, 37.394621670296672, 69.807 ], [ 127.112858691916927, 37.394621536600475, 69.868 ] ] ] } },
{ "type": "Feature", "properties": { "ID": "B122CC003836", "AdminCode": "206", "Type": "2", "LinkID": "A219AS306011", "Ref_Lane": 4, "Maker": "올포랜드", "PostID": null, "UpdateDate": "20181001", "Version": "2020", "Remark": "유턴", "HistType": null, "HistRemark": null }, "geometry": { "type": "Polygon", "coordinates": [ [ [ 127.112860547344781, 37.393970581916541, 71.286 ], [ 127.112861178984716, 37.39397061903815, 71.239 ], [ 127.112861867081619, 37.393970657061075, 71.204 ], [ 127.11286260011812, 37.393970704813974, 71.181 ], [ 127.112863367254761, 37.393970744098723, 71.169 ], [ 127.112864145456825, 37.393970792572667, 71.169 ], [ 127.112864923884828, 37.393970832037688, 71.181 ], [ 127.112865656921343, 37.393970879790558, 71.205 ], [ 127.112866333726842, 37.393970917633176, 71.239 ], [ 127.112866931492647, 37.39397095421397, 71.284 ], [ 127.112867427861872, 37.393970980163417, 71.337 ], [ 127.112867822608607, 37.393971004490531, 71.397 ], [ 127.112868093375994, 37.393971017825777, 71.462 ], [ 127.112868228646718, 37.393971028997882, 71.531 ], [ 127.112868228646718, 37.393971028997882, 71.6 ], [ 127.112868093375994, 37.393971017825777, 71.669 ], [ 127.112867833899983, 37.393971004670789, 71.734 ], [ 127.112867439153248, 37.393970980343703, 71.794 ], [ 127.112866942784024, 37.39397095439422, 71.848 ], [ 127.112866345018247, 37.393970917813441, 71.892 ], [ 127.11286566821272, 37.393970879970823, 71.927 ], [ 127.112864923884828, 37.393970832037688, 71.951 ], [ 127.112864156748202, 37.393970792752938, 71.964 ], [ 127.112863378546137, 37.393970744278995, 71.964 ], [ 127.11286260011812, 37.393970704813974, 71.952 ], [ 127.112861867081619, 37.393970657061075, 71.929 ], [ 127.112861190276121, 37.393970619218408, 71.894 ], [ 127.112860581218925, 37.393970582457342, 71.85 ], [ 127.112860084849714, 37.393970556507846, 71.797 ], [ 127.112859690103008, 37.393970532180731, 71.737 ], [ 127.112859408044216, 37.393970518665178, 71.672 ], [ 127.112859272773491, 37.393970507493073, 71.603 ], [ 127.112859261482114, 37.393970507312801, 71.534 ], [ 127.112859396752839, 37.393970518484913, 71.465 ], [ 127.112859656228821, 37.393970531639923, 71.4 ], [ 127.112860050975556, 37.393970555967044, 71.339 ], [ 127.112860547344781, 37.393970581916541, 71.286 ] ] ] } },
{ "type": "Feature", "properties": { "ID": "B122CC003837", "AdminCode": "206", "Type": "3", "LinkID": "A219AS305550", "Ref_Lane": 4, "Maker": "올포랜드", "PostID": "C619AS305131", "UpdateDate": "20181001", "Version": "2020", "Remark": "주정차금지", "HistType": null, "HistRemark": null }, "geometry": { "type": "Polygon", "coordinates": [ [ [ 127.112775302317132, 37.3934474673393, 72.493 ], [ 127.112774930381747, 37.393447434363615, 72.535 ], [ 127.112774659842202, 37.393447412019249, 72.583 ], [ 127.112774479633146, 37.393447391117057, 72.634 ], [ 127.112774400593977, 37.393447389855176, 72.687 ], [ 127.112774423176603, 37.393447390215719, 72.741 ], [ 127.112774558446361, 37.393447401387874, 72.793 ], [ 127.112774783820669, 37.393447423011146, 72.843 ], [ 127.11277511081677, 37.39344744625685, 72.888 ], [ 127.112775516400134, 37.393447488782314, 72.928 ], [ 127.112775989731375, 37.393447532389366, 72.961 ], [ 127.112776519519144, 37.393447576897792, 72.986 ], [ 127.112777094246212, 37.393447631136226, 73.002 ], [ 127.112777691555934, 37.393447685735197, 73.009 ], [ 127.112778288865627, 37.39344774033416, 73.007 ], [ 127.112778875109953, 37.393447785743923, 72.996 ], [ 127.112779438545715, 37.393447839802086, 72.976 ], [ 127.112779945750887, 37.393447883949946, 72.947 ], [ 127.112780396499502, 37.393447927196462, 72.911 ], [ 127.112780757143597, 37.393447959991882, 72.869 ], [ 127.112781050265781, 37.393447982696777, 72.822 ], [ 127.112781230474837, 37.393448003598927, 72.771 ], [ 127.112781320805311, 37.393448005041101, 72.718 ], [ 127.112781298222686, 37.393448004680558, 72.664 ], [ 127.112781174244233, 37.393447993688667, 72.612 ], [ 127.112780948869926, 37.39344797206541, 72.562 ], [ 127.112780633165144, 37.393447948999984, 72.517 ], [ 127.112780227581752, 37.393447906474542, 72.477 ], [ 127.112779754024587, 37.393447871876425, 72.444 ], [ 127.112779235754033, 37.393447818539364, 72.418 ], [ 127.112778660801027, 37.393447773309866, 72.401 ], [ 127.112778063491319, 37.39344771871091, 72.394 ], [ 127.112777466181626, 37.393447664111939, 72.395 ], [ 127.112776880163239, 37.393447609693226, 72.406 ], [ 127.112776316727462, 37.393447555635071, 72.425 ], [ 127.11277580952229, 37.393447511487182, 72.453 ], [ 127.112775302317132, 37.3934474673393, 72.493 ] ] ] } },
{ "type": "Feature", "properties": { "ID": "B122CC003838", "AdminCode": "206", "Type": "4", "LinkID": "A219AS305550", "Ref_Lane": 4, "Maker": "올포랜드", "PostID": "C619AS305131", "UpdateDate": "20181001", "Version": "2020", "Remark": "견인지역", "HistType": null, "HistRemark": null }, "geometry": { "type": "Polygon", "coordinates": [ [ [ 127.112781372296894, 37.39344775351222, 72.352 ], [ 127.112781158213906, 37.393447732069241, 71.769 ], [ 127.112774340748302, 37.393447524087719, 71.788 ], [ 127.11277455483129, 37.393447545530719, 72.372 ], [ 127.112781372296894, 37.39344775351222, 72.352 ] ] ] } },
{ "type": "Feature", "properties": { "ID": "B122CC003839", "AdminCode": "206", "Type": "3", "LinkID": "A219AS305544", "Ref_Lane": 3, "Maker": "올포랜드", "PostID": "C619AS305130", "UpdateDate": "20181001", "Version": "2020", "Remark": "주정차금지", "HistType": null, "HistRemark": null }, "geometry": { "type": "Polygon", "coordinates": [ [ [ 127.113096491706514, 37.39322208121947, 72.954 ], [ 127.11309598405083, 37.39322205509086, 72.923 ], [ 127.113095487460498, 37.3932220381514, 72.901 ], [ 127.113094957222259, 37.393222011662303, 72.888 ], [ 127.113094404401451, 37.393221984812726, 72.883 ], [ 127.113093851580643, 37.393221957963149, 72.887 ], [ 127.11309332111648, 37.393221940482974, 72.899 ], [ 127.113092813460796, 37.393221914354363, 72.919 ], [ 127.113092362261483, 37.393221889126906, 72.947 ], [ 127.113091967292675, 37.393221873809608, 72.981 ], [ 127.113091640071531, 37.393221859573728, 73.021 ], [ 127.11309140318059, 37.393221846779774, 73.065 ], [ 127.113091256393972, 37.393221844436667, 73.112 ], [ 127.113091188646322, 37.393221843355228, 73.16 ], [ 127.113091233811417, 37.393221844076187, 73.209 ], [ 127.113091369306758, 37.393221846239065, 73.257 ], [ 127.113091594906408, 37.393221858852776, 73.302 ], [ 127.113091899544997, 37.393221872728162, 73.342 ], [ 127.113092283222542, 37.393221887865238, 73.377 ], [ 127.113092723130578, 37.393221912912431, 73.406 ], [ 127.113093219720881, 37.39322192985189, 73.428 ], [ 127.113093749959148, 37.393221956340994, 73.442 ], [ 127.113094302779956, 37.393221983190585, 73.447 ], [ 127.113094855600764, 37.393222010040162, 73.444 ], [ 127.113095386064899, 37.393222027520345, 73.432 ], [ 127.113095893720597, 37.393222053648955, 73.413 ], [ 127.113096356211187, 37.393222079056599, 73.385 ], [ 127.113096762471272, 37.393222094554154, 73.352 ], [ 127.113097089692445, 37.393222108790006, 73.312 ], [ 127.113097326583357, 37.393222121583953, 73.268 ], [ 127.113097484661253, 37.393222124107304, 73.221 ], [ 127.113097552183035, 37.393222134197664, 73.173 ], [ 127.113097518535099, 37.39322212464802, 73.124 ], [ 127.113097394331035, 37.393222122665392, 73.076 ], [ 127.113097168731386, 37.393222110051674, 73.031 ], [ 127.113096864092768, 37.393222096176295, 72.99 ], [ 127.113096491706514, 37.39322208121947, 72.954 ] ] ] } },
{ "type": "Feature", "properties": { "ID": "B122CC003840", "AdminCode": "206", "Type": "4", "LinkID": "A219AS305544", "Ref_Lane": 3, "Maker": "올포랜드", "PostID": "C619AS305130", "UpdateDate": "20181001", "Version": "2020", "Remark": "견인지역", "HistType": null, "HistRemark": null }, "geometry": { "type": "Polygon", "coordinates": [ [ [ 127.113091109833277, 37.39322183308461, 72.862 ], [ 127.113097721552194, 37.393222136901251, 72.851 ], [ 127.113097597574026, 37.393222125909702, 72.288 ], [ 127.113090985629228, 37.393221831101982, 72.299 ], [ 127.113091109833277, 37.39322183308461, 72.862 ] ] ] } },
{ "type": "Feature", "properties": { "ID": "B122CC003841", "AdminCode": "206", "Type": "3", "LinkID": "A219AS306016", "Ref_Lane": 4, "Maker": "올포랜드", "PostID": null, "UpdateDate": "20181001", "Version": "2020", "Remark": "유턴금지", "HistType": null, "HistRemark": null }, "geometry": { "type": "Polygon", "coordinates": [ [ [ 127.11304308369877, 37.393568544732155, 72.075 ], [ 127.113042926297879, 37.393568515181926, 72.011 ], [ 127.11304265688733, 37.393568447793534, 71.949 ], [ 127.113042263724012, 37.393568360404579, 71.893 ], [ 127.113041769616444, 37.39356824436662, 71.843 ], [ 127.113041185404171, 37.393568117877784, 71.802 ], [ 127.113040545187062, 37.393567972469846, 71.772 ], [ 127.113039848965116, 37.393567808142812, 71.752 ], [ 127.113039130160544, 37.393567643455306, 71.743 ], [ 127.113038400064625, 37.393567478587528, 71.746 ], [ 127.113037692551387, 37.393567314080251, 71.761 ], [ 127.113037018686228, 37.393567159122625, 71.786 ], [ 127.113036400825862, 37.393567023084074, 71.822 ], [ 127.113035873070245, 37.393566897496441, 71.868 ], [ 127.113035423676195, 37.393566800197306, 71.921 ], [ 127.113035086743622, 37.393566722718504, 71.981 ], [ 127.113034873337924, 37.393566674249172, 72.045 ], [ 127.113034783459113, 37.393566654789346, 72.111 ], [ 127.113034817333116, 37.393566655330083, 72.178 ], [ 127.113034974508054, 37.393566693889248, 72.244 ], [ 127.113035255209923, 37.393566761457912, 72.305 ], [ 127.113035648373213, 37.393566848846881, 72.362 ], [ 127.113036142480766, 37.393566964884869, 72.411 ], [ 127.113036715401705, 37.393567091193468, 72.452 ], [ 127.113037366684225, 37.393567245790599, 72.483 ], [ 127.113038063132066, 37.393567401108726, 72.502 ], [ 127.113038781936623, 37.393567565796246, 72.511 ], [ 127.113039512032543, 37.393567730664024, 72.508 ], [ 127.113040219545795, 37.393567895171294, 72.493 ], [ 127.113040893410982, 37.393568050128899, 72.467 ], [ 127.113041499980014, 37.393568185987164, 72.431 ], [ 127.113042039026979, 37.393568311755018, 72.386 ], [ 127.11304247712971, 37.39356840887389, 72.332 ], [ 127.113042814062311, 37.393568486352699, 72.273 ], [ 127.113043027468009, 37.393568534821995, 72.209 ], [ 127.113043117346848, 37.393568554281821, 72.142 ], [ 127.11304308369877, 37.393568544732155, 72.075 ] ] ] } },
{ "type": "Feature", "properties": { "ID": "B122CC003842", "AdminCode": "206", "Type": "3", "LinkID": "A219AS305814", "Ref_Lane": 3, "Maker": "올포랜드", "PostID": "C619AS305129", "UpdateDate": "20181001", "Version": "2020", "Remark": "주정차금지", "HistType": null, "HistRemark": null }, "geometry": { "type": "Polygon", "coordinates": [ [ [ 127.113098268120453, 37.394204439796816, 71.607 ], [ 127.113097760458146, 37.394204413668035, 71.554 ], [ 127.113097275378678, 37.394204387899748, 71.517 ], [ 127.113096711259232, 37.394204360869729, 71.488 ], [ 127.113096113265513, 37.394204333299001, 71.468 ], [ 127.113095470332013, 37.394204295998357, 71.457 ], [ 127.113094827172603, 37.394204267706627, 71.457 ], [ 127.113094184239102, 37.394204230405983, 71.466 ], [ 127.113093574953979, 37.394204202654983, 71.485 ], [ 127.113093010834547, 37.394204175624957, 71.514 ], [ 127.113092514463673, 37.394204149676384, 71.55 ], [ 127.11309208584133, 37.394204124809278, 71.593 ], [ 127.113091758615923, 37.394204110573305, 71.643 ], [ 127.113091521721898, 37.394204097779259, 71.696 ], [ 127.113091408807648, 37.394204095976832, 71.753 ], [ 127.113091386224795, 37.394204095616345, 71.81 ], [ 127.113091487847612, 37.394204097238536, 71.867 ], [ 127.113091702158783, 37.394204109672089, 71.921 ], [ 127.113092018092772, 37.394204123727825, 71.972 ], [ 127.113092424132248, 37.394204148234451, 72.017 ], [ 127.11309290921173, 37.394204174002773, 72.055 ], [ 127.113093462039743, 37.394204200852549, 72.085 ], [ 127.113094060033433, 37.394204228423312, 72.106 ], [ 127.113094703192857, 37.394204256715014, 72.117 ], [ 127.113095346126343, 37.394204294015672, 72.119 ], [ 127.113095989285767, 37.394204322307374, 72.11 ], [ 127.113096609636415, 37.394204359247539, 72.092 ], [ 127.113097173755847, 37.394204386277558, 72.065 ], [ 127.113097692709587, 37.394204412586582, 72.029 ], [ 127.113098121331916, 37.394204437453652, 71.986 ], [ 127.113098459848757, 37.394204451869882, 71.937 ], [ 127.113098708034215, 37.394204464844151, 71.884 ], [ 127.113098843531304, 37.394204467007057, 71.827 ], [ 127.113098866114171, 37.394204467367544, 71.77 ], [ 127.113098775782774, 37.394204465925611, 71.713 ], [ 127.113098572763008, 37.394204453672316, 71.658 ], [ 127.113098268120453, 37.394204439796816, 71.607 ] ] ] } },
{ "type": "Feature", "properties": { "ID": "B122CC003843", "AdminCode": "206", "Type": "4", "LinkID": "A219AS305814", "Ref_Lane": 3, "Maker": "올포랜드", "PostID": "C619AS305129", "UpdateDate": "20181001", "Version": "2020", "Remark": "견인지역", "HistType": null, "HistRemark": null }, "geometry": { "type": "Polygon", "coordinates": [ [ [ 127.113091226563469, 37.394204156155432, 71.422 ], [ 127.1130981922432, 37.394204312410118, 71.432 ], [ 127.11309831644887, 37.394204314392795, 70.772 ], [ 127.113091350769139, 37.394204158138095, 70.762 ], [ 127.113091226563469, 37.394204156155432, 71.422 ] ] ] } },
{ "type": "Feature", "properties": { "ID": "B122CC003844", "AdminCode": "206", "Type": "3", "LinkID": "A219AS305532", "Ref_Lane": 4, "Maker": "올포랜드", "PostID": null, "UpdateDate": "20181001", "Version": "2020", "Remark": "차높이제한4.5m", "HistType": null, "HistRemark": null }, "geometry": { "type": "Polygon", "coordinates": [ [ [ 127.11303759996396, 37.394593533800332, 70.306 ], [ 127.11303754350655, 37.39459353289908, 70.358 ], [ 127.113037385199888, 37.394593539384509, 70.409 ], [ 127.113037136561317, 37.394593544427934, 70.456 ], [ 127.113036797590908, 37.394593548029341, 70.499 ], [ 127.113036379354199, 37.394593559377938, 70.536 ], [ 127.11303590466008, 37.394593569825268, 70.566 ], [ 127.113035361991109, 37.394593588200038, 70.588 ], [ 127.11303479696511, 37.394593597205365, 70.601 ], [ 127.113034209130248, 37.394593614859112, 70.606 ], [ 127.113033621295372, 37.394593632512859, 70.601 ], [ 127.113033044977897, 37.394593641337941, 70.588 ], [ 127.113032513600402, 37.394593659892926, 70.566 ], [ 127.113032027614807, 37.394593670160006, 70.536 ], [ 127.113031609378098, 37.394593681508582, 70.499 ], [ 127.113031281699165, 37.394593685290218, 70.456 ], [ 127.113031021769118, 37.394593690153378, 70.408 ], [ 127.113030874753932, 37.394593696819044, 70.358 ], [ 127.113030818296522, 37.394593695917798, 70.306 ], [ 127.113030874753932, 37.394593696819044, 70.254 ], [ 127.113031033060594, 37.394593690333636, 70.203 ], [ 127.113031281699165, 37.394593685290218, 70.156 ], [ 127.113031620669574, 37.394593681688825, 70.113 ], [ 127.113032038906283, 37.39459367034025, 70.076 ], [ 127.113032513600402, 37.394593659892926, 70.046 ], [ 127.113033056269373, 37.394593641518178, 70.024 ], [ 127.113033621295372, 37.394593632512859, 70.011 ], [ 127.113034209130248, 37.394593614859112, 70.006 ], [ 127.11303479696511, 37.394593597205365, 70.011 ], [ 127.113035373282585, 37.394593588380275, 70.024 ], [ 127.11303590466008, 37.394593569825268, 70.046 ], [ 127.113036390645675, 37.394593559558196, 70.076 ], [ 127.113036808882384, 37.394593548209613, 70.113 ], [ 127.113037147852793, 37.394593544608178, 70.156 ], [ 127.113037396491364, 37.394593539564752, 70.204 ], [ 127.11303754350655, 37.39459353289908, 70.254 ], [ 127.11303759996396, 37.394593533800332, 70.306 ] ] ] } },
{ "type": "Feature", "properties": { "ID": "B122CC003845", "AdminCode": "206", "Type": "2", "LinkID": "A219AS306028", "Ref_Lane": 3, "Maker": "올포랜드", "PostID": null, "UpdateDate": "20181001", "Version": "2020", "Remark": "유턴", "HistType": null, "HistRemark": null }, "geometry": { "type": "Polygon", "coordinates": [ [ [ 127.11303534988663, 37.396037278522911, 68.694 ], [ 127.113035214612168, 37.396037267350906, 68.616 ], [ 127.113034921253913, 37.396037253655308, 68.542 ], [ 127.113034481329493, 37.39603722860744, 68.474 ], [ 127.113033917422314, 37.396037192567867, 68.413 ], [ 127.113033251889817, 37.396037154905954, 68.361 ], [ 127.113032484957955, 37.396037106612816, 68.321 ], [ 127.113031661567618, 37.396037057418376, 68.294 ], [ 127.113030781718791, 37.396037007322654, 68.279 ], [ 127.113029901869936, 37.396036957226912, 68.278 ], [ 127.113029022021109, 37.396036907131183, 68.291 ], [ 127.113028187339069, 37.396036857756471, 68.317 ], [ 127.113027420181282, 37.396036818472204, 68.355 ], [ 127.11302673229136, 37.396036771440826, 68.405 ], [ 127.113026156866553, 37.39603674422986, 68.465 ], [ 127.113025705876368, 37.396036709992792, 68.533 ], [ 127.11302538993472, 37.396036695936651, 68.606 ], [ 127.113025232076836, 37.39603668440413, 68.684 ], [ 127.113025220785161, 37.396036684223873, 68.762 ], [ 127.113025367351298, 37.39603669557615, 68.84 ], [ 127.113025660709553, 37.396036709271755, 68.914 ], [ 127.11302608934227, 37.396036734139393, 68.983 ], [ 127.113026653249463, 37.396036770179016, 69.043 ], [ 127.113027318781917, 37.396036807840957, 69.095 ], [ 127.113028085713779, 37.396036856134145, 69.135 ], [ 127.113028920395806, 37.396036905508872, 69.162 ], [ 127.113029788952943, 37.396036955424357, 69.177 ], [ 127.113030668801798, 37.396037005520078, 69.178 ], [ 127.113031548650625, 37.3960370556158, 69.165 ], [ 127.11303238333268, 37.396037104990505, 69.139 ], [ 127.113033150490452, 37.396037144274722, 69.1 ], [ 127.113033838380417, 37.396037191306078, 69.05 ], [ 127.113034413805224, 37.396037218517009, 68.991 ], [ 127.113034864795409, 37.396037252754034, 68.923 ], [ 127.113035180737072, 37.396037266810133, 68.849 ], [ 127.113035338594926, 37.396037278342646, 68.772 ], [ 127.11303534988663, 37.396037278522911, 68.694 ] ] ] } },
{ "type": "Feature", "properties": { "ID": "B122CC003846", "AdminCode": "206", "Type": "2", "LinkID": "A219AS305523", "Ref_Lane": 4, "Maker": "올포랜드", "PostID": "C619AS305100", "UpdateDate": "20181001", "Version": "2020", "Remark": "우측면통행", "HistType": null, "HistRemark": null }, "geometry": { "type": "Polygon", "coordinates": [ [ [ 127.112953207552366, 37.397355014107852, 63.87 ], [ 127.112952914414947, 37.397354991402999, 63.935 ], [ 127.112952745262461, 37.397354979690043, 64.004 ], [ 127.112952722678656, 37.397354979329485, 64.074 ], [ 127.112952824079784, 37.397354989960853, 64.144 ], [ 127.112953072275545, 37.397355002935704, 64.211 ], [ 127.112953444230286, 37.397355035911367, 64.273 ], [ 127.112953929103995, 37.397355070689727, 64.329 ], [ 127.112954504086929, 37.397355115919162, 64.376 ], [ 127.112955180696943, 37.397355162771007, 64.413 ], [ 127.112955902248572, 37.397355219352868, 64.44 ], [ 127.1129566802597, 37.397355276836066, 64.455 ], [ 127.112957469562716, 37.397355334499522, 64.458 ], [ 127.112958247347891, 37.397355400991614, 64.449 ], [ 127.11295900300118, 37.397355449105348, 64.428 ], [ 127.112959701969032, 37.39735550532663, 64.395 ], [ 127.112960333411479, 37.397355551457373, 64.353 ], [ 127.112960863226817, 37.397355595965706, 64.301 ], [ 127.112961291641042, 37.397355629842686, 64.242 ], [ 127.112961596070363, 37.397355652727803, 64.177 ], [ 127.112961765222863, 37.397355664440745, 64.109 ], [ 127.112961810390459, 37.397355665161818, 64.039 ], [ 127.112961708989332, 37.397355654530486, 63.969 ], [ 127.112961472085445, 37.397355641735928, 63.902 ], [ 127.112961111422607, 37.397355608940543, 63.84 ], [ 127.112960637840786, 37.397355574342484, 63.784 ], [ 127.112960062857837, 37.397355529113071, 63.736 ], [ 127.112959397539726, 37.397355482441526, 63.698 ], [ 127.112958675988068, 37.397355425859701, 63.67 ], [ 127.112957909268843, 37.397355368556767, 63.654 ], [ 127.112957119965813, 37.397355310893332, 63.651 ], [ 127.1129563419547, 37.397355253410119, 63.659 ], [ 127.112955586527377, 37.397355196287471, 63.679 ], [ 127.112954876267636, 37.397355139885896, 63.711 ], [ 127.112954244825218, 37.397355093755117, 63.753 ], [ 127.112953715009866, 37.397355049246748, 63.804 ], [ 127.112953207552366, 37.397355014107852, 63.87 ] ] ] } },
{ "type": "Feature", "properties": { "ID": "B122CC003847", "AdminCode": "206", "Type": "3", "LinkID": "A219AS305765", "Ref_Lane": 3, "Maker": "올포랜드", "PostID": "C619AS305099", "UpdateDate": "20181001", "Version": "2020", "Remark": "주정차금지", "HistType": null, "HistRemark": null }, "geometry": { "type": "Polygon", "coordinates": [ [ [ 127.113103953356372, 37.397807893848295, 67.329 ], [ 127.113103615727084, 37.397807843395988, 67.286 ], [ 127.113103255513863, 37.397807792583137, 67.253 ], [ 127.113102838840817, 37.397807740868998, 67.226 ], [ 127.113102377451796, 37.397807670416, 67.206 ], [ 127.113101881960944, 37.397807608431144, 67.193 ], [ 127.113101364338007, 37.397807528067943, 67.189 ], [ 127.11310085778112, 37.397807456893915, 67.192 ], [ 127.113100350998309, 37.397807394728787, 67.203 ], [ 127.113099878317328, 37.397807324095524, 67.222 ], [ 127.11309946187022, 37.397807263372449, 67.248 ], [ 127.113099090365054, 37.397807212379355, 67.28 ], [ 127.11309878638572, 37.397807171476721, 67.318 ], [ 127.113098561224234, 37.397807140844783, 67.36 ], [ 127.113098414880554, 37.397807120483598, 67.404 ], [ 127.113098358646667, 37.397807110573396, 67.45 ], [ 127.113098403588594, 37.397807120303341, 67.496 ], [ 127.113098516282307, 37.397807131114838, 67.541 ], [ 127.113098730151833, 37.39780716156649, 67.584 ], [ 127.11309901154722, 37.397807202108631, 67.622 ], [ 127.113099371760427, 37.397807252921481, 67.656 ], [ 127.113099788207521, 37.397807313644535, 67.683 ], [ 127.113100249822494, 37.397807375088625, 67.704 ], [ 127.113100745087394, 37.397807446082417, 67.717 ], [ 127.113101262936254, 37.397807517436689, 67.722 ], [ 127.113101769493156, 37.397807588610746, 67.719 ], [ 127.113102276050043, 37.397807659784775, 67.708 ], [ 127.113102748956976, 37.397807721409116, 67.69 ], [ 127.113103176696058, 37.397807782312405, 67.664 ], [ 127.113103547975285, 37.397807842314435, 67.632 ], [ 127.113103863246565, 37.397807883397313, 67.595 ], [ 127.113104088408093, 37.397807914029215, 67.554 ], [ 127.113104246043733, 37.397807934570665, 67.509 ], [ 127.11310430227762, 37.397807944480867, 67.463 ], [ 127.113104279919611, 37.397807935111437, 67.417 ], [ 127.113104155933939, 37.397807924119675, 67.372 ], [ 127.113103953356372, 37.397807893848295, 67.329 ] ] ] } },
{ "type": "Feature", "properties": { "ID": "B122CC003848", "AdminCode": "206", "Type": "4", "LinkID": "A219AS305765", "Ref_Lane": 3, "Maker": "올포랜드", "PostID": "C619AS305099", "UpdateDate": "20181001", "Version": "2020", "Remark": "견인지역", "HistType": null, "HistRemark": null }, "geometry": { "type": "Polygon", "coordinates": [ [ [ 127.113098166683244, 37.39780710750901, 67.174 ], [ 127.113098256567099, 37.397807126968935, 66.687 ], [ 127.113104460591074, 37.397807937995552, 66.697 ], [ 127.113104359189322, 37.397807927364305, 67.184 ], [ 127.113098166683244, 37.39780710750901, 67.174 ] ] ] } },
{ "type": "Feature", "properties": { "ID": "B122CC003849", "AdminCode": "206", "Type": "2", "LinkID": "A219AS306049", "Ref_Lane": 4, "Maker": "올포랜드", "PostID": null, "UpdateDate": "20181001", "Version": "2020", "Remark": "유턴", "HistType": null, "HistRemark": null }, "geometry": { "type": "Polygon", "coordinates": [ [ [ 127.113007470384233, 37.39814703621812, 66.616 ], [ 127.113007967910789, 37.398147017123151, 66.678 ], [ 127.113008329933152, 37.398146995864934, 66.746 ], [ 127.113008567517412, 37.398146981632713, 66.818 ], [ 127.113008657853527, 37.398146983074845, 66.893 ], [ 127.113008601393446, 37.398146982173508, 66.969 ], [ 127.113008386393247, 37.398146996766279, 67.042 ], [ 127.113008047180855, 37.398147009376096, 67.111 ], [ 127.113007572238317, 37.398147028831616, 67.174 ], [ 127.113006984149678, 37.398147055493382, 67.228 ], [ 127.11300629420694, 37.398147089541659, 67.273 ], [ 127.113005524994136, 37.398147131336977, 67.306 ], [ 127.113004710839235, 37.398147163402278, 67.327 ], [ 127.113003862582303, 37.398147203935714, 67.336 ], [ 127.1130030143254, 37.398147244469158, 67.331 ], [ 127.113002188652516, 37.398147285363102, 67.313 ], [ 127.113001408373648, 37.398147317969212, 67.283 ], [ 127.113000707138895, 37.398147351837181, 67.241 ], [ 127.113000084948254, 37.398147386967025, 67.189 ], [ 127.112999576129653, 37.398147405881716, 67.129 ], [ 127.112999202815274, 37.398147426959618, 67.061 ], [ 127.112998954164951, 37.398147432002624, 66.989 ], [ 127.112998852310881, 37.398147439389142, 66.914 ], [ 127.112998908770933, 37.398147440290487, 66.839 ], [ 127.112999101187114, 37.398147425337207, 66.766 ], [ 127.112999429107489, 37.398147412547139, 66.696 ], [ 127.112999892758012, 37.398147392911383, 66.633 ], [ 127.113000480846651, 37.398147366249674, 66.578 ], [ 127.113001159497372, 37.398147332021139, 66.533 ], [ 127.113001917192221, 37.398147299054507, 66.499 ], [ 127.113002720281074, 37.398147257800026, 66.477 ], [ 127.113003568537991, 37.398147217266605, 66.468 ], [ 127.113004416794894, 37.398147176733161, 66.471 ], [ 127.11300524224184, 37.398147144848124, 66.488 ], [ 127.113006022746646, 37.398147103233072, 66.517 ], [ 127.113006735273444, 37.398147069545338, 66.558 ], [ 127.113007470384233, 37.39814703621812, 66.616 ] ] ] } },
{ "type": "Feature", "properties": { "ID": "B122CC003850", "AdminCode": "206", "Type": "2", "LinkID": "A219AS306067", "Ref_Lane": 3, "Maker": "올포랜드", "PostID": null, "UpdateDate": "20181001", "Version": "2020", "Remark": "유턴", "HistType": null, "HistRemark": null }, "geometry": { "type": "Polygon", "coordinates": [ [ [ 127.11303016290799, 37.39965326564252, 66.93 ], [ 127.113030106446786, 37.399653264741147, 67.006 ], [ 127.1130298918942, 37.399653261315997, 67.079 ], [ 127.113029541608711, 37.3996532647365, 67.149 ], [ 127.113029067108585, 37.399653266174006, 67.211 ], [ 127.113028468619746, 37.399653256619601, 67.266 ], [ 127.113027768274776, 37.399653254451664, 67.31 ], [ 127.113026999950407, 37.399653260211011, 67.344 ], [ 127.113026175390758, 37.39965325606007, 67.364 ], [ 127.113025328246636, 37.3996532515486, 67.372 ], [ 127.11302446981027, 37.399653246856829, 67.367 ], [ 127.113023645250635, 37.399653242705888, 67.348 ], [ 127.113022854567717, 37.399653239095734, 67.317 ], [ 127.113022142930518, 37.399653236747497, 67.275 ], [ 127.113021532923483, 37.399653236021699, 67.222 ], [ 127.113021035838869, 37.39965323709864, 67.16 ], [ 127.113020651676663, 37.399653239978285, 67.092 ], [ 127.113020425831806, 37.399653236372814, 67.019 ], [ 127.113020335493886, 37.399653234930653, 66.944 ], [ 127.113020391955089, 37.399653235832012, 66.868 ], [ 127.113020606507703, 37.399653239257191, 66.794 ], [ 127.11302095679315, 37.399653235836723, 66.725 ], [ 127.113021431293291, 37.399653234399246, 66.662 ], [ 127.11302202978213, 37.399653243953679, 66.608 ], [ 127.113022730127085, 37.399653246121666, 66.563 ], [ 127.113023498451497, 37.399653240362355, 66.53 ], [ 127.113024323011103, 37.399653244513289, 66.51 ], [ 127.113025181447469, 37.399653249205066, 66.502 ], [ 127.113026028591591, 37.399653253716558, 66.507 ], [ 127.113026864443484, 37.399653258047742, 66.526 ], [ 127.113027643834158, 37.399653261477596, 66.557 ], [ 127.113028355471357, 37.39965326382579, 66.6 ], [ 127.113028965478406, 37.399653264551553, 66.652 ], [ 127.113029473855264, 37.399653263654869, 66.714 ], [ 127.113029846725212, 37.399653260594917, 66.782 ], [ 127.113030072570055, 37.399653264200339, 66.855 ], [ 127.11303016290799, 37.39965326564252, 66.93 ] ] ] } },
{ "type": "Feature", "properties": { "ID": "B122CC003851", "AdminCode": "206", "Type": "2", "LinkID": "A219AS305724", "Ref_Lane": 4, "Maker": "올포랜드", "PostID": "C619AS305126", "UpdateDate": "20181001", "Version": "2020", "Remark": "천천히", "HistType": null, "HistRemark": null }, "geometry": { "type": "Polygon", "coordinates": [ [ [ 127.113117685163886, 37.400264225036793, 67.814 ], [ 127.113123958278877, 37.400264541478457, 68.778 ], [ 127.113111412048937, 37.400263908594823, 68.779 ], [ 127.113117685163886, 37.400264225036793, 67.814 ] ] ] } },
{ "type": "Feature", "properties": { "ID": "B122CC003852", "AdminCode": "206", "Type": "3", "LinkID": "A219AS305725", "Ref_Lane": 4, "Maker": "올포랜드", "PostID": "C619AS305125", "UpdateDate": "20181001", "Version": "2020", "Remark": "주정차금지", "HistType": null, "HistRemark": null }, "geometry": { "type": "Polygon", "coordinates": [ [ [ 127.113140149570114, 37.400331087073425, 68.795 ], [ 127.113140566709006, 37.400331120769927, 68.824 ], [ 127.113140905027421, 37.400331144195682, 68.858 ], [ 127.113141186884135, 37.400331166720136, 68.898 ], [ 127.113141378628043, 37.400331178793529, 68.941 ], [ 127.113141491325536, 37.400331189605076, 68.986 ], [ 127.113141502617879, 37.400331189785348, 69.032 ], [ 127.11314143486382, 37.400331188703767, 69.078 ], [ 127.113141265704584, 37.400331176990889, 69.123 ], [ 127.113141017724914, 37.400331155007251, 69.164 ], [ 127.113140701991171, 37.400331131942039, 69.2 ], [ 127.113140307436979, 37.400331098606046, 69.231 ], [ 127.113139867713414, 37.400331064548979, 69.256 ], [ 127.113139382820449, 37.400331029770868, 69.273 ], [ 127.113138875568765, 37.400330985623327, 69.282 ], [ 127.113138356798771, 37.400330950304422, 69.284 ], [ 127.113137838254744, 37.400330905976595, 69.277 ], [ 127.113137342069436, 37.400330871018227, 69.263 ], [ 127.113136879761186, 37.400330836600638, 69.241 ], [ 127.113136462622307, 37.400330802904101, 69.212 ], [ 127.113136113011535, 37.400330779298073, 69.178 ], [ 127.113135842447164, 37.400330756953892, 69.138 ], [ 127.113135650703285, 37.400330744880485, 69.095 ], [ 127.113135538005778, 37.400330734068909, 69.05 ], [ 127.113135526713435, 37.400330733888644, 69.003 ], [ 127.113135594467508, 37.400330734970247, 68.957 ], [ 127.113135763626715, 37.400330746683132, 68.913 ], [ 127.1131360116064, 37.400330768666777, 68.872 ], [ 127.113136327340129, 37.40033079173201, 68.836 ], [ 127.113136721894321, 37.400330825068004, 68.805 ], [ 127.1131371616179, 37.400330859125077, 68.78 ], [ 127.113137646510836, 37.400330893903188, 68.763 ], [ 127.113138153762534, 37.400330938050743, 68.754 ], [ 127.113138683824857, 37.400330973549927, 68.752 ], [ 127.113139191076556, 37.400331017697475, 68.759 ], [ 127.113139687261835, 37.400331052655844, 68.773 ], [ 127.113140149570114, 37.400331087073425, 68.795 ] ] ] } },
{ "type": "Feature", "properties": { "ID": "B122CC003853", "AdminCode": "206", "Type": "4", "LinkID": "A219AS305725", "Ref_Lane": 4, "Maker": "올포랜드", "PostID": "C619AS305125", "UpdateDate": "20181001", "Version": "2020", "Remark": "견인지역", "HistType": null, "HistRemark": null }, "geometry": { "type": "Polygon", "coordinates": [ [ [ 127.113135875646336, 37.400330784521444, 68.71 ], [ 127.113136202672408, 37.400330807766956, 68.178 ], [ 127.11314181767375, 37.400331239877339, 68.206 ], [ 127.113141490873616, 37.400331207622919, 68.738 ], [ 127.113135875646336, 37.400330784521444, 68.71 ] ] ] } },
{ "type": "Feature", "properties": { "ID": "B122CC003854", "AdminCode": "206", "Type": "2", "LinkID": "A219AS305703", "Ref_Lane": 4, "Maker": "올포랜드", "PostID": "C619AS305115", "UpdateDate": "20181001", "Version": "2020", "Remark": "우측면통행", "HistType": null, "HistRemark": null }, "geometry": { "type": "Polygon", "coordinates": [ [ [ 127.112968833739728, 37.401121886960155, 67.703 ], [ 127.112968052751981, 37.401121946591928, 67.735 ], [ 127.112967215301936, 37.401122005322271, 67.755 ], [ 127.112966355040996, 37.401122072700957, 67.761 ], [ 127.112965494780042, 37.40112214007965, 67.754 ], [ 127.112964657329996, 37.401122198809972, 67.734 ], [ 127.112963876342249, 37.40112225844171, 67.701 ], [ 127.112963163335266, 37.401122310146242, 67.657 ], [ 127.112962552186417, 37.401122354464398, 67.602 ], [ 127.112962065480644, 37.401122391756765, 67.539 ], [ 127.112961703217906, 37.401122422023327, 67.47 ], [ 127.112961476916709, 37.401122436435486, 67.395 ], [ 127.112961408935959, 37.401122444362699, 67.319 ], [ 127.11296148820918, 37.401122436615765, 67.242 ], [ 127.112961714510377, 37.401122422203613, 67.168 ], [ 127.112962076773087, 37.401122391937044, 67.098 ], [ 127.112962574771331, 37.401122354824963, 67.035 ], [ 127.11296319721265, 37.401122310687086, 66.981 ], [ 127.112963898927163, 37.401122258802268, 66.937 ], [ 127.112964691207381, 37.401122199350802, 66.905 ], [ 127.112965528883393, 37.401122131611594, 66.885 ], [ 127.11296638891838, 37.401122073241808, 66.879 ], [ 127.112967249179349, 37.401122005863115, 66.886 ], [ 127.112968086629394, 37.401121947132779, 66.906 ], [ 127.112968867617113, 37.401121887500999, 66.939 ], [ 127.112969569331639, 37.401121835616173, 66.983 ], [ 127.112970180480474, 37.401121791297975, 67.038 ], [ 127.112970678478717, 37.401121754185858, 67.101 ], [ 127.112971040741428, 37.401121723919246, 67.171 ], [ 127.112971255750153, 37.401121709326809, 67.245 ], [ 127.112971323730932, 37.401121701399582, 67.322 ], [ 127.112971244457711, 37.40112170914653, 67.399 ], [ 127.112971018156486, 37.401121723558688, 67.473 ], [ 127.112970655893776, 37.401121753825286, 67.542 ], [ 127.112970146603089, 37.401121790757131, 67.605 ], [ 127.112969535454241, 37.401121835075315, 67.659 ], [ 127.112968833739728, 37.401121886960155, 67.703 ] ] ] } },
{ "type": "Feature", "properties": { "ID": "B122CC003855", "AdminCode": "206", "Type": "3", "LinkID": "A219AS305697", "Ref_Lane": 3, "Maker": "올포랜드", "PostID": "C619AS305124", "UpdateDate": "20181001", "Version": "2020", "Remark": "주정차금지", "HistType": null, "HistRemark": null }, "geometry": { "type": "Polygon", "coordinates": [ [ [ 127.113110554153735, 37.401924497612001, 72.365 ], [ 127.113110183532186, 37.401924410582765, 72.318 ], [ 127.113109790551476, 37.401924314184043, 72.282 ], [ 127.11310935262641, 37.401924208055306, 72.253 ], [ 127.113108858690353, 37.401924083007373, 72.232 ], [ 127.113108330876571, 37.401923957418596, 72.219 ], [ 127.113107780703558, 37.40192382246039, 72.214 ], [ 127.113107241823172, 37.401923687682412, 72.219 ], [ 127.11310671400939, 37.40192356209365, 72.231 ], [ 127.113106219847367, 37.40192344605461, 72.253 ], [ 127.113105770855682, 37.401923330736679, 72.281 ], [ 127.113105388941605, 37.401923243527143, 72.317 ], [ 127.113105063264456, 37.401923166227867, 72.358 ], [ 127.113104838768621, 37.401923108568887, 72.404 ], [ 127.113104692868916, 37.401923070189689, 72.452 ], [ 127.113104636631974, 37.401923060279387, 72.503 ], [ 127.113104681576345, 37.40192307000941, 72.553 ], [ 127.113104816409418, 37.401923099199422, 72.602 ], [ 127.113105040905268, 37.401923156858373, 72.648 ], [ 127.113105343997233, 37.401923233797106, 72.69 ], [ 127.113105725911325, 37.401923321006656, 72.726 ], [ 127.113106175128976, 37.401923427315694, 72.755 ], [ 127.113106669065019, 37.401923552363648, 72.777 ], [ 127.11310718558623, 37.401923677772139, 72.791 ], [ 127.113107735759215, 37.401923812730352, 72.796 ], [ 127.113108274639629, 37.401923947508308, 72.793 ], [ 127.113108802453425, 37.401924073097071, 72.781 ], [ 127.113109307682066, 37.401924198325283, 72.76 ], [ 127.113109756899718, 37.401924304634285, 72.732 ], [ 127.113110149880427, 37.401924401033021, 72.697 ], [ 127.113110475557562, 37.401924478332255, 72.656 ], [ 127.113110722638595, 37.401924536351792, 72.61 ], [ 127.1131108685383, 37.401924574730998, 72.562 ], [ 127.113110935841846, 37.401924593830472, 72.511 ], [ 127.113110902190073, 37.401924584280735, 72.461 ], [ 127.113110767582938, 37.40192454608178, 72.412 ], [ 127.113110554153735, 37.401924497612001, 72.365 ] ] ] } },
{ "type": "Feature", "properties": { "ID": "B122CC003856", "AdminCode": "206", "Type": "4", "LinkID": "A219AS305697", "Ref_Lane": 3, "Maker": "올포랜드", "PostID": "C619AS305124", "UpdateDate": "20181001", "Version": "2020", "Remark": "견인지역", "HistType": null, "HistRemark": null }, "geometry": { "type": "Polygon", "coordinates": [ [ [ 127.113104433365478, 37.401923057034445, 72.194 ], [ 127.113104478083869, 37.401923075773382, 71.612 ], [ 127.113111094389978, 37.401924578336455, 71.617 ], [ 127.113111038378989, 37.401924559417267, 72.199 ], [ 127.113104433365478, 37.401923057034445, 72.194 ] ] ] } },
{ "type": "Feature", "properties": { "ID": "B122CC003857", "AdminCode": "206", "Type": "2", "LinkID": "A219AS305703", "Ref_Lane": 3, "Maker": "올포랜드", "PostID": "C619AS305116", "UpdateDate": "20181001", "Version": "2020", "Remark": "우측면통행", "HistType": null, "HistRemark": null }, "geometry": { "type": "Polygon", "coordinates": [ [ [ 127.112962719301507, 37.401909673184754, 68.939 ], [ 127.112962177709633, 37.40190964651314, 69.006 ], [ 127.112961771628733, 37.401909622004972, 69.08 ], [ 127.112961512125366, 37.401909608849436, 69.16 ], [ 127.112961421784746, 37.401909607407127, 69.242 ], [ 127.112961489540226, 37.401909608488864, 69.324 ], [ 127.112961715165824, 37.40190962110352, 69.404 ], [ 127.112962087369013, 37.401909645070845, 69.48 ], [ 127.112962606375717, 37.401909671381873, 69.548 ], [ 127.11296324960081, 37.401909699676089, 69.608 ], [ 127.11296400552574, 37.401909738782066, 69.656 ], [ 127.112964840498719, 37.401909779150053, 69.693 ], [ 127.112965731708613, 37.401909829428412, 69.716 ], [ 127.112966657022227, 37.401909871238686, 69.725 ], [ 127.112967582109889, 37.401909922057868, 69.72 ], [ 127.112968484612352, 37.401909972516471, 69.7 ], [ 127.112969330877931, 37.401910013064722, 69.667 ], [ 127.112970109388002, 37.40191005253125, 69.622 ], [ 127.112970786264867, 37.401910090375175, 69.565 ], [ 127.11297133914934, 37.401910117227054, 69.499 ], [ 127.112971756522839, 37.401910141915486, 69.425 ], [ 127.112972016026205, 37.401910155070986, 69.346 ], [ 127.112972128952009, 37.401910156873868, 69.265 ], [ 127.1129720724891, 37.401910155972423, 69.182 ], [ 127.112971858156072, 37.401910143538061, 69.102 ], [ 127.112971497019473, 37.401910128760001, 69.027 ], [ 127.112970989305325, 37.401910102629266, 68.958 ], [ 127.112970357598797, 37.40191006550647, 68.897 ], [ 127.112969612966438, 37.401910026580801, 68.848 ], [ 127.112968789286029, 37.401909986393136, 68.811 ], [ 127.112967898076135, 37.401909936114819, 68.786 ], [ 127.112966984055106, 37.401909894484824, 68.776 ], [ 127.112966058967459, 37.401909843665635, 68.78 ], [ 127.112965156238999, 37.40190980221594, 68.799 ], [ 127.112964298906846, 37.401909752478453, 68.83 ], [ 127.112963520396747, 37.401909713011889, 68.875 ], [ 127.112962719301507, 37.401909673184754, 68.939 ] ] ] } },
{ "type": "Feature", "properties": { "ID": "B122CC003858", "AdminCode": "206", "Type": "2", "LinkID": "A219AS306085", "Ref_Lane": 2, "Maker": "올포랜드", "PostID": null, "UpdateDate": "20181001", "Version": "2020", "Remark": "유턴", "HistType": null, "HistRemark": null }, "geometry": { "type": "Polygon", "coordinates": [ [ [ 127.112999484441531, 37.403032688706801, 74.311 ], [ 127.112998783613136, 37.403032704555649, 74.244 ], [ 127.112998105596205, 37.403032711756175, 74.198 ], [ 127.112997359822771, 37.40303271787495, 74.164 ], [ 127.112996546066853, 37.403032731920916, 74.141 ], [ 127.112995709725453, 37.403032745606282, 74.131 ], [ 127.112994862091298, 37.403032759111376, 74.133 ], [ 127.112994025749884, 37.403032772796749, 74.149 ], [ 127.112993234579477, 37.403032787203266, 74.177 ], [ 127.112992522684294, 37.403032793862877, 74.217 ], [ 127.112991889838369, 37.403032801784519, 74.268 ], [ 127.112991358627156, 37.40303281132875, 74.327 ], [ 127.112990962928961, 37.403032823036455, 74.393 ], [ 127.112990691676984, 37.403032827718441, 74.465 ], [ 127.112990567456748, 37.403032825735259, 74.539 ], [ 127.112990601334999, 37.403032826276124, 74.614 ], [ 127.112990770952223, 37.40303281997155, 74.688 ], [ 127.112991076082452, 37.40303281583045, 74.758 ], [ 127.112991528018412, 37.403032814033097, 74.823 ], [ 127.112992081815094, 37.40303280484946, 74.879 ], [ 127.112992748765279, 37.40303278845974, 74.926 ], [ 127.112993494538685, 37.403032782340986, 74.963 ], [ 127.112994308294617, 37.403032768295049, 74.987 ], [ 127.112995144636017, 37.403032754609683, 74.998 ], [ 127.112995992270186, 37.40303274110461, 74.997 ], [ 127.112996828611585, 37.403032727419223, 74.983 ], [ 127.112997630848753, 37.403032722201878, 74.956 ], [ 127.112998365555427, 37.403032706893896, 74.917 ], [ 127.112999009694107, 37.403032699152504, 74.867 ], [ 127.112999540905292, 37.403032689608231, 74.809 ], [ 127.112999959188997, 37.403032678261077, 74.743 ], [ 127.113000241733715, 37.403032673759363, 74.672 ], [ 127.113000388539447, 37.403032676103109, 74.597 ], [ 127.113000377246692, 37.40303267592283, 74.522 ], [ 127.113000218922224, 37.403032682407698, 74.447 ], [ 127.112999925084736, 37.403032686729127, 74.376 ], [ 127.112999484441531, 37.403032688706801, 74.311 ] ] ] } },
{ "type": "Feature", "properties": { "ID": "B122CC003859", "AdminCode": "206", "Type": "3", "LinkID": "A219AS306085", "Ref_Lane": 3, "Maker": "올포랜드", "PostID": null, "UpdateDate": "20181001", "Version": "2020", "Remark": "최고속도제한60", "HistType": null, "HistRemark": null }, "geometry": { "type": "Polygon", "coordinates": [ [ [ 127.113041732865156, 37.403156221890285, 76.643 ], [ 127.113041550818252, 37.403156723685179, 76.582 ], [ 127.113041369449334, 37.403157198453343, 76.54 ], [ 127.113041175431675, 37.403157727094701, 76.508 ], [ 127.113040968991342, 37.403158300600346, 76.487 ], [ 127.11304075058024, 37.403158900952441, 76.478 ], [ 127.113040532169123, 37.403159501304543, 76.481 ], [ 127.113040325502794, 37.403160083819081, 76.496 ], [ 127.113040119514395, 37.403160639306904, 76.523 ], [ 127.113039937241467, 37.403161150110705, 76.56 ], [ 127.113039779362012, 37.403161589203776, 76.606 ], [ 127.113039645875986, 37.403161956586118, 76.661 ], [ 127.113039537009413, 37.403162243248786, 76.723 ], [ 127.11303947602579, 37.403162422525632, 76.789 ], [ 127.113039439887601, 37.403162512073919, 76.858 ], [ 127.113039451858342, 37.403162485227448, 76.927 ], [ 127.113039500193253, 37.40316235982381, 76.995 ], [ 127.113039573599593, 37.403162135682678, 77.059 ], [ 127.113039694436907, 37.403161822173537, 77.119 ], [ 127.11303984011964, 37.403161418935838, 77.17 ], [ 127.113040009969865, 37.403160952996316, 77.214 ], [ 127.113040203987509, 37.403160424354965, 77.247 ], [ 127.113040410427871, 37.40315985084932, 77.269 ], [ 127.113040628838988, 37.403159250497232, 77.279 ], [ 127.113040847250062, 37.403158650145144, 77.277 ], [ 127.1130410541424, 37.403158058621656, 77.263 ], [ 127.1130412601308, 37.403157503133848, 77.238 ], [ 127.113041453922449, 37.40315698350139, 77.202 ], [ 127.113041612027871, 37.403156535399411, 77.156 ], [ 127.113041757258614, 37.403156150179534, 77.102 ], [ 127.113041854832417, 37.403155863336586, 77.041 ], [ 127.113041927560758, 37.403155666222176, 76.975 ], [ 127.113041963924957, 37.403155567664975, 76.906 ], [ 127.113041963472952, 37.403155585682804, 76.836 ], [ 127.113041915590031, 37.403155693068634, 76.768 ], [ 127.1130418424097, 37.403155908200844, 76.703 ], [ 127.113041732865156, 37.403156221890285, 76.643 ] ] ] } },
{ "type": "Feature", "properties": { "ID": "B122CC003860", "AdminCode": "206", "Type": "2", "LinkID": "A219AS305481", "Ref_Lane": 4, "Maker": "올포랜드", "PostID": "C619AS305101", "UpdateDate": "20181001", "Version": "2020", "Remark": "우측면통행", "HistType": null, "HistRemark": null }, "geometry": { "type": "Polygon", "coordinates": [ [ [ 127.112192176525895, 37.40325076116693, 70.669 ], [ 127.11219258917032, 37.403250524419569, 70.631 ], [ 127.112193036145243, 37.403250270195493, 70.603 ], [ 127.112193506157922, 37.403249998314323, 70.584 ], [ 127.112194010501099, 37.40324970895643, 70.575 ], [ 127.112194515070357, 37.403249410589623, 70.575 ], [ 127.112195019413534, 37.40324912123171, 70.584 ], [ 127.112195500718954, 37.403248849530904, 70.603 ], [ 127.112195936401079, 37.403248595126442, 70.631 ], [ 127.112196326233828, 37.403248367027246, 70.667 ], [ 127.112196658472257, 37.403248183070765, 70.71 ], [ 127.112196910756879, 37.403248033887358, 70.758 ], [ 127.112197082861613, 37.403247928485939, 70.81 ], [ 127.112197174560364, 37.403247875875401, 70.865 ], [ 127.112197174560364, 37.403247875875401, 70.92 ], [ 127.112197094154382, 37.403247928666303, 70.975 ], [ 127.112196922275729, 37.403248025058801, 71.027 ], [ 127.112196669991107, 37.403248174242229, 71.076 ], [ 127.112196337752707, 37.403248358198717, 71.118 ], [ 127.112195947919957, 37.403248586297913, 71.154 ], [ 127.112195512237804, 37.403248840702368, 71.182 ], [ 127.112195030932384, 37.403249112403188, 71.201 ], [ 127.112194526589235, 37.403249401761073, 71.211 ], [ 127.112194022019949, 37.403249700127859, 71.212 ], [ 127.112193517676801, 37.403249989485779, 71.202 ], [ 127.112193036371352, 37.403250261186578, 71.184 ], [ 127.112192600689198, 37.403250515591026, 71.156 ], [ 127.112192210856421, 37.403250743690208, 71.121 ], [ 127.112191878391897, 37.403250936655589, 71.078 ], [ 127.112191614814463, 37.403251085658631, 71.03 ], [ 127.112191442709715, 37.403251191060043, 70.978 ], [ 127.112191351010964, 37.403251243670567, 70.923 ], [ 127.112191339718194, 37.403251243490196, 70.868 ], [ 127.112191431416946, 37.403251190879665, 70.813 ], [ 127.112191603295599, 37.403251094487153, 70.76 ], [ 127.112191844061371, 37.403250954132297, 70.712 ], [ 127.112192176525895, 37.40325076116693, 70.669 ] ] ] } },
{ "type": "Feature", "properties": { "ID": "B122CC003861", "AdminCode": "206", "Type": "3", "LinkID": "A219AS305481", "Ref_Lane": 4, "Maker": "올포랜드", "PostID": "C619AS305123", "UpdateDate": "20181001", "Version": "2020", "Remark": "천천히", "HistType": null, "HistRemark": null }, "geometry": { "type": "Polygon", "coordinates": [ [ [ 127.111961485610195, 37.403372737950178, 71.507 ], [ 127.11196102201977, 37.403369603200467, 72.114 ], [ 127.111961949200619, 37.403375872699861, 72.114 ], [ 127.111961485610195, 37.403372737950178, 71.507 ] ] ] } },
{ "type": "Feature", "properties": { "ID": "B122CC003862", "AdminCode": "206", "Type": "3", "LinkID": "A219AS305481", "Ref_Lane": 4, "Maker": "올포랜드", "PostID": "C619AS305123", "UpdateDate": "20181001", "Version": "2020", "Remark": "주정차금지", "HistType": null, "HistRemark": null }, "geometry": { "type": "Polygon", "coordinates": [ [ [ 127.111957615626807, 37.403370738439968, 75.893 ], [ 127.111957611117631, 37.403370467992346, 75.854 ], [ 127.111957618127377, 37.403370188716181, 75.826 ], [ 127.111957614748789, 37.40336987322403, 75.804 ], [ 127.11195761204857, 37.403369530705149, 75.788 ], [ 127.111957610026707, 37.403369161159539, 75.778 ], [ 127.111957608004872, 37.403368791613921, 75.776 ], [ 127.111957606209131, 37.403368413059418, 75.782 ], [ 127.111957603735036, 37.403368061531587, 75.794 ], [ 127.111957600808694, 37.403367728021621, 75.813 ], [ 127.111957597204011, 37.403367421538363, 75.838 ], [ 127.111957592242604, 37.403367169108549, 75.868 ], [ 127.111957597443364, 37.403366961903664, 75.903 ], [ 127.11195758976848, 37.403366817580753, 75.941 ], [ 127.111957592029711, 37.403366727491665, 75.982 ], [ 127.111957592481929, 37.40336670947385, 76.023 ], [ 127.111957591351327, 37.403366754518395, 76.065 ], [ 127.11195759993069, 37.403366862805683, 76.105 ], [ 127.111957595860517, 37.403367024966023, 76.142 ], [ 127.111957601500308, 37.403367250369115, 76.175 ], [ 127.111957594716685, 37.403367520636351, 76.204 ], [ 127.111957598095245, 37.403367836128524, 76.227 ], [ 127.111957600795463, 37.403368178647398, 76.244 ], [ 127.111957602817327, 37.403368548193015, 76.254 ], [ 127.111957604613053, 37.403368926747525, 76.256 ], [ 127.111957606634917, 37.403369296293135, 76.252 ], [ 127.111957608882875, 37.403369656829852, 76.24 ], [ 127.111957611809217, 37.403369990339826, 76.222 ], [ 127.111957615413928, 37.403370296823084, 76.197 ], [ 127.111957620149212, 37.403370558261805, 76.167 ], [ 127.111957614722328, 37.40337077447559, 76.133 ], [ 127.111957610878278, 37.40337092762703, 76.095 ], [ 127.111957619909859, 37.403371017896497, 76.054 ], [ 127.111957619231518, 37.403371044923205, 76.012 ], [ 127.111957620135982, 37.403371008887589, 75.971 ], [ 127.111957611556633, 37.403370900600308, 75.931 ], [ 127.111957615626807, 37.403370738439968, 75.893 ] ] ] } },
{ "type": "Feature", "properties": { "ID": "B122CC003863", "AdminCode": "206", "Type": "4", "LinkID": "A219AS305481", "Ref_Lane": 4, "Maker": "올포랜드", "PostID": "C619AS305123", "UpdateDate": "20181001", "Version": "2020", "Remark": "견인지역", "HistType": null, "HistRemark": null }, "geometry": { "type": "Polygon", "coordinates": [ [ [ 127.111957531721686, 37.403366879741164, 75.763 ], [ 127.111957677504435, 37.403370973753908, 75.749 ], [ 127.111957680896239, 37.403370838620297, 75.269 ], [ 127.111957535113504, 37.403366744607538, 75.283 ], [ 127.111957531721686, 37.403366879741164, 75.763 ] ] ] } },
{ "type": "Feature", "properties": { "ID": "B122CC003864", "AdminCode": "206", "Type": "3", "LinkID": "A219AS305643", "Ref_Lane": 3, "Maker": "올포랜드", "PostID": "C619AS305096", "UpdateDate": "20181001", "Version": "2020", "Remark": "최고속도제한60", "HistType": null, "HistRemark": null }, "geometry": { "type": "Polygon", "coordinates": [ [ [ 127.111670246693791, 37.40332929551294, 77.211 ], [ 127.111670228631311, 37.403329114973992, 77.145 ], [ 127.111670213282693, 37.403328826328149, 77.083 ], [ 127.111670189128986, 37.403328438403925, 77.027 ], [ 127.111670155491709, 37.403327978228013, 76.98 ], [ 127.1116701236637, 37.403327445980878, 76.942 ], [ 127.111670081673694, 37.403326868508778, 76.915 ], [ 127.111670040814431, 37.403326245992147, 76.899 ], [ 127.111670000181306, 37.403325614466624, 76.896 ], [ 127.111669959322043, 37.403324991949994, 76.905 ], [ 127.111669918010492, 37.403324387451185, 76.926 ], [ 127.11166987556814, 37.403323827996893, 76.958 ], [ 127.111669842835511, 37.403323331785373, 77.001 ], [ 127.11166981981259, 37.403322898816612, 77.053 ], [ 127.111669794301946, 37.403322564945839, 77.112 ], [ 127.111669777822556, 37.403322321344518, 77.176 ], [ 127.111669769922074, 37.403322186030508, 77.245 ], [ 127.111669759533925, 37.403322149814471, 77.315 ], [ 127.111669768791302, 37.403322231075045, 77.384 ], [ 127.111669786627644, 37.403322420622914, 77.451 ], [ 127.111669801750097, 37.40332271827765, 77.514 ], [ 127.111669826129955, 37.403323097192995, 77.569 ], [ 127.111669859541081, 37.403323566377786, 77.617 ], [ 127.11166989136909, 37.403324098624921, 77.654 ], [ 127.11166993335911, 37.403324676097036, 77.681 ], [ 127.111669974444524, 37.40332528960473, 77.697 ], [ 127.111670015077635, 37.403325921130261, 77.7 ], [ 127.111670055710718, 37.403326552655798, 77.69 ], [ 127.111670097248449, 37.403327148145713, 77.669 ], [ 127.111670139690801, 37.403327707599992, 77.637 ], [ 127.111670172197279, 37.403328212820426, 77.594 ], [ 127.111670206739149, 37.40332863696068, 77.543 ], [ 127.111670220730844, 37.40332897965996, 77.484 ], [ 127.111670237436385, 37.403329214252373, 77.419 ], [ 127.111670245336867, 37.403329349566377, 77.35 ], [ 127.111670255951182, 37.403329376773527, 77.28 ], [ 127.111670246693791, 37.40332929551294, 77.211 ] ] ] } },
{ "type": "Feature", "properties": { "ID": "B122CC003865", "AdminCode": "206", "Type": "3", "LinkID": "A219AS305635", "Ref_Lane": 3, "Maker": "올포랜드", "PostID": null, "UpdateDate": "20181001", "Version": "2020", "Remark": "차높이제한4.5m", "HistType": null, "HistRemark": null }, "geometry": { "type": "Polygon", "coordinates": [ [ [ 127.111074961875516, 37.403298523052605, 76.623 ], [ 127.111075159716094, 37.403298742514828, 76.659 ], [ 127.111075381499546, 37.403298908284555, 76.699 ], [ 127.111075627904611, 37.403298993335106, 76.74 ], [ 127.111075864826688, 37.403299006133935, 76.783 ], [ 127.111076114851343, 37.403298947042025, 76.825 ], [ 127.111076344100255, 37.403298815517942, 76.865 ], [ 127.111076563866206, 37.403298611742144, 76.902 ], [ 127.111076762630162, 37.403298344543103, 76.935 ], [ 127.111076928646924, 37.403298031758098, 76.963 ], [ 127.111077073435467, 37.403297664558728, 76.985 ], [ 127.111077173731587, 37.403297269610768, 77.001 ], [ 127.111077229535283, 37.403296846914195, 77.01 ], [ 127.111077251460642, 37.403296423676217, 77.011 ], [ 127.11107722821491, 37.403295999716327, 77.005 ], [ 127.111077159345598, 37.403295593052363, 76.992 ], [ 127.11107705591931, 37.403295212873701, 76.972 ], [ 127.111076917709781, 37.403294868189221, 76.946 ], [ 127.111076744038371, 37.403294586025631, 76.914 ], [ 127.111076535357483, 37.403294348365172, 76.878 ], [ 127.111076324866801, 37.403294182775916, 76.839 ], [ 127.111076089980756, 37.403294088896949, 76.798 ], [ 127.11107584176591, 37.403294075917628, 76.756 ], [ 127.111075603260261, 37.403294126181109, 76.714 ], [ 127.111075362944831, 37.403294248515827, 76.674 ], [ 127.111075143405131, 37.403294443282704, 76.636 ], [ 127.111074944867411, 37.403294701472859, 76.603 ], [ 127.11107477885065, 37.403295014257857, 76.574 ], [ 127.1110746342883, 37.403295372448312, 76.551 ], [ 127.111074533992181, 37.403295767396273, 76.535 ], [ 127.111074467121909, 37.403296180903475, 76.526 ], [ 127.111074445196536, 37.403296604141438, 76.524 ], [ 127.111074457149471, 37.403297027920857, 76.529 ], [ 127.111074526018768, 37.403297434584822, 76.541 ], [ 127.11107461792605, 37.403297823591927, 76.561 ], [ 127.111074756361788, 37.403298159267507, 76.586 ], [ 127.111074961875516, 37.403298523052605, 76.623 ] ] ] } },
{ "type": "Feature", "properties": { "ID": "B122CC003866", "AdminCode": "206", "Type": "2", "LinkID": "A219AS305632", "Ref_Lane": 4, "Maker": "올포랜드", "PostID": "C619AS305095", "UpdateDate": "20181001", "Version": "2020", "Remark": "우측면통행", "HistType": null, "HistRemark": null }, "geometry": { "type": "Polygon", "coordinates": [ [ [ 127.110336311454304, 37.403212570164044, 74.65 ], [ 127.110336437937761, 37.403212482061022, 74.683 ], [ 127.11033650705221, 37.403212429090892, 74.718 ], [ 127.110336529864043, 37.403212420443076, 74.755 ], [ 127.110336495533133, 37.403212437919251, 74.791 ], [ 127.110336414899635, 37.403212499717739, 74.826 ], [ 127.110336276897073, 37.403212596649112, 74.859 ], [ 127.110336093044538, 37.403212719885012, 74.888 ], [ 127.110335863115736, 37.403212878434346, 74.913 ], [ 127.110335609922458, 37.403213063649275, 74.933 ], [ 127.110335322624607, 37.403213257331466, 74.948 ], [ 127.110335023581356, 37.403213468850929, 74.957 ], [ 127.110334724538092, 37.403213680370385, 74.96 ], [ 127.110334413975735, 37.403213900718207, 74.956 ], [ 127.110334115158835, 37.403214103228763, 74.946 ], [ 127.110333839153711, 37.403214297091509, 74.93 ], [ 127.110333586186741, 37.403214473297538, 74.909 ], [ 127.110333367776974, 37.403214623018499, 74.883 ], [ 127.11033319521718, 37.403214746434948, 74.853 ], [ 127.110333068733723, 37.403214834537941, 74.82 ], [ 127.110332988326519, 37.403214887327536, 74.784 ], [ 127.110332965288393, 37.403214904984246, 74.748 ], [ 127.110332999619303, 37.403214887508078, 74.712 ], [ 127.110333080252801, 37.403214825709597, 74.677 ], [ 127.110333218029041, 37.403214737787131, 74.644 ], [ 127.110333390588835, 37.403214614370711, 74.615 ], [ 127.110333609224895, 37.403214455640828, 74.589 ], [ 127.110333862191865, 37.403214279434799, 74.568 ], [ 127.110334149489745, 37.403214085752587, 74.553 ], [ 127.110334448532996, 37.403213874233138, 74.544 ], [ 127.110334747576246, 37.403213662713675, 74.541 ], [ 127.11033505813856, 37.403213442365875, 74.544 ], [ 127.110335356955517, 37.403213239855305, 74.554 ], [ 127.110335632960613, 37.403213045992565, 74.569 ], [ 127.110335885927555, 37.403212869786515, 74.59 ], [ 127.110336104563629, 37.403212711056639, 74.615 ], [ 127.110336311454304, 37.403212570164044, 74.65 ] ] ] } },
{ "type": "Feature", "properties": { "ID": "B122CC003867", "AdminCode": "206", "Type": "3", "LinkID": "A219AS305635", "Ref_Lane": 3, "Maker": "올포랜드", "PostID": "C619AS305094", "UpdateDate": "20181001", "Version": "2020", "Remark": "주정차금지", "HistType": null, "HistRemark": null }, "geometry": { "type": "Polygon", "coordinates": [ [ [ 127.110548409236387, 37.403340658096099, 79.054 ], [ 127.110548398622441, 37.403340630888877, 79.103 ], [ 127.110548389818874, 37.403340531610446, 79.151 ], [ 127.110548360466296, 37.403340350890844, 79.197 ], [ 127.110548332697761, 37.403340107108974, 79.238 ], [ 127.11054829522044, 37.403339800084261, 79.274 ], [ 127.110548247581846, 37.403339447834512, 79.303 ], [ 127.110548189781881, 37.40333905035974, 79.325 ], [ 127.110548132660767, 37.403338625858275, 79.34 ], [ 127.110548075765962, 37.403338192347896, 79.345 ], [ 127.110548019097465, 37.403337749828623, 79.342 ], [ 127.110547962202688, 37.403337316318265, 79.331 ], [ 127.110547904628987, 37.403336909834593, 79.311 ], [ 127.110547857442938, 37.403336539567043, 79.284 ], [ 127.110547808899184, 37.403336223352895, 79.25 ], [ 127.110547781583207, 37.403335961553218, 79.21 ], [ 127.110547752683232, 37.40333576281585, 79.166 ], [ 127.110547733265719, 37.403335636330183, 79.119 ], [ 127.110547723330683, 37.403335582096254, 79.07 ], [ 127.110547733944571, 37.403335609303475, 79.02 ], [ 127.110547742748167, 37.403335708581906, 78.972 ], [ 127.110547772100745, 37.403335889301488, 78.927 ], [ 127.110547799869281, 37.403336133083371, 78.886 ], [ 127.110547837346573, 37.403336440108099, 78.85 ], [ 127.110547884985195, 37.403336792357848, 78.82 ], [ 127.110547942785146, 37.403337189832605, 78.798 ], [ 127.110547999906217, 37.40333761433407, 78.784 ], [ 127.110548056574757, 37.403338056853336, 78.779 ], [ 127.110548113469562, 37.403338490363709, 78.782 ], [ 127.110548170364368, 37.403338923874081, 78.793 ], [ 127.110548227938025, 37.40333933035776, 78.813 ], [ 127.110548275124103, 37.403339700625288, 78.84 ], [ 127.110548323667857, 37.403340016839437, 78.874 ], [ 127.110548362050338, 37.403340287828556, 78.914 ], [ 127.11054837965753, 37.40334048638541, 78.958 ], [ 127.110548399301322, 37.403340603862169, 79.006 ], [ 127.110548409236387, 37.403340658096099, 79.054 ] ] ] } },
{ "type": "Feature", "properties": { "ID": "B122CC003868", "AdminCode": "206", "Type": "4", "LinkID": "A219AS305635", "Ref_Lane": 3, "Maker": "올포랜드", "PostID": "C619AS305094", "UpdateDate": "20181001", "Version": "2020", "Remark": "견인지역", "HistType": null, "HistRemark": null }, "geometry": { "type": "Polygon", "coordinates": [ [ [ 127.110547761260548, 37.40333587110316, 78.78 ], [ 127.110548390271418, 37.403340513592632, 78.766 ], [ 127.110548371306507, 37.403340369089157, 78.164 ], [ 127.110547742295623, 37.403335726599707, 78.178 ], [ 127.110547761260548, 37.40333587110316, 78.78 ] ] ] } },
{ "type": "Feature", "properties": { "ID": "B122CC003869", "AdminCode": "206", "Type": "2", "LinkID": "A219AS306101", "Ref_Lane": 4, "Maker": "올포랜드", "PostID": null, "UpdateDate": "20181001", "Version": "2020", "Remark": "유턴", "HistType": null, "HistRemark": null }, "geometry": { "type": "Polygon", "coordinates": [ [ [ 127.109960369709512, 37.403291321906345, 80.045 ], [ 127.109960359774888, 37.40329126767238, 80.123 ], [ 127.10996034194288, 37.403291078124361, 80.199 ], [ 127.109960304241653, 37.403290780108428, 80.27 ], [ 127.109960269030381, 37.403290382994605, 80.335 ], [ 127.10996021394989, 37.403289877412867, 80.39 ], [ 127.109960149387476, 37.40328929957937, 80.436 ], [ 127.109960086409586, 37.403288658683586, 80.469 ], [ 127.109960013044372, 37.403287981571616, 80.489 ], [ 127.109959940358237, 37.403287277432973, 80.496 ], [ 127.109959867672089, 37.403286573294309, 80.489 ], [ 127.109959794533239, 37.40328588717346, 80.469 ], [ 127.109959731328985, 37.403285255286562, 80.435 ], [ 127.109959666766599, 37.403284677453065, 80.39 ], [ 127.109959611686108, 37.403284171871327, 80.335 ], [ 127.109959576701172, 37.403283765748611, 80.27 ], [ 127.109959538999973, 37.40328346773267, 80.199 ], [ 127.109959520941601, 37.403283287193553, 80.123 ], [ 127.109959511233356, 37.403283223950702, 80.045 ], [ 127.109959520941601, 37.403283287193553, 79.966 ], [ 127.109959538773595, 37.403283476741571, 79.891 ], [ 127.109959576474822, 37.403283774757504, 79.819 ], [ 127.109959611459729, 37.403284180880227, 79.755 ], [ 127.109959666766599, 37.403284677453065, 79.699 ], [ 127.109959731328985, 37.403285255286562, 79.654 ], [ 127.10995979430686, 37.403285896182354, 79.621 ], [ 127.109959867672089, 37.403286573294309, 79.601 ], [ 127.109959940358237, 37.403287277432973, 79.594 ], [ 127.109960013044372, 37.403287981571616, 79.601 ], [ 127.109960086183236, 37.403288667692472, 79.621 ], [ 127.109960149161125, 37.403289308588256, 79.655 ], [ 127.109960213723525, 37.403289886421774, 79.7 ], [ 127.109960269030381, 37.403290382994605, 79.755 ], [ 127.109960304015303, 37.403290789117321, 79.82 ], [ 127.10996034171653, 37.403291087133262, 79.891 ], [ 127.109960359774888, 37.40329126767238, 79.967 ], [ 127.109960369709512, 37.403291321906345, 80.045 ] ] ] } },
{ "type": "Feature", "properties": { "ID": "B122CC003870", "AdminCode": "206", "Type": "4", "LinkID": "A219AS306101", "Ref_Lane": 4, "Maker": "올포랜드", "PostID": null, "UpdateDate": "20181001", "Version": "2020", "Remark": "좌회전시 보행신호시", "HistType": null, "HistRemark": null }, "geometry": { "type": "Polygon", "coordinates": [ [ [ 127.109959361283558, 37.403282897102265, 79.559 ], [ 127.109959370086358, 37.403282996380725, 79.25 ], [ 127.109960455071757, 37.403291521546713, 79.284 ], [ 127.109960446268914, 37.403291422268268, 79.594 ], [ 127.109959361283558, 37.403282897102265, 79.559 ] ] ] } },
{ "type": "Feature", "properties": { "ID": "B122CC003871", "AdminCode": "206", "Type": "2", "LinkID": "A219AS305624", "Ref_Lane": 4, "Maker": "올포랜드", "PostID": "C619AS305122", "UpdateDate": "20181001", "Version": "2020", "Remark": "횡단보도", "HistType": null, "HistRemark": null }, "geometry": { "type": "Polygon", "coordinates": [ [ [ 127.110113755285724, 37.403369930327329, 76.963 ], [ 127.110113445595374, 37.403366518644013, 76.296 ], [ 127.1101139728231, 37.40337341263735, 76.301 ], [ 127.110113755285724, 37.403369930327329, 76.963 ] ] ] } },
{ "type": "Feature", "properties": { "ID": "B122CC003872", "AdminCode": "206", "Type": "3", "LinkID": "A219AS305662", "Ref_Lane": 4, "Maker": "올포랜드", "PostID": "C619AS305121", "UpdateDate": "20181001", "Version": "2020", "Remark": "천천히", "HistType": null, "HistRemark": null }, "geometry": { "type": "Polygon", "coordinates": [ [ [ 127.109344131464923, 37.403365201484448, 76.292 ], [ 127.109343654793193, 37.403363490494044, 76.628 ], [ 127.109344608136695, 37.40336691247488, 76.628 ], [ 127.109344131464923, 37.403365201484448, 76.292 ] ] ] } },
{ "type": "Feature", "properties": { "ID": "B122CC003873", "AdminCode": "206", "Type": "3", "LinkID": "A219AS305475", "Ref_Lane": 3, "Maker": "올포랜드", "PostID": "C619AS305120", "UpdateDate": "20181001", "Version": "2020", "Remark": "주정차금지", "HistType": null, "HistRemark": null }, "geometry": { "type": "Polygon", "coordinates": [ [ [ 127.108703283382752, 37.403335860254273, 79.79 ], [ 127.108703233907988, 37.403336030700402, 79.84 ], [ 127.108703209283874, 37.403336111419023, 79.893 ], [ 127.108703209057367, 37.403336120427916, 79.947 ], [ 127.108703233454975, 37.403336048718181, 79.999 ], [ 127.108703271410462, 37.403335887100248, 80.05 ], [ 127.108703344829806, 37.403335662962199, 80.097 ], [ 127.108703431353987, 37.403335366933675, 80.138 ], [ 127.108703541822777, 37.403335017213237, 80.173 ], [ 127.108703653650593, 37.403334613439434, 80.201 ], [ 127.108703788970018, 37.403334173991482, 80.22 ], [ 127.108703924742429, 37.403333716525729, 80.23 ], [ 127.108704060967867, 37.403333241042212, 80.231 ], [ 127.10870420803306, 37.403332783757165, 80.223 ], [ 127.108704332286209, 37.403332335119615, 80.205 ], [ 127.108704455406809, 37.403331931526509, 80.179 ], [ 127.108704566328598, 37.403331563788264, 80.146 ], [ 127.108704664372041, 37.403331258931587, 80.106 ], [ 127.108704726951643, 37.403331016595011, 80.06 ], [ 127.108704787719148, 37.403330846329588, 80.01 ], [ 127.108704812569755, 37.403330756602088, 79.958 ], [ 127.108704813022797, 37.403330738584302, 79.904 ], [ 127.108704788625175, 37.403330810294023, 79.852 ], [ 127.108704750896209, 37.403330962903084, 79.801 ], [ 127.108704677476894, 37.403331187041147, 79.754 ], [ 127.108704591179205, 37.403331474060771, 79.712 ], [ 127.108704492003213, 37.403331823961928, 79.677 ], [ 127.108704368882613, 37.403332227555019, 79.649 ], [ 127.108704245082492, 37.403332658174797, 79.63 ], [ 127.108704097790806, 37.403333124468716, 79.619 ], [ 127.108703961791861, 37.403333590943355, 79.618 ], [ 127.10870382601945, 37.4033340484091, 79.625 ], [ 127.108703690473533, 37.403334496865945, 79.642 ], [ 127.108703567126398, 37.403334909467944, 79.667 ], [ 127.108703456431115, 37.403335268197289, 79.7 ], [ 127.108703369453906, 37.403335582243564, 79.74 ], [ 127.108703283382752, 37.403335860254273, 79.79 ] ] ] } },
{ "type": "Feature", "properties": { "ID": "B122CC003874", "AdminCode": "206", "Type": "3", "LinkID": "A219AS305475", "Ref_Lane": 3, "Maker": "올포랜드", "PostID": "C619AS305120", "UpdateDate": "20181001", "Version": "2020", "Remark": "견인금지", "HistType": null, "HistRemark": null }, "geometry": { "type": "Polygon", "coordinates": [ [ [ 127.108704833796253, 37.403330811016829, 79.628 ], [ 127.108704870845685, 37.403330685434454, 79.016 ], [ 127.108703255134472, 37.403336085115157, 79.002 ], [ 127.108703218085026, 37.403336210697525, 79.614 ], [ 127.108704833796253, 37.403330811016829, 79.628 ] ] ] } },
{ "type": "Feature", "properties": { "ID": "B122CC003875", "AdminCode": "206", "Type": "3", "LinkID": "A219AS305475", "Ref_Lane": 3, "Maker": "올포랜드", "PostID": "C619AS305119", "UpdateDate": "20181001", "Version": "2020", "Remark": "최고속도제한60", "HistType": null, "HistRemark": null }, "geometry": { "type": "Polygon", "coordinates": [ [ [ 127.108383715395092, 37.403320625236368, 79.358 ], [ 127.108383705688169, 37.403320561993418, 79.433 ], [ 127.1083836761143, 37.403320390282325, 79.506 ], [ 127.108383638192777, 37.403320101274943, 79.575 ], [ 127.108383580177772, 37.403319712808333, 79.636 ], [ 127.108383501842724, 37.403319233891331, 79.69 ], [ 127.108383414027287, 37.403318682722514, 79.733 ], [ 127.108383316504941, 37.403318068310746, 79.765 ], [ 127.108383219888765, 37.403317417863384, 79.785 ], [ 127.108383112432932, 37.403316749217559, 79.791 ], [ 127.108383005203663, 37.403316071562813, 79.785 ], [ 127.108382908587501, 37.403315421115487, 79.765 ], [ 127.108382811065155, 37.403314806703712, 79.733 ], [ 127.108382723249733, 37.403314255534873, 79.69 ], [ 127.108382644914684, 37.4033137766179, 79.636 ], [ 127.10838258667313, 37.403313397160154, 79.574 ], [ 127.108382548751635, 37.40331310815278, 79.506 ], [ 127.108382519177766, 37.403312936441687, 79.433 ], [ 127.108382509470843, 37.403312873198729, 79.358 ], [ 127.108382519177766, 37.403312936441687, 79.282 ], [ 127.108382548751635, 37.40331310815278, 79.21 ], [ 127.10838258667313, 37.403313397160154, 79.141 ], [ 127.10838264468812, 37.403313785626793, 79.079 ], [ 127.108382723023183, 37.403314264543766, 79.026 ], [ 127.108382810838592, 37.403314815712584, 78.983 ], [ 127.108382908360937, 37.403315430124366, 78.951 ], [ 127.108383004977114, 37.403316080571706, 78.931 ], [ 127.108383112432932, 37.403316749217559, 78.925 ], [ 127.108383219662215, 37.403317426872285, 78.931 ], [ 127.108383316278378, 37.403318077319611, 78.951 ], [ 127.108383413800723, 37.4033186917314, 78.983 ], [ 127.108383501616174, 37.403319242900231, 79.027 ], [ 127.108383579951223, 37.403319721817219, 79.08 ], [ 127.108383637966213, 37.403320110283836, 79.142 ], [ 127.1083836761143, 37.403320390282325, 79.21 ], [ 127.108383705688169, 37.403320561993418, 79.283 ], [ 127.108383715395092, 37.403320625236368, 79.358 ] ] ] } },
{ "type": "Feature", "properties": { "ID": "B122CC003876", "AdminCode": "206", "Type": "3", "LinkID": "A219AS305604", "Ref_Lane": 4, "Maker": "올포랜드", "PostID": null, "UpdateDate": "20181001", "Version": "2020", "Remark": "차높이제한4.5m", "HistType": null, "HistRemark": null }, "geometry": { "type": "Polygon", "coordinates": [ [ [ 127.107769962971943, 37.403289333283439, 76.869 ], [ 127.107769952585684, 37.403289297067126, 76.82 ], [ 127.10776993294624, 37.403289179590018, 76.772 ], [ 127.107769903600413, 37.403288998869918, 76.727 ], [ 127.10776985348204, 37.403288745717177, 76.687 ], [ 127.107769793657255, 37.403288429321414, 76.652 ], [ 127.107769734965586, 37.403288067881235, 76.623 ], [ 127.10776965459489, 37.403287670043945, 76.602 ], [ 127.107769574904054, 37.403287245179968, 76.589 ], [ 127.107769495666489, 37.403286802298233, 76.585 ], [ 127.10776941620226, 37.403286368425377, 76.589 ], [ 127.107769336738059, 37.403285934552535, 76.602 ], [ 127.107769256367376, 37.403285536715224, 76.623 ], [ 127.107769197675708, 37.403285175275052, 76.651 ], [ 127.107769137624317, 37.403284867888175, 76.686 ], [ 127.107769087505929, 37.403284614735441, 76.727 ], [ 127.107769058386722, 37.403284425006447, 76.772 ], [ 127.107769027454538, 37.403284307348549, 76.82 ], [ 127.10776902836102, 37.403284271313019, 76.869 ], [ 127.107769027454538, 37.403284307348549, 76.918 ], [ 127.107769058386722, 37.403284425006447, 76.966 ], [ 127.107769087732564, 37.403284605726533, 77.011 ], [ 127.107769137850923, 37.403284858879296, 77.051 ], [ 127.107769197675708, 37.403285175275052, 77.086 ], [ 127.107769256367376, 37.403285536715224, 77.115 ], [ 127.107769336738059, 37.403285934552535, 77.136 ], [ 127.107769416428894, 37.403286359416491, 77.149 ], [ 127.107769495666489, 37.403286802298233, 77.153 ], [ 127.107769575130689, 37.403287236171089, 77.149 ], [ 127.10776965459489, 37.403287670043945, 77.136 ], [ 127.107769723672817, 37.403288067700451, 77.115 ], [ 127.107769793657255, 37.403288429321414, 77.087 ], [ 127.107769853708646, 37.403288736708291, 77.052 ], [ 127.10776990382702, 37.403288989861061, 77.011 ], [ 127.10776993294624, 37.403289179590018, 76.966 ], [ 127.107769952585684, 37.403289297067126, 76.918 ], [ 127.107769962971943, 37.403289333283439, 76.869 ] ] ] } },
{ "type": "Feature", "properties": { "ID": "B122CC003877", "AdminCode": "206", "Type": "3", "LinkID": "A219AS305598", "Ref_Lane": 3, "Maker": "올포랜드", "PostID": "C619AS305118", "UpdateDate": "20181001", "Version": "2020", "Remark": "주정차금지", "HistType": null, "HistRemark": null }, "geometry": { "type": "Polygon", "coordinates": [ [ [ 127.107263171195413, 37.403332680275675, 75.82 ], [ 127.107263183394906, 37.403332644420978, 75.78 ], [ 127.107263208247247, 37.403332554693826, 75.741 ], [ 127.107263257045176, 37.403332411275017, 75.704 ], [ 127.107263330015428, 37.403332205155721, 75.671 ], [ 127.107263403892375, 37.403331963000895, 75.643 ], [ 127.107263501714939, 37.403331667154447, 75.62 ], [ 127.107263611283628, 37.403331353471053, 75.603 ], [ 127.107263721532362, 37.403331012761022, 75.592 ], [ 127.10726383200776, 37.403330663042098, 75.589 ], [ 127.107263942483186, 37.403330313323195, 75.592 ], [ 127.107264052731892, 37.403329972613143, 75.603 ], [ 127.107264162300581, 37.403329658929763, 75.62 ], [ 127.107264259896453, 37.403329372092188, 75.643 ], [ 127.107264334000078, 37.403329120928461, 75.671 ], [ 127.107264406970316, 37.403328914809173, 75.704 ], [ 127.107264455768245, 37.403328771390377, 75.741 ], [ 127.107264480620572, 37.403328681663218, 75.78 ], [ 127.10726449282005, 37.403328645808529, 75.82 ], [ 127.107264480620572, 37.403328681663218, 75.86 ], [ 127.107264455768245, 37.403328771390377, 75.899 ], [ 127.107264406970316, 37.403328914809173, 75.936 ], [ 127.107264334000078, 37.403329120928461, 75.969 ], [ 127.107264260123145, 37.403329363083294, 75.997 ], [ 127.107264162300581, 37.403329658929763, 76.02 ], [ 127.107264052731892, 37.403329972613143, 76.037 ], [ 127.107263942483186, 37.403330313323195, 76.048 ], [ 127.10726383200776, 37.403330663042098, 76.051 ], [ 127.107263721532362, 37.403331012761022, 76.048 ], [ 127.107263611283628, 37.403331353471053, 76.037 ], [ 127.107263501714939, 37.403331667154447, 76.02 ], [ 127.107263404119067, 37.403331953992023, 75.997 ], [ 127.107263330015428, 37.403332205155721, 75.969 ], [ 127.107263257045176, 37.403332411275017, 75.936 ], [ 127.107263208247247, 37.403332554693826, 75.899 ], [ 127.107263183394906, 37.403332644420978, 75.86 ], [ 127.107263171195413, 37.403332680275675, 75.82 ] ] ] } },
{ "type": "Feature", "properties": { "ID": "B122CC003878", "AdminCode": "206", "Type": "4", "LinkID": "A219AS305598", "Ref_Lane": 3, "Maker": "올포랜드", "PostID": "C619AS305118", "UpdateDate": "20181001", "Version": "2020", "Remark": "견인지역", "HistType": null, "HistRemark": null }, "geometry": { "type": "Polygon", "coordinates": [ [ [ 127.107264492366681, 37.403328663826294, 75.575 ], [ 127.107264492366681, 37.403328663826294, 75.085 ], [ 127.107263171648782, 37.403332662257903, 75.085 ], [ 127.107263171648782, 37.403332662257903, 75.575 ], [ 127.107264492366681, 37.403328663826294, 75.575 ] ] ] } },
{ "type": "Feature", "properties": { "ID": "B122CC003879", "AdminCode": "206", "Type": "3", "LinkID": "A219AS305588", "Ref_Lane": 4, "Maker": "올포랜드", "PostID": "C619AS305117", "UpdateDate": "20181001", "Version": "2020", "Remark": "주정차금지", "HistType": null, "HistRemark": null }, "geometry": { "type": "Polygon", "coordinates": [ [ [ 127.105834463079674, 37.403364309586756, 68.793 ], [ 127.105834403943589, 37.403363966163617, 68.731 ], [ 127.10583433464906, 37.403363577515123, 68.682 ], [ 127.105834255649697, 37.403363125623528, 68.642 ], [ 127.105834166945584, 37.403362610488827, 68.611 ], [ 127.105834067856136, 37.403362059137649, 68.59 ], [ 127.105833969447232, 37.403361480759848, 68.581 ], [ 127.105833859745601, 37.403360902201072, 68.583 ], [ 127.105833761336726, 37.403360323823257, 68.596 ], [ 127.105833662020416, 37.403359781480965, 68.62 ], [ 127.105833584155349, 37.40335928454499, 68.654 ], [ 127.105833504702318, 37.403358850671147, 68.697 ], [ 127.105833434727188, 37.403358489049289, 68.748 ], [ 127.105833385295895, 37.403358208869264, 68.805 ], [ 127.105833356181591, 37.403358019139951, 68.867 ], [ 127.105833347157358, 37.403357928870214, 68.932 ], [ 127.105833346703662, 37.403357946887958, 68.997 ], [ 127.105833366566912, 37.403358055356414, 69.061 ], [ 127.105833406293442, 37.403358272293353, 69.122 ], [ 127.105833455271025, 37.403358570491136, 69.178 ], [ 127.105833524565568, 37.403358959139609, 69.227 ], [ 127.105833603564903, 37.403359411031197, 69.269 ], [ 127.10583369249585, 37.40335991715704, 69.3 ], [ 127.105833791358464, 37.403360477517097, 69.321 ], [ 127.105833889994202, 37.403361046885998, 69.332 ], [ 127.105833988176244, 37.403361634272706, 69.33 ], [ 127.105834086811996, 37.40336220364162, 69.318 ], [ 127.105834185901429, 37.403362754992791, 69.295 ], [ 127.105834275059252, 37.403363252109735, 69.261 ], [ 127.105834354285449, 37.403363694992471, 69.218 ], [ 127.105834412740961, 37.403364065442219, 69.167 ], [ 127.105834462172282, 37.403364345622258, 69.11 ], [ 127.105834502352508, 37.403364544541411, 69.048 ], [ 127.105834511376727, 37.403364634811162, 68.984 ], [ 127.105834511603561, 37.403364625802269, 68.918 ], [ 127.10583449174031, 37.40336451733382, 68.854 ], [ 127.105834463079674, 37.403364309586756, 68.793 ] ] ] } },
{ "type": "Feature", "properties": { "ID": "B122CC003880", "AdminCode": "206", "Type": "3", "LinkID": "A219AS305952", "Ref_Lane": 3, "Maker": "올포랜드", "PostID": null, "UpdateDate": "20181001", "Version": "2020", "Remark": "유턴", "HistType": null, "HistRemark": null }, "geometry": { "type": "Polygon", "coordinates": [ [ [ 127.105111947214738, 37.403260125022058, 72.913 ], [ 127.105112023821732, 37.40325977476229, 72.986 ], [ 127.10511209208623, 37.403259307206142, 73.05 ], [ 127.105112162620131, 37.403258749561274, 73.105 ], [ 127.105112234969525, 37.403258119845404, 73.149 ], [ 127.105112286548959, 37.403257417696466, 73.179 ], [ 127.105112338809221, 37.403256688520955, 73.196 ], [ 127.105112368937895, 37.403255940965572, 73.198 ], [ 127.105112398839637, 37.403255202419103, 73.186 ], [ 127.105112416540877, 37.403254499727048, 73.16 ], [ 127.105112410521969, 37.403253841717266, 73.12 ], [ 127.105112402914486, 37.403253246769616, 73.069 ], [ 127.105112370225214, 37.403252750557456, 73.007 ], [ 127.105112334812659, 37.403252362451781, 72.937 ], [ 127.105112285384109, 37.403252082271514, 72.86 ], [ 127.105112221485697, 37.403251928034415, 72.779 ], [ 127.10511216547593, 37.403251909111468, 72.696 ], [ 127.105112083703546, 37.403252015950642, 72.614 ], [ 127.105112010046753, 37.403252249095083, 72.536 ], [ 127.10511193343973, 37.403252599354829, 72.463 ], [ 127.10511186517526, 37.403253066910992, 72.398 ], [ 127.105111794868307, 37.403253615547001, 72.343 ], [ 127.105111722291966, 37.403254254271729, 72.3 ], [ 127.105111670939479, 37.40325494741176, 72.269 ], [ 127.105111618679217, 37.4032556765873, 72.252 ], [ 127.105111588550542, 37.403256424142668, 72.25 ], [ 127.105111558648801, 37.403257162689165, 72.262 ], [ 127.1051115407206, 37.403257874390079, 72.288 ], [ 127.105111546739494, 37.403258532399853, 72.327 ], [ 127.105111554573924, 37.403259118338632, 72.379 ], [ 127.105111587263181, 37.403259614550805, 72.44 ], [ 127.105111622448788, 37.403260011665353, 72.511 ], [ 127.105111671877324, 37.403260291845598, 72.588 ], [ 127.105111736002684, 37.403260437073818, 72.669 ], [ 127.105111791785546, 37.403260465005651, 72.751 ], [ 127.105111862265176, 37.403260357985438, 72.833 ], [ 127.105111947214738, 37.403260125022058, 72.913 ] ] ] } },
{ "type": "Feature", "properties": { "ID": "B122CC003881", "AdminCode": "206", "Type": "4", "LinkID": "A219AS305952", "Ref_Lane": 3, "Maker": "올포랜드", "PostID": null, "UpdateDate": "20181001", "Version": "2020", "Remark": "좌회전시 보행신호시", "HistType": null, "HistRemark": null }, "geometry": { "type": "Polygon", "coordinates": [ [ [ 127.10511228629187, 37.403252046236034, 72.157 ], [ 127.105112000342572, 37.403252185851912, 71.812 ], [ 127.10511164951879, 37.403260282474655, 71.855 ], [ 127.105111935468116, 37.403260142858755, 72.2 ], [ 127.10511228629187, 37.403252046236034, 72.157 ] ] ] } },
{ "type": "Feature", "properties": { "ID": "B122CC003882", "AdminCode": "206", "Type": "2", "LinkID": "A219AS305037", "Ref_Lane": 3, "Maker": "올포랜드", "PostID": "C619AS305187", "UpdateDate": "20181001", "Version": "2020", "Remark": "직진 및 우회전", "HistType": null, "HistRemark": null }, "geometry": { "type": "Polygon", "coordinates": [ [ [ 127.105186861997979, 37.403337616918783, 68.234 ], [ 127.105186851612956, 37.403337580702264, 68.183 ], [ 127.105186831977591, 37.403337463224851, 68.134 ], [ 127.105186791799099, 37.403337264305506, 68.088 ], [ 127.105186741689423, 37.403337011151891, 68.046 ], [ 127.105186670809729, 37.403336685565236, 68.01 ], [ 127.105186589771932, 37.40333631475314, 67.98 ], [ 127.105186509641882, 37.403335907905586, 67.959 ], [ 127.105186407834054, 37.403335464660479, 67.946 ], [ 127.105186317545929, 37.403335012587519, 67.941 ], [ 127.105186227257761, 37.403334560514573, 67.945 ], [ 127.105186125223028, 37.403334126278317, 67.959 ], [ 127.105186045319883, 37.40333371042189, 67.98 ], [ 127.105185964282114, 37.403333339609823, 68.009 ], [ 127.105185904468229, 37.403333023213072, 68.046 ], [ 127.105185843292773, 37.40333276086956, 68.087 ], [ 127.105185803114281, 37.403332561950201, 68.134 ], [ 127.105185783478888, 37.403332444472774, 68.183 ], [ 127.105185773093865, 37.403332408256247, 68.234 ], [ 127.105185783478888, 37.403332444472774, 68.285 ], [ 127.105185803114281, 37.403332561950201, 68.334 ], [ 127.105185843292773, 37.40333276086956, 68.38 ], [ 127.105185893402421, 37.403333014023154, 68.422 ], [ 127.105185964282114, 37.403333339609823, 68.458 ], [ 127.105186045319883, 37.40333371042189, 68.488 ], [ 127.105186125449933, 37.403334117269452, 68.509 ], [ 127.105186227257761, 37.403334560514573, 68.522 ], [ 127.105186317545929, 37.403335012587519, 68.527 ], [ 127.105186407834054, 37.403335464660479, 68.523 ], [ 127.105186509868815, 37.403335898896728, 68.509 ], [ 127.105186589771932, 37.40333631475314, 68.488 ], [ 127.105186670809729, 37.403336685565236, 68.458 ], [ 127.105186741689423, 37.403337011151891, 68.422 ], [ 127.105186791799099, 37.403337264305506, 68.38 ], [ 127.105186831977591, 37.403337463224851, 68.334 ], [ 127.105186851612956, 37.403337580702264, 68.285 ], [ 127.105186861997979, 37.403337616918783, 68.234 ] ] ] } },
{ "type": "Feature", "properties": { "ID": "B122CC003883", "AdminCode": "206", "Type": "2", "LinkID": "A219AS305037", "Ref_Lane": 1, "Maker": "올포랜드", "PostID": "C619AS305186", "UpdateDate": "20181001", "Version": "2020", "Remark": "횡단보도", "HistType": null, "HistRemark": null }, "geometry": { "type": "Polygon", "coordinates": [ [ [ 127.105275510435391, 37.403368175470071, 70.768 ], [ 127.10527668950067, 37.403371150474477, 70.168 ], [ 127.105274331597116, 37.403365191456764, 70.168 ], [ 127.105275510435391, 37.403368175470071, 70.768 ] ] ] } },
{ "type": "Feature", "properties": { "ID": "B122CC003884", "AdminCode": "206", "Type": "4", "LinkID": "A219AS305037", "Ref_Lane": 1, "Maker": "올포랜드", "PostID": "C619AS305186", "UpdateDate": "20181001", "Version": "2020", "Remark": "보행자주의", "HistType": null, "HistRemark": null }, "geometry": { "type": "Polygon", "coordinates": [ [ [ 127.105274543383032, 37.403365753627448, 70.133 ], [ 127.105276466421984, 37.403370588122769, 70.163 ], [ 127.105276509096868, 37.403370687944481, 69.934 ], [ 127.105274586057888, 37.403365853449159, 69.904 ], [ 127.105274543383032, 37.403365753627448, 70.133 ] ] ] } },
{ "type": "Feature", "properties": { "ID": "B122CC003885", "AdminCode": "206", "Type": "3", "LinkID": "A219AS305517", "Ref_Lane": 4, "Maker": "올포랜드", "PostID": "C619AS305127", "UpdateDate": "20181001", "Version": "2020", "Remark": "천천히", "HistType": null, "HistRemark": null }, "geometry": { "type": "Polygon", "coordinates": [ [ [ 127.113114611439883, 37.396592390869564, 67.676 ], [ 127.113120514778885, 37.396593025856447, 68.589 ], [ 127.11310871939277, 37.396591756062669, 68.589 ], [ 127.113114611439883, 37.396592390869564, 67.676 ] ] ] } },
{ "type": "Feature", "properties": { "ID": "B122CC003886", "AdminCode": "206", "Type": "2", "LinkID": "A219AS305775", "Ref_Lane": 3, "Maker": "올포랜드", "PostID": "C619AS305097", "UpdateDate": "20181001", "Version": "2020", "Remark": "우측면통행", "HistType": null, "HistRemark": null }, "geometry": { "type": "Polygon", "coordinates": [ [ [ 127.112963234510019, 37.396975494331329, 64.386 ], [ 127.112963391917944, 37.396975523881842, 64.466 ], [ 127.112963391691991, 37.396975532890757, 64.548 ], [ 127.112963245801865, 37.396975494511594, 64.628 ], [ 127.112962953569692, 37.396975435771104, 64.705 ], [ 127.11296250415559, 37.396975338471208, 64.776 ], [ 127.11296194227495, 37.39697522135075, 64.838 ], [ 127.112961268153796, 37.396975075400881, 64.891 ], [ 127.112960492857965, 37.396974909810744, 64.932 ], [ 127.112959661328873, 37.396974734310348, 64.961 ], [ 127.112958784858407, 37.396974549079957, 64.975 ], [ 127.112957897096081, 37.396974363669287, 64.976 ], [ 127.112957020625615, 37.396974178438882, 64.962 ], [ 127.112956177804705, 37.396974002758164, 64.935 ], [ 127.112955413800734, 37.396973837348277, 64.894 ], [ 127.112954728387734, 37.396973691218115, 64.842 ], [ 127.112954155441273, 37.396973564908429, 64.78 ], [ 127.112953705801218, 37.396973476617411, 64.71 ], [ 127.112953391211363, 37.396973408507442, 64.633 ], [ 127.112953233803438, 37.396973378956922, 64.553 ], [ 127.112953234029391, 37.396973369948, 64.472 ], [ 127.112953379919531, 37.396973408327185, 64.391 ], [ 127.112953683443493, 37.396973467247946, 64.315 ], [ 127.11295412156575, 37.396973564367627, 64.244 ], [ 127.112954683446318, 37.396973681488106, 64.181 ], [ 127.112955368859318, 37.396973827618261, 64.128 ], [ 127.112956132863289, 37.396973993028169, 64.087 ], [ 127.112956964392367, 37.396974168528601, 64.059 ], [ 127.112957840862833, 37.39697435375902, 64.045 ], [ 127.112958739916991, 37.396974539349955, 64.044 ], [ 127.112959616387485, 37.396974724580353, 64.058 ], [ 127.112960447916549, 37.39697490008075, 64.086 ], [ 127.11296122321238, 37.396975065670894, 64.126 ], [ 127.112961908625394, 37.396975211801028, 64.178 ], [ 127.112962481571898, 37.396975338110664, 64.24 ], [ 127.112962931211968, 37.396975426401646, 64.311 ], [ 127.112963234510019, 37.396975494331329, 64.386 ] ] ] } }
]
}
