{
"type": "FeatureCollection",
"name": "surfacemark",
"crs": { "type": "name", "properties": { "name": "urn:ogc:def:crs:OGC:1.3:CRS84" } },
"features": [
{ "type": "Feature", "properties": { "ID": "B319AS305002", "AdminCode": "204", "Type": "1", "Kind": "5373", "LinkID": "A219AS305005", "Maker": "새한항업컨소시엄", "UpdateDate": "20181001", "Version": "2020", "Remark": null, "HistType": null, "HistRemark": null }, "geometry": { "type": "Polygon", "coordinates": [ [ [ 127.099369242481572, 37.411495656310066, 80.361 ], [ 127.099355617676551, 37.41149784353523, 80.367 ], [ 127.099367111327837, 37.411543766767096, 80.242 ], [ 127.099380486535892, 37.411541620589261, 80.233 ], [ 127.099369242481572, 37.411495656310066, 80.361 ] ] ] } },
{ "type": "Feature", "properties": { "ID": "B319AS305003", "AdminCode": "204", "Type": "1", "Kind": "5371", "LinkID": "A219AS305006", "Maker": "새한항업컨소시엄", "UpdateDate": "20181001", "Version": "2020", "Remark": null, "HistType": null, "HistRemark": null }, "geometry": { "type": "Polygon", "coordinates": [ [ [ 127.09947933517347, 37.411476436637294, 80.188 ], [ 127.099468854958204, 37.411478034555884, 80.203 ], [ 127.099480416985742, 37.41152349022758, 80.099 ], [ 127.099490465533179, 37.411521984503985, 80.075 ], [ 127.09947933517347, 37.411476436637294, 80.188 ] ] ] } },
{ "type": "Feature", "properties": { "ID": "B319AS305004", "AdminCode": "204", "Type": "1", "Kind": "5371", "LinkID": "A219AS305007", "Maker": "새한항업컨소시엄", "UpdateDate": "20181001", "Version": "2020", "Remark": null, "HistType": null, "HistRemark": null }, "geometry": { "type": "Polygon", "coordinates": [ [ [ 127.099442608198075, 37.411483858140805, 80.233 ], [ 127.099433419677808, 37.411484863978551, 80.239 ], [ 127.099444487986062, 37.411531077775734, 80.138 ], [ 127.099453063086685, 37.411529755648097, 80.128 ], [ 127.099442608198075, 37.411483858140805, 80.233 ] ] ] } },
{ "type": "Feature", "properties": { "ID": "B319AS305005", "AdminCode": "204", "Type": "1", "Kind": "5371", "LinkID": "A219AS305008", "Maker": "새한항업컨소시엄", "UpdateDate": "20181001", "Version": "2020", "Remark": null, "HistType": null, "HistRemark": null }, "geometry": { "type": "Polygon", "coordinates": [ [ [ 127.099406220670318, 37.411490365817414, 80.295 ], [ 127.099397648078138, 37.411491588844633, 80.313 ], [ 127.099408062134358, 37.411535971600337, 80.194 ], [ 127.099416772763306, 37.411534651654833, 80.177 ], [ 127.099406220670318, 37.411490365817414, 80.295 ] ] ] } },
{ "type": "Feature", "properties": { "ID": "B319AS305006", "AdminCode": "204", "Type": "1", "Kind": "5371", "LinkID": "A219AS305009", "Maker": "새한항업컨소시엄", "UpdateDate": "20181001", "Version": "2020", "Remark": null, "HistType": null, "HistRemark": null }, "geometry": { "type": "Polygon", "coordinates": [ [ [ 127.099514136086597, 37.411474589920267, 80.174 ], [ 127.09950551545208, 37.411475478720632, 80.18 ], [ 127.099516662993324, 37.411519900299858, 80.039 ], [ 127.099525185492425, 37.411518424108749, 80.039 ], [ 127.099514136086597, 37.411474589920267, 80.174 ] ] ] } },
{ "type": "Feature", "properties": { "ID": "B319AS305007", "AdminCode": "204", "Type": "1", "Kind": "5391", "LinkID": "A219AS305010", "Maker": "새한항업컨소시엄", "UpdateDate": "20181001", "Version": "2020", "Remark": null, "HistType": null, "HistRemark": null }, "geometry": { "type": "Polygon", "coordinates": [ [ [ 127.099496829917044, 37.411248251294865, 80.68 ], [ 127.099481315982445, 37.411250083707252, 80.697 ], [ 127.099491790316492, 37.411296999936923, 80.59 ], [ 127.099506436907006, 37.411295063451092, 80.587 ], [ 127.099496829917044, 37.411248251294865, 80.68 ] ] ] } },
{ "type": "Feature", "properties": { "ID": "B319AS305008", "AdminCode": "204", "Type": "1", "Kind": "5391", "LinkID": "A219AS305010", "Maker": "새한항업컨소시엄", "UpdateDate": "20181001", "Version": "2020", "Remark": null, "HistType": null, "HistRemark": null }, "geometry": { "type": "Polygon", "coordinates": [ [ [ 127.099478317266545, 37.411127772018254, 80.915 ], [ 127.099459926150374, 37.411129450011188, 80.927 ], [ 127.099469049882671, 37.411176605886865, 80.849 ], [ 127.099485109916827, 37.411175070657272, 80.834 ], [ 127.099478317266545, 37.411127772018254, 80.915 ] ] ] } },
{ "type": "Feature", "properties": { "ID": "B319AS305009", "AdminCode": "204", "Type": "1", "Kind": "5371", "LinkID": "A219AS305011", "Maker": "새한항업컨소시엄", "UpdateDate": "20181001", "Version": "2020", "Remark": null, "HistType": null, "HistRemark": null }, "geometry": { "type": "Polygon", "coordinates": [ [ [ 127.099717943072051, 37.411886655645986, 78.575 ], [ 127.099727153860215, 37.411885217545098, 78.554 ], [ 127.099713505436384, 37.411839602176123, 78.751 ], [ 127.099704623000932, 37.411841460130169, 78.769 ], [ 127.099717943072051, 37.411886655645986, 78.575 ] ] ] } },
{ "type": "Feature", "properties": { "ID": "B319AS305010", "AdminCode": "204", "Type": "1", "Kind": "5372", "LinkID": "A219AS305012", "Maker": "새한항업컨소시엄", "UpdateDate": "20181001", "Version": "2020", "Remark": null, "HistType": null, "HistRemark": null }, "geometry": { "type": "Polygon", "coordinates": [ [ [ 127.099649533879941, 37.411899921603009, 78.68 ], [ 127.099663292774693, 37.411897348963727, 78.671 ], [ 127.099648898668107, 37.411852181234842, 78.843 ], [ 127.099635257957445, 37.411854548485579, 78.852 ], [ 127.099649533879941, 37.411899921603009, 78.68 ] ] ] } },
{ "type": "Feature", "properties": { "ID": "B319AS305011", "AdminCode": "204", "Type": "1", "Kind": "5372", "LinkID": "A219AS305013", "Maker": "새한항업컨소시엄", "UpdateDate": "20181001", "Version": "2020", "Remark": null, "HistType": null, "HistRemark": null }, "geometry": { "type": "Polygon", "coordinates": [ [ [ 127.099680263349256, 37.411894215114287, 78.638 ], [ 127.09969599900721, 37.411891214618613, 78.629 ], [ 127.09968186701937, 37.411847745456498, 78.793 ], [ 127.099666324050844, 37.411850722011202, 78.816 ], [ 127.099680263349256, 37.411894215114287, 78.638 ] ] ] } },
{ "type": "Feature", "properties": { "ID": "B319AS305012", "AdminCode": "204", "Type": "1", "Kind": "5371", "LinkID": "A219AS305014", "Maker": "새한항업컨소시엄", "UpdateDate": "20181001", "Version": "2020", "Remark": null, "HistType": null, "HistRemark": null }, "geometry": { "type": "Polygon", "coordinates": [ [ [ 127.099748106113097, 37.411874748450344, 78.525 ], [ 127.099757917984931, 37.411873220874135, 78.501 ], [ 127.099746471907437, 37.411834346212629, 78.643 ], [ 127.0997363685848, 37.411836229601484, 78.67 ], [ 127.099748106113097, 37.411874748450344, 78.525 ] ] ] } },
{ "type": "Feature", "properties": { "ID": "B319AS305013", "AdminCode": "204", "Type": "1", "Kind": "5371", "LinkID": "A219AS305015", "Maker": "새한항업컨소시엄", "UpdateDate": "20181001", "Version": "2020", "Remark": null, "HistType": null, "HistRemark": null }, "geometry": { "type": "Polygon", "coordinates": [ [ [ 127.099783554771165, 37.411869631523892, 78.424 ], [ 127.09979132461784, 37.411868431612483, 78.4 ], [ 127.099778829750278, 37.411825006808016, 78.563 ], [ 127.099770721227628, 37.411826642885416, 78.584 ], [ 127.099783554771165, 37.411869631523892, 78.424 ] ] ] } },
{ "type": "Feature", "properties": { "ID": "B319AS305014", "AdminCode": "204", "Type": "1", "Kind": "5373", "LinkID": "A219AS305016", "Maker": "새한항업컨소시엄", "UpdateDate": "20181001", "Version": "2020", "Remark": null, "HistType": null, "HistRemark": null }, "geometry": { "type": "Polygon", "coordinates": [ [ [ 127.100150930512044, 37.412898554600162, 74.525 ], [ 127.100162647470952, 37.412895417343407, 74.507 ], [ 127.100141610404293, 37.412851098213146, 74.694 ], [ 127.100130291250224, 37.412854142725372, 74.715 ], [ 127.100150930512044, 37.412898554600162, 74.525 ] ] ] } },
{ "type": "Feature", "properties": { "ID": "B319AS305015", "AdminCode": "204", "Type": "1", "Kind": "5371", "LinkID": "A219AS305019", "Maker": "새한항업컨소시엄", "UpdateDate": "20181001", "Version": "2020", "Remark": null, "HistType": null, "HistRemark": null }, "geometry": { "type": "Polygon", "coordinates": [ [ [ 127.099819924907493, 37.412434803798433, 76.59 ], [ 127.099811390015518, 37.41243676648476, 76.599 ], [ 127.09982885949448, 37.41248185746295, 76.396 ], [ 127.099837012125391, 37.412480267154137, 76.4 ], [ 127.099819924907493, 37.412434803798433, 76.59 ] ] ] } },
{ "type": "Feature", "properties": { "ID": "B319AS305016", "AdminCode": "204", "Type": "1", "Kind": "5371", "LinkID": "A219AS305054", "Maker": "새한항업컨소시엄", "UpdateDate": "20181001", "Version": "2020", "Remark": null, "HistType": null, "HistRemark": null }, "geometry": { "type": "Polygon", "coordinates": [ [ [ 127.099786228487233, 37.412441661278521, 76.59 ], [ 127.099776512635557, 37.412443857324256, 76.593 ], [ 127.099794913078782, 37.412488323388736, 76.412 ], [ 127.099803829104829, 37.412486033369461, 76.397 ], [ 127.099786228487233, 37.412441661278521, 76.59 ] ] ] } },
{ "type": "Feature", "properties": { "ID": "B319AS305017", "AdminCode": "204", "Type": "1", "Kind": "5371", "LinkID": "A219AS305053", "Maker": "새한항업컨소시엄", "UpdateDate": "20181001", "Version": "2020", "Remark": null, "HistType": null, "HistRemark": null }, "geometry": { "type": "Polygon", "coordinates": [ [ [ 127.099750885502999, 37.412450186622827, 76.581 ], [ 127.099742476208448, 37.412452097248604, 76.575 ], [ 127.099760460800951, 37.412496475519447, 76.394 ], [ 127.099768856301807, 37.412494663808069, 76.394 ], [ 127.099750885502999, 37.412450186622827, 76.581 ] ] ] } },
{ "type": "Feature", "properties": { "ID": "B319AS305018", "AdminCode": "204", "Type": "1", "Kind": "5371", "LinkID": "A219AS305052", "Maker": "새한항업컨소시엄", "UpdateDate": "20181001", "Version": "2020", "Remark": null, "HistType": null, "HistRemark": null }, "geometry": { "type": "Polygon", "coordinates": [ [ [ 127.09971587856235, 37.412460168370643, 76.561 ], [ 127.099706117985463, 37.412462345666412, 76.555 ], [ 127.099723887782275, 37.412505386640255, 76.331 ], [ 127.099733635021352, 37.412503290241034, 76.37 ], [ 127.09971587856235, 37.412460168370643, 76.561 ] ] ] } },
{ "type": "Feature", "properties": { "ID": "B319AS305019", "AdminCode": "206", "Type": "1", "Kind": "5373", "LinkID": "A219AS305024", "Maker": "새한항업컨소시엄", "UpdateDate": "20181001", "Version": "2020", "Remark": null, "HistType": null, "HistRemark": null }, "geometry": { "type": "Polygon", "coordinates": [ [ [ 127.104496491463436, 37.403561025921135, 66.343 ], [ 127.104484101945303, 37.403555500836269, 66.298 ], [ 127.104457732721656, 37.403599933205079, 66.316 ], [ 127.104469038708459, 37.403604521639906, 66.34 ], [ 127.104496491463436, 37.403561025921135, 66.343 ] ] ] } },
{ "type": "Feature", "properties": { "ID": "B319AS305020", "AdminCode": "204", "Type": "1", "Kind": "5431", "LinkID": "A219AS305027", "Maker": "새한항업컨소시엄", "UpdateDate": "20181001", "Version": "2020", "Remark": null, "HistType": null, "HistRemark": null }, "geometry": { "type": "Polygon", "coordinates": [ [ [ 127.099371606973662, 37.409762357663986, 81.456 ], [ 127.09934559505075, 37.409758018919085, 81.471 ], [ 127.099338867856318, 37.409800675018076, 81.555 ], [ 127.09936306487981, 37.409803957154125, 81.531 ], [ 127.099371606973662, 37.409762357663986, 81.456 ] ] ] } },
{ "type": "Feature", "properties": { "ID": "B319AS305021", "AdminCode": "204", "Type": "1", "Kind": "5431", "LinkID": "A219AS305027", "Maker": "새한항업컨소시엄", "UpdateDate": "20181001", "Version": "2020", "Remark": null, "HistType": null, "HistRemark": null }, "geometry": { "type": "Polygon", "coordinates": [ [ [ 127.099433834319015, 37.409548797900968, 81.054 ], [ 127.099407998244729, 37.409544209648445, 81.036 ], [ 127.099397339551047, 37.409584621506546, 81.132 ], [ 127.0994218507292, 37.409588882031208, 81.135 ], [ 127.099433834319015, 37.409548797900968, 81.054 ] ] ] } },
{ "type": "Feature", "properties": { "ID": "B319AS305022", "AdminCode": "206", "Type": "1", "Kind": "5392", "LinkID": "A219AS305028", "Maker": "새한항업컨소시엄", "UpdateDate": "20181001", "Version": "2020", "Remark": null, "HistType": null, "HistRemark": null }, "geometry": { "type": "Polygon", "coordinates": [ [ [ 127.104642652629565, 37.403642328419025, 66.643 ], [ 127.104625426486308, 37.403634166236763, 66.599 ], [ 127.104571004695714, 37.403720345346144, 66.662 ], [ 127.104587104922757, 37.403727011429346, 66.682 ], [ 127.104642652629565, 37.403642328419025, 66.643 ] ] ] } },
{ "type": "Feature", "properties": { "ID": "B319AS305023", "AdminCode": "204", "Type": "1", "Kind": "5372", "LinkID": "A219AS305029", "Maker": "새한항업컨소시엄", "UpdateDate": "20181001", "Version": "2020", "Remark": null, "HistType": null, "HistRemark": null }, "geometry": { "type": "Polygon", "coordinates": [ [ [ 127.099504786939107, 37.41014387121858, 81.399 ], [ 127.099519855008381, 37.410145366253211, 81.382 ], [ 127.099525938796447, 37.410099554438986, 81.361 ], [ 127.099511291108186, 37.410097967027617, 81.397 ], [ 127.099504786939107, 37.41014387121858, 81.399 ] ] ] } },
{ "type": "Feature", "properties": { "ID": "B319AS305024", "AdminCode": "204", "Type": "1", "Kind": "5372", "LinkID": "A219AS305029", "Maker": "새한항업컨소시엄", "UpdateDate": "20181001", "Version": "2020", "Remark": null, "HistType": null, "HistRemark": null }, "geometry": { "type": "Polygon", "coordinates": [ [ [ 127.099554755734374, 37.4098726325957, 81.221 ], [ 127.099569438082611, 37.409874635133285, 81.183 ], [ 127.099578958832097, 37.409830518853035, 81.131 ], [ 127.099564079807919, 37.409828251791886, 81.168 ], [ 127.099554755734374, 37.4098726325957, 81.221 ] ] ] } },
{ "type": "Feature", "properties": { "ID": "B319AS305025", "AdminCode": "204", "Type": "1", "Kind": "5372", "LinkID": "A219AS305029", "Maker": "새한항업컨소시엄", "UpdateDate": "20181001", "Version": "2020", "Remark": null, "HistType": null, "HistRemark": null }, "geometry": { "type": "Polygon", "coordinates": [ [ [ 127.099624910667842, 37.409603764351267, 80.792 ], [ 127.099641269623604, 37.40960692941222, 80.741 ], [ 127.099654403927275, 37.409561095764253, 80.641 ], [ 127.09963944698579, 37.409557890160862, 80.68 ], [ 127.099624910667842, 37.409603764351267, 80.792 ] ] ] } },
{ "type": "Feature", "properties": { "ID": "B319AS305026", "AdminCode": "204", "Type": "1", "Kind": "5372", "LinkID": "A219AS305029", "Maker": "새한항업컨소시엄", "UpdateDate": "20181001", "Version": "2020", "Remark": null, "HistType": null, "HistRemark": null }, "geometry": { "type": "Polygon", "coordinates": [ [ [ 127.099714179514351, 37.409324694802052, 80.129 ], [ 127.099728657984556, 37.409328054927535, 80.087 ], [ 127.099744059828694, 37.409282798474294, 79.98 ], [ 127.099729155029195, 37.409278872721472, 80.019 ], [ 127.099714179514351, 37.409324694802052, 80.129 ] ] ] } },
{ "type": "Feature", "properties": { "ID": "B319AS305027", "AdminCode": "204", "Type": "1", "Kind": "5371", "LinkID": "A219AS305030", "Maker": "새한항업컨소시엄", "UpdateDate": "20181001", "Version": "2020", "Remark": null, "HistType": null, "HistRemark": null }, "geometry": { "type": "Polygon", "coordinates": [ [ [ 127.099545985558194, 37.410146804845695, 81.317 ], [ 127.099557379930772, 37.410147474740704, 81.281 ], [ 127.099563871774649, 37.410102057022975, 81.269 ], [ 127.099553391834334, 37.41010096923295, 81.317 ], [ 127.099545985558194, 37.410146804845695, 81.317 ] ] ] } },
{ "type": "Feature", "properties": { "ID": "B319AS305028", "AdminCode": "204", "Type": "1", "Kind": "5371", "LinkID": "A219AS305030", "Maker": "새한항업컨소시엄", "UpdateDate": "20181001", "Version": "2020", "Remark": null, "HistType": null, "HistRemark": null }, "geometry": { "type": "Polygon", "coordinates": [ [ [ 127.099594722523179, 37.409877808532634, 81.12 ], [ 127.099605469295142, 37.409879513458776, 81.093 ], [ 127.099616009137705, 37.409834413174885, 81.039 ], [ 127.099605012178571, 37.409832325702155, 81.069 ], [ 127.099594722523179, 37.409877808532634, 81.12 ] ] ] } },
{ "type": "Feature", "properties": { "ID": "B319AS305029", "AdminCode": "204", "Type": "1", "Kind": "5371", "LinkID": "A219AS305030", "Maker": "새한항업컨소시엄", "UpdateDate": "20181001", "Version": "2020", "Remark": null, "HistType": null, "HistRemark": null }, "geometry": { "type": "Polygon", "coordinates": [ [ [ 127.099665565600645, 37.409609870602054, 80.674 ], [ 127.099674321922421, 37.409611651667362, 80.65 ], [ 127.099687874122722, 37.409566716971717, 80.542 ], [ 127.099679938687828, 37.409564642681481, 80.567 ], [ 127.099665565600645, 37.409609870602054, 80.674 ] ] ] } },
{ "type": "Feature", "properties": { "ID": "B319AS305030", "AdminCode": "204", "Type": "1", "Kind": "5371", "LinkID": "A219AS305030", "Maker": "새한항업컨소시엄", "UpdateDate": "20181001", "Version": "2020", "Remark": null, "HistType": null, "HistRemark": null }, "geometry": { "type": "Polygon", "coordinates": [ [ [ 127.099755903468548, 37.409331413033172, 80.034 ], [ 127.099763827448058, 37.40933304552167, 80.016 ], [ 127.099778266217228, 37.409287449129685, 79.906 ], [ 127.099770933239228, 37.409285231319572, 79.912 ], [ 127.099755903468548, 37.409331413033172, 80.034 ] ] ] } },
{ "type": "Feature", "properties": { "ID": "B319AS305031", "AdminCode": "204", "Type": "1", "Kind": "5392", "LinkID": "A219AS305031", "Maker": "새한항업컨소시엄", "UpdateDate": "20181001", "Version": "2020", "Remark": null, "HistType": null, "HistRemark": null }, "geometry": { "type": "Polygon", "coordinates": [ [ [ 127.099518847580583, 37.409869144157682, 81.299 ], [ 127.099535485466859, 37.409871556669536, 81.272 ], [ 127.099557118827448, 37.409779120905597, 81.144 ], [ 127.099540128897161, 37.409776333223917, 81.168 ], [ 127.099518847580583, 37.409869144157682, 81.299 ] ] ] } },
{ "type": "Feature", "properties": { "ID": "B319AS305032", "AdminCode": "204", "Type": "1", "Kind": "5392", "LinkID": "A219AS305031", "Maker": "새한항업컨소시엄", "UpdateDate": "20181001", "Version": "2020", "Remark": null, "HistType": null, "HistRemark": null }, "geometry": { "type": "Polygon", "coordinates": [ [ [ 127.09947312100276, 37.410140613206238, 81.471 ], [ 127.099487581030616, 37.410142026367389, 81.447 ], [ 127.099501878546846, 37.410049725005024, 81.406 ], [ 127.09948768147909, 37.410048189899406, 81.423 ], [ 127.09947312100276, 37.410140613206238, 81.471 ] ] ] } },
{ "type": "Feature", "properties": { "ID": "B319AS305033", "AdminCode": "204", "Type": "1", "Kind": "5392", "LinkID": "A219AS305031", "Maker": "새한항업컨소시엄", "UpdateDate": "20181001", "Version": "2020", "Remark": null, "HistType": null, "HistRemark": null }, "geometry": { "type": "Polygon", "coordinates": [ [ [ 127.099592881118369, 37.409595678842223, 80.864 ], [ 127.099606980886122, 37.409598825606317, 80.835 ], [ 127.099633903696841, 37.409510332221011, 80.629 ], [ 127.099619808130655, 37.409506572678211, 80.65 ], [ 127.099592881118369, 37.409595678842223, 80.864 ] ] ] } },
{ "type": "Feature", "properties": { "ID": "B319AS305034", "AdminCode": "204", "Type": "1", "Kind": "5392", "LinkID": "A219AS305031", "Maker": "새한항업컨소시엄", "UpdateDate": "20181001", "Version": "2020", "Remark": null, "HistType": null, "HistRemark": null }, "geometry": { "type": "Polygon", "coordinates": [ [ [ 127.099645041964578, 37.409437969744452, 80.486 ], [ 127.099659572368196, 37.409441510963497, 80.471 ], [ 127.09969187175966, 37.409351725098979, 80.233 ], [ 127.099679022209926, 37.409348733634722, 80.242 ], [ 127.099645041964578, 37.409437969744452, 80.486 ] ] ] } },
{ "type": "Feature", "properties": { "ID": "B319AS305035", "AdminCode": "204", "Type": "1", "Kind": "5371", "LinkID": "A219AS305032", "Maker": "새한항업컨소시엄", "UpdateDate": "20181001", "Version": "2020", "Remark": null, "HistType": null, "HistRemark": null }, "geometry": { "type": "Polygon", "coordinates": [ [ [ 127.099582289037016, 37.410150750258225, 81.236 ], [ 127.099594051233908, 37.410152065951245, 81.188 ], [ 127.099600491239883, 37.410108251621637, 81.174 ], [ 127.099588579816142, 37.410106582042566, 81.215 ], [ 127.099582289037016, 37.410150750258225, 81.236 ] ] ] } },
{ "type": "Feature", "properties": { "ID": "B319AS305036", "AdminCode": "204", "Type": "1", "Kind": "5371", "LinkID": "A219AS305032", "Maker": "새한항업컨소시엄", "UpdateDate": "20181001", "Version": "2020", "Remark": null, "HistType": null, "HistRemark": null }, "geometry": { "type": "Polygon", "coordinates": [ [ [ 127.099632469080248, 37.409877847684982, 81.016 ], [ 127.099642873261232, 37.409879249686838, 80.98 ], [ 127.099652896581787, 37.40983491616867, 80.936 ], [ 127.099642891555575, 37.409833367373402, 80.965 ], [ 127.099632469080248, 37.409877847684982, 81.016 ] ] ] } },
{ "type": "Feature", "properties": { "ID": "B319AS305037", "AdminCode": "204", "Type": "1", "Kind": "5371", "LinkID": "A219AS305032", "Maker": "새한항업컨소시엄", "UpdateDate": "20181001", "Version": "2020", "Remark": null, "HistType": null, "HistRemark": null }, "geometry": { "type": "Polygon", "coordinates": [ [ [ 127.099702506118916, 37.409616764291144, 80.563 ], [ 127.099713926745281, 37.409619074866313, 80.531 ], [ 127.099728358572378, 37.409570179798713, 80.429 ], [ 127.099717517291964, 37.409566851115571, 80.456 ], [ 127.099702506118916, 37.409616764291144, 80.563 ] ] ] } },
{ "type": "Feature", "properties": { "ID": "B319AS305038", "AdminCode": "204", "Type": "1", "Kind": "5371", "LinkID": "A219AS305032", "Maker": "새한항업컨소시엄", "UpdateDate": "20181001", "Version": "2020", "Remark": null, "HistType": null, "HistRemark": null }, "geometry": { "type": "Polygon", "coordinates": [ [ [ 127.099790438653926, 37.409340043481969, 79.945 ], [ 127.099799707852853, 37.409342094145977, 79.929 ], [ 127.099813981943441, 37.40929764870117, 79.829 ], [ 127.099805846802298, 37.409295877633639, 79.85 ], [ 127.099790438653926, 37.409340043481969, 79.945 ] ] ] } },
{ "type": "Feature", "properties": { "ID": "B319AS305039", "AdminCode": "204", "Type": "1", "Kind": "5371", "LinkID": "A219AS305033", "Maker": "새한항업컨소시엄", "UpdateDate": "20181001", "Version": "2020", "Remark": null, "HistType": null, "HistRemark": null }, "geometry": { "type": "Polygon", "coordinates": [ [ [ 127.099621136330697, 37.4101523933141, 81.131 ], [ 127.099631664324946, 37.410153815333139, 81.105 ], [ 127.099639205569332, 37.410107107672729, 81.075 ], [ 127.099627939619324, 37.410105827001047, 81.087 ], [ 127.099621136330697, 37.4101523933141, 81.131 ] ] ] } },
{ "type": "Feature", "properties": { "ID": "B319AS305040", "AdminCode": "204", "Type": "1", "Kind": "5371", "LinkID": null, "Maker": "새한항업컨소시엄", "UpdateDate": "20181001", "Version": "2020", "Remark": null, "HistType": null, "HistRemark": null }, "geometry": { "type": "Polygon", "coordinates": [ [ [ 127.099687529845667, 37.410160706902381, 80.942 ], [ 127.099703478834087, 37.410162216077737, 80.909 ], [ 127.099709596607937, 37.410114160688352, 80.869 ], [ 127.099694098240334, 37.410112703821774, 80.897 ], [ 127.099687529845667, 37.410160706902381, 80.942 ] ] ] } },
{ "type": "Feature", "properties": { "ID": "B319AS305041", "AdminCode": "204", "Type": "1", "Kind": "5371", "LinkID": "A219AS305033", "Maker": "새한항업컨소시엄", "UpdateDate": "20181001", "Version": "2020", "Remark": null, "HistType": null, "HistRemark": null }, "geometry": { "type": "Polygon", "coordinates": [ [ [ 127.09966788071408, 37.409886230901868, 80.903 ], [ 127.099680736905299, 37.409888068875688, 80.876 ], [ 127.099692101965516, 37.40984339642776, 80.816 ], [ 127.099679016581717, 37.409841239332813, 80.849 ], [ 127.09966788071408, 37.409886230901868, 80.903 ] ] ] } },
{ "type": "Feature", "properties": { "ID": "B319AS305042", "AdminCode": "204", "Type": "1", "Kind": "5371", "LinkID": null, "Maker": "새한항업컨소시엄", "UpdateDate": "20181001", "Version": "2020", "Remark": null, "HistType": null, "HistRemark": null }, "geometry": { "type": "Polygon", "coordinates": [ [ [ 127.099736684719971, 37.409897061654064, 80.712 ], [ 127.099747275523569, 37.409898232322497, 80.677 ], [ 127.099756482893852, 37.409851758727335, 80.608 ], [ 127.099746282316161, 37.40984990037186, 80.656 ], [ 127.099736684719971, 37.409897061654064, 80.712 ] ] ] } },
{ "type": "Feature", "properties": { "ID": "B319AS305043", "AdminCode": "204", "Type": "1", "Kind": "5371", "LinkID": "A219AS305033", "Maker": "새한항업컨소시엄", "UpdateDate": "20181001", "Version": "2020", "Remark": null, "HistType": null, "HistRemark": null }, "geometry": { "type": "Polygon", "coordinates": [ [ [ 127.099738616149821, 37.409623437328548, 80.459 ], [ 127.099751160085574, 37.409625558673604, 80.424 ], [ 127.099765356156809, 37.409579733071418, 80.328 ], [ 127.099753226766524, 37.409577302955753, 80.352 ], [ 127.099738616149821, 37.409623437328548, 80.459 ] ] ] } },
{ "type": "Feature", "properties": { "ID": "B319AS305044", "AdminCode": "204", "Type": "1", "Kind": "5371", "LinkID": null, "Maker": "새한항업컨소시엄", "UpdateDate": "20181001", "Version": "2020", "Remark": null, "HistType": null, "HistRemark": null }, "geometry": { "type": "Polygon", "coordinates": [ [ [ 127.099795523562065, 37.409633346755321, 80.307 ], [ 127.099808107440523, 37.409635676023925, 80.26 ], [ 127.099818789457032, 37.409588072530745, 80.197 ], [ 127.0998071535695, 37.409585785542312, 80.228 ], [ 127.099795523562065, 37.409633346755321, 80.307 ] ] ] } },
{ "type": "Feature", "properties": { "ID": "B319AS305045", "AdminCode": "204", "Type": "1", "Kind": "5371", "LinkID": "A219AS305033", "Maker": "새한항업컨소시엄", "UpdateDate": "20181001", "Version": "2020", "Remark": null, "HistType": null, "HistRemark": null }, "geometry": { "type": "Polygon", "coordinates": [ [ [ 127.09982539792675, 37.409345751678103, 79.87 ], [ 127.09983610610864, 37.409348086836793, 79.853 ], [ 127.09985132358814, 37.409301628743073, 79.745 ], [ 127.099840407662384, 37.409299019870986, 79.763 ], [ 127.09982539792675, 37.409345751678103, 79.87 ] ] ] } },
{ "type": "Feature", "properties": { "ID": "B319AS305046", "AdminCode": "204", "Type": "1", "Kind": "5431", "LinkID": "A219AS305038", "Maker": "새한항업컨소시엄", "UpdateDate": "20181001", "Version": "2020", "Remark": null, "HistType": null, "HistRemark": null }, "geometry": { "type": "Polygon", "coordinates": [ [ [ 127.100100099260473, 37.408730486667622, 77.537 ], [ 127.100127806843005, 37.408736564875099, 77.566 ], [ 127.100141445698711, 37.408694443408372, 77.266 ], [ 127.100114015461344, 37.408688567937446, 77.295 ], [ 127.100100099260473, 37.408730486667622, 77.537 ] ] ] } },
{ "type": "Feature", "properties": { "ID": "B319AS305047", "AdminCode": "204", "Type": "1", "Kind": "5391", "LinkID": "A219AS305039", "Maker": "새한항업컨소시엄", "UpdateDate": "20181001", "Version": "2020", "Remark": null, "HistType": null, "HistRemark": null }, "geometry": { "type": "Polygon", "coordinates": [ [ [ 127.099907348047708, 37.412554426195889, 76.099 ], [ 127.099889300573963, 37.412558588211226, 76.102 ], [ 127.099910172940355, 37.412605392185306, 75.93 ], [ 127.099925606986773, 37.412602260637009, 75.936 ], [ 127.099907348047708, 37.412554426195889, 76.099 ] ] ] } },
{ "type": "Feature", "properties": { "ID": "B319AS305048", "AdminCode": "204", "Type": "1", "Kind": "5371", "LinkID": "A219AS305040", "Maker": "새한항업컨소시엄", "UpdateDate": "20181001", "Version": "2020", "Remark": null, "HistType": null, "HistRemark": null }, "geometry": { "type": "Polygon", "coordinates": [ [ [ 127.099816937270887, 37.411865797191041, 78.364 ], [ 127.099826980483599, 37.411864057028737, 78.346 ], [ 127.099815419897581, 37.411820322799393, 78.507 ], [ 127.099804954487936, 37.411822227410049, 78.522 ], [ 127.099816937270887, 37.411865797191041, 78.364 ] ] ] } },
{ "type": "Feature", "properties": { "ID": "B319AS305049", "AdminCode": "204", "Type": "1", "Kind": "5371", "LinkID": "A219AS305043", "Maker": "새한항업컨소시엄", "UpdateDate": "20181001", "Version": "2020", "Remark": null, "HistType": null, "HistRemark": null }, "geometry": { "type": "Polygon", "coordinates": [ [ [ 127.099866290633599, 37.412716657854546, 75.468 ], [ 127.099856498927608, 37.412719618748547, 75.447 ], [ 127.099876215516247, 37.412763871635661, 75.254 ], [ 127.099886357345198, 37.41276091636918, 75.275 ], [ 127.099866290633599, 37.412716657854546, 75.468 ] ] ] } },
{ "type": "Feature", "properties": { "ID": "B319AS305050", "AdminCode": "204", "Type": "1", "Kind": "5371", "LinkID": "A219AS305044", "Maker": "새한항업컨소시엄", "UpdateDate": "20181001", "Version": "2020", "Remark": null, "HistType": null, "HistRemark": null }, "geometry": { "type": "Polygon", "coordinates": [ [ [ 127.099898040506972, 37.412706353323983, 75.534 ], [ 127.099889821277614, 37.412708789740087, 75.524 ], [ 127.099909502180068, 37.412753114148096, 75.334 ], [ 127.099918968915063, 37.412750941124301, 75.349 ], [ 127.099898040506972, 37.412706353323983, 75.534 ] ] ] } },
{ "type": "Feature", "properties": { "ID": "B319AS305051", "AdminCode": "204", "Type": "1", "Kind": "5371", "LinkID": "A219AS305045", "Maker": "새한항업컨소시엄", "UpdateDate": "20181001", "Version": "2020", "Remark": null, "HistType": null, "HistRemark": null }, "geometry": { "type": "Polygon", "coordinates": [ [ [ 127.099932549287175, 37.412697309826136, 75.581 ], [ 127.099921048760194, 37.412700378440078, 75.569 ], [ 127.099941173652255, 37.412744124169244, 75.391 ], [ 127.099952201513247, 37.412740534242467, 75.403 ], [ 127.099932549287175, 37.412697309826136, 75.581 ] ] ] } },
{ "type": "Feature", "properties": { "ID": "B319AS305052", "AdminCode": "204", "Type": "1", "Kind": "5373", "LinkID": "A219AS305046", "Maker": "새한항업컨소시엄", "UpdateDate": "20181001", "Version": "2020", "Remark": null, "HistType": null, "HistRemark": null }, "geometry": { "type": "Polygon", "coordinates": [ [ [ 127.099776171199423, 37.412666171953582, 75.682 ], [ 127.099761157937365, 37.412670535946376, 75.674 ], [ 127.099779513738198, 37.41271364040842, 75.465 ], [ 127.099795372561644, 37.412708902471429, 75.477 ], [ 127.099776171199423, 37.412666171953582, 75.682 ] ] ] } },
{ "type": "Feature", "properties": { "ID": "B319AS305053", "AdminCode": "204", "Type": "1", "Kind": "5391", "LinkID": null, "Maker": "새한항업컨소시엄", "UpdateDate": "20181001", "Version": "2020", "Remark": null, "HistType": null, "HistRemark": null }, "geometry": { "type": "Polygon", "coordinates": [ [ [ 127.099864748131296, 37.412449502829809, 76.468 ], [ 127.099847015549187, 37.412453723976675, 76.494 ], [ 127.099863816954368, 37.412496190586403, 76.325 ], [ 127.099878426077524, 37.41248948584731, 77.644 ], [ 127.099864748131296, 37.412449502829809, 76.468 ] ] ] } },
{ "type": "Feature", "properties": { "ID": "B319AS305054", "AdminCode": "204", "Type": "1", "Kind": "5372", "LinkID": null, "Maker": "새한항업컨소시엄", "UpdateDate": "20181001", "Version": "2020", "Remark": null, "HistType": null, "HistRemark": null }, "geometry": { "type": "Polygon", "coordinates": [ [ [ 127.099479499043369, 37.4122791187717, 78.01 ], [ 127.099473707770059, 37.412265065295131, 78.01 ], [ 127.099416093800528, 37.412278117170729, 78.293 ], [ 127.099421552891826, 37.412292796182399, 78.31 ], [ 127.099479499043369, 37.4122791187717, 78.01 ] ] ] } },
{ "type": "Feature", "properties": { "ID": "B319AS305055", "AdminCode": "204", "Type": "1", "Kind": "5373", "LinkID": null, "Maker": "새한항업컨소시엄", "UpdateDate": "20181001", "Version": "2020", "Remark": null, "HistType": null, "HistRemark": null }, "geometry": { "type": "Polygon", "coordinates": [ [ [ 127.099465489735834, 37.4122504680942, 77.995 ], [ 127.099460537916102, 37.412237176152914, 77.965 ], [ 127.099404628319078, 37.412249849869127, 78.206 ], [ 127.09940898427746, 37.412263024080438, 78.26 ], [ 127.099465489735834, 37.4122504680942, 77.995 ] ] ] } },
{ "type": "Feature", "properties": { "ID": "B319AS305056", "AdminCode": "204", "Type": "1", "Kind": "5371", "LinkID": "A219AS305056", "Maker": "새한항업컨소시엄", "UpdateDate": "20181001", "Version": "2020", "Remark": null, "HistType": null, "HistRemark": null }, "geometry": { "type": "Polygon", "coordinates": [ [ [ 127.099446737602804, 37.411184565616701, 80.861 ], [ 127.099438650683268, 37.411185796457403, 80.861 ], [ 127.099448370066838, 37.411231736213978, 80.765 ], [ 127.099456121362053, 37.411230373800613, 80.849 ], [ 127.099446737602804, 37.411184565616701, 80.861 ] ] ] } },
{ "type": "Feature", "properties": { "ID": "B319AS305057", "AdminCode": "204", "Type": "1", "Kind": "5371", "LinkID": "A219AS305057", "Maker": "새한항업컨소시엄", "UpdateDate": "20181001", "Version": "2020", "Remark": null, "HistType": null, "HistRemark": null }, "geometry": { "type": "Polygon", "coordinates": [ [ [ 127.09941396244615, 37.411193438585897, 80.876 ], [ 127.099404477815682, 37.411194538797439, 80.882 ], [ 127.099413773432076, 37.411241598303327, 80.79 ], [ 127.099423272914862, 37.411240804754648, 80.769 ], [ 127.09941396244615, 37.411193438585897, 80.876 ] ] ] } },
{ "type": "Feature", "properties": { "ID": "B319AS305058", "AdminCode": "204", "Type": "1", "Kind": "5371", "LinkID": "A219AS305058", "Maker": "새한항업컨소시엄", "UpdateDate": "20181001", "Version": "2020", "Remark": null, "HistType": null, "HistRemark": null }, "geometry": { "type": "Polygon", "coordinates": [ [ [ 127.099378136882919, 37.411199621830576, 80.921 ], [ 127.099368651568199, 37.411200749065721, 80.927 ], [ 127.099377771832238, 37.411245804980993, 80.84 ], [ 127.099386864735692, 37.411245004896855, 80.834 ], [ 127.099378136882919, 37.411199621830576, 80.921 ] ] ] } },
{ "type": "Feature", "properties": { "ID": "B319AS305059", "AdminCode": "204", "Type": "1", "Kind": "5371", "LinkID": "A219AS305059", "Maker": "새한항업컨소시엄", "UpdateDate": "20181001", "Version": "2020", "Remark": null, "HistType": null, "HistRemark": null }, "geometry": { "type": "Polygon", "coordinates": [ [ [ 127.09934074378593, 37.411204346869312, 80.947 ], [ 127.099331325550395, 37.411205502217669, 80.962 ], [ 127.099339889522483, 37.411250215727144, 80.878 ], [ 127.099349680462012, 37.411249066371916, 80.861 ], [ 127.09934074378593, 37.411204346869312, 80.947 ] ] ] } },
{ "type": "Feature", "properties": { "ID": "B319AS305060", "AdminCode": "204", "Type": "1", "Kind": "5371", "LinkID": "A219AS305060", "Maker": "새한항업컨소시엄", "UpdateDate": "20181001", "Version": "2020", "Remark": null, "HistType": null, "HistRemark": null }, "geometry": { "type": "Polygon", "coordinates": [ [ [ 127.099291424125411, 37.411146306359761, 81.132 ], [ 127.099281193420538, 37.41114742160039, 81.135 ], [ 127.099290151504448, 37.411194421612137, 81.036 ], [ 127.099300724447673, 37.41119317668737, 81.031 ], [ 127.099291424125411, 37.411146306359761, 81.132 ] ] ] } },
{ "type": "Feature", "properties": { "ID": "B319AS305061", "AdminCode": "204", "Type": "1", "Kind": "5371", "LinkID": "A219AS305063", "Maker": "새한항업컨소시엄", "UpdateDate": "20181001", "Version": "2020", "Remark": null, "HistType": null, "HistRemark": null }, "geometry": { "type": "Polygon", "coordinates": [ [ [ 127.099194718544354, 37.41083706460104, 81.736 ], [ 127.099186732800689, 37.410839657938489, 81.754 ], [ 127.099207736045116, 37.41088169653495, 81.662 ], [ 127.099216375924343, 37.410879149766487, 81.659 ], [ 127.099194718544354, 37.41083706460104, 81.736 ] ] ] } },
{ "type": "Feature", "properties": { "ID": "B319AS305062", "AdminCode": "204", "Type": "1", "Kind": "5371", "LinkID": "A219AS305068", "Maker": "새한항업컨소시엄", "UpdateDate": "20181001", "Version": "2020", "Remark": null, "HistType": null, "HistRemark": null }, "geometry": { "type": "Polygon", "coordinates": [ [ [ 127.099299109977579, 37.410917765016997, 81.474 ], [ 127.099287840498178, 37.410918854540384, 81.497 ], [ 127.09929261036838, 37.410965715097355, 81.447 ], [ 127.099303439986684, 37.410965042086843, 81.409 ], [ 127.099299109977579, 37.410917765016997, 81.474 ] ] ] } },
{ "type": "Feature", "properties": { "ID": "B319AS305063", "AdminCode": "204", "Type": "1", "Kind": "5371", "LinkID": "A219AS305069", "Maker": "새한항업컨소시엄", "UpdateDate": "20181001", "Version": "2020", "Remark": null, "HistType": null, "HistRemark": null }, "geometry": { "type": "Polygon", "coordinates": [ [ [ 127.099337751952447, 37.410916818283141, 81.376 ], [ 127.099327913694836, 37.410917606377296, 81.402 ], [ 127.099333062890224, 37.41096421167093, 81.343 ], [ 127.099342587112233, 37.410963779025856, 81.313 ], [ 127.099337751952447, 37.410916818283141, 81.376 ] ] ] } },
{ "type": "Feature", "properties": { "ID": "B319AS305064", "AdminCode": "204", "Type": "1", "Kind": "5371", "LinkID": "A219AS305072", "Maker": "새한항업컨소시엄", "UpdateDate": "20181001", "Version": "2020", "Remark": null, "HistType": null, "HistRemark": null }, "geometry": { "type": "Polygon", "coordinates": [ [ [ 127.099374451476436, 37.410915389674493, 81.302 ], [ 127.099365162609814, 37.410915898207023, 81.316 ], [ 127.099369889720364, 37.410962217324268, 81.256 ], [ 127.099378749654079, 37.41096169288106, 81.242 ], [ 127.099374451476436, 37.410915389674493, 81.302 ] ] ] } },
{ "type": "Feature", "properties": { "ID": "B319AS305065", "AdminCode": "204", "Type": "1", "Kind": "5371", "LinkID": "A219AS305077", "Maker": "새한항업컨소시엄", "UpdateDate": "20181001", "Version": "2020", "Remark": null, "HistType": null, "HistRemark": null }, "geometry": { "type": "Polygon", "coordinates": [ [ [ 127.09940877637267, 37.410910462070461, 81.268 ], [ 127.099400036351355, 37.410911159681689, 81.281 ], [ 127.099404625134426, 37.410958035347868, 81.212 ], [ 127.099413358786009, 37.410957589983695, 81.2 ], [ 127.09940877637267, 37.410910462070461, 81.268 ] ] ] } },
{ "type": "Feature", "properties": { "ID": "B319AS305066", "AdminCode": "204", "Type": "1", "Kind": "5391", "LinkID": "A219AS305078", "Maker": "새한항업컨소시엄", "UpdateDate": "20181001", "Version": "2020", "Remark": null, "HistType": null, "HistRemark": null }, "geometry": { "type": "Polygon", "coordinates": [ [ [ 127.099463608946252, 37.410998034996794, 81.096 ], [ 127.099447129573491, 37.410999175943402, 81.111 ], [ 127.099452817450981, 37.411048610804741, 81.063 ], [ 127.099469953927724, 37.411047399311748, 81.03 ], [ 127.099463608946252, 37.410998034996794, 81.096 ] ] ] } },
{ "type": "Feature", "properties": { "ID": "B319AS305067", "AdminCode": "206", "Type": "1", "Kind": "5373", "LinkID": "A219AS305110", "Maker": "새한항업컨소시엄", "UpdateDate": "20181001", "Version": "2020", "Remark": null, "HistType": null, "HistRemark": null }, "geometry": { "type": "Polygon", "coordinates": [ [ [ 127.104300602021809, 37.403864255499577, 66.53 ], [ 127.104286680566034, 37.403858101985364, 66.503 ], [ 127.104257248331905, 37.403900340200501, 66.534 ], [ 127.104271215358764, 37.403906927049519, 66.567 ], [ 127.104300602021809, 37.403864255499577, 66.53 ] ] ] } },
{ "type": "Feature", "properties": { "ID": "B319AS305068", "AdminCode": "206", "Type": "1", "Kind": "5371", "LinkID": "A219AS305119", "Maker": "새한항업컨소시엄", "UpdateDate": "20181001", "Version": "2020", "Remark": null, "HistType": null, "HistRemark": null }, "geometry": { "type": "Polygon", "coordinates": [ [ [ 127.10461048351965, 37.403452000093132, 66.295 ], [ 127.104601690552471, 37.403448109884266, 66.292 ], [ 127.104576504856126, 37.403489515032511, 66.328 ], [ 127.104585071517391, 37.403493419639183, 66.349 ], [ 127.10461048351965, 37.403452000093132, 66.295 ] ] ] } },
{ "type": "Feature", "properties": { "ID": "B319AS305069", "AdminCode": "206", "Type": "1", "Kind": "5371", "LinkID": "A219AS305121", "Maker": "새한항업컨소시엄", "UpdateDate": "20181001", "Version": "2020", "Remark": null, "HistType": null, "HistRemark": null }, "geometry": { "type": "Polygon", "coordinates": [ [ [ 127.104661076264151, 37.403454109191898, 66.355 ], [ 127.104649579785061, 37.40345035588421, 66.34 ], [ 127.104624305980835, 37.403495707109272, 66.393 ], [ 127.104635079274445, 37.403499466847592, 66.402 ], [ 127.104661076264151, 37.403454109191898, 66.355 ] ] ] } },
{ "type": "Feature", "properties": { "ID": "B319AS305070", "AdminCode": "206", "Type": "1", "Kind": "5372", "LinkID": "A219AS305123", "Maker": "새한항업컨소시엄", "UpdateDate": "20181001", "Version": "2020", "Remark": null, "HistType": null, "HistRemark": null }, "geometry": { "type": "Polygon", "coordinates": [ [ [ 127.104708746287542, 37.403455639664479, 66.471 ], [ 127.10469463544716, 37.403450726888018, 66.45 ], [ 127.104668825914985, 37.403498061296979, 66.48 ], [ 127.104681789440079, 37.403502775428642, 66.501 ], [ 127.104708746287542, 37.403455639664479, 66.471 ] ] ] } },
{ "type": "Feature", "properties": { "ID": "B319AS305071", "AdminCode": "206", "Type": "1", "Kind": "5372", "LinkID": "A219AS305125", "Maker": "새한항업컨소시엄", "UpdateDate": "20181001", "Version": "2020", "Remark": null, "HistType": null, "HistRemark": null }, "geometry": { "type": "Polygon", "coordinates": [ [ [ 127.104750546405356, 37.403456535244182, 66.543 ], [ 127.104736458998801, 37.403452037423911, 66.516 ], [ 127.104711664592358, 37.403498540944142, 66.549 ], [ 127.104726340535038, 37.403503444755081, 66.578 ], [ 127.104750546405356, 37.403456535244182, 66.543 ] ] ] } },
{ "type": "Feature", "properties": { "ID": "B319AS305072", "AdminCode": "206", "Type": "1", "Kind": "5372", "LinkID": "A219AS305130", "Maker": "새한항업컨소시엄", "UpdateDate": "20181001", "Version": "2020", "Remark": null, "HistType": null, "HistRemark": null }, "geometry": { "type": "Polygon", "coordinates": [ [ [ 127.10474217615895, 37.404082878583381, 66.528 ], [ 127.104753871413379, 37.404087265945854, 66.5 ], [ 127.104779478013015, 37.404043956861834, 66.471 ], [ 127.104767744628816, 37.404039289502748, 66.492 ], [ 127.10474217615895, 37.404082878583381, 66.528 ] ] ] } },
{ "type": "Feature", "properties": { "ID": "B319AS305073", "AdminCode": "206", "Type": "1", "Kind": "5372", "LinkID": "A219AS305130", "Maker": "새한항업컨소시엄", "UpdateDate": "20181001", "Version": "2020", "Remark": null, "HistType": null, "HistRemark": null }, "geometry": { "type": "Polygon", "coordinates": [ [ [ 127.104868774832781, 37.403852403814362, 66.39 ], [ 127.1048808969731, 37.403856437508352, 66.381 ], [ 127.104904397390143, 37.403812418685597, 66.355 ], [ 127.104891297320165, 37.403808189063987, 66.373 ], [ 127.104868774832781, 37.403852403814362, 66.39 ] ] ] } },
{ "type": "Feature", "properties": { "ID": "B319AS305074", "AdminCode": "206", "Type": "1", "Kind": "5391", "LinkID": "A219AS305131", "Maker": "새한항업컨소시엄", "UpdateDate": "20181001", "Version": "2020", "Remark": null, "HistType": null, "HistRemark": null }, "geometry": { "type": "Polygon", "coordinates": [ [ [ 127.104782668118034, 37.403616923218749, 66.742 ], [ 127.104785983251375, 37.403609550067621, 66.73 ], [ 127.104760828602636, 37.403601747449869, 66.745 ], [ 127.104728301422085, 37.40360048685254, 66.715 ], [ 127.104728292004467, 37.403608931423044, 66.733 ], [ 127.104760915603066, 37.403610400854198, 66.751 ], [ 127.104782668118034, 37.403616923218749, 66.742 ] ] ] } },
{ "type": "Feature", "properties": { "ID": "B319AS305075", "AdminCode": "204", "Type": "1", "Kind": "5371", "LinkID": "A219AS305153", "Maker": "새한항업컨소시엄", "UpdateDate": "20181001", "Version": "2020", "Remark": null, "HistType": null, "HistRemark": null }, "geometry": { "type": "Polygon", "coordinates": [ [ [ 127.099946141858467, 37.408746063725374, 78.013 ], [ 127.09995516708419, 37.408747930204441, 77.995 ], [ 127.099970012145334, 37.408703683175908, 77.784 ], [ 127.099960853450682, 37.408701733439877, 77.81 ], [ 127.099946141858467, 37.408746063725374, 78.013 ] ] ] } },
{ "type": "Feature", "properties": { "ID": "B319AS305076", "AdminCode": "204", "Type": "1", "Kind": "5381", "LinkID": "A219AS305154", "Maker": "새한항업컨소시엄", "UpdateDate": "20181001", "Version": "2020", "Remark": null, "HistType": null, "HistRemark": null }, "geometry": { "type": "Polygon", "coordinates": [ [ [ 127.099844604137104, 37.40904036563537, 79.194 ], [ 127.0998596174543, 37.409043572118314, 79.17 ], [ 127.099873217513007, 37.409003441824673, 79.015 ], [ 127.099858438864089, 37.409000338253776, 79.049 ], [ 127.099844604137104, 37.40904036563537, 79.194 ] ] ] } },
{ "type": "Feature", "properties": { "ID": "B319AS305077", "AdminCode": "204", "Type": "1", "Kind": "5371", "LinkID": "A219AS305155", "Maker": "새한항업컨소시엄", "UpdateDate": "20181001", "Version": "2020", "Remark": null, "HistType": null, "HistRemark": null }, "geometry": { "type": "Polygon", "coordinates": [ [ [ 127.099884084825888, 37.409054032438284, 79.143 ], [ 127.099894063211408, 37.409056184621079, 79.11 ], [ 127.099909795552477, 37.409006337083156, 78.95 ], [ 127.09990107567863, 37.409004457484443, 78.98 ], [ 127.099884084825888, 37.409054032438284, 79.143 ] ] ] } },
{ "type": "Feature", "properties": { "ID": "B319AS305078", "AdminCode": "204", "Type": "1", "Kind": "5371", "LinkID": "A219AS305156", "Maker": "새한항업컨소시엄", "UpdateDate": "20181001", "Version": "2020", "Remark": null, "HistType": null, "HistRemark": null }, "geometry": { "type": "Polygon", "coordinates": [ [ [ 127.09992117513211, 37.409059459427937, 79.055 ], [ 127.099929874246556, 37.40906126659155, 79.034 ], [ 127.099945095331236, 37.409014213715622, 78.896 ], [ 127.099936354006402, 37.409012288712148, 78.911 ], [ 127.09992117513211, 37.409059459427937, 79.055 ] ] ] } },
{ "type": "Feature", "properties": { "ID": "B319AS305079", "AdminCode": "204", "Type": "1", "Kind": "5371", "LinkID": "A219AS305157", "Maker": "새한항업컨소시엄", "UpdateDate": "20181001", "Version": "2020", "Remark": null, "HistType": null, "HistRemark": null }, "geometry": { "type": "Polygon", "coordinates": [ [ [ 127.099957990442576, 37.409065485822303, 78.986 ], [ 127.099968571401462, 37.409067936085847, 78.971 ], [ 127.099981370788996, 37.409027297220256, 78.825 ], [ 127.099971727342137, 37.409025303641812, 78.853 ], [ 127.099957990442576, 37.409065485822303, 78.986 ] ] ] } },
{ "type": "Feature", "properties": { "ID": "B319AS305080", "AdminCode": "204", "Type": "1", "Kind": "5371", "LinkID": null, "Maker": "새한항업컨소시엄", "UpdateDate": "20181001", "Version": "2020", "Remark": null, "HistType": null, "HistRemark": null }, "geometry": { "type": "Polygon", "coordinates": [ [ [ 127.099866554177368, 37.409353028530305, 79.796 ], [ 127.09988044843891, 37.409355811457715, 79.775 ], [ 127.099893860422341, 37.40930971186858, 79.674 ], [ 127.099881018662956, 37.409307306363715, 79.689 ], [ 127.099866554177368, 37.409353028530305, 79.796 ] ] ] } },
{ "type": "Feature", "properties": { "ID": "B319AS305081", "AdminCode": "204", "Type": "1", "Kind": "5372", "LinkID": "A219AS305169", "Maker": "새한항업컨소시엄", "UpdateDate": "20181001", "Version": "2020", "Remark": null, "HistType": null, "HistRemark": null }, "geometry": { "type": "Polygon", "coordinates": [ [ [ 127.099446643416172, 37.410392978853245, 81.45 ], [ 127.099455535845308, 37.410393401237805, 81.471 ], [ 127.099460757275267, 37.410347737786843, 81.465 ], [ 127.099451269014395, 37.410347197671399, 81.471 ], [ 127.099446643416172, 37.410392978853245, 81.45 ] ] ] } },
{ "type": "Feature", "properties": { "ID": "B319AS305082", "AdminCode": "204", "Type": "1", "Kind": "5372", "LinkID": "A219AS305170", "Maker": "새한항업컨소시엄", "UpdateDate": "20181001", "Version": "2020", "Remark": null, "HistType": null, "HistRemark": null }, "geometry": { "type": "Polygon", "coordinates": [ [ [ 127.099478088632239, 37.410394692188156, 81.435 ], [ 127.09949023972375, 37.410395374258485, 81.409 ], [ 127.099494659641607, 37.41035013051679, 81.415 ], [ 127.099482498174268, 37.410349412230175, 81.432 ], [ 127.099478088632239, 37.410394692188156, 81.435 ] ] ] } },
{ "type": "Feature", "properties": { "ID": "B319AS305083", "AdminCode": "204", "Type": "1", "Kind": "5371", "LinkID": "A219AS305171", "Maker": "새한항업컨소시엄", "UpdateDate": "20181001", "Version": "2020", "Remark": null, "HistType": null, "HistRemark": null }, "geometry": { "type": "Polygon", "coordinates": [ [ [ 127.099519547322743, 37.410396728758727, 81.358 ], [ 127.099528795689494, 37.410397373161153, 81.331 ], [ 127.099532657767199, 37.410350507211348, 81.334 ], [ 127.099523176928642, 37.410350120433428, 81.355 ], [ 127.099519547322743, 37.410396728758727, 81.358 ] ] ] } },
{ "type": "Feature", "properties": { "ID": "B319AS305084", "AdminCode": "204", "Type": "1", "Kind": "5371", "LinkID": "A219AS305172", "Maker": "새한항업컨소시엄", "UpdateDate": "20181001", "Version": "2020", "Remark": null, "HistType": null, "HistRemark": null }, "geometry": { "type": "Polygon", "coordinates": [ [ [ 127.099555427229106, 37.410402686168112, 81.257 ], [ 127.099567237005644, 37.410403461879653, 81.242 ], [ 127.099571204605283, 37.410352866452889, 81.239 ], [ 127.099559195557489, 37.41035237593735, 81.26 ], [ 127.099555427229106, 37.410402686168112, 81.257 ] ] ] } },
{ "type": "Feature", "properties": { "ID": "B319AS305085", "AdminCode": "204", "Type": "1", "Kind": "5371", "LinkID": "A219AS305173", "Maker": "새한항업컨소시엄", "UpdateDate": "20181001", "Version": "2020", "Remark": null, "HistType": null, "HistRemark": null }, "geometry": { "type": "Polygon", "coordinates": [ [ [ 127.099594042838206, 37.410400089637008, 81.182 ], [ 127.099601854937987, 37.410400341426886, 81.167 ], [ 127.099605466825125, 37.410353985163397, 81.15 ], [ 127.099597495340646, 37.410353334261224, 81.18 ], [ 127.099594042838206, 37.410400089637008, 81.182 ] ] ] } },
{ "type": "Feature", "properties": { "ID": "B319AS305086", "AdminCode": "204", "Type": "1", "Kind": "5371", "LinkID": null, "Maker": "새한항업컨소시엄", "UpdateDate": "20181001", "Version": "2020", "Remark": null, "HistType": null, "HistRemark": null }, "geometry": { "type": "Polygon", "coordinates": [ [ [ 127.099660177875535, 37.410402991590551, 81.052 ], [ 127.099676693424016, 37.410404437779853, 81.015 ], [ 127.099679802308131, 37.410354288178581, 81.01 ], [ 127.099664273930898, 37.410353569849534, 81.18 ], [ 127.099660177875535, 37.410402991590551, 81.052 ] ] ] } },
{ "type": "Feature", "properties": { "ID": "B319AS305087", "AdminCode": "204", "Type": "1", "Kind": "5371", "LinkID": "A219AS305178", "Maker": "새한항업컨소시엄", "UpdateDate": "20181001", "Version": "2020", "Remark": null, "HistType": null, "HistRemark": null }, "geometry": { "type": "Polygon", "coordinates": [ [ [ 127.099630725844662, 37.411266230272503, 80.411 ], [ 127.099643830764791, 37.411264494292674, 80.384 ], [ 127.099635374124489, 37.411218655967545, 80.465 ], [ 127.099622364116613, 37.411220213222819, 80.497 ], [ 127.099630725844662, 37.411266230272503, 80.411 ] ] ] } },
{ "type": "Feature", "properties": { "ID": "B319AS305088", "AdminCode": "204", "Type": "1", "Kind": "5371", "LinkID": "A219AS305179", "Maker": "새한항업컨소시엄", "UpdateDate": "20181001", "Version": "2020", "Remark": null, "HistType": null, "HistRemark": null }, "geometry": { "type": "Polygon", "coordinates": [ [ [ 127.099594771109324, 37.411272159155885, 80.468 ], [ 127.09960427296069, 37.411270824881242, 80.447 ], [ 127.09959545757367, 37.411223088161712, 80.551 ], [ 127.099586431388829, 37.411223483772631, 80.572 ], [ 127.099594771109324, 37.411272159155885, 80.468 ] ] ] } },
{ "type": "Feature", "properties": { "ID": "B319AS305089", "AdminCode": "204", "Type": "1", "Kind": "5371", "LinkID": "A219AS305180", "Maker": "새한항업컨소시엄", "UpdateDate": "20181001", "Version": "2020", "Remark": null, "HistType": null, "HistRemark": null }, "geometry": { "type": "Polygon", "coordinates": [ [ [ 127.099558982698468, 37.411269718097614, 80.549 ], [ 127.099568897415523, 37.411268588739532, 80.522 ], [ 127.09956011188342, 37.411221906959227, 80.628 ], [ 127.099550279644731, 37.411222902455528, 80.652 ], [ 127.099558982698468, 37.411269718097614, 80.549 ] ] ] } },
{ "type": "Feature", "properties": { "ID": "B319AS305090", "AdminCode": "204", "Type": "1", "Kind": "5372", "LinkID": "A219AS305181", "Maker": "새한항업컨소시엄", "UpdateDate": "20181001", "Version": "2020", "Remark": null, "HistType": null, "HistRemark": null }, "geometry": { "type": "Polygon", "coordinates": [ [ [ 127.099523231109032, 37.411275208613617, 80.611 ], [ 127.099537952426147, 37.411273444562781, 80.569 ], [ 127.099527703943593, 37.411226531968481, 80.665 ], [ 127.099513851809789, 37.411228328019945, 80.697 ], [ 127.099523231109032, 37.411275208613617, 80.611 ] ] ] } },
{ "type": "Feature", "properties": { "ID": "B319AS305091", "AdminCode": "206", "Type": "1", "Kind": "5373", "LinkID": "A219AS305195", "Maker": "새한항업컨소시엄", "UpdateDate": "20181001", "Version": "2020", "Remark": null, "HistType": null, "HistRemark": null }, "geometry": { "type": "Polygon", "coordinates": [ [ [ 127.112095001118817, 37.396132072078252, 62.716 ], [ 127.112095217948522, 37.396121179392686, 62.674 ], [ 127.112035432639161, 37.396120954526054, 62.743 ], [ 127.112035652786602, 37.396131989378823, 62.778 ], [ 127.112095001118817, 37.396132072078252, 62.716 ] ] ] } },
{ "type": "Feature", "properties": { "ID": "B319AS305092", "AdminCode": "206", "Type": "1", "Kind": "5372", "LinkID": "A219AS305201", "Maker": "새한항업컨소시엄", "UpdateDate": "20181001", "Version": "2020", "Remark": null, "HistType": null, "HistRemark": null }, "geometry": { "type": "Polygon", "coordinates": [ [ [ 127.109327858038128, 37.396196192580611, 64.471 ], [ 127.109327693614972, 37.396185203681405, 64.447 ], [ 127.109268886825049, 37.396185596904289, 64.489 ], [ 127.109268800585852, 37.396196221292961, 64.513 ], [ 127.109327858038128, 37.396196192580611, 64.471 ] ] ] } },
{ "type": "Feature", "properties": { "ID": "B319AS305093", "AdminCode": "206", "Type": "1", "Kind": "5371", "LinkID": "A219AS305203", "Maker": "새한항업컨소시엄", "UpdateDate": "20181001", "Version": "2020", "Remark": null, "HistType": null, "HistRemark": null }, "geometry": { "type": "Polygon", "coordinates": [ [ [ 127.109325680285082, 37.396136756187985, 64.337 ], [ 127.10932569173022, 37.396130456615282, 64.319 ], [ 127.109268170424642, 37.396130942499866, 64.358 ], [ 127.109268137070444, 37.396137214684479, 64.375 ], [ 127.109325680285082, 37.396136756187985, 64.337 ] ] ] } },
{ "type": "Feature", "properties": { "ID": "B319AS305094", "AdminCode": "206", "Type": "1", "Kind": "5373", "LinkID": "A219AS305204", "Maker": "새한항업컨소시엄", "UpdateDate": "20181001", "Version": "2020", "Remark": null, "HistType": null, "HistRemark": null }, "geometry": { "type": "Polygon", "coordinates": [ [ [ 127.109324675820773, 37.396109747605749, 64.284 ], [ 127.109324555776851, 37.396100588959079, 64.272 ], [ 127.109266158695661, 37.396101313185603, 64.301 ], [ 127.109266057254999, 37.396109395798881, 64.313 ], [ 127.109324675820773, 37.396109747605749, 64.284 ] ] ] } },
{ "type": "Feature", "properties": { "ID": "B319AS305095", "AdminCode": "206", "Type": "1", "Kind": "5373", "LinkID": "A219AS305205", "Maker": "새한항업컨소시엄", "UpdateDate": "20181001", "Version": "2020", "Remark": null, "HistType": null, "HistRemark": null }, "geometry": { "type": "Polygon", "coordinates": [ [ [ 127.108543003814162, 37.39608217320027, 64.796 ], [ 127.108542939676127, 37.396072591859742, 64.819 ], [ 127.108483786957308, 37.396073718184226, 64.849 ], [ 127.108483321802197, 37.396082335727193, 64.831 ], [ 127.108543003814162, 37.39608217320027, 64.796 ] ] ] } },
{ "type": "Feature", "properties": { "ID": "B319AS305096", "AdminCode": "206", "Type": "1", "Kind": "5373", "LinkID": "A219AS305209", "Maker": "새한항업컨소시엄", "UpdateDate": "20181001", "Version": "2020", "Remark": null, "HistType": null, "HistRemark": null }, "geometry": { "type": "Polygon", "coordinates": [ [ [ 127.106615446505131, 37.395815707997905, 66.766 ], [ 127.106602983831976, 37.395818969179693, 66.751 ], [ 127.106622661306261, 37.395863878335504, 66.647 ], [ 127.10663526737693, 37.395860754636466, 66.661 ], [ 127.106615446505131, 37.395815707997905, 66.766 ] ] ] } },
{ "type": "Feature", "properties": { "ID": "B319AS305097", "AdminCode": "206", "Type": "1", "Kind": "5371", "LinkID": "A219AS305210", "Maker": "새한항업컨소시엄", "UpdateDate": "20181001", "Version": "2020", "Remark": null, "HistType": null, "HistRemark": null }, "geometry": { "type": "Polygon", "coordinates": [ [ [ 127.106689812170259, 37.395796287518969, 66.81 ], [ 127.106679800820771, 37.395798200043998, 66.802 ], [ 127.106699396899927, 37.39584454988757, 66.715 ], [ 127.106709325402832, 37.395842338620746, 66.73 ], [ 127.106689812170259, 37.395796287518969, 66.81 ] ] ] } },
{ "type": "Feature", "properties": { "ID": "B319AS305098", "AdminCode": "206", "Type": "1", "Kind": "5371", "LinkID": "A219AS305211", "Maker": "새한항업컨소시엄", "UpdateDate": "20181001", "Version": "2020", "Remark": null, "HistType": null, "HistRemark": null }, "geometry": { "type": "Polygon", "coordinates": [ [ [ 127.106651080236261, 37.3958060585704, 66.79 ], [ 127.106640265322696, 37.395808480947153, 66.771 ], [ 127.106658788846786, 37.395853011112671, 66.688 ], [ 127.106670026586841, 37.395849946605253, 66.706 ], [ 127.106651080236261, 37.3958060585704, 66.79 ] ] ] } },
{ "type": "Feature", "properties": { "ID": "B319AS305099", "AdminCode": "206", "Type": "1", "Kind": "5372", "LinkID": "A219AS305212", "Maker": "새한항업컨소시엄", "UpdateDate": "20181001", "Version": "2020", "Remark": null, "HistType": null, "HistRemark": null }, "geometry": { "type": "Polygon", "coordinates": [ [ [ 127.106730801229077, 37.395784804177559, 66.855 ], [ 127.106716700061767, 37.395788985442714, 66.834 ], [ 127.106735139769199, 37.395831910025258, 66.765 ], [ 127.106748489533416, 37.395828410687194, 66.772 ], [ 127.106730801229077, 37.395784804177559, 66.855 ] ] ] } },
{ "type": "Feature", "properties": { "ID": "B319AS305100", "AdminCode": "206", "Type": "1", "Kind": "5392", "LinkID": "A219AS305222", "Maker": "새한항업컨소시엄", "UpdateDate": "20181001", "Version": "2020", "Remark": null, "HistType": null, "HistRemark": null }, "geometry": { "type": "Polygon", "coordinates": [ [ [ 127.107048519429114, 37.396904534398921, 65.075 ], [ 127.107035415203413, 37.396905451106683, 65.072 ], [ 127.107042401832686, 37.397000419786849, 64.92 ], [ 127.107056069305273, 37.39699956617369, 64.925 ], [ 127.107048519429114, 37.396904534398921, 65.075 ] ] ] } },
{ "type": "Feature", "properties": { "ID": "B319AS305101", "AdminCode": "206", "Type": "1", "Kind": "5392", "LinkID": "A219AS305223", "Maker": "새한항업컨소시엄", "UpdateDate": "20181001", "Version": "2020", "Remark": null, "HistType": null, "HistRemark": null }, "geometry": { "type": "Polygon", "coordinates": [ [ [ 127.109328055087985, 37.39622791081149, 64.513 ], [ 127.109327687495735, 37.396215566783731, 64.504 ], [ 127.109210365697791, 37.396215528714627, 64.581 ], [ 127.109209451310747, 37.396229889066774, 64.596 ], [ 127.109328456328399, 37.39622902577004, 64.515 ], [ 127.109328055087985, 37.39622791081149, 64.513 ] ] ] } },
{ "type": "Feature", "properties": { "ID": "B319AS305102", "AdminCode": "206", "Type": "1", "Kind": "5373", "LinkID": "A219AS305225", "Maker": "새한항업컨소시엄", "UpdateDate": "20181001", "Version": "2020", "Remark": null, "HistType": null, "HistRemark": null }, "geometry": { "type": "Polygon", "coordinates": [ [ [ 127.106800484516597, 37.399527197814336, 62.863 ], [ 127.106812309397412, 37.399530451468124, 62.829 ], [ 127.106831258391594, 37.399485385953248, 62.805 ], [ 127.10682021762149, 37.399482397210797, 62.836 ], [ 127.106800484516597, 37.399527197814336, 62.863 ] ] ] } },
{ "type": "Feature", "properties": { "ID": "B319AS305103", "AdminCode": "206", "Type": "1", "Kind": "5371", "LinkID": "A219AS305245", "Maker": "새한항업컨소시엄", "UpdateDate": "20181001", "Version": "2020", "Remark": null, "HistType": null, "HistRemark": null }, "geometry": { "type": "Polygon", "coordinates": [ [ [ 127.109325455684598, 37.396165024889868, 64.406 ], [ 127.109325988811534, 37.396158643536253, 64.39 ], [ 127.109269447652807, 37.396158333971371, 64.426 ], [ 127.10926859020384, 37.396165034587867, 64.444 ], [ 127.109325455684598, 37.396165024889868, 64.406 ] ] ] } },
{ "type": "Feature", "properties": { "ID": "B319AS305104", "AdminCode": "206", "Type": "1", "Kind": "5391", "LinkID": "A219AS305884", "Maker": "새한항업컨소시엄", "UpdateDate": "20181001", "Version": "2020", "Remark": null, "HistType": null, "HistRemark": null }, "geometry": { "type": "Polygon", "coordinates": [ [ [ 127.107404081106736, 37.396213469837207, 65.733 ], [ 127.107403832364056, 37.396225155097312, 65.742 ], [ 127.107469572441516, 37.396225315424807, 65.673 ], [ 127.10746990146059, 37.396214929253098, 65.671 ], [ 127.107404081106736, 37.396213469837207, 65.733 ] ] ] } },
{ "type": "Feature", "properties": { "ID": "B319AS305105", "AdminCode": "206", "Type": "1", "Kind": "5372", "LinkID": "A219AS305251", "Maker": "새한항업컨소시엄", "UpdateDate": "20181001", "Version": "2020", "Remark": null, "HistType": null, "HistRemark": null }, "geometry": { "type": "Polygon", "coordinates": [ [ [ 127.105092278418468, 37.402960107660149, 66.355 ], [ 127.105108062837488, 37.402964506468493, 66.346 ], [ 127.105128169776862, 37.402917053495365, 66.293 ], [ 127.105112486719463, 37.40291311595287, 66.308 ], [ 127.105092278418468, 37.402960107660149, 66.355 ] ] ] } },
{ "type": "Feature", "properties": { "ID": "B319AS305106", "AdminCode": "206", "Type": "1", "Kind": "5372", "LinkID": "A219AS305252", "Maker": "새한항업컨소시엄", "UpdateDate": "20181001", "Version": "2020", "Remark": null, "HistType": null, "HistRemark": null }, "geometry": { "type": "Polygon", "coordinates": [ [ [ 127.105131145512075, 37.402959478028279, 66.313 ], [ 127.105146008471721, 37.402963681808878, 66.305 ], [ 127.105165710677838, 37.402917943730273, 66.246 ], [ 127.105151690138271, 37.402913933707595, 66.251 ], [ 127.105131145512075, 37.402959478028279, 66.313 ] ] ] } },
{ "type": "Feature", "properties": { "ID": "B319AS305107", "AdminCode": "206", "Type": "1", "Kind": "5391", "LinkID": null, "Maker": "새한항업컨소시엄", "UpdateDate": "20181001", "Version": "2020", "Remark": null, "HistType": null, "HistRemark": null }, "geometry": { "type": "Polygon", "coordinates": [ [ [ 127.105070144556237, 37.402922089526605, 66.343 ], [ 127.105087389525551, 37.402926809166161, 66.349 ], [ 127.105107416585057, 37.402882527319619, 66.302 ], [ 127.105090427098318, 37.402877532391102, 66.295 ], [ 127.105070144556237, 37.402922089526605, 66.343 ] ] ] } },
{ "type": "Feature", "properties": { "ID": "B319AS305108", "AdminCode": "206", "Type": "1", "Kind": "5371", "LinkID": "A219AS305253", "Maker": "새한항업컨소시엄", "UpdateDate": "20181001", "Version": "2020", "Remark": null, "HistType": null, "HistRemark": null }, "geometry": { "type": "Polygon", "coordinates": [ [ [ 127.105177724441774, 37.402960359940408, 66.272 ], [ 127.105184617531606, 37.402962083684066, 66.269 ], [ 127.105206572803993, 37.402916598017782, 66.177 ], [ 127.105198417994785, 37.402913835635019, 66.191 ], [ 127.105177724441774, 37.402960359940408, 66.272 ] ] ] } },
{ "type": "Feature", "properties": { "ID": "B319AS305109", "AdminCode": "206", "Type": "1", "Kind": "5371", "LinkID": "A219AS305254", "Maker": "새한항업컨소시엄", "UpdateDate": "20181001", "Version": "2020", "Remark": null, "HistType": null, "HistRemark": null }, "geometry": { "type": "Polygon", "coordinates": [ [ [ 127.105213531671609, 37.402959663203099, 66.224 ], [ 127.105223901161168, 37.402962857638428, 66.194 ], [ 127.105244585676786, 37.402918036544399, 66.093 ], [ 127.105233815729335, 37.402915042979103, 66.125 ], [ 127.105213531671609, 37.402959663203099, 66.224 ] ] ] } },
{ "type": "Feature", "properties": { "ID": "B319AS305110", "AdminCode": "206", "Type": "1", "Kind": "5372", "LinkID": "A219AS305266", "Maker": "새한항업컨소시엄", "UpdateDate": "20181001", "Version": "2020", "Remark": null, "HistType": null, "HistRemark": null }, "geometry": { "type": "Polygon", "coordinates": [ [ [ 127.1053165250391, 37.402464634714974, 65.912 ], [ 127.105328705542888, 37.40246813755892, 65.888 ], [ 127.105349589763989, 37.402423004204209, 65.85 ], [ 127.105337651350368, 37.402419757593464, 65.971 ], [ 127.1053165250391, 37.402464634714974, 65.912 ] ] ] } },
{ "type": "Feature", "properties": { "ID": "B319AS305111", "AdminCode": "206", "Type": "1", "Kind": "5372", "LinkID": "A219AS305267", "Maker": "새한항업컨소시엄", "UpdateDate": "20181001", "Version": "2020", "Remark": null, "HistType": null, "HistRemark": null }, "geometry": { "type": "Polygon", "coordinates": [ [ [ 127.105348987476418, 37.402474726368972, 65.852 ], [ 127.105361960962526, 37.402478142783082, 65.933 ], [ 127.105382704262425, 37.402432772838175, 65.87 ], [ 127.10536915945049, 37.402428716392478, 65.899 ], [ 127.105348987476418, 37.402474726368972, 65.852 ] ] ] } },
{ "type": "Feature", "properties": { "ID": "B319AS305112", "AdminCode": "206", "Type": "1", "Kind": "5382", "LinkID": "A219AS305294", "Maker": "새한항업컨소시엄", "UpdateDate": "20181001", "Version": "2020", "Remark": null, "HistType": null, "HistRemark": null }, "geometry": { "type": "Polygon", "coordinates": [ [ [ 127.106010112252065, 37.400516475295973, 63.698 ], [ 127.105998023951983, 37.400512910914436, 63.659 ], [ 127.105977156426988, 37.400558765676166, 63.701 ], [ 127.105989310040599, 37.400561979618381, 63.747 ], [ 127.106010112252065, 37.400516475295973, 63.698 ] ] ] } },
{ "type": "Feature", "properties": { "ID": "B319AS305113", "AdminCode": "206", "Type": "1", "Kind": "5371", "LinkID": "A219AS305295", "Maker": "새한항업컨소시엄", "UpdateDate": "20181001", "Version": "2020", "Remark": null, "HistType": null, "HistRemark": null }, "geometry": { "type": "Polygon", "coordinates": [ [ [ 127.106045684519714, 37.400526859921868, 63.787 ], [ 127.106036575706895, 37.400524307625091, 63.765 ], [ 127.106016467200433, 37.40056873255363, 63.82 ], [ 127.106025593791486, 37.400571925025496, 63.83 ], [ 127.106045684519714, 37.400526859921868, 63.787 ] ] ] } },
{ "type": "Feature", "properties": { "ID": "B319AS305114", "AdminCode": "206", "Type": "1", "Kind": "5371", "LinkID": "A219AS305296", "Maker": "새한항업컨소시엄", "UpdateDate": "20181001", "Version": "2020", "Remark": null, "HistType": null, "HistRemark": null }, "geometry": { "type": "Polygon", "coordinates": [ [ [ 127.106081840513028, 37.400536046213197, 63.882 ], [ 127.106070356369585, 37.400532266206582, 63.841 ], [ 127.106049442566146, 37.400580409418865, 63.906 ], [ 127.106060816287169, 37.400584088520532, 63.932 ], [ 127.106081840513028, 37.400536046213197, 63.882 ] ] ] } },
{ "type": "Feature", "properties": { "ID": "B319AS305115", "AdminCode": "206", "Type": "1", "Kind": "5371", "LinkID": "A219AS305297", "Maker": "새한항업컨소시엄", "UpdateDate": "20181001", "Version": "2020", "Remark": null, "HistType": null, "HistRemark": null }, "geometry": { "type": "Polygon", "coordinates": [ [ [ 127.106114627091856, 37.400545349743631, 63.951 ], [ 127.106105770787892, 37.400542639272786, 63.929 ], [ 127.106084503228701, 37.400589578158609, 63.988 ], [ 127.106093710506968, 37.400592258204725, 64.002 ], [ 127.106114627091856, 37.400545349743631, 63.951 ] ] ] } },
{ "type": "Feature", "properties": { "ID": "B319AS305116", "AdminCode": "206", "Type": "1", "Kind": "5371", "LinkID": "A219AS305298", "Maker": "새한항업컨소시엄", "UpdateDate": "20181001", "Version": "2020", "Remark": null, "HistType": null, "HistRemark": null }, "geometry": { "type": "Polygon", "coordinates": [ [ [ 127.10620930843605, 37.400081244139798, 63.218 ], [ 127.106198482112788, 37.400078709400468, 63.204 ], [ 127.106177273851543, 37.400124198243411, 63.265 ], [ 127.106188124258566, 37.40012757153464, 63.271 ], [ 127.10620930843605, 37.400081244139798, 63.218 ] ] ] } },
{ "type": "Feature", "properties": { "ID": "B319AS305117", "AdminCode": "206", "Type": "1", "Kind": "5371", "LinkID": "A219AS305299", "Maker": "새한항업컨소시엄", "UpdateDate": "20181001", "Version": "2020", "Remark": null, "HistType": null, "HistRemark": null }, "geometry": { "type": "Polygon", "coordinates": [ [ [ 127.106247313067414, 37.400081159080699, 63.351 ], [ 127.106236236678868, 37.400079134051808, 63.304 ], [ 127.106216753255737, 37.40012431707396, 63.324 ], [ 127.106226458750143, 37.400126500390797, 63.347 ], [ 127.106247313067414, 37.400081159080699, 63.351 ] ] ] } },
{ "type": "Feature", "properties": { "ID": "B319AS305118", "AdminCode": "206", "Type": "1", "Kind": "5371", "LinkID": "A219AS305300", "Maker": "새한항업컨소시엄", "UpdateDate": "20181001", "Version": "2020", "Remark": null, "HistType": null, "HistRemark": null }, "geometry": { "type": "Polygon", "coordinates": [ [ [ 127.106285186676061, 37.400083586402324, 63.504 ], [ 127.106274869362082, 37.400081474400764, 63.46 ], [ 127.106253834332207, 37.400129507563015, 63.439 ], [ 127.106263997775969, 37.400132347115054, 63.469 ], [ 127.106285186676061, 37.400083586402324, 63.504 ] ] ] } },
{ "type": "Feature", "properties": { "ID": "B319AS305119", "AdminCode": "206", "Type": "1", "Kind": "5371", "LinkID": "A219AS305301", "Maker": "새한항업컨소시엄", "UpdateDate": "20181001", "Version": "2020", "Remark": null, "HistType": null, "HistRemark": null }, "geometry": { "type": "Polygon", "coordinates": [ [ [ 127.10632488546419, 37.400084862313427, 63.575 ], [ 127.106312126391202, 37.400081918094102, 63.545 ], [ 127.106291239049881, 37.400128124088575, 63.509 ], [ 127.106303016109507, 37.400131485177951, 63.565 ], [ 127.10632488546419, 37.400084862313427, 63.575 ] ] ] } },
{ "type": "Feature", "properties": { "ID": "B319AS305120", "AdminCode": "206", "Type": "1", "Kind": "5373", "LinkID": "A219AS305311", "Maker": "새한항업컨소시엄", "UpdateDate": "20181001", "Version": "2020", "Remark": null, "HistType": null, "HistRemark": null }, "geometry": { "type": "Polygon", "coordinates": [ [ [ 127.106168597064126, 37.400081150630577, 63.179 ], [ 127.106153730569446, 37.400076658525577, 63.138 ], [ 127.106133295778776, 37.400122385066162, 63.183 ], [ 127.106147877073283, 37.400126539141063, 63.244 ], [ 127.106168597064126, 37.400081150630577, 63.179 ] ] ] } },
{ "type": "Feature", "properties": { "ID": "B319AS305121", "AdminCode": "206", "Type": "1", "Kind": "5392", "LinkID": "A219AS305312", "Maker": "새한항업컨소시엄", "UpdateDate": "20181001", "Version": "2020", "Remark": null, "HistType": null, "HistRemark": null }, "geometry": { "type": "Polygon", "coordinates": [ [ [ 127.106150261869516, 37.400558637369983, 63.969 ], [ 127.106136303384758, 37.400554421173666, 63.972 ], [ 127.106096362630879, 37.400643518825923, 64.063 ], [ 127.106109711390374, 37.400647274631687, 64.062 ], [ 127.106150261869516, 37.400558637369983, 63.969 ] ] ] } },
{ "type": "Feature", "properties": { "ID": "B319AS305122", "AdminCode": "206", "Type": "1", "Kind": "5392", "LinkID": "A219AS305313", "Maker": "새한항업컨소시엄", "UpdateDate": "20181001", "Version": "2020", "Remark": null, "HistType": null, "HistRemark": null }, "geometry": { "type": "Polygon", "coordinates": [ [ [ 127.106361585130742, 37.400091741011082, 63.613 ], [ 127.106346608600731, 37.40008758063049, 63.604 ], [ 127.106306204432627, 37.400174913500713, 63.588 ], [ 127.106320682575955, 37.400178678363631, 63.604 ], [ 127.106361585130742, 37.400091741011082, 63.613 ] ] ] } },
{ "type": "Feature", "properties": { "ID": "B319AS305123", "AdminCode": "206", "Type": "1", "Kind": "5372", "LinkID": "A219AS305315", "Maker": "새한항업컨소시엄", "UpdateDate": "20181001", "Version": "2020", "Remark": null, "HistType": null, "HistRemark": null }, "geometry": { "type": "Polygon", "coordinates": [ [ [ 127.106599966896653, 37.399609812174205, 63.204 ], [ 127.106612301063151, 37.399613028943527, 63.213 ], [ 127.106634529826849, 37.399566474858879, 63.21 ], [ 127.10662220945305, 37.399563159175194, 63.211 ], [ 127.106599966896653, 37.399609812174205, 63.204 ] ] ] } },
{ "type": "Feature", "properties": { "ID": "B319AS305124", "AdminCode": "206", "Type": "1", "Kind": "5392", "LinkID": "A219AS305314", "Maker": "새한항업컨소시엄", "UpdateDate": "20181001", "Version": "2020", "Remark": null, "HistType": null, "HistRemark": null }, "geometry": { "type": "Polygon", "coordinates": [ [ [ 127.10656609843393, 37.399609395818004, 63.215 ], [ 127.106582657421981, 37.399613067805674, 63.221 ], [ 127.106621547973347, 37.3995261521939, 63.201 ], [ 127.106600657378635, 37.399519535832397, 63.168 ], [ 127.10656609843393, 37.399609395818004, 63.215 ] ] ] } },
{ "type": "Feature", "properties": { "ID": "B319AS305125", "AdminCode": "206", "Type": "1", "Kind": "5371", "LinkID": "A219AS305316", "Maker": "새한항업컨소시엄", "UpdateDate": "20181001", "Version": "2020", "Remark": null, "HistType": null, "HistRemark": null }, "geometry": { "type": "Polygon", "coordinates": [ [ [ 127.106645068057603, 37.399611426863977, 63.177 ], [ 127.106654295059144, 37.399614665957657, 63.168 ], [ 127.106674184149782, 37.399571751495223, 63.144 ], [ 127.106664662151331, 37.399569012378848, 63.165 ], [ 127.106645068057603, 37.399611426863977, 63.177 ] ] ] } },
{ "type": "Feature", "properties": { "ID": "B319AS305126", "AdminCode": "206", "Type": "1", "Kind": "5371", "LinkID": "A219AS305317", "Maker": "새한항업컨소시엄", "UpdateDate": "20181001", "Version": "2020", "Remark": null, "HistType": null, "HistRemark": null }, "geometry": { "type": "Polygon", "coordinates": [ [ [ 127.106681875857575, 37.399614449834765, 63.098 ], [ 127.106691953673874, 37.399617098715154, 63.077 ], [ 127.106712145723691, 37.399572918333845, 63.036 ], [ 127.106702648121697, 37.399570107511146, 63.076 ], [ 127.106681875857575, 37.399614449834765, 63.098 ] ] ] } },
{ "type": "Feature", "properties": { "ID": "B319AS305127", "AdminCode": "206", "Type": "1", "Kind": "5371", "LinkID": "A219AS305318", "Maker": "새한항업컨소시엄", "UpdateDate": "20181001", "Version": "2020", "Remark": null, "HistType": null, "HistRemark": null }, "geometry": { "type": "Polygon", "coordinates": [ [ [ 127.106719384047437, 37.399617024374301, 63.016 ], [ 127.106729093303983, 37.399619505122757, 63.0 ], [ 127.106751959922931, 37.39956914893704, 62.967 ], [ 127.106742448533723, 37.399566437034373, 62.985 ], [ 127.106719384047437, 37.399617024374301, 63.016 ] ] ] } },
{ "type": "Feature", "properties": { "ID": "B319AS305128", "AdminCode": "206", "Type": "1", "Kind": "5392", "LinkID": "A219AS305226", "Maker": "새한항업컨소시엄", "UpdateDate": "20181001", "Version": "2020", "Remark": null, "HistType": null, "HistRemark": null }, "geometry": { "type": "Polygon", "coordinates": [ [ [ 127.106714607064319, 37.399278050143018, 63.007 ], [ 127.106728262546639, 37.399281729677547, 63.005 ], [ 127.10677044094669, 37.39918849482099, 62.964 ], [ 127.106756374924686, 37.399184520315153, 62.97 ], [ 127.106714607064319, 37.399278050143018, 63.007 ] ] ] } },
{ "type": "Feature", "properties": { "ID": "B319AS305129", "AdminCode": "206", "Type": "1", "Kind": "5372", "LinkID": "A219AS305331", "Maker": "새한항업컨소시엄", "UpdateDate": "20181001", "Version": "2020", "Remark": null, "HistType": null, "HistRemark": null }, "geometry": { "type": "Polygon", "coordinates": [ [ [ 127.106746937150561, 37.39928796804611, 63.007 ], [ 127.106757430241785, 37.399290722709843, 63.013 ], [ 127.106778149574097, 37.399245784695182, 62.976 ], [ 127.106767361078923, 37.39924309740195, 62.979 ], [ 127.106746937150561, 37.39928796804611, 63.007 ] ] ] } },
{ "type": "Feature", "properties": { "ID": "B319AS305130", "AdminCode": "206", "Type": "1", "Kind": "5371", "LinkID": "A219AS305332", "Maker": "새한항업컨소시엄", "UpdateDate": "20181001", "Version": "2020", "Remark": null, "HistType": null, "HistRemark": null }, "geometry": { "type": "Polygon", "coordinates": [ [ [ 127.106784618503951, 37.399298917966362, 62.964 ], [ 127.106794115665195, 37.399301296174279, 62.961 ], [ 127.106813908073605, 37.399256829982711, 62.927 ], [ 127.106804962688301, 37.399254073075824, 62.939 ], [ 127.106784618503951, 37.399298917966362, 62.964 ] ] ] } },
{ "type": "Feature", "properties": { "ID": "B319AS305131", "AdminCode": "206", "Type": "1", "Kind": "5371", "LinkID": "A219AS305333", "Maker": "새한항업컨소시엄", "UpdateDate": "20181001", "Version": "2020", "Remark": null, "HistType": null, "HistRemark": null }, "geometry": { "type": "Polygon", "coordinates": [ [ [ 127.106820902307717, 37.399307943849138, 62.884 ], [ 127.106830431717995, 37.399310836284272, 62.866 ], [ 127.106850471983336, 37.399265049216005, 62.842 ], [ 127.106842394957127, 37.399262351282573, 62.86 ], [ 127.106820902307717, 37.399307943849138, 62.884 ] ] ] } },
{ "type": "Feature", "properties": { "ID": "B319AS305132", "AdminCode": "206", "Type": "1", "Kind": "5382", "LinkID": "A219AS305334", "Maker": "새한항업컨소시엄", "UpdateDate": "20181001", "Version": "2020", "Remark": null, "HistType": null, "HistRemark": null }, "geometry": { "type": "Polygon", "coordinates": [ [ [ 127.106854153716085, 37.399319408607816, 62.802 ], [ 127.106865609283901, 37.3993229717791, 62.772 ], [ 127.106888265540732, 37.399276478563849, 62.741 ], [ 127.106876670123171, 37.399273535018736, 62.772 ], [ 127.106854153716085, 37.399319408607816, 62.802 ] ] ] } },
{ "type": "Feature", "properties": { "ID": "B319AS305133", "AdminCode": "206", "Type": "1", "Kind": "5371", "LinkID": "A219AS305343", "Maker": "새한항업컨소시엄", "UpdateDate": "20181001", "Version": "2020", "Remark": null, "HistType": null, "HistRemark": null }, "geometry": { "type": "Polygon", "coordinates": [ [ [ 127.10684105315957, 37.396516998939816, 65.682 ], [ 127.10683191571357, 37.396518745222586, 65.67 ], [ 127.10684105015504, 37.396566054049771, 65.581 ], [ 127.106849921054334, 37.396565024499132, 65.584 ], [ 127.10684105315957, 37.396516998939816, 65.682 ] ] ] } },
{ "type": "Feature", "properties": { "ID": "B319AS305134", "AdminCode": "206", "Type": "1", "Kind": "5371", "LinkID": "A219AS305344", "Maker": "새한항업컨소시엄", "UpdateDate": "20181001", "Version": "2020", "Remark": null, "HistType": null, "HistRemark": null }, "geometry": { "type": "Polygon", "coordinates": [ [ [ 127.10690052888809, 37.396952012579177, 64.757 ], [ 127.106892415215825, 37.396952576596995, 64.736 ], [ 127.106895908451719, 37.396998713566916, 64.657 ], [ 127.106903901957395, 37.396998436025065, 64.676 ], [ 127.10690052888809, 37.396952012579177, 64.757 ] ] ] } },
{ "type": "Feature", "properties": { "ID": "B319AS305135", "AdminCode": "206", "Type": "1", "Kind": "5371", "LinkID": "A219AS305345", "Maker": "새한항업컨소시엄", "UpdateDate": "20181001", "Version": "2020", "Remark": null, "HistType": null, "HistRemark": null }, "geometry": { "type": "Polygon", "coordinates": [ [ [ 127.106876115621816, 37.396512107923662, 65.709 ], [ 127.106866498299496, 37.39651362121046, 65.706 ], [ 127.106876090921574, 37.396561577262482, 65.615 ], [ 127.10688544400648, 37.396560239993477, 65.63 ], [ 127.106876115621816, 37.396512107923662, 65.709 ] ] ] } },
{ "type": "Feature", "properties": { "ID": "B319AS305136", "AdminCode": "206", "Type": "1", "Kind": "5371", "LinkID": "A219AS305346", "Maker": "새한항업컨소시엄", "UpdateDate": "20181001", "Version": "2020", "Remark": null, "HistType": null, "HistRemark": null }, "geometry": { "type": "Polygon", "coordinates": [ [ [ 127.106940324294214, 37.396950730256364, 64.846 ], [ 127.106929782700917, 37.396950813779128, 64.82 ], [ 127.106934171925616, 37.396998605376808, 64.751 ], [ 127.106942769110233, 37.396998130212502, 64.764 ], [ 127.106940324294214, 37.396950730256364, 64.846 ] ] ] } },
{ "type": "Feature", "properties": { "ID": "B319AS305137", "AdminCode": "206", "Type": "1", "Kind": "5371", "LinkID": "A219AS305347", "Maker": "새한항업컨소시엄", "UpdateDate": "20181001", "Version": "2020", "Remark": null, "HistType": null, "HistRemark": null }, "geometry": { "type": "Polygon", "coordinates": [ [ [ 127.10691297354839, 37.39650634440013, 65.742 ], [ 127.106904220065658, 37.396507646211795, 65.724 ], [ 127.106914177446953, 37.396555472915033, 65.65 ], [ 127.106922438137047, 37.396554451611117, 65.655 ], [ 127.10691297354839, 37.39650634440013, 65.742 ] ] ] } },
{ "type": "Feature", "properties": { "ID": "B319AS305138", "AdminCode": "206", "Type": "1", "Kind": "5371", "LinkID": "A219AS305348", "Maker": "새한항업컨소시엄", "UpdateDate": "20181001", "Version": "2020", "Remark": null, "HistType": null, "HistRemark": null }, "geometry": { "type": "Polygon", "coordinates": [ [ [ 127.106975133114744, 37.396948295569686, 64.921 ], [ 127.106966273731274, 37.396948865674986, 64.908 ], [ 127.10696974488225, 37.396994984264531, 64.822 ], [ 127.106977589780698, 37.396994776437907, 64.841 ], [ 127.106975133114744, 37.396948295569686, 64.921 ] ] ] } },
{ "type": "Feature", "properties": { "ID": "B319AS305139", "AdminCode": "206", "Type": "1", "Kind": "5371", "LinkID": "A219AS305349", "Maker": "새한항업컨소시엄", "UpdateDate": "20181001", "Version": "2020", "Remark": null, "HistType": null, "HistRemark": null }, "geometry": { "type": "Polygon", "coordinates": [ [ [ 127.106950416082867, 37.396503834735697, 65.757 ], [ 127.106942096941523, 37.396504485592089, 65.753 ], [ 127.106950320673917, 37.396551626613579, 65.671 ], [ 127.106959001197453, 37.396550530918113, 65.681 ], [ 127.106950416082867, 37.396503834735697, 65.757 ] ] ] } },
{ "type": "Feature", "properties": { "ID": "B319AS305140", "AdminCode": "206", "Type": "1", "Kind": "5371", "LinkID": "A219AS305350", "Maker": "새한항업컨소시엄", "UpdateDate": "20181001", "Version": "2020", "Remark": null, "HistType": null, "HistRemark": null }, "geometry": { "type": "Polygon", "coordinates": [ [ [ 127.10701368102238, 37.396946758917757, 64.974 ], [ 127.107006182321427, 37.396947125503992, 64.966 ], [ 127.107008439133267, 37.396996162727376, 64.879 ], [ 127.107016380032789, 37.396995731122551, 64.894 ], [ 127.10701368102238, 37.396946758917757, 64.974 ] ] ] } },
{ "type": "Feature", "properties": { "ID": "B319AS305141", "AdminCode": "206", "Type": "1", "Kind": "5392", "LinkID": "A219AS305351", "Maker": "새한항업컨소시엄", "UpdateDate": "20181001", "Version": "2020", "Remark": null, "HistType": null, "HistRemark": null }, "geometry": { "type": "Polygon", "coordinates": [ [ [ 127.106987474902738, 37.396499065783594, 65.757 ], [ 127.106972726152179, 37.396500695175199, 65.75 ], [ 127.10699203459626, 37.396594410180285, 65.593 ], [ 127.107005622087513, 37.396593140715169, 65.59 ], [ 127.106987474902738, 37.396499065783594, 65.757 ] ] ] } },
{ "type": "Feature", "properties": { "ID": "B319AS305142", "AdminCode": "206", "Type": "1", "Kind": "5371", "LinkID": "A219AS305376", "Maker": "새한항업컨소시엄", "UpdateDate": "20181001", "Version": "2020", "Remark": null, "HistType": null, "HistRemark": null }, "geometry": { "type": "Polygon", "coordinates": [ [ [ 127.106880386842434, 37.396020444086112, 66.436 ], [ 127.106891049321803, 37.396018244559428, 66.421 ], [ 127.106873383710223, 37.395969690559262, 66.507 ], [ 127.106862819462137, 37.395972026845548, 66.516 ], [ 127.106880386842434, 37.396020444086112, 66.436 ] ] ] } },
{ "type": "Feature", "properties": { "ID": "B319AS305143", "AdminCode": "206", "Type": "1", "Kind": "5371", "LinkID": "A219AS305378", "Maker": "새한항업컨소시엄", "UpdateDate": "20181001", "Version": "2020", "Remark": null, "HistType": null, "HistRemark": null }, "geometry": { "type": "Polygon", "coordinates": [ [ [ 127.106916497693732, 37.396009792818404, 66.415 ], [ 127.106925758418768, 37.396007633926502, 66.402 ], [ 127.106908149698327, 37.39595906281734, 66.459 ], [ 127.106899101026897, 37.395961324241817, 66.465 ], [ 127.106916497693732, 37.396009792818404, 66.415 ] ] ] } },
{ "type": "Feature", "properties": { "ID": "B319AS305144", "AdminCode": "206", "Type": "1", "Kind": "5371", "LinkID": "A219AS305380", "Maker": "새한항업컨소시엄", "UpdateDate": "20181001", "Version": "2020", "Remark": null, "HistType": null, "HistRemark": null }, "geometry": { "type": "Polygon", "coordinates": [ [ [ 127.1069522311508, 37.395999324758471, 66.387 ], [ 127.10696361157261, 37.39599687535992, 66.373 ], [ 127.106945028905614, 37.395944809824215, 66.436 ], [ 127.106933783042905, 37.395947748052329, 66.456 ], [ 127.1069522311508, 37.395999324758471, 66.387 ] ] ] } },
{ "type": "Feature", "properties": { "ID": "B319AS305145", "AdminCode": "206", "Type": "1", "Kind": "5371", "LinkID": "A219AS305382", "Maker": "새한항업컨소시엄", "UpdateDate": "20181001", "Version": "2020", "Remark": null, "HistType": null, "HistRemark": null }, "geometry": { "type": "Polygon", "coordinates": [ [ [ 127.106990307554696, 37.395989570148672, 66.343 ], [ 127.106997194452944, 37.395988373624839, 66.34 ], [ 127.106981976531102, 37.395940408602932, 66.399 ], [ 127.106974232564099, 37.395941996963593, 66.4 ], [ 127.106990307554696, 37.395989570148672, 66.343 ] ] ] } },
{ "type": "Feature", "properties": { "ID": "B319AS305146", "AdminCode": "206", "Type": "1", "Kind": "5373", "LinkID": "A219AS305387", "Maker": "새한항업컨소시엄", "UpdateDate": "20181001", "Version": "2020", "Remark": null, "HistType": null, "HistRemark": null }, "geometry": { "type": "Polygon", "coordinates": [ [ [ 127.108107078760355, 37.396110634119168, 64.968 ], [ 127.108107896438142, 37.396099678964077, 64.95 ], [ 127.108048658873727, 37.396099686159261, 64.968 ], [ 127.108049103136949, 37.396110769662563, 64.989 ], [ 127.108107078760355, 37.396110634119168, 64.968 ] ] ] } },
{ "type": "Feature", "properties": { "ID": "B319AS305147", "AdminCode": "206", "Type": "1", "Kind": "5371", "LinkID": "A219AS305388", "Maker": "새한항업컨소시엄", "UpdateDate": "20181001", "Version": "2020", "Remark": null, "HistType": null, "HistRemark": null }, "geometry": { "type": "Polygon", "coordinates": [ [ [ 127.108107095776887, 37.396139159031449, 65.031 ], [ 127.108107428159329, 37.39613088184138, 65.01 ], [ 127.108047891846056, 37.396130190289924, 65.033 ], [ 127.108047980385919, 37.396138798667849, 65.052 ], [ 127.108107095776887, 37.396139159031449, 65.031 ] ] ] } },
{ "type": "Feature", "properties": { "ID": "B319AS305148", "AdminCode": "206", "Type": "1", "Kind": "5371", "LinkID": null, "Maker": "새한항업컨소시엄", "UpdateDate": "20181001", "Version": "2020", "Remark": null, "HistType": null, "HistRemark": null }, "geometry": { "type": "Polygon", "coordinates": [ [ [ 127.110694609874855, 37.396111274492689, 63.6 ], [ 127.110694427795423, 37.396101880528221, 63.602 ], [ 127.110632169293893, 37.396104778818504, 63.618 ], [ 127.110632934047914, 37.396113461094217, 63.609 ], [ 127.110694609874855, 37.396111274492689, 63.6 ] ] ] } },
{ "type": "Feature", "properties": { "ID": "B319AS305149", "AdminCode": "206", "Type": "1", "Kind": "5371", "LinkID": null, "Maker": "새한항업컨소시엄", "UpdateDate": "20181001", "Version": "2020", "Remark": null, "HistType": null, "HistRemark": null }, "geometry": { "type": "Polygon", "coordinates": [ [ [ 127.110645249890339, 37.396023821070251, 63.695 ], [ 127.110635762865527, 37.396017901412719, 63.707 ], [ 127.110598440581583, 37.39605657243456, 63.691 ], [ 127.110606961293044, 37.396061836759884, 63.67 ], [ 127.110645249890339, 37.396023821070251, 63.695 ] ] ] } },
{ "type": "Feature", "properties": { "ID": "B319AS305150", "AdminCode": "206", "Type": "1", "Kind": "5373", "LinkID": "A219AS305392", "Maker": "새한항업컨소시엄", "UpdateDate": "20181001", "Version": "2020", "Remark": null, "HistType": null, "HistRemark": null }, "geometry": { "type": "Polygon", "coordinates": [ [ [ 127.110437289298631, 37.396132567658519, 63.731 ], [ 127.11043732514635, 37.3961239432426, 63.719 ], [ 127.1103786369803, 37.396123662975462, 63.716 ], [ 127.110378939156377, 37.396133221085321, 63.74 ], [ 127.110437289298631, 37.396132567658519, 63.731 ] ] ] } },
{ "type": "Feature", "properties": { "ID": "B319AS305151", "AdminCode": "206", "Type": "1", "Kind": "5373", "LinkID": "A219AS305401", "Maker": "새한항업컨소시엄", "UpdateDate": "20181001", "Version": "2020", "Remark": null, "HistType": null, "HistRemark": null }, "geometry": { "type": "Polygon", "coordinates": [ [ [ 127.107011045023341, 37.395948805147363, 66.378 ], [ 127.107023436471025, 37.395946579222134, 66.367 ], [ 127.107007343911349, 37.395898356858112, 66.433 ], [ 127.106993350150617, 37.395900962684685, 66.438 ], [ 127.107011045023341, 37.395948805147363, 66.378 ] ] ] } },
{ "type": "Feature", "properties": { "ID": "B319AS305152", "AdminCode": "206", "Type": "1", "Kind": "5372", "LinkID": "A219AS305402", "Maker": "새한항업컨소시엄", "UpdateDate": "20181001", "Version": "2020", "Remark": null, "HistType": null, "HistRemark": null }, "geometry": { "type": "Polygon", "coordinates": [ [ [ 127.107267513238696, 37.396248351634327, 65.846 ], [ 127.107267897046356, 37.39625734326561, 65.811 ], [ 127.107326634484266, 37.396257463643352, 65.769 ], [ 127.107326848410381, 37.396248959246819, 65.778 ], [ 127.107267513238696, 37.396248351634327, 65.846 ] ] ] } },
{ "type": "Feature", "properties": { "ID": "B319AS305153", "AdminCode": "206", "Type": "1", "Kind": "5372", "LinkID": "A219AS305403", "Maker": "새한항업컨소시엄", "UpdateDate": "20181001", "Version": "2020", "Remark": null, "HistType": null, "HistRemark": null }, "geometry": { "type": "Polygon", "coordinates": [ [ [ 127.107275902827311, 37.39627588404246, 65.76 ], [ 127.10727758883678, 37.396286996442967, 65.76 ], [ 127.107333717727855, 37.396286633434691, 65.715 ], [ 127.107333713227533, 37.39627603463537, 65.718 ], [ 127.107275902827311, 37.39627588404246, 65.76 ] ] ] } },
{ "type": "Feature", "properties": { "ID": "B319AS305154", "AdminCode": "206", "Type": "1", "Kind": "5373", "LinkID": "A219AS305417", "Maker": "새한항업컨소시엄", "UpdateDate": "20181001", "Version": "2020", "Remark": null, "HistType": null, "HistRemark": null }, "geometry": { "type": "Polygon", "coordinates": [ [ [ 127.110024213812835, 37.396333837599776, 63.859 ], [ 127.110024432103259, 37.39634448488421, 63.835 ], [ 127.110083134258801, 37.39634376516252, 63.78 ], [ 127.110082947776007, 37.396333650125754, 63.801 ], [ 127.110024213812835, 37.396333837599776, 63.859 ] ] ] } },
{ "type": "Feature", "properties": { "ID": "B319AS305155", "AdminCode": "206", "Type": "1", "Kind": "5371", "LinkID": "A219AS305418", "Maker": "새한항업컨소시엄", "UpdateDate": "20181001", "Version": "2020", "Remark": null, "HistType": null, "HistRemark": null }, "geometry": { "type": "Polygon", "coordinates": [ [ [ 127.110023715188632, 37.396306918222095, 63.902 ], [ 127.110023668319059, 37.396313730942971, 63.908 ], [ 127.110081685909748, 37.396313730290785, 63.84 ], [ 127.11008161286459, 37.396306744414517, 63.847 ], [ 127.110023715188632, 37.396306918222095, 63.902 ] ] ] } },
{ "type": "Feature", "properties": { "ID": "B319AS305156", "AdminCode": "206", "Type": "1", "Kind": "5371", "LinkID": "A219AS305419", "Maker": "새한항업컨소시엄", "UpdateDate": "20181001", "Version": "2020", "Remark": null, "HistType": null, "HistRemark": null }, "geometry": { "type": "Polygon", "coordinates": [ [ [ 127.110024484903292, 37.396278973670839, 63.926 ], [ 127.110024574688978, 37.396285292887768, 63.917 ], [ 127.110082631541147, 37.396285527188326, 63.862 ], [ 127.110082871495848, 37.396278672491867, 63.883 ], [ 127.110024484903292, 37.396278973670839, 63.926 ] ] ] } },
{ "type": "Feature", "properties": { "ID": "B319AS305157", "AdminCode": "206", "Type": "1", "Kind": "5373", "LinkID": "A219AS305392", "Maker": "새한항업컨소시엄", "UpdateDate": "20181001", "Version": "2020", "Remark": null, "HistType": null, "HistRemark": null }, "geometry": { "type": "Polygon", "coordinates": [ [ [ 127.110164576681328, 37.396134777993879, 63.814 ], [ 127.110164827958116, 37.396122524974174, 63.792 ], [ 127.1101080428693, 37.39612293291335, 63.841 ], [ 127.110107922625275, 37.396134016399287, 63.859 ], [ 127.110164576681328, 37.396134777993879, 63.814 ] ] ] } },
{ "type": "Feature", "properties": { "ID": "B319AS305158", "AdminCode": "206", "Type": "1", "Kind": "5392", "LinkID": "A219AS305420", "Maker": "새한항업컨소시엄", "UpdateDate": "20181001", "Version": "2020", "Remark": null, "HistType": null, "HistRemark": null }, "geometry": { "type": "Polygon", "coordinates": [ [ [ 127.11002444388005, 37.396246428780231, 64.013 ], [ 127.110024467361754, 37.396255387607454, 63.993 ], [ 127.110138073786217, 37.396256284744183, 63.932 ], [ 127.110138766124194, 37.396244011739, 63.975 ], [ 127.110024277833304, 37.396243145565492, 64.028 ], [ 127.11002444388005, 37.396246428780231, 64.013 ] ] ] } },
{ "type": "Feature", "properties": { "ID": "B319AS305159", "AdminCode": "206", "Type": "1", "Kind": "5392", "LinkID": "A219AS305429", "Maker": "새한항업컨소시엄", "UpdateDate": "20181001", "Version": "2020", "Remark": null, "HistType": null, "HistRemark": null }, "geometry": { "type": "Polygon", "coordinates": [ [ [ 127.112491593874097, 37.396217896148883, 62.665 ], [ 127.112491370312725, 37.396229509730624, 62.64 ], [ 127.1126064967155, 37.396229257134841, 62.57 ], [ 127.112606227490957, 37.396217473458684, 62.6 ], [ 127.112491593874097, 37.396217896148883, 62.665 ] ] ] } },
{ "type": "Feature", "properties": { "ID": "B319AS305160", "AdminCode": "206", "Type": "1", "Kind": "5381", "LinkID": "A219AS305431", "Maker": "새한항업컨소시엄", "UpdateDate": "20181001", "Version": "2020", "Remark": null, "HistType": null, "HistRemark": null }, "geometry": { "type": "Polygon", "coordinates": [ [ [ 127.112606414137915, 37.396197423558498, 62.552 ], [ 127.112606724677605, 37.396182792167373, 62.525 ], [ 127.112548046113162, 37.396183026845371, 62.576 ], [ 127.112548161935536, 37.396197773194636, 62.603 ], [ 127.112606414137915, 37.396197423558498, 62.552 ] ] ] } },
{ "type": "Feature", "properties": { "ID": "B319AS305161", "AdminCode": "206", "Type": "1", "Kind": "5373", "LinkID": "A219AS305433", "Maker": "새한항업컨소시엄", "UpdateDate": "20181001", "Version": "2020", "Remark": null, "HistType": null, "HistRemark": null }, "geometry": { "type": "Polygon", "coordinates": [ [ [ 127.112609335449477, 37.396161573294592, 62.5 ], [ 127.112609100784852, 37.396149312506047, 62.482 ], [ 127.112547052328424, 37.396150592904647, 62.54 ], [ 127.112547159851857, 37.396162067572895, 62.561 ], [ 127.112609335449477, 37.396161573294592, 62.5 ] ] ] } },
{ "type": "Feature", "properties": { "ID": "B319AS305162", "AdminCode": "206", "Type": "1", "Kind": "5373", "LinkID": "A219AS305434", "Maker": "새한항업컨소시엄", "UpdateDate": "20181001", "Version": "2020", "Remark": null, "HistType": null, "HistRemark": null }, "geometry": { "type": "Polygon", "coordinates": [ [ [ 127.112291245753383, 37.396160179975801, 62.668 ], [ 127.112291751383637, 37.396149931791378, 62.648 ], [ 127.112237973905351, 37.396150226560422, 62.683 ], [ 127.112237722336175, 37.396160253488759, 62.705 ], [ 127.112291245753383, 37.396160179975801, 62.668 ] ] ] } },
{ "type": "Feature", "properties": { "ID": "B319AS305163", "AdminCode": "206", "Type": "1", "Kind": "5373", "LinkID": "A219AS305435", "Maker": "새한항업컨소시엄", "UpdateDate": "20181001", "Version": "2020", "Remark": null, "HistType": null, "HistRemark": null }, "geometry": { "type": "Polygon", "coordinates": [ [ [ 127.112607364193678, 37.39613117860344, 62.451 ], [ 127.112607748065017, 37.396120378708567, 62.412 ], [ 127.1125487825107, 37.396120798068203, 62.457 ], [ 127.112548796108484, 37.39613106355764, 62.5 ], [ 127.112607364193678, 37.39613117860344, 62.451 ] ] ] } },
{ "type": "Feature", "properties": { "ID": "B319AS305164", "AdminCode": "206", "Type": "1", "Kind": "5373", "LinkID": "A219AS305883", "Maker": "새한항업컨소시엄", "UpdateDate": "20181001", "Version": "2020", "Remark": null, "HistType": null, "HistRemark": null }, "geometry": { "type": "Polygon", "coordinates": [ [ [ 127.107355473508449, 37.396343697592947, 65.53 ], [ 127.10730910179511, 37.396351354763063, 65.569 ], [ 127.10729898877986, 37.39635820457449, 65.56 ], [ 127.107309669133642, 37.396363828166734, 65.527 ], [ 127.107357677713978, 37.396350825741834, 65.5 ], [ 127.107355473508449, 37.396343697592947, 65.53 ] ] ] } },
{ "type": "Feature", "properties": { "ID": "B319AS305165", "AdminCode": "206", "Type": "1", "Kind": "5372", "LinkID": "A219AS305404", "Maker": "새한항업컨소시엄", "UpdateDate": "20181001", "Version": "2020", "Remark": null, "HistType": null, "HistRemark": null }, "geometry": { "type": "Polygon", "coordinates": [ [ [ 127.107283080652564, 37.39630533473926, 65.7 ], [ 127.107286654801925, 37.396314584743315, 65.694 ], [ 127.107345475030797, 37.3963136609852, 65.644 ], [ 127.107345722001938, 37.396304291915577, 65.659 ], [ 127.107283080652564, 37.39630533473926, 65.7 ] ] ] } },
{ "type": "Feature", "properties": { "ID": "B319AS305166", "AdminCode": "206", "Type": "1", "Kind": "5391", "LinkID": "A219AS305881", "Maker": "새한항업컨소시엄", "UpdateDate": "20181001", "Version": "2020", "Remark": null, "HistType": null, "HistRemark": null }, "geometry": { "type": "Polygon", "coordinates": [ [ [ 127.1068277162409, 37.395980792593072, 66.521 ], [ 127.10684241018771, 37.395977296748313, 66.528 ], [ 127.106824019826988, 37.395929713498333, 66.587 ], [ 127.106809678423161, 37.395933115849608, 66.585 ], [ 127.1068277162409, 37.395980792593072, 66.521 ] ] ] } },
{ "type": "Feature", "properties": { "ID": "B319AS305167", "AdminCode": "206", "Type": "1", "Kind": "5371", "LinkID": "A219AS305468", "Maker": "새한항업컨소시엄", "UpdateDate": "20181001", "Version": "2020", "Remark": null, "HistType": null, "HistRemark": null }, "geometry": { "type": "Polygon", "coordinates": [ [ [ 127.10857229483031, 37.403168573788342, 72.591 ], [ 127.108572251713511, 37.403162201249906, 72.575 ], [ 127.108512868407374, 37.403161043667467, 72.453 ], [ 127.108512880552013, 37.403167749173306, 72.468 ], [ 127.10857229483031, 37.403168573788342, 72.591 ] ] ] } },
{ "type": "Feature", "properties": { "ID": "B319AS305168", "AdminCode": "206", "Type": "1", "Kind": "5382", "LinkID": "A219AS305469", "Maker": "새한항업컨소시엄", "UpdateDate": "20181001", "Version": "2020", "Remark": null, "HistType": null, "HistRemark": null }, "geometry": { "type": "Polygon", "coordinates": [ [ [ 127.108570506242984, 37.403141759970353, 72.518 ], [ 127.108570455499148, 37.403131647115892, 72.475 ], [ 127.108512343606677, 37.403129797890507, 72.35 ], [ 127.108511833296589, 37.403140208191921, 72.381 ], [ 127.108570506242984, 37.403141759970353, 72.518 ] ] ] } },
{ "type": "Feature", "properties": { "ID": "B319AS305169", "AdminCode": "206", "Type": "1", "Kind": "5373", "LinkID": "A219AS305471", "Maker": "새한항업컨소시엄", "UpdateDate": "20181001", "Version": "2020", "Remark": null, "HistType": null, "HistRemark": null }, "geometry": { "type": "Polygon", "coordinates": [ [ [ 127.109314516865567, 37.403115468599729, 73.846 ], [ 127.109314815730457, 37.403104027484332, 73.813 ], [ 127.109257139792746, 37.403104609966086, 73.757 ], [ 127.109257246610568, 37.403115192369228, 73.787 ], [ 127.109314516865567, 37.403115468599729, 73.846 ] ] ] } },
{ "type": "Feature", "properties": { "ID": "B319AS305170", "AdminCode": "206", "Type": "1", "Kind": "5371", "LinkID": "A219AS305472", "Maker": "새한항업컨소시엄", "UpdateDate": "20181001", "Version": "2020", "Remark": null, "HistType": null, "HistRemark": null }, "geometry": { "type": "Polygon", "coordinates": [ [ [ 127.108572388819439, 37.403198532893882, 72.679 ], [ 127.10857281253044, 37.403189319870961, 72.664 ], [ 127.108510485739131, 37.403189755461824, 72.521 ], [ 127.108510500466451, 37.403198155361864, 72.539 ], [ 127.108572388819439, 37.403198532893882, 72.679 ] ] ] } },
{ "type": "Feature", "properties": { "ID": "B319AS305171", "AdminCode": "206", "Type": "1", "Kind": "5373", "LinkID": "A219AS305478", "Maker": "새한항업컨소시엄", "UpdateDate": "20181001", "Version": "2020", "Remark": null, "HistType": null, "HistRemark": null }, "geometry": { "type": "Polygon", "coordinates": [ [ [ 127.110041575603248, 37.40334119788897, 73.293 ], [ 127.110041552877419, 37.40335199452128, 73.236 ], [ 127.110100186613721, 37.403351967724298, 73.109 ], [ 127.110100077641277, 37.403341466399148, 73.159 ], [ 127.110041575603248, 37.40334119788897, 73.293 ] ] ] } },
{ "type": "Feature", "properties": { "ID": "B319AS305172", "AdminCode": "206", "Type": "1", "Kind": "5392", "LinkID": "A219AS305482", "Maker": "새한항업컨소시엄", "UpdateDate": "20181001", "Version": "2020", "Remark": null, "HistType": null, "HistRemark": null }, "geometry": { "type": "Polygon", "coordinates": [ [ [ 127.110797221270857, 37.40322325468729, 71.89 ], [ 127.110797115290481, 37.403239619726889, 71.884 ], [ 127.110912552966397, 37.403239545118915, 71.605 ], [ 127.110913255156291, 37.40322373035908, 71.605 ], [ 127.110797221270857, 37.40322325468729, 71.89 ] ] ] } },
{ "type": "Feature", "properties": { "ID": "B319AS305173", "AdminCode": "206", "Type": "1", "Kind": "5371", "LinkID": "A219AS305484", "Maker": "새한항업컨소시엄", "UpdateDate": "20181001", "Version": "2020", "Remark": null, "HistType": null, "HistRemark": null }, "geometry": { "type": "Polygon", "coordinates": [ [ [ 127.111878020088696, 37.403179239709303, 69.356 ], [ 127.111877933850295, 37.403170523224816, 69.338 ], [ 127.111817604989028, 37.403169226023721, 69.453 ], [ 127.111817487696555, 37.403178849521289, 69.478 ], [ 127.111878020088696, 37.403179239709303, 69.356 ] ] ] } },
{ "type": "Feature", "properties": { "ID": "B319AS305174", "AdminCode": "206", "Type": "1", "Kind": "5382", "LinkID": "A219AS305485", "Maker": "새한항업컨소시엄", "UpdateDate": "20181001", "Version": "2020", "Remark": null, "HistType": null, "HistRemark": null }, "geometry": { "type": "Polygon", "coordinates": [ [ [ 127.111869800895931, 37.403152476414945, 69.302 ], [ 127.11186929084414, 37.403139940864229, 69.256 ], [ 127.111807461639913, 37.403139007229264, 69.381 ], [ 127.111807848803792, 37.40315193736788, 69.423 ], [ 127.111869800895931, 37.403152476414945, 69.302 ] ] ] } },
{ "type": "Feature", "properties": { "ID": "B319AS305175", "AdminCode": "206", "Type": "1", "Kind": "5371", "LinkID": "A219AS305486", "Maker": "새한항업컨소시엄", "UpdateDate": "20181001", "Version": "2020", "Remark": null, "HistType": null, "HistRemark": null }, "geometry": { "type": "Polygon", "coordinates": [ [ [ 127.111880674227351, 37.403205373353202, 69.438 ], [ 127.111880401226301, 37.403195995971359, 69.411 ], [ 127.111812397066018, 37.40319577482348, 69.555 ], [ 127.111812396982884, 37.403205679581511, 69.579 ], [ 127.111880674227351, 37.403205373353202, 69.438 ] ] ] } },
{ "type": "Feature", "properties": { "ID": "B319AS305176", "AdminCode": "206", "Type": "1", "Kind": "5392", "LinkID": "A219AS305487", "Maker": "새한항업컨소시엄", "UpdateDate": "20181001", "Version": "2020", "Remark": null, "HistType": null, "HistRemark": null }, "geometry": { "type": "Polygon", "coordinates": [ [ [ 127.111877527001241, 37.403240291655393, 69.497 ], [ 127.111878212933277, 37.40322511651668, 69.491 ], [ 127.111757631149814, 37.403225344214874, 69.745 ], [ 127.111757816574851, 37.403239559920848, 69.741 ], [ 127.111877527001241, 37.403240291655393, 69.497 ] ] ] } },
{ "type": "Feature", "properties": { "ID": "B319AS305177", "AdminCode": "206", "Type": "1", "Kind": "5373", "LinkID": "A219AS305493", "Maker": "새한항업컨소시엄", "UpdateDate": "20181001", "Version": "2020", "Remark": null, "HistType": null, "HistRemark": null }, "geometry": { "type": "Polygon", "coordinates": [ [ [ 127.112816998701447, 37.400082661968966, 62.061 ], [ 127.112801405158024, 37.400082367937678, 62.031 ], [ 127.112801641308053, 37.400129245853122, 62.131 ], [ 127.112815367795065, 37.400129212661568, 62.162 ], [ 127.112816998701447, 37.400082661968966, 62.061 ] ] ] } },
{ "type": "Feature", "properties": { "ID": "B319AS305178", "AdminCode": "206", "Type": "1", "Kind": "5382", "LinkID": "A219AS305494", "Maker": "새한항업컨소시엄", "UpdateDate": "20181001", "Version": "2020", "Remark": null, "HistType": null, "HistRemark": null }, "geometry": { "type": "Polygon", "coordinates": [ [ [ 127.112859666141034, 37.400850976002808, 63.912 ], [ 127.112842662467429, 37.400850596373608, 63.869 ], [ 127.112841559994763, 37.400899048128238, 63.994 ], [ 127.112858695805727, 37.400899114429059, 64.035 ], [ 127.112859666141034, 37.400850976002808, 63.912 ] ] ] } },
{ "type": "Feature", "properties": { "ID": "B319AS305179", "AdminCode": "206", "Type": "1", "Kind": "5382", "LinkID": "A219AS305494", "Maker": "새한항업컨소시엄", "UpdateDate": "20181001", "Version": "2020", "Remark": null, "HistType": null, "HistRemark": null }, "geometry": { "type": "Polygon", "coordinates": [ [ [ 127.112857873238951, 37.400444635721186, 62.912 ], [ 127.112841059593336, 37.400444340239467, 62.863 ], [ 127.112840746530139, 37.400489244653407, 62.982 ], [ 127.112856620207509, 37.400489633278262, 63.022 ], [ 127.112857873238951, 37.400444635721186, 62.912 ] ] ] } },
{ "type": "Feature", "properties": { "ID": "B319AS305180", "AdminCode": "206", "Type": "1", "Kind": "5371", "LinkID": "A219AS305495", "Maker": "새한항업컨소시엄", "UpdateDate": "20181001", "Version": "2020", "Remark": null, "HistType": null, "HistRemark": null }, "geometry": { "type": "Polygon", "coordinates": [ [ [ 127.112896875558008, 37.400852435278352, 63.981 ], [ 127.1128838183553, 37.400852352988068, 63.961 ], [ 127.112883381731507, 37.400899481520462, 64.088 ], [ 127.112895039359245, 37.400899514428353, 64.109 ], [ 127.112896875558008, 37.400852435278352, 63.981 ] ] ] } },
{ "type": "Feature", "properties": { "ID": "B319AS305181", "AdminCode": "206", "Type": "1", "Kind": "5371", "LinkID": "A219AS305495", "Maker": "새한항업컨소시엄", "UpdateDate": "20181001", "Version": "2020", "Remark": null, "HistType": null, "HistRemark": null }, "geometry": { "type": "Polygon", "coordinates": [ [ [ 127.112894135739097, 37.400443754645643, 62.997 ], [ 127.112883314946572, 37.400443690036383, 62.97 ], [ 127.11288329795434, 37.400491203797415, 63.089 ], [ 127.112894113562945, 37.400491024985818, 63.11 ], [ 127.112894135739097, 37.400443754645643, 62.997 ] ] ] } },
{ "type": "Feature", "properties": { "ID": "B319AS305182", "AdminCode": "206", "Type": "1", "Kind": "5371", "LinkID": "A219AS305496", "Maker": "새한항업컨소시엄", "UpdateDate": "20181001", "Version": "2020", "Remark": null, "HistType": null, "HistRemark": null }, "geometry": { "type": "Polygon", "coordinates": [ [ [ 127.112933214370969, 37.400851221948066, 64.047 ], [ 127.112920506555369, 37.400851172277463, 64.025 ], [ 127.112920456814464, 37.40089954170282, 64.157 ], [ 127.112932663025759, 37.400899772628328, 64.182 ], [ 127.112933214370969, 37.400851221948066, 64.047 ] ] ] } },
{ "type": "Feature", "properties": { "ID": "B319AS305183", "AdminCode": "206", "Type": "1", "Kind": "5371", "LinkID": "A219AS305496", "Maker": "새한항업컨소시엄", "UpdateDate": "20181001", "Version": "2020", "Remark": null, "HistType": null, "HistRemark": null }, "geometry": { "type": "Polygon", "coordinates": [ [ [ 127.112931268182635, 37.400444221301456, 63.067 ], [ 127.112920549692333, 37.400444581917576, 63.052 ], [ 127.1129198741842, 37.40048997623461, 63.165 ], [ 127.112930856918396, 37.400489890213102, 63.183 ], [ 127.112931268182635, 37.400444221301456, 63.067 ] ] ] } },
{ "type": "Feature", "properties": { "ID": "B319AS305184", "AdminCode": "206", "Type": "1", "Kind": "5392", "LinkID": "A219AS305497", "Maker": "새한항업컨소시엄", "UpdateDate": "20181001", "Version": "2020", "Remark": null, "HistType": null, "HistRemark": null }, "geometry": { "type": "Polygon", "coordinates": [ [ [ 127.112973303603525, 37.400851366285124, 64.1 ], [ 127.112951820672293, 37.400851212574132, 64.085 ], [ 127.112952647900357, 37.400947037929953, 64.329 ], [ 127.112973637155463, 37.400947057584283, 64.341 ], [ 127.112973303603525, 37.400851366285124, 64.1 ] ] ] } },
{ "type": "Feature", "properties": { "ID": "B319AS305185", "AdminCode": "206", "Type": "1", "Kind": "5392", "LinkID": "A219AS305497", "Maker": "새한항업컨소시엄", "UpdateDate": "20181001", "Version": "2020", "Remark": null, "HistType": null, "HistRemark": null }, "geometry": { "type": "Polygon", "coordinates": [ [ [ 127.112969785319578, 37.400443078784946, 63.113 ], [ 127.112953098148921, 37.400442695213066, 63.101 ], [ 127.112953073303615, 37.40053646112824, 63.345 ], [ 127.11296946395565, 37.400536957129304, 63.357 ], [ 127.112969785319578, 37.400443078784946, 63.113 ] ] ] } },
{ "type": "Feature", "properties": { "ID": "B319AS305186", "AdminCode": "206", "Type": "1", "Kind": "5373", "LinkID": "A219AS305503", "Maker": "새한항업컨소시엄", "UpdateDate": "20181001", "Version": "2020", "Remark": null, "HistType": null, "HistRemark": null }, "geometry": { "type": "Polygon", "coordinates": [ [ [ 127.113097190735033, 37.402899979991659, 68.397 ], [ 127.113111593027014, 37.402900498311418, 68.367 ], [ 127.113114729871583, 37.402854710700396, 68.32 ], [ 127.113099947251413, 37.402854042109183, 68.367 ], [ 127.113097190735033, 37.402899979991659, 68.397 ] ] ] } },
{ "type": "Feature", "properties": { "ID": "B319AS305187", "AdminCode": "206", "Type": "1", "Kind": "5392", "LinkID": "A219AS305504", "Maker": "새한항업컨소시엄", "UpdateDate": "20181001", "Version": "2020", "Remark": null, "HistType": null, "HistRemark": null }, "geometry": { "type": "Polygon", "coordinates": [ [ [ 127.112954896330876, 37.402620086570899, 68.317 ], [ 127.112974861356335, 37.402619972715442, 68.319 ], [ 127.112976601684764, 37.402523575523247, 68.129 ], [ 127.112956152455936, 37.402523627573736, 68.129 ], [ 127.112954896330876, 37.402620086570899, 68.317 ] ] ] } },
{ "type": "Feature", "properties": { "ID": "B319AS305188", "AdminCode": "206", "Type": "1", "Kind": "5392", "LinkID": "A219AS305504", "Maker": "새한항업컨소시엄", "UpdateDate": "20181001", "Version": "2020", "Remark": null, "HistType": null, "HistRemark": null }, "geometry": { "type": "Polygon", "coordinates": [ [ [ 127.112954886116256, 37.40226066701014, 67.545 ], [ 127.112975767331477, 37.402260504692933, 67.543 ], [ 127.112976648268429, 37.402163688211637, 67.289 ], [ 127.112957006330234, 37.402163987477422, 67.284 ], [ 127.112954886116256, 37.40226066701014, 67.545 ] ] ] } },
{ "type": "Feature", "properties": { "ID": "B319AS305189", "AdminCode": "206", "Type": "1", "Kind": "5382", "LinkID": "A219AS305506", "Maker": "새한항업컨소시엄", "UpdateDate": "20181001", "Version": "2020", "Remark": null, "HistType": null, "HistRemark": null }, "geometry": { "type": "Polygon", "coordinates": [ [ [ 127.112857661145341, 37.398617901396037, 60.906 ], [ 127.11284286263782, 37.398617899455132, 60.891 ], [ 127.112841115720173, 37.398665475734909, 60.869 ], [ 127.112855767885151, 37.398665907941009, 60.891 ], [ 127.112857661145341, 37.398617901396037, 60.906 ] ] ] } },
{ "type": "Feature", "properties": { "ID": "B319AS305190", "AdminCode": "206", "Type": "1", "Kind": "5371", "LinkID": "A219AS305507", "Maker": "새한항업컨소시엄", "UpdateDate": "20181001", "Version": "2020", "Remark": null, "HistType": null, "HistRemark": null }, "geometry": { "type": "Polygon", "coordinates": [ [ [ 127.112892455903292, 37.398618303693937, 60.961 ], [ 127.11287986048211, 37.398618291867763, 60.946 ], [ 127.112879122619105, 37.398667975164599, 60.93 ], [ 127.112892000124972, 37.398668000507051, 60.939 ], [ 127.112892455903292, 37.398618303693937, 60.961 ] ] ] } },
{ "type": "Feature", "properties": { "ID": "B319AS305191", "AdminCode": "206", "Type": "1", "Kind": "5371", "LinkID": "A219AS305508", "Maker": "새한항업컨소시엄", "UpdateDate": "20181001", "Version": "2020", "Remark": null, "HistType": null, "HistRemark": null }, "geometry": { "type": "Polygon", "coordinates": [ [ [ 127.112927344149867, 37.398619482551503, 61.013 ], [ 127.112915265226718, 37.398619596137792, 61.0 ], [ 127.112915038726214, 37.398666908291766, 60.988 ], [ 127.112926533625426, 37.39866710983268, 61.003 ], [ 127.112927344149867, 37.398619482551503, 61.013 ] ] ] } },
{ "type": "Feature", "properties": { "ID": "B319AS305192", "AdminCode": "206", "Type": "1", "Kind": "5372", "LinkID": "A219AS305509", "Maker": "새한항업컨소시엄", "UpdateDate": "20181001", "Version": "2020", "Remark": null, "HistType": null, "HistRemark": null }, "geometry": { "type": "Polygon", "coordinates": [ [ [ 127.112964740733389, 37.398627397751504, 61.061 ], [ 127.112948113815136, 37.398626879957405, 61.04 ], [ 127.112949110289009, 37.398672724569053, 61.037 ], [ 127.11296415452243, 37.39867283857, 61.064 ], [ 127.112964740733389, 37.398627397751504, 61.061 ] ] ] } },
{ "type": "Feature", "properties": { "ID": "B319AS305193", "AdminCode": "206", "Type": "1", "Kind": "5373", "LinkID": "A219AS305513", "Maker": "새한항업컨소시엄", "UpdateDate": "20181001", "Version": "2020", "Remark": null, "HistType": null, "HistRemark": null }, "geometry": { "type": "Polygon", "coordinates": [ [ [ 127.113100357682256, 37.399584485069319, 60.933 ], [ 127.113113620637762, 37.399584462467367, 60.897 ], [ 127.113113060646995, 37.399537426163924, 60.802 ], [ 127.113100881532844, 37.399537024454084, 60.839 ], [ 127.113100357682256, 37.399584485069319, 60.933 ] ] ] } },
{ "type": "Feature", "properties": { "ID": "B319AS305194", "AdminCode": "206", "Type": "1", "Kind": "5392", "LinkID": "A219AS305518", "Maker": "새한항업컨소시엄", "UpdateDate": "20181001", "Version": "2020", "Remark": null, "HistType": null, "HistRemark": null }, "geometry": { "type": "Polygon", "coordinates": [ [ [ 127.112950670926423, 37.397620996437773, 61.357 ], [ 127.112968733511948, 37.397621014421958, 61.351 ], [ 127.112968883069286, 37.397527223418592, 61.394 ], [ 127.112952362308533, 37.397526986710943, 61.409 ], [ 127.112950670926423, 37.397620996437773, 61.357 ] ] ] } },
{ "type": "Feature", "properties": { "ID": "B319AS305195", "AdminCode": "206", "Type": "1", "Kind": "5431", "LinkID": "A219AS305520", "Maker": "새한항업컨소시엄", "UpdateDate": "20181001", "Version": "2020", "Remark": null, "HistType": null, "HistRemark": null }, "geometry": { "type": "Polygon", "coordinates": [ [ [ 127.113099198307935, 37.396752045145625, 61.93 ], [ 127.113123273580058, 37.396751483145472, 61.888 ], [ 127.113123368633168, 37.396708954531256, 61.943 ], [ 127.113099159002687, 37.396709469324165, 61.982 ], [ 127.113099198307935, 37.396752045145625, 61.93 ] ] ] } },
{ "type": "Feature", "properties": { "ID": "B319AS305196", "AdminCode": "206", "Type": "1", "Kind": "5392", "LinkID": "A219AS305523", "Maker": "새한항업컨소시엄", "UpdateDate": "20181001", "Version": "2020", "Remark": null, "HistType": null, "HistRemark": null }, "geometry": { "type": "Polygon", "coordinates": [ [ [ 127.11291434011504, 37.397082837073398, 61.735 ], [ 127.112928891029824, 37.397082789986513, 61.769 ], [ 127.112930385465845, 37.396988975383984, 61.885 ], [ 127.112914235646741, 37.396988816694531, 61.842 ], [ 127.11291434011504, 37.397082837073398, 61.735 ] ] ] } },
{ "type": "Feature", "properties": { "ID": "B319AS305197", "AdminCode": "206", "Type": "1", "Kind": "5392", "LinkID": "A219AS305524", "Maker": "새한항업컨소시엄", "UpdateDate": "20181001", "Version": "2020", "Remark": null, "HistType": null, "HistRemark": null }, "geometry": { "type": "Polygon", "coordinates": [ [ [ 127.112964771363721, 37.396714236604694, 62.259 ], [ 127.112949926486891, 37.396713846402434, 62.241 ], [ 127.112949295470216, 37.396807467505283, 62.119 ], [ 127.112963502391736, 37.396806720957017, 62.131 ], [ 127.112964771363721, 37.396714236604694, 62.259 ] ] ] } },
{ "type": "Feature", "properties": { "ID": "B319AS305198", "AdminCode": "206", "Type": "1", "Kind": "5382", "LinkID": "A219AS305525", "Maker": "새한항업컨소시엄", "UpdateDate": "20181001", "Version": "2020", "Remark": null, "HistType": null, "HistRemark": null }, "geometry": { "type": "Polygon", "coordinates": [ [ [ 127.112815957442621, 37.397293709717722, 61.314 ], [ 127.112800741622024, 37.397293692099311, 61.284 ], [ 127.112800267591496, 37.39733961238025, 61.222 ], [ 127.112814922435646, 37.397339927468458, 61.259 ], [ 127.112815957442621, 37.397293709717722, 61.314 ] ] ] } },
{ "type": "Feature", "properties": { "ID": "B319AS305199", "AdminCode": "206", "Type": "1", "Kind": "5381", "LinkID": "A219AS305526", "Maker": "새한항업컨소시엄", "UpdateDate": "20181001", "Version": "2020", "Remark": null, "HistType": null, "HistRemark": null }, "geometry": { "type": "Polygon", "coordinates": [ [ [ 127.113303676853036, 37.396223921251355, 62.36 ], [ 127.113302995867613, 37.396236663113896, 62.345 ], [ 127.113365980926503, 37.396236776185035, 62.289 ], [ 127.113365594605469, 37.396224251612729, 62.302 ], [ 127.113303676853036, 37.396223921251355, 62.36 ] ] ] } },
{ "type": "Feature", "properties": { "ID": "B319AS305200", "AdminCode": "206", "Type": "1", "Kind": "5382", "LinkID": "A219AS305527", "Maker": "새한항업컨소시엄", "UpdateDate": "20181001", "Version": "2020", "Remark": null, "HistType": null, "HistRemark": null }, "geometry": { "type": "Polygon", "coordinates": [ [ [ 127.113305322951121, 37.396256032137259, 62.311 ], [ 127.113305297351218, 37.396266963929264, 62.281 ], [ 127.113365237046281, 37.396268245084613, 62.222 ], [ 127.11336521611814, 37.396256915998507, 62.253 ], [ 127.113305322951121, 37.396256032137259, 62.311 ] ] ] } },
{ "type": "Feature", "properties": { "ID": "B319AS305201", "AdminCode": "206", "Type": "1", "Kind": "5381", "LinkID": "A219AS305528", "Maker": "새한항업컨소시엄", "UpdateDate": "20181001", "Version": "2020", "Remark": null, "HistType": null, "HistRemark": null }, "geometry": { "type": "Polygon", "coordinates": [ [ [ 127.113740673665291, 37.396209445686395, 61.906 ], [ 127.113741059862761, 37.396196293552364, 61.869 ], [ 127.113681933438528, 37.396195917807319, 61.93 ], [ 127.113682233541837, 37.396209180030993, 61.961 ], [ 127.113740673665291, 37.396209445686395, 61.906 ] ] ] } },
{ "type": "Feature", "properties": { "ID": "B319AS305202", "AdminCode": "206", "Type": "1", "Kind": "5371", "LinkID": "A219AS305529", "Maker": "새한항업컨소시엄", "UpdateDate": "20181001", "Version": "2020", "Remark": null, "HistType": null, "HistRemark": null }, "geometry": { "type": "Polygon", "coordinates": [ [ [ 127.113740972263372, 37.396180412072908, 61.838 ], [ 127.113741077068667, 37.396168571278139, 61.805 ], [ 127.113680846787574, 37.396168069767441, 61.866 ], [ 127.113681126343167, 37.396179898670674, 61.891 ], [ 127.113740972263372, 37.396180412072908, 61.838 ] ] ] } },
{ "type": "Feature", "properties": { "ID": "B319AS305203", "AdminCode": "206", "Type": "1", "Kind": "5373", "LinkID": "A219AS305530", "Maker": "새한항업컨소시엄", "UpdateDate": "20181001", "Version": "2020", "Remark": null, "HistType": null, "HistRemark": null }, "geometry": { "type": "Polygon", "coordinates": [ [ [ 127.113739966892396, 37.396151573951748, 61.778 ], [ 127.113740286016508, 37.396138393709691, 61.754 ], [ 127.113685276146441, 37.396138281933034, 61.791 ], [ 127.113684485019974, 37.396150913890672, 61.832 ], [ 127.113739966892396, 37.396151573951748, 61.778 ] ] ] } },
{ "type": "Feature", "properties": { "ID": "B319AS305204", "AdminCode": "206", "Type": "1", "Kind": "5371", "LinkID": "A219AS305531", "Maker": "새한항업컨소시엄", "UpdateDate": "20181001", "Version": "2020", "Remark": null, "HistType": null, "HistRemark": null }, "geometry": { "type": "Polygon", "coordinates": [ [ [ 127.113025272559653, 37.394862586439444, 64.513 ], [ 127.11303723660879, 37.394862525076341, 64.481 ], [ 127.113037997907185, 37.394815500819654, 64.528 ], [ 127.113026032740535, 37.394815156601091, 64.561 ], [ 127.113025272559653, 37.394862586439444, 64.513 ] ] ] } },
{ "type": "Feature", "properties": { "ID": "B319AS305205", "AdminCode": "206", "Type": "1", "Kind": "5381", "LinkID": "A219AS305532", "Maker": "새한항업컨소시엄", "UpdateDate": "20181001", "Version": "2020", "Remark": null, "HistType": null, "HistRemark": null }, "geometry": { "type": "Polygon", "coordinates": [ [ [ 127.112983845994393, 37.394861844005305, 64.585 ], [ 127.11300317504859, 37.394862233683156, 64.56 ], [ 127.113004253222741, 37.394813835567881, 64.611 ], [ 127.11298454997457, 37.394813953631115, 64.647 ], [ 127.112983845994393, 37.394861844005305, 64.585 ] ] ] } },
{ "type": "Feature", "properties": { "ID": "B319AS305206", "AdminCode": "206", "Type": "1", "Kind": "5371", "LinkID": "A219AS305533", "Maker": "새한항업컨소시엄", "UpdateDate": "20181001", "Version": "2020", "Remark": null, "HistType": null, "HistRemark": null }, "geometry": { "type": "Polygon", "coordinates": [ [ [ 127.113063107983223, 37.394861937678101, 64.399 ], [ 127.113074958439384, 37.394861901535471, 64.365 ], [ 127.113076232589648, 37.39481334432179, 64.411 ], [ 127.113064254545677, 37.394813513615937, 64.448 ], [ 127.113063107983223, 37.394861937678101, 64.399 ] ] ] } },
{ "type": "Feature", "properties": { "ID": "B319AS305207", "AdminCode": "206", "Type": "1", "Kind": "5371", "LinkID": "A219AS305537", "Maker": "새한항업컨소시엄", "UpdateDate": "20181001", "Version": "2020", "Remark": null, "HistType": null, "HistRemark": null }, "geometry": { "type": "Polygon", "coordinates": [ [ [ 127.112848038879349, 37.394546805839227, 64.814 ], [ 127.112839139389649, 37.394546735858981, 64.791 ], [ 127.112837272738929, 37.394595941525949, 64.684 ], [ 127.112847725493879, 37.394595783953349, 64.708 ], [ 127.112848038879349, 37.394546805839227, 64.814 ] ] ] } },
{ "type": "Feature", "properties": { "ID": "B319AS305208", "AdminCode": "206", "Type": "1", "Kind": "5371", "LinkID": "A219AS305538", "Maker": "새한항업컨소시엄", "UpdateDate": "20181001", "Version": "2020", "Remark": null, "HistType": null, "HistRemark": null }, "geometry": { "type": "Polygon", "coordinates": [ [ [ 127.112884650833607, 37.394545389560328, 64.936 ], [ 127.112875634588221, 37.394545470931938, 64.906 ], [ 127.112874756216641, 37.394592655544919, 64.817 ], [ 127.112883607162345, 37.394592409308892, 64.859 ], [ 127.112884650833607, 37.394545389560328, 64.936 ] ] ] } },
{ "type": "Feature", "properties": { "ID": "B319AS305209", "AdminCode": "206", "Type": "1", "Kind": "5371", "LinkID": "A219AS305539", "Maker": "새한항업컨소시엄", "UpdateDate": "20181001", "Version": "2020", "Remark": null, "HistType": null, "HistRemark": null }, "geometry": { "type": "Polygon", "coordinates": [ [ [ 127.112921321714083, 37.3945452269529, 65.033 ], [ 127.112910804606173, 37.394545248316724, 65.018 ], [ 127.112909793685517, 37.394593214904532, 64.943 ], [ 127.112920655639599, 37.394593406334387, 64.967 ], [ 127.112921321714083, 37.3945452269529, 65.033 ] ] ] } },
{ "type": "Feature", "properties": { "ID": "B319AS305210", "AdminCode": "206", "Type": "1", "Kind": "5373", "LinkID": "A219AS305540", "Maker": "새한항업컨소시엄", "UpdateDate": "20181001", "Version": "2020", "Remark": null, "HistType": null, "HistRemark": null }, "geometry": { "type": "Polygon", "coordinates": [ [ [ 127.112808921138139, 37.394546794171042, 64.719 ], [ 127.112794496728355, 37.394546771168208, 64.686 ], [ 127.11279524968414, 37.394595117404052, 64.595 ], [ 127.112809440145355, 37.394595010496346, 64.624 ], [ 127.112808921138139, 37.394546794171042, 64.719 ] ] ] } },
{ "type": "Feature", "properties": { "ID": "B319AS305211", "AdminCode": "206", "Type": "1", "Kind": "5392", "LinkID": "A219AS305542", "Maker": "새한항업컨소시엄", "UpdateDate": "20181001", "Version": "2020", "Remark": null, "HistType": null, "HistRemark": null }, "geometry": { "type": "Polygon", "coordinates": [ [ [ 127.112962182569191, 37.394323035361651, 65.402 ], [ 127.11294388207385, 37.394323076675235, 65.393 ], [ 127.112944248008958, 37.394416587552037, 65.256 ], [ 127.112960213228973, 37.394416427845542, 65.265 ], [ 127.112962182569191, 37.394323035361651, 65.402 ] ] ] } },
{ "type": "Feature", "properties": { "ID": "B319AS305212", "AdminCode": "206", "Type": "1", "Kind": "5373", "LinkID": "A219AS305543", "Maker": "새한항업컨소시엄", "UpdateDate": "20181001", "Version": "2020", "Remark": null, "HistType": null, "HistRemark": null }, "geometry": { "type": "Polygon", "coordinates": [ [ [ 127.113099171638098, 37.393508920889438, 66.263 ], [ 127.113113086381958, 37.39350944041913, 66.227 ], [ 127.113112342378443, 37.39349811781161, 66.248 ], [ 127.113105631798476, 37.393462113766589, 66.296 ], [ 127.113099995629483, 37.393461645271863, 66.311 ], [ 127.113099171638098, 37.393508920889438, 66.263 ] ] ] } },
{ "type": "Feature", "properties": { "ID": "B319AS305213", "AdminCode": "206", "Type": "1", "Kind": "5371", "LinkID": "A219AS305548", "Maker": "새한항업컨소시엄", "UpdateDate": "20181001", "Version": "2020", "Remark": null, "HistType": null, "HistRemark": null }, "geometry": { "type": "Polygon", "coordinates": [ [ [ 127.112847904643246, 37.393401364712773, 66.406 ], [ 127.112835491660391, 37.393401319754297, 66.373 ], [ 127.112834986824865, 37.393448474288341, 66.326 ], [ 127.112847342681178, 37.393448545372557, 66.352 ], [ 127.112847904643246, 37.393401364712773, 66.406 ] ] ] } },
{ "type": "Feature", "properties": { "ID": "B319AS305214", "AdminCode": "206", "Type": "1", "Kind": "5371", "LinkID": "A219AS305549", "Maker": "새한항업컨소시엄", "UpdateDate": "20181001", "Version": "2020", "Remark": null, "HistType": null, "HistRemark": null }, "geometry": { "type": "Polygon", "coordinates": [ [ [ 127.112883855921595, 37.393402398301909, 66.512 ], [ 127.112872563940428, 37.393402245068067, 66.477 ], [ 127.112872499042552, 37.393448974024317, 66.426 ], [ 127.112882631188768, 37.393448982566532, 66.453 ], [ 127.112883855921595, 37.393402398301909, 66.512 ] ] ] } },
{ "type": "Feature", "properties": { "ID": "B319AS305215", "AdminCode": "206", "Type": "1", "Kind": "5372", "LinkID": "A219AS305550", "Maker": "새한항업컨소시엄", "UpdateDate": "20181001", "Version": "2020", "Remark": null, "HistType": null, "HistRemark": null }, "geometry": { "type": "Polygon", "coordinates": [ [ [ 127.112924724821795, 37.393400572299548, 66.605 ], [ 127.112910402930623, 37.393400523912419, 66.575 ], [ 127.112910491370371, 37.393449247087069, 66.522 ], [ 127.112924674165171, 37.393448986827565, 66.552 ], [ 127.112924724821795, 37.393400572299548, 66.605 ] ] ] } },
{ "type": "Feature", "properties": { "ID": "B319AS305216", "AdminCode": "206", "Type": "1", "Kind": "5373", "LinkID": "A219AS305551", "Maker": "새한항업컨소시엄", "UpdateDate": "20181001", "Version": "2020", "Remark": null, "HistType": null, "HistRemark": null }, "geometry": { "type": "Polygon", "coordinates": [ [ [ 127.112807907442743, 37.393402213226501, 66.322 ], [ 127.112794043756296, 37.393401910777072, 66.29 ], [ 127.112794027584272, 37.393448946936807, 66.242 ], [ 127.112807420433441, 37.393449106681338, 66.263 ], [ 127.112807907442743, 37.393402213226501, 66.322 ] ] ] } },
{ "type": "Feature", "properties": { "ID": "B319AS305217", "AdminCode": "206", "Type": "1", "Kind": "5372", "LinkID": "A219AS305556", "Maker": "새한항업컨소시엄", "UpdateDate": "20181001", "Version": "2020", "Remark": null, "HistType": null, "HistRemark": null }, "geometry": { "type": "Polygon", "coordinates": [ [ [ 127.108929283721167, 37.40333640308932, 73.328 ], [ 127.108929229121202, 37.403345315593825, 73.316 ], [ 127.108987435484423, 37.403345661037299, 73.421 ], [ 127.108988026046561, 37.403336549819649, 73.441 ], [ 127.108929283721167, 37.40333640308932, 73.328 ] ] ] } },
{ "type": "Feature", "properties": { "ID": "B319AS305218", "AdminCode": "206", "Type": "1", "Kind": "5373", "LinkID": "A219AS305564", "Maker": "새한항업컨소시엄", "UpdateDate": "20181001", "Version": "2020", "Remark": null, "HistType": null, "HistRemark": null }, "geometry": { "type": "Polygon", "coordinates": [ [ [ 127.112522422074775, 37.403120982707335, 68.578 ], [ 127.112522444885258, 37.403110618672457, 68.54 ], [ 127.112463046985539, 37.403110940896816, 68.506 ], [ 127.112463243476526, 37.403121119170798, 68.545 ], [ 127.112522422074775, 37.403120982707335, 68.578 ] ] ] } },
{ "type": "Feature", "properties": { "ID": "B319AS305219", "AdminCode": "206", "Type": "1", "Kind": "5392", "LinkID": "A219AS305565", "Maker": "새한항업컨소시엄", "UpdateDate": "20181001", "Version": "2020", "Remark": null, "HistType": null, "HistRemark": null }, "geometry": { "type": "Polygon", "coordinates": [ [ [ 127.108570887292089, 37.403229493893825, 72.698 ], [ 127.108570943468322, 37.403215128843172, 72.703 ], [ 127.108455448782863, 37.403215227287426, 72.45 ], [ 127.108455696356117, 37.403229642261401, 72.459 ], [ 127.108570887292089, 37.403229493893825, 72.698 ] ] ] } },
{ "type": "Feature", "properties": { "ID": "B319AS305220", "AdminCode": "206", "Type": "1", "Kind": "5371", "LinkID": "A219AS305573", "Maker": "새한항업컨소시엄", "UpdateDate": "20181001", "Version": "2020", "Remark": null, "HistType": null, "HistRemark": null }, "geometry": { "type": "Polygon", "coordinates": [ [ [ 127.105276375138089, 37.403300207962992, 66.48 ], [ 127.105276404934159, 37.403307995249946, 66.468 ], [ 127.105337815642201, 37.403308051383476, 66.483 ], [ 127.105337646923203, 37.403300397057194, 66.484 ], [ 127.105276375138089, 37.403300207962992, 66.48 ] ] ] } },
{ "type": "Feature", "properties": { "ID": "B319AS305221", "AdminCode": "206", "Type": "1", "Kind": "5371", "LinkID": "A219AS305572", "Maker": "새한항업컨소시엄", "UpdateDate": "20181001", "Version": "2020", "Remark": null, "HistType": null, "HistRemark": null }, "geometry": { "type": "Polygon", "coordinates": [ [ [ 127.105289367860493, 37.403271918681497, 66.525 ], [ 127.105289419789642, 37.403279724348337, 66.51 ], [ 127.105349873716278, 37.403280089588243, 66.551 ], [ 127.105349469890754, 37.403272350380632, 66.579 ], [ 127.105289367860493, 37.403271918681497, 66.525 ] ] ] } },
{ "type": "Feature", "properties": { "ID": "B319AS305222", "AdminCode": "206", "Type": "1", "Kind": "5371", "LinkID": "A219AS305571", "Maker": "새한항업컨소시엄", "UpdateDate": "20181001", "Version": "2020", "Remark": null, "HistType": null, "HistRemark": null }, "geometry": { "type": "Polygon", "coordinates": [ [ [ 127.105299125246503, 37.403245145712219, 66.608 ], [ 127.105298361188773, 37.403250811346084, 66.588 ], [ 127.105360430179971, 37.403251193457614, 66.653 ], [ 127.105360155127613, 37.403245069553648, 66.67 ], [ 127.105299125246503, 37.403245145712219, 66.608 ] ] ] } },
{ "type": "Feature", "properties": { "ID": "B319AS305223", "AdminCode": "206", "Type": "1", "Kind": "5392", "LinkID": "A219AS305570", "Maker": "새한항업컨소시엄", "UpdateDate": "20181001", "Version": "2020", "Remark": null, "HistType": null, "HistRemark": null }, "geometry": { "type": "Polygon", "coordinates": [ [ [ 127.105428260646349, 37.403225117030246, 66.771 ], [ 127.105429239778942, 37.403214948587298, 66.786 ], [ 127.105312623505782, 37.40321607143062, 66.662 ], [ 127.10531247546615, 37.403224639955454, 66.647 ], [ 127.105428260646349, 37.403225117030246, 66.771 ] ] ] } },
{ "type": "Feature", "properties": { "ID": "B319AS305224", "AdminCode": "206", "Type": "1", "Kind": "5382", "LinkID": "A219AS305596", "Maker": "새한항업컨소시엄", "UpdateDate": "20181001", "Version": "2020", "Remark": null, "HistType": null, "HistRemark": null }, "geometry": { "type": "Polygon", "coordinates": [ [ [ 127.106831437774346, 37.403303775357422, 68.432 ], [ 127.106831478584851, 37.403316069078713, 68.379 ], [ 127.106892065915147, 37.403315624540028, 68.531 ], [ 127.106891890854953, 37.403304175844617, 68.569 ], [ 127.106831437774346, 37.403303775357422, 68.432 ] ] ] } },
{ "type": "Feature", "properties": { "ID": "B319AS305225", "AdminCode": "206", "Type": "1", "Kind": "5371", "LinkID": "A219AS305597", "Maker": "새한항업컨소시엄", "UpdateDate": "20181001", "Version": "2020", "Remark": null, "HistType": null, "HistRemark": null }, "geometry": { "type": "Polygon", "coordinates": [ [ [ 127.106832526415388, 37.403275781904156, 68.515 ], [ 127.106833054343298, 37.403283982734372, 68.498 ], [ 127.106894603257956, 37.403284382747195, 68.647 ], [ 127.106894729081844, 37.403277138701981, 68.668 ], [ 127.106832526415388, 37.403275781904156, 68.515 ] ] ] } },
{ "type": "Feature", "properties": { "ID": "B319AS305226", "AdminCode": "206", "Type": "1", "Kind": "5381", "LinkID": "A219AS305598", "Maker": "새한항업컨소시엄", "UpdateDate": "20181001", "Version": "2020", "Remark": null, "HistType": null, "HistRemark": null }, "geometry": { "type": "Polygon", "coordinates": [ [ [ 127.106832188395956, 37.403244773445337, 68.629 ], [ 127.106832206760402, 37.403257959046023, 68.584 ], [ 127.106892789832145, 37.403259028540411, 68.724 ], [ 127.106892956535845, 37.403244773414734, 68.769 ], [ 127.106832188395956, 37.403244773445337, 68.629 ] ] ] } },
{ "type": "Feature", "properties": { "ID": "B319AS305227", "AdminCode": "206", "Type": "1", "Kind": "5371", "LinkID": "A219AS305615", "Maker": "새한항업컨소시엄", "UpdateDate": "20181001", "Version": "2020", "Remark": null, "HistType": null, "HistRemark": null }, "geometry": { "type": "Polygon", "coordinates": [ [ [ 127.10931503472662, 37.40320004132623, 74.064 ], [ 127.109315171865163, 37.403192337818332, 74.063 ], [ 127.109256550950604, 37.403191859731081, 74.025 ], [ 127.10925615452571, 37.403199541066108, 74.034 ], [ 127.10931503472662, 37.40320004132623, 74.064 ] ] ] } },
{ "type": "Feature", "properties": { "ID": "B319AS305228", "AdminCode": "206", "Type": "1", "Kind": "5371", "LinkID": "A219AS305616", "Maker": "새한항업컨소시엄", "UpdateDate": "20181001", "Version": "2020", "Remark": null, "HistType": null, "HistRemark": null }, "geometry": { "type": "Polygon", "coordinates": [ [ [ 127.109315466190083, 37.403170739524327, 74.004 ], [ 127.109315581590621, 37.403163900870254, 73.98 ], [ 127.109255360298746, 37.403163271007493, 73.935 ], [ 127.109255182767939, 37.403170333980505, 73.953 ], [ 127.109315466190083, 37.403170739524327, 74.004 ] ] ] } },
{ "type": "Feature", "properties": { "ID": "B319AS305229", "AdminCode": "206", "Type": "1", "Kind": "5371", "LinkID": "A219AS305617", "Maker": "새한항업컨소시엄", "UpdateDate": "20181001", "Version": "2020", "Remark": null, "HistType": null, "HistRemark": null }, "geometry": { "type": "Polygon", "coordinates": [ [ [ 127.109313746905187, 37.403143854723027, 73.921 ], [ 127.109314193423842, 37.403133281171193, 73.897 ], [ 127.109254570415899, 37.403133120516905, 73.834 ], [ 127.109254021377808, 37.403143277852706, 73.869 ], [ 127.109313746905187, 37.403143854723027, 73.921 ] ] ] } },
{ "type": "Feature", "properties": { "ID": "B319AS305230", "AdminCode": "206", "Type": "1", "Kind": "5392", "LinkID": "A219AS305623", "Maker": "새한항업컨소시엄", "UpdateDate": "20181001", "Version": "2020", "Remark": null, "HistType": null, "HistRemark": null }, "geometry": { "type": "Polygon", "coordinates": [ [ [ 127.1101560678905, 37.403236662840044, 73.238 ], [ 127.11015553661251, 37.4032209365147, 73.244 ], [ 127.110038691751512, 37.403219915392327, 73.491 ], [ 127.110038924816934, 37.403236718451566, 73.5 ], [ 127.1101560678905, 37.403236662840044, 73.238 ] ] ] } },
{ "type": "Feature", "properties": { "ID": "B319AS305231", "AdminCode": "206", "Type": "1", "Kind": "5371", "LinkID": "A219AS305624", "Maker": "새한항업컨소시엄", "UpdateDate": "20181001", "Version": "2020", "Remark": null, "HistType": null, "HistRemark": null }, "geometry": { "type": "Polygon", "coordinates": [ [ [ 127.110038471793388, 37.403256547758517, 73.495 ], [ 127.110038426453428, 37.403263748034924, 73.483 ], [ 127.110100972348334, 37.403264486768784, 73.346 ], [ 127.110101136696855, 37.403257495683057, 73.36 ], [ 127.110038471793388, 37.403256547758517, 73.495 ] ] ] } },
{ "type": "Feature", "properties": { "ID": "B319AS305232", "AdminCode": "206", "Type": "1", "Kind": "5371", "LinkID": "A219AS305625", "Maker": "새한항업컨소시엄", "UpdateDate": "20181001", "Version": "2020", "Remark": null, "HistType": null, "HistRemark": null }, "geometry": { "type": "Polygon", "coordinates": [ [ [ 127.110040500519318, 37.40328371688782, 73.426 ], [ 127.110040119742223, 37.403291677864523, 73.412 ], [ 127.110102451170775, 37.403291061290901, 73.28 ], [ 127.110102112623622, 37.403282502998628, 73.296 ], [ 127.110040500519318, 37.40328371688782, 73.426 ] ] ] } },
{ "type": "Feature", "properties": { "ID": "B319AS305233", "AdminCode": "206", "Type": "1", "Kind": "5371", "LinkID": "A219AS305626", "Maker": "새한항업컨소시엄", "UpdateDate": "20181001", "Version": "2020", "Remark": null, "HistType": null, "HistRemark": null }, "geometry": { "type": "Polygon", "coordinates": [ [ [ 127.110040399340662, 37.403312474212818, 73.381 ], [ 127.110040021530509, 37.403319867448317, 73.37 ], [ 127.110100988092611, 37.403320067215553, 73.23 ], [ 127.110101460967783, 37.403312936862825, 73.239 ], [ 127.110040399340662, 37.403312474212818, 73.381 ] ] ] } },
{ "type": "Feature", "properties": { "ID": "B319AS305234", "AdminCode": "206", "Type": "1", "Kind": "5371", "LinkID": "A219AS305635", "Maker": "새한항업컨소시엄", "UpdateDate": "20181001", "Version": "2020", "Remark": null, "HistType": null, "HistRemark": null }, "geometry": { "type": "Polygon", "coordinates": [ [ [ 127.110800245995208, 37.403257108990132, 71.844 ], [ 127.110800511515649, 37.403264079910862, 71.823 ], [ 127.110858582331304, 37.403264872890702, 71.695 ], [ 127.110858163192134, 37.403258620516212, 71.706 ], [ 127.110800245995208, 37.403257108990132, 71.844 ] ] ] } },
{ "type": "Feature", "properties": { "ID": "B319AS305235", "AdminCode": "206", "Type": "1", "Kind": "5371", "LinkID": "A219AS305636", "Maker": "새한항업컨소시엄", "UpdateDate": "20181001", "Version": "2020", "Remark": null, "HistType": null, "HistRemark": null }, "geometry": { "type": "Polygon", "coordinates": [ [ [ 127.11080320318635, 37.403286005328212, 71.733 ], [ 127.110803089956704, 37.403292762907199, 71.71 ], [ 127.110860859076951, 37.403292974262797, 71.593 ], [ 127.11086034597534, 37.403286864586818, 71.611 ], [ 127.11080320318635, 37.403286005328212, 71.733 ] ] ] } },
{ "type": "Feature", "properties": { "ID": "B319AS305236", "AdminCode": "206", "Type": "1", "Kind": "5382", "LinkID": "A219AS305637", "Maker": "새한항업컨소시엄", "UpdateDate": "20181001", "Version": "2020", "Remark": null, "HistType": null, "HistRemark": null }, "geometry": { "type": "Polygon", "coordinates": [ [ [ 127.110803823327629, 37.40331259315704, 71.632 ], [ 127.110803497515803, 37.403325565975834, 71.576 ], [ 127.110863233641084, 37.403325727657702, 71.465 ], [ 127.110863290206211, 37.403313129061004, 71.51 ], [ 127.110803823327629, 37.40331259315704, 71.632 ] ] ] } },
{ "type": "Feature", "properties": { "ID": "B319AS305237", "AdminCode": "206", "Type": "1", "Kind": "5371", "LinkID": "A219AS305638", "Maker": "새한항업컨소시엄", "UpdateDate": "20181001", "Version": "2020", "Remark": null, "HistType": null, "HistRemark": null }, "geometry": { "type": "Polygon", "coordinates": [ [ [ 127.11137854455464, 37.403203975234334, 70.51 ], [ 127.111378508957131, 37.403195493884844, 70.486 ], [ 127.11131458127231, 37.40319534659956, 70.659 ], [ 127.111314442738063, 37.40320356380343, 70.692 ], [ 127.11137854455464, 37.403203975234334, 70.51 ] ] ] } },
{ "type": "Feature", "properties": { "ID": "B319AS305238", "AdminCode": "206", "Type": "1", "Kind": "5392", "LinkID": "A219AS305645", "Maker": "새한항업컨소시엄", "UpdateDate": "20181001", "Version": "2020", "Remark": null, "HistType": null, "HistRemark": null }, "geometry": { "type": "Polygon", "coordinates": [ [ [ 127.112523637712641, 37.4032418239752, 68.682 ], [ 127.112523404514533, 37.403226354765479, 68.677 ], [ 127.112402156223993, 37.403225680238855, 68.706 ], [ 127.112402348983963, 37.403240508913761, 68.709 ], [ 127.112523637712641, 37.4032418239752, 68.682 ] ] ] } },
{ "type": "Feature", "properties": { "ID": "B319AS305239", "AdminCode": "206", "Type": "1", "Kind": "5371", "LinkID": "A219AS305646", "Maker": "새한항업컨소시엄", "UpdateDate": "20181001", "Version": "2020", "Remark": null, "HistType": null, "HistRemark": null }, "geometry": { "type": "Polygon", "coordinates": [ [ [ 127.112522768904284, 37.403208013147967, 68.668 ], [ 127.112523001472042, 37.403200545482051, 68.656 ], [ 127.112460766333598, 37.403199578668612, 68.667 ], [ 127.112461425868332, 37.403207961832898, 68.671 ], [ 127.112522768904284, 37.403208013147967, 68.668 ] ] ] } },
{ "type": "Feature", "properties": { "ID": "B319AS305240", "AdminCode": "206", "Type": "1", "Kind": "5371", "LinkID": "A219AS305648", "Maker": "새한항업컨소시엄", "UpdateDate": "20181001", "Version": "2020", "Remark": null, "HistType": null, "HistRemark": null }, "geometry": { "type": "Polygon", "coordinates": [ [ [ 127.112523583279085, 37.403179609674382, 68.638 ], [ 127.112523988186496, 37.403171576971708, 68.632 ], [ 127.112462358360162, 37.403170800076019, 68.635 ], [ 127.11246259171871, 37.403178608645689, 68.647 ], [ 127.112523583279085, 37.403179609674382, 68.638 ] ] ] } },
{ "type": "Feature", "properties": { "ID": "B319AS305241", "AdminCode": "206", "Type": "1", "Kind": "5371", "LinkID": "A219AS305649", "Maker": "새한항업컨소시엄", "UpdateDate": "20181001", "Version": "2020", "Remark": null, "HistType": null, "HistRemark": null }, "geometry": { "type": "Polygon", "coordinates": [ [ [ 127.11252355249411, 37.403151571230161, 68.602 ], [ 127.112523354835488, 37.403142789878331, 68.611 ], [ 127.112461606453707, 37.403142236402324, 68.582 ], [ 127.112461498060071, 37.403151508555318, 68.59 ], [ 127.11252355249411, 37.403151571230161, 68.602 ] ] ] } },
{ "type": "Feature", "properties": { "ID": "B319AS305242", "AdminCode": "206", "Type": "1", "Kind": "5392", "LinkID": "A219AS305614", "Maker": "새한항업컨소시엄", "UpdateDate": "20181001", "Version": "2020", "Remark": null, "HistType": null, "HistRemark": null }, "geometry": { "type": "Polygon", "coordinates": [ [ [ 127.10919260065576, 37.403216882893403, 74.007 ], [ 127.109192468325929, 37.403230237325616, 73.995 ], [ 127.109317159947864, 37.403232799768944, 74.075 ], [ 127.109317101753447, 37.40321758571028, 74.09 ], [ 127.10919260065576, 37.403216882893403, 74.007 ] ] ] } },
{ "type": "Feature", "properties": { "ID": "B319AS305243", "AdminCode": "206", "Type": "1", "Kind": "5372", "LinkID": "A219AS305665", "Maker": "새한항업컨소시엄", "UpdateDate": "20181001", "Version": "2020", "Remark": null, "HistType": null, "HistRemark": null }, "geometry": { "type": "Polygon", "coordinates": [ [ [ 127.109128891776948, 37.403336117713486, 73.694 ], [ 127.109129049378012, 37.403346926241497, 73.656 ], [ 127.109188654436309, 37.403347807675203, 73.754 ], [ 127.109188513584115, 37.403336332488941, 73.784 ], [ 127.109128891776948, 37.403336117713486, 73.694 ] ] ] } },
{ "type": "Feature", "properties": { "ID": "B319AS305244", "AdminCode": "206", "Type": "1", "Kind": "5392", "LinkID": "A219AS305656", "Maker": "새한항업컨소시엄", "UpdateDate": "20181001", "Version": "2020", "Remark": null, "HistType": null, "HistRemark": null }, "geometry": { "type": "Polygon", "coordinates": [ [ [ 127.112963339408438, 37.402866713846393, 68.628 ], [ 127.112948075932579, 37.40286674954838, 68.629 ], [ 127.112938024624384, 37.402957588508094, 68.742 ], [ 127.112957002051886, 37.402959018055462, 68.751 ], [ 127.112963339408438, 37.402866713846393, 68.628 ] ] ] } },
{ "type": "Feature", "properties": { "ID": "B319AS305245", "AdminCode": "206", "Type": "1", "Kind": "5372", "LinkID": "A219AS305683", "Maker": "새한항업컨소시엄", "UpdateDate": "20181001", "Version": "2020", "Remark": null, "HistType": null, "HistRemark": null }, "geometry": { "type": "Polygon", "coordinates": [ [ [ 127.112973552664457, 37.40296081441879, 68.733 ], [ 127.112988041247533, 37.402961045730684, 68.721 ], [ 127.112991191073675, 37.402913392739457, 68.649 ], [ 127.112977387747421, 37.402912865942518, 68.661 ], [ 127.112973552664457, 37.40296081441879, 68.733 ] ] ] } },
{ "type": "Feature", "properties": { "ID": "B319AS305246", "AdminCode": "206", "Type": "1", "Kind": "5371", "LinkID": "A219AS305655", "Maker": "새한항업컨소시엄", "UpdateDate": "20181001", "Version": "2020", "Remark": null, "HistType": null, "HistRemark": null }, "geometry": { "type": "Polygon", "coordinates": [ [ [ 127.113016223190229, 37.402960783664334, 68.665 ], [ 127.11302515483564, 37.40296141293225, 68.641 ], [ 127.11302890358499, 37.402915103354651, 68.584 ], [ 127.113018668761114, 37.402914633532561, 68.605 ], [ 127.113016223190229, 37.402960783664334, 68.665 ] ] ] } },
{ "type": "Feature", "properties": { "ID": "B319AS305247", "AdminCode": "206", "Type": "1", "Kind": "5371", "LinkID": "A219AS305654", "Maker": "새한항업컨소시엄", "UpdateDate": "20181001", "Version": "2020", "Remark": null, "HistType": null, "HistRemark": null }, "geometry": { "type": "Polygon", "coordinates": [ [ [ 127.113053493714361, 37.402963451555529, 68.563 ], [ 127.113064959453766, 37.402963941025533, 68.522 ], [ 127.113067358926557, 37.402917375580486, 68.481 ], [ 127.113056542755558, 37.402916662155242, 68.515 ], [ 127.113053493714361, 37.402963451555529, 68.563 ] ] ] } },
{ "type": "Feature", "properties": { "ID": "B319AS305248", "AdminCode": "206", "Type": "1", "Kind": "5372", "LinkID": "A219AS305688", "Maker": "새한항업컨소시엄", "UpdateDate": "20181001", "Version": "2020", "Remark": null, "HistType": null, "HistRemark": null }, "geometry": { "type": "Polygon", "coordinates": [ [ [ 127.112992693851439, 37.402621104589024, 68.298 ], [ 127.113006218429788, 37.402621032106936, 68.284 ], [ 127.113006744038813, 37.402572607202998, 68.197 ], [ 127.112994027796361, 37.402572881853253, 68.209 ], [ 127.112992693851439, 37.402621104589024, 68.298 ] ] ] } },
{ "type": "Feature", "properties": { "ID": "B319AS305249", "AdminCode": "206", "Type": "1", "Kind": "5372", "LinkID": "A219AS305694", "Maker": "새한항업컨소시엄", "UpdateDate": "20181001", "Version": "2020", "Remark": null, "HistType": null, "HistRemark": null }, "geometry": { "type": "Polygon", "coordinates": [ [ [ 127.112992712608772, 37.402260522873341, 67.513 ], [ 127.113006473363612, 37.402260490211113, 67.486 ], [ 127.113007985253518, 37.402212378463517, 67.375 ], [ 127.112994470459398, 37.402212514190509, 67.394 ], [ 127.112992712608772, 37.402260522873341, 67.513 ] ] ] } },
{ "type": "Feature", "properties": { "ID": "B319AS305250", "AdminCode": "206", "Type": "1", "Kind": "5371", "LinkID": "A219AS305695", "Maker": "새한항업컨소시엄", "UpdateDate": "20181001", "Version": "2020", "Remark": null, "HistType": null, "HistRemark": null }, "geometry": { "type": "Polygon", "coordinates": [ [ [ 127.113032925455784, 37.402618313107247, 68.236 ], [ 127.113042562637602, 37.402618286710393, 68.218 ], [ 127.113043884999172, 37.402572325931871, 68.14 ], [ 127.113034799808659, 37.402572415216383, 68.158 ], [ 127.113032925455784, 37.402618313107247, 68.236 ] ] ] } },
{ "type": "Feature", "properties": { "ID": "B319AS305251", "AdminCode": "206", "Type": "1", "Kind": "5371", "LinkID": "A219AS305695", "Maker": "새한항업컨소시엄", "UpdateDate": "20181001", "Version": "2020", "Remark": null, "HistType": null, "HistRemark": null }, "geometry": { "type": "Polygon", "coordinates": [ [ [ 127.113034429649602, 37.40225975588362, 67.414 ], [ 127.113044117831492, 37.402259495974711, 67.388 ], [ 127.113044543803767, 37.402210988364288, 67.259 ], [ 127.113035624650124, 37.402211666114042, 67.289 ], [ 127.113034429649602, 37.40225975588362, 67.414 ] ] ] } },
{ "type": "Feature", "properties": { "ID": "B319AS305252", "AdminCode": "206", "Type": "1", "Kind": "5382", "LinkID": "A219AS305696", "Maker": "새한항업컨소시엄", "UpdateDate": "20181001", "Version": "2020", "Remark": null, "HistType": null, "HistRemark": null }, "geometry": { "type": "Polygon", "coordinates": [ [ [ 127.113072940644329, 37.402618744639859, 68.146 ], [ 127.113088171322318, 37.40261866333492, 68.102 ], [ 127.113087724540563, 37.402572971725988, 68.018 ], [ 127.113073725903945, 37.402573027636983, 68.066 ], [ 127.113072940644329, 37.402618744639859, 68.146 ] ] ] } },
{ "type": "Feature", "properties": { "ID": "B319AS305253", "AdminCode": "206", "Type": "1", "Kind": "5382", "LinkID": "A219AS305696", "Maker": "새한항업컨소시엄", "UpdateDate": "20181001", "Version": "2020", "Remark": null, "HistType": null, "HistRemark": null }, "geometry": { "type": "Polygon", "coordinates": [ [ [ 127.113072082503379, 37.402256625804263, 67.293 ], [ 127.113087727545775, 37.402256686301406, 67.236 ], [ 127.113088791922834, 37.402212001179265, 67.114 ], [ 127.113073137630892, 37.402211859421996, 67.161 ], [ 127.113072082503379, 37.402256625804263, 67.293 ] ] ] } },
{ "type": "Feature", "properties": { "ID": "B319AS305254", "AdminCode": "206", "Type": "1", "Kind": "5371", "LinkID": "A219AS305717", "Maker": "새한항업컨소시엄", "UpdateDate": "20181001", "Version": "2020", "Remark": null, "HistType": null, "HistRemark": null }, "geometry": { "type": "Polygon", "coordinates": [ [ [ 127.112854526873917, 37.400083107927557, 62.122 ], [ 127.112845282762436, 37.400083239726285, 62.101 ], [ 127.112844297343216, 37.400129728625025, 62.198 ], [ 127.112853368014996, 37.400129305656534, 62.214 ], [ 127.112854526873917, 37.400083107927557, 62.122 ] ] ] } },
{ "type": "Feature", "properties": { "ID": "B319AS305255", "AdminCode": "206", "Type": "1", "Kind": "5371", "LinkID": "A219AS305719", "Maker": "새한항업컨소시엄", "UpdateDate": "20181001", "Version": "2020", "Remark": null, "HistType": null, "HistRemark": null }, "geometry": { "type": "Polygon", "coordinates": [ [ [ 127.112891828741368, 37.400129054502948, 62.296 ], [ 127.112892174065138, 37.400083763062511, 62.202 ], [ 127.112884288871925, 37.400083763347062, 62.186 ], [ 127.112882744072451, 37.400129134774957, 62.275 ], [ 127.112891828741368, 37.400129054502948, 62.296 ] ] ] } },
{ "type": "Feature", "properties": { "ID": "B319AS305256", "AdminCode": "206", "Type": "1", "Kind": "5371", "LinkID": "A219AS305721", "Maker": "새한항업컨소시엄", "UpdateDate": "20181001", "Version": "2020", "Remark": null, "HistType": null, "HistRemark": null }, "geometry": { "type": "Polygon", "coordinates": [ [ [ 127.112931811634567, 37.400084783425505, 62.257 ], [ 127.11291855717883, 37.400084463665742, 62.241 ], [ 127.112918126032099, 37.400130925364586, 62.341 ], [ 127.112930522958138, 37.400131204396352, 62.351 ], [ 127.112931811634567, 37.400084783425505, 62.257 ] ] ] } },
{ "type": "Feature", "properties": { "ID": "B319AS305257", "AdminCode": "206", "Type": "1", "Kind": "5392", "LinkID": "A219AS305723", "Maker": "새한항업컨소시엄", "UpdateDate": "20181001", "Version": "2020", "Remark": null, "HistType": null, "HistRemark": null }, "geometry": { "type": "Polygon", "coordinates": [ [ [ 127.112951197841795, 37.400177976016018, 62.479 ], [ 127.112968210403622, 37.400177995268756, 62.479 ], [ 127.112970837858228, 37.400084505224051, 62.281 ], [ 127.112952141640406, 37.400084053528829, 62.281 ], [ 127.112951197841795, 37.400177976016018, 62.479 ] ] ] } },
{ "type": "Feature", "properties": { "ID": "B319AS305258", "AdminCode": "206", "Type": "1", "Kind": "5372", "LinkID": "A219AS305736", "Maker": "새한항업컨소시엄", "UpdateDate": "20181001", "Version": "2020", "Remark": null, "HistType": null, "HistRemark": null }, "geometry": { "type": "Polygon", "coordinates": [ [ [ 127.112992628172762, 37.399585532115246, 61.156 ], [ 127.113007061910608, 37.399585221790332, 61.138 ], [ 127.113007249782768, 37.399536295783186, 61.046 ], [ 127.112994747934565, 37.399536150273455, 61.058 ], [ 127.112992628172762, 37.399585532115246, 61.156 ] ] ] } },
{ "type": "Feature", "properties": { "ID": "B319AS305259", "AdminCode": "206", "Type": "1", "Kind": "5371", "LinkID": "A219AS305737", "Maker": "새한항업컨소시엄", "UpdateDate": "20181001", "Version": "2020", "Remark": null, "HistType": null, "HistRemark": null }, "geometry": { "type": "Polygon", "coordinates": [ [ [ 127.11302991265444, 37.399584874596677, 61.092 ], [ 127.113039434717464, 37.399584918458018, 61.077 ], [ 127.113040686952118, 37.399537694784676, 60.982 ], [ 127.113031229038853, 37.399537345521651, 60.988 ], [ 127.11302991265444, 37.399584874596677, 61.092 ] ] ] } },
{ "type": "Feature", "properties": { "ID": "B319AS305260", "AdminCode": "206", "Type": "1", "Kind": "5371", "LinkID": "A219AS305738", "Maker": "새한항업컨소시엄", "UpdateDate": "20181001", "Version": "2020", "Remark": null, "HistType": null, "HistRemark": null }, "geometry": { "type": "Polygon", "coordinates": [ [ [ 127.113068197760839, 37.399537115551162, 60.921 ], [ 127.113066816346659, 37.399585436691041, 61.016 ], [ 127.113076092019938, 37.399584944877049, 60.991 ], [ 127.113075887766072, 37.399537238313101, 60.903 ], [ 127.113068197760839, 37.399537115551162, 60.921 ] ] ] } },
{ "type": "Feature", "properties": { "ID": "B319AS305261", "AdminCode": "206", "Type": "1", "Kind": "5392", "LinkID": "A219AS305735", "Maker": "새한항업컨소시엄", "UpdateDate": "20181001", "Version": "2020", "Remark": null, "HistType": null, "HistRemark": null }, "geometry": { "type": "Polygon", "coordinates": [ [ [ 127.112971600602208, 37.399492024919674, 61.0 ], [ 127.112957184727605, 37.399492074162389, 61.016 ], [ 127.112954495166647, 37.399588041668459, 61.196 ], [ 127.112971435322308, 37.399588240013799, 61.193 ], [ 127.112971600602208, 37.399492024919674, 61.0 ] ] ] } },
{ "type": "Feature", "properties": { "ID": "B319AS305262", "AdminCode": "206", "Type": "1", "Kind": "5381", "LinkID": "A219AS305749", "Maker": "새한항업컨소시엄", "UpdateDate": "20181001", "Version": "2020", "Remark": null, "HistType": null, "HistRemark": null }, "geometry": { "type": "Polygon", "coordinates": [ [ [ 127.112917595958834, 37.399258982029608, 60.75 ], [ 127.112932515197727, 37.399258679464154, 60.784 ], [ 127.112933609827778, 37.399212787128128, 60.796 ], [ 127.112917274111112, 37.399212814728877, 60.791 ], [ 127.112917595958834, 37.399258982029608, 60.75 ] ] ] } },
{ "type": "Feature", "properties": { "ID": "B319AS305263", "AdminCode": "206", "Type": "1", "Kind": "5371", "LinkID": "A219AS305750", "Maker": "새한항업컨소시엄", "UpdateDate": "20181001", "Version": "2020", "Remark": null, "HistType": null, "HistRemark": null }, "geometry": { "type": "Polygon", "coordinates": [ [ [ 127.112891554145008, 37.399212710530371, 60.738 ], [ 127.112881864554865, 37.399212591882772, 60.717 ], [ 127.112881499784351, 37.399260911227614, 60.686 ], [ 127.112891054545869, 37.399261451311496, 60.702 ], [ 127.112891554145008, 37.399212710530371, 60.738 ] ] ] } },
{ "type": "Feature", "properties": { "ID": "B319AS305264", "AdminCode": "206", "Type": "1", "Kind": "5382", "LinkID": "A219AS305751", "Maker": "새한항업컨소시엄", "UpdateDate": "20181001", "Version": "2020", "Remark": null, "HistType": null, "HistRemark": null }, "geometry": { "type": "Polygon", "coordinates": [ [ [ 127.112857227029096, 37.399214370551363, 60.665 ], [ 127.112843013570341, 37.399214008436211, 60.634 ], [ 127.112842619630143, 37.399263039304557, 60.604 ], [ 127.112856672069853, 37.399263516011949, 60.631 ], [ 127.112857227029096, 37.399214370551363, 60.665 ] ] ] } },
{ "type": "Feature", "properties": { "ID": "B319AS305265", "AdminCode": "206", "Type": "1", "Kind": "5371", "LinkID": "A219AS305760", "Maker": "새한항업컨소시엄", "UpdateDate": "20181001", "Version": "2020", "Remark": null, "HistType": null, "HistRemark": null }, "geometry": { "type": "Polygon", "coordinates": [ [ [ 127.112992217586211, 37.398074620390965, 61.156 ], [ 127.113001930744147, 37.398074694341467, 61.134 ], [ 127.113002170706906, 37.398028644151353, 61.149 ], [ 127.112993302195221, 37.398028673810416, 61.168 ], [ 127.112992217586211, 37.398074620390965, 61.156 ] ] ] } },
{ "type": "Feature", "properties": { "ID": "B319AS305266", "AdminCode": "206", "Type": "1", "Kind": "5371", "LinkID": "A219AS305761", "Maker": "새한항업컨소시엄", "UpdateDate": "20181001", "Version": "2020", "Remark": null, "HistType": null, "HistRemark": null }, "geometry": { "type": "Polygon", "coordinates": [ [ [ 127.113028931736267, 37.398075053287542, 61.064 ], [ 127.113041267571646, 37.398075502566691, 61.025 ], [ 127.113040425076193, 37.398028020129019, 61.046 ], [ 127.113029190436251, 37.398028255356436, 61.079 ], [ 127.113028931736267, 37.398075053287542, 61.064 ] ] ] } },
{ "type": "Feature", "properties": { "ID": "B319AS305267", "AdminCode": "206", "Type": "1", "Kind": "5382", "LinkID": "A219AS305762", "Maker": "새한항업컨소시엄", "UpdateDate": "20181001", "Version": "2020", "Remark": null, "HistType": null, "HistRemark": null }, "geometry": { "type": "Polygon", "coordinates": [ [ [ 127.113065917136979, 37.398074129611025, 60.969 ], [ 127.11307997681358, 37.398074308991482, 60.936 ], [ 127.113080189399739, 37.398028447626771, 60.949 ], [ 127.113066809957786, 37.398028621581538, 60.979 ], [ 127.113065917136979, 37.398074129611025, 60.969 ] ] ] } },
{ "type": "Feature", "properties": { "ID": "B319AS305268", "AdminCode": "206", "Type": "1", "Kind": "5392", "LinkID": "A219AS305759", "Maker": "새한항업컨소시엄", "UpdateDate": "20181001", "Version": "2020", "Remark": null, "HistType": null, "HistRemark": null }, "geometry": { "type": "Polygon", "coordinates": [ [ [ 127.112968197053192, 37.397982903953611, 61.219 ], [ 127.112950369241219, 37.397983881094561, 61.223 ], [ 127.112949487944206, 37.398075317151807, 61.202 ], [ 127.112969250082656, 37.398075587583129, 61.192 ], [ 127.112968197053192, 37.397982903953611, 61.219 ] ] ] } },
{ "type": "Feature", "properties": { "ID": "B319AS305269", "AdminCode": "206", "Type": "1", "Kind": "5371", "LinkID": "A219AS305765", "Maker": "새한항업컨소시엄", "UpdateDate": "20181001", "Version": "2020", "Remark": null, "HistType": null, "HistRemark": null }, "geometry": { "type": "Polygon", "coordinates": [ [ [ 127.112991883117957, 37.397620888300587, 61.314 ], [ 127.113002967281147, 37.397621245500709, 61.287 ], [ 127.113002041703027, 37.397573022706112, 61.314 ], [ 127.112992213877419, 37.397573469652471, 61.339 ], [ 127.112991883117957, 37.397620888300587, 61.314 ] ] ] } },
{ "type": "Feature", "properties": { "ID": "B319AS305270", "AdminCode": "206", "Type": "1", "Kind": "5371", "LinkID": "A219AS305766", "Maker": "새한항업컨소시엄", "UpdateDate": "20181001", "Version": "2020", "Remark": null, "HistType": null, "HistRemark": null }, "geometry": { "type": "Polygon", "coordinates": [ [ [ 127.113028476256503, 37.397618480316247, 61.232 ], [ 127.113037941842165, 37.397618063634312, 61.214 ], [ 127.113038845991298, 37.397569401397632, 61.217 ], [ 127.113029579610114, 37.397569082232387, 61.244 ], [ 127.113028476256503, 37.397618480316247, 61.232 ] ] ] } },
{ "type": "Feature", "properties": { "ID": "B319AS305271", "AdminCode": "206", "Type": "1", "Kind": "5382", "LinkID": "A219AS305767", "Maker": "새한항업컨소시엄", "UpdateDate": "20181001", "Version": "2020", "Remark": null, "HistType": null, "HistRemark": null }, "geometry": { "type": "Polygon", "coordinates": [ [ [ 127.113068628386713, 37.397616048022051, 61.119 ], [ 127.113081089267411, 37.397616012615792, 61.077 ], [ 127.113081157765762, 37.397569139544437, 61.092 ], [ 127.113068696440948, 37.397569192968767, 61.119 ], [ 127.113068628386713, 37.397616048022051, 61.119 ] ] ] } },
{ "type": "Feature", "properties": { "ID": "B319AS305272", "AdminCode": "206", "Type": "1", "Kind": "5382", "LinkID": "A219AS305778", "Maker": "새한항업컨소시엄", "UpdateDate": "20181001", "Version": "2020", "Remark": null, "HistType": null, "HistRemark": null }, "geometry": { "type": "Polygon", "coordinates": [ [ [ 127.112815211715727, 37.396518178629812, 62.18 ], [ 127.112803566059142, 37.396518145912914, 62.159 ], [ 127.112802763935406, 37.396562736119137, 62.092 ], [ 127.11281420272519, 37.396563360360453, 62.11 ], [ 127.112815211715727, 37.396518178629812, 62.18 ] ] ] } },
{ "type": "Feature", "properties": { "ID": "B319AS305273", "AdminCode": "206", "Type": "1", "Kind": "5371", "LinkID": "A219AS305780", "Maker": "새한항업컨소시엄", "UpdateDate": "20181001", "Version": "2020", "Remark": null, "HistType": null, "HistRemark": null }, "geometry": { "type": "Polygon", "coordinates": [ [ [ 127.112849452003786, 37.396516778583425, 62.25 ], [ 127.11284115503814, 37.396516546982056, 62.232 ], [ 127.112839987495477, 37.396563997339406, 62.168 ], [ 127.112849632029167, 37.396564097242205, 62.193 ], [ 127.112849452003786, 37.396516778583425, 62.25 ] ] ] } },
{ "type": "Feature", "properties": { "ID": "B319AS305274", "AdminCode": "206", "Type": "1", "Kind": "5371", "LinkID": "A219AS305782", "Maker": "새한항업컨소시엄", "UpdateDate": "20181001", "Version": "2020", "Remark": null, "HistType": null, "HistRemark": null }, "geometry": { "type": "Polygon", "coordinates": [ [ [ 127.112886252781962, 37.396517780688207, 62.363 ], [ 127.11287761209185, 37.396517741877524, 62.32 ], [ 127.112877949315987, 37.396565099096243, 62.269 ], [ 127.112886127274621, 37.396565121506953, 62.296 ], [ 127.112886252781962, 37.396517780688207, 62.363 ] ] ] } },
{ "type": "Feature", "properties": { "ID": "B319AS305275", "AdminCode": "206", "Type": "1", "Kind": "5372", "LinkID": "A219AS305784", "Maker": "새한항업컨소시엄", "UpdateDate": "20181001", "Version": "2020", "Remark": null, "HistType": null, "HistRemark": null }, "geometry": { "type": "Polygon", "coordinates": [ [ [ 127.112925458731524, 37.39651701867308, 62.451 ], [ 127.112911837466598, 37.396516936401945, 62.427 ], [ 127.112912562230719, 37.396565507486905, 62.375 ], [ 127.112923639470779, 37.396565233705076, 62.385 ], [ 127.112925458731524, 37.39651701867308, 62.451 ] ] ] } },
{ "type": "Feature", "properties": { "ID": "B319AS305276", "AdminCode": "206", "Type": "1", "Kind": "5431", "LinkID": "A219AS305788", "Maker": "새한항업컨소시엄", "UpdateDate": "20181001", "Version": "2020", "Remark": null, "HistType": null, "HistRemark": null }, "geometry": { "type": "Polygon", "coordinates": [ [ [ 127.113098684007582, 37.396518504242408, 62.205 ], [ 127.113122804141582, 37.396518402596676, 62.147 ], [ 127.113123281089116, 37.396474609310289, 62.19 ], [ 127.113098412549633, 37.396474825184789, 62.253 ], [ 127.113098684007582, 37.396518504242408, 62.205 ] ] ] } },
{ "type": "Feature", "properties": { "ID": "B319AS305277", "AdminCode": "206", "Type": "1", "Kind": "5392", "LinkID": "A219AS305790", "Maker": "새한항업컨소시엄", "UpdateDate": "20181001", "Version": "2020", "Remark": null, "HistType": null, "HistRemark": null }, "geometry": { "type": "Polygon", "coordinates": [ [ [ 127.11294980105815, 37.396611200691588, 62.375 ], [ 127.112962910143011, 37.396611437007493, 62.36 ], [ 127.112962780332495, 37.396514369981361, 62.497 ], [ 127.112949948819477, 37.396513876733522, 62.489 ], [ 127.11294980105815, 37.396611200691588, 62.375 ] ] ] } },
{ "type": "Feature", "properties": { "ID": "B319AS305278", "AdminCode": "206", "Type": "1", "Kind": "5392", "LinkID": "A219AS305793", "Maker": "새한항업컨소시엄", "UpdateDate": "20181001", "Version": "2020", "Remark": null, "HistType": null, "HistRemark": null }, "geometry": { "type": "Polygon", "coordinates": [ [ [ 127.112965004238077, 37.395877093364987, 63.324 ], [ 127.112953761113403, 37.395877229315708, 63.345 ], [ 127.112951165614632, 37.395971711309521, 63.165 ], [ 127.112965230094176, 37.39597168348768, 63.144 ], [ 127.112965004238077, 37.395877093364987, 63.324 ] ] ] } },
{ "type": "Feature", "properties": { "ID": "B319AS305279", "AdminCode": "206", "Type": "1", "Kind": "5371", "LinkID": "A219AS305794", "Maker": "새한항업컨소시엄", "UpdateDate": "20181001", "Version": "2020", "Remark": null, "HistType": null, "HistRemark": null }, "geometry": { "type": "Polygon", "coordinates": [ [ [ 127.112990489423822, 37.395968040103419, 63.113 ], [ 127.113000380044738, 37.395967783420296, 63.092 ], [ 127.112999911949132, 37.395922487977266, 63.159 ], [ 127.11298978872756, 37.395922560696548, 63.184 ], [ 127.112990489423822, 37.395968040103419, 63.113 ] ] ] } },
{ "type": "Feature", "properties": { "ID": "B319AS305280", "AdminCode": "206", "Type": "1", "Kind": "5371", "LinkID": "A219AS305795", "Maker": "새한항업컨소시엄", "UpdateDate": "20181001", "Version": "2020", "Remark": null, "HistType": null, "HistRemark": null }, "geometry": { "type": "Polygon", "coordinates": [ [ [ 127.113027084442592, 37.395967777122188, 63.04 ], [ 127.113038053869261, 37.395967744945843, 63.015 ], [ 127.113037656889986, 37.395922315450022, 63.052 ], [ 127.11302705264464, 37.395922200243, 63.092 ], [ 127.113027084442592, 37.395967777122188, 63.04 ] ] ] } },
{ "type": "Feature", "properties": { "ID": "B319AS305281", "AdminCode": "206", "Type": "1", "Kind": "5371", "LinkID": "A219AS305796", "Maker": "새한항업컨소시엄", "UpdateDate": "20181001", "Version": "2020", "Remark": null, "HistType": null, "HistRemark": null }, "geometry": { "type": "Polygon", "coordinates": [ [ [ 127.11306779890424, 37.395966759749385, 62.921 ], [ 127.11307748174687, 37.395967581246751, 62.894 ], [ 127.113076304492651, 37.395921733731122, 62.939 ], [ 127.113066847033053, 37.395921384483238, 62.967 ], [ 127.11306779890424, 37.395966759749385, 62.921 ] ] ] } },
{ "type": "Feature", "properties": { "ID": "B319AS305282", "AdminCode": "206", "Type": "1", "Kind": "5373", "LinkID": "A219AS305797", "Maker": "새한항업컨소시엄", "UpdateDate": "20181001", "Version": "2020", "Remark": null, "HistType": null, "HistRemark": null }, "geometry": { "type": "Polygon", "coordinates": [ [ [ 127.11310659283015, 37.395970254020895, 62.824 ], [ 127.113118245176594, 37.395970467064373, 62.796 ], [ 127.113117363084555, 37.395922308039928, 62.86 ], [ 127.113105168071442, 37.395921662744861, 62.885 ], [ 127.11310659283015, 37.395970254020895, 62.824 ] ] ] } },
{ "type": "Feature", "properties": { "ID": "B319AS305283", "AdminCode": "206", "Type": "1", "Kind": "5392", "LinkID": "A219AS305536", "Maker": "새한항업컨소시엄", "UpdateDate": "20181001", "Version": "2020", "Remark": null, "HistType": null, "HistRemark": null }, "geometry": { "type": "Polygon", "coordinates": [ [ [ 127.112964697873664, 37.395160529096025, 64.274 ], [ 127.112951381731563, 37.395160001076611, 64.287 ], [ 127.112950276130249, 37.395252280770485, 64.181 ], [ 127.112965092492573, 37.395252445200974, 64.168 ], [ 127.112964697873664, 37.395160529096025, 64.274 ] ] ] } },
{ "type": "Feature", "properties": { "ID": "B319AS305284", "AdminCode": "206", "Type": "1", "Kind": "5371", "LinkID": "A219AS305807", "Maker": "새한항업컨소시엄", "UpdateDate": "20181001", "Version": "2020", "Remark": null, "HistType": null, "HistRemark": null }, "geometry": { "type": "Polygon", "coordinates": [ [ [ 127.112991385662312, 37.395207567956952, 64.2 ], [ 127.112998988954089, 37.395207977735659, 64.189 ], [ 127.112998988361056, 37.395158453860326, 64.237 ], [ 127.112991028935568, 37.395158281734766, 64.255 ], [ 127.112991385662312, 37.395207567956952, 64.2 ] ] ] } },
{ "type": "Feature", "properties": { "ID": "B319AS305285", "AdminCode": "206", "Type": "1", "Kind": "5371", "LinkID": "A219AS305808", "Maker": "새한항업컨소시엄", "UpdateDate": "20181001", "Version": "2020", "Remark": null, "HistType": null, "HistRemark": null }, "geometry": { "type": "Polygon", "coordinates": [ [ [ 127.113027271210441, 37.395206302266935, 64.133 ], [ 127.113036968865984, 37.395206529175915, 64.079 ], [ 127.113036610979748, 37.395157287997684, 64.121 ], [ 127.113027693573656, 37.395157479108278, 64.165 ], [ 127.113027271210441, 37.395206302266935, 64.133 ] ] ] } },
{ "type": "Feature", "properties": { "ID": "B319AS305286", "AdminCode": "206", "Type": "1", "Kind": "5382", "LinkID": "A219AS305809", "Maker": "새한항업컨소시엄", "UpdateDate": "20181001", "Version": "2020", "Remark": null, "HistType": null, "HistRemark": null }, "geometry": { "type": "Polygon", "coordinates": [ [ [ 127.113065420038652, 37.395205325046227, 63.97 ], [ 127.113081997426477, 37.395205535598663, 63.906 ], [ 127.113081227783113, 37.395160100148608, 63.954 ], [ 127.1130658712502, 37.395159855009773, 64.013 ], [ 127.113065420038652, 37.395205325046227, 63.97 ] ] ] } },
{ "type": "Feature", "properties": { "ID": "B319AS305287", "AdminCode": "206", "Type": "1", "Kind": "5373", "LinkID": "A219AS305817", "Maker": "새한항업컨소시엄", "UpdateDate": "20181001", "Version": "2020", "Remark": null, "HistType": null, "HistRemark": null }, "geometry": { "type": "Polygon", "coordinates": [ [ [ 127.112807858981498, 37.39404371562366, 65.474 ], [ 127.1127951620321, 37.394043278587191, 65.442 ], [ 127.112796352465423, 37.394088594587274, 65.4 ], [ 127.112808688555148, 37.394088557210743, 65.433 ], [ 127.112807858981498, 37.39404371562366, 65.474 ] ] ] } },
{ "type": "Feature", "properties": { "ID": "B319AS305288", "AdminCode": "206", "Type": "1", "Kind": "5371", "LinkID": "A219AS305819", "Maker": "새한항업컨소시엄", "UpdateDate": "20181001", "Version": "2020", "Remark": null, "HistType": null, "HistRemark": null }, "geometry": { "type": "Polygon", "coordinates": [ [ [ 127.112846382778116, 37.394042176663667, 65.569 ], [ 127.112835841807964, 37.394041801089188, 65.537 ], [ 127.112835993230561, 37.394087109513869, 65.498 ], [ 127.112846364163673, 37.394087058784692, 65.527 ], [ 127.112846382778116, 37.394042176663667, 65.569 ] ] ] } },
{ "type": "Feature", "properties": { "ID": "B319AS305289", "AdminCode": "206", "Type": "1", "Kind": "5371", "LinkID": "A219AS305821", "Maker": "새한항업컨소시엄", "UpdateDate": "20181001", "Version": "2020", "Remark": null, "HistType": null, "HistRemark": null }, "geometry": { "type": "Polygon", "coordinates": [ [ [ 127.112882151246339, 37.394040602715897, 65.662 ], [ 127.112872888006322, 37.394040626069597, 65.638 ], [ 127.11287252543157, 37.39408886437468, 65.596 ], [ 127.11288217213351, 37.394088865167966, 65.617 ], [ 127.112882151246339, 37.394040602715897, 65.662 ] ] ] } },
{ "type": "Feature", "properties": { "ID": "B319AS305290", "AdminCode": "206", "Type": "1", "Kind": "5392", "LinkID": "A219AS305824", "Maker": "새한항업컨소시엄", "UpdateDate": "20181001", "Version": "2020", "Remark": null, "HistType": null, "HistRemark": null }, "geometry": { "type": "Polygon", "coordinates": [ [ [ 127.112945261258574, 37.394133853510368, 65.662 ], [ 127.112960946839479, 37.394134031815149, 65.652 ], [ 127.112964058644948, 37.394038323319108, 65.79 ], [ 127.112946173068508, 37.394038037793813, 65.778 ], [ 127.112945261258574, 37.394133853510368, 65.662 ] ] ] } },
{ "type": "Feature", "properties": { "ID": "B319AS305291", "AdminCode": "206", "Type": "1", "Kind": "5371", "LinkID": "A219AS305832", "Maker": "새한항업컨소시엄", "UpdateDate": "20181001", "Version": "2020", "Remark": null, "HistType": null, "HistRemark": null }, "geometry": { "type": "Polygon", "coordinates": [ [ [ 127.112909910405548, 37.394086793498815, 65.683 ], [ 127.112919286113566, 37.394086789962806, 65.7 ], [ 127.112918932093621, 37.394039648758955, 65.751 ], [ 127.112909514168095, 37.394039083831402, 65.734 ], [ 127.112909910405548, 37.394086793498815, 65.683 ] ] ] } },
{ "type": "Feature", "properties": { "ID": "B319AS305292", "AdminCode": "206", "Type": "1", "Kind": "5372", "LinkID": "A219AS305834", "Maker": "새한항업컨소시엄", "UpdateDate": "20181001", "Version": "2020", "Remark": null, "HistType": null, "HistRemark": null }, "geometry": { "type": "Polygon", "coordinates": [ [ [ 127.112961754031176, 37.393461322103711, 66.57 ], [ 127.112949547896235, 37.393461136258637, 66.563 ], [ 127.112949493874538, 37.393508784667226, 66.498 ], [ 127.11296168240483, 37.393508771955588, 66.501 ], [ 127.112961754031176, 37.393461322103711, 66.57 ] ] ] } },
{ "type": "Feature", "properties": { "ID": "B319AS305293", "AdminCode": "206", "Type": "1", "Kind": "5371", "LinkID": "A219AS305835", "Maker": "새한항업컨소시엄", "UpdateDate": "20181001", "Version": "2020", "Remark": null, "HistType": null, "HistRemark": null }, "geometry": { "type": "Polygon", "coordinates": [ [ [ 127.112995947519934, 37.393461282143889, 66.537 ], [ 127.112988519412909, 37.393461551103577, 66.549 ], [ 127.112986633280613, 37.393509738054981, 66.48 ], [ 127.112994794198613, 37.393509525856444, 66.477 ], [ 127.112995947519934, 37.393461282143889, 66.537 ] ] ] } },
{ "type": "Feature", "properties": { "ID": "B319AS305294", "AdminCode": "206", "Type": "1", "Kind": "5371", "LinkID": "A219AS305836", "Maker": "새한항업컨소시엄", "UpdateDate": "20181001", "Version": "2020", "Remark": null, "HistType": null, "HistRemark": null }, "geometry": { "type": "Polygon", "coordinates": [ [ [ 127.113032400166873, 37.39346214344107, 66.465 ], [ 127.113024391237033, 37.393462150780216, 66.48 ], [ 127.113023679642296, 37.393511248722938, 66.418 ], [ 127.113033464021385, 37.393511612202197, 66.4 ], [ 127.113032400166873, 37.39346214344107, 66.465 ] ] ] } },
{ "type": "Feature", "properties": { "ID": "B319AS305295", "AdminCode": "206", "Type": "1", "Kind": "5371", "LinkID": "A219AS305837", "Maker": "새한항업컨소시엄", "UpdateDate": "20181001", "Version": "2020", "Remark": null, "HistType": null, "HistRemark": null }, "geometry": { "type": "Polygon", "coordinates": [ [ [ 127.113071584199517, 37.393461290883643, 66.382 ], [ 127.113061338915941, 37.393460838937379, 66.406 ], [ 127.113061308209154, 37.393510263188361, 66.346 ], [ 127.113071210923408, 37.393510412252638, 66.325 ], [ 127.113071584199517, 37.393461290883643, 66.382 ] ] ] } },
{ "type": "Feature", "properties": { "ID": "B319AS305296", "AdminCode": "206", "Type": "1", "Kind": "5372", "LinkID": "A219AS305746", "Maker": "새한항업컨소시엄", "UpdateDate": "20181001", "Version": "2020", "Remark": null, "HistType": null, "HistRemark": null }, "geometry": { "type": "Polygon", "coordinates": [ [ [ 127.113006952200578, 37.399254955998074, 60.781 ], [ 127.112994731347897, 37.399254869049919, 60.799 ], [ 127.112993815590869, 37.399303089474181, 60.796 ], [ 127.113007043941792, 37.399303093368772, 60.778 ], [ 127.113006952200578, 37.399254955998074, 60.781 ] ] ] } },
{ "type": "Feature", "properties": { "ID": "B319AS305297", "AdminCode": "206", "Type": "1", "Kind": "5371", "LinkID": "A219AS305747", "Maker": "새한항업컨소시엄", "UpdateDate": "20181001", "Version": "2020", "Remark": null, "HistType": null, "HistRemark": null }, "geometry": { "type": "Polygon", "coordinates": [ [ [ 127.113030311281065, 37.399302797887344, 60.738 ], [ 127.113039436048126, 37.39930291651855, 60.72 ], [ 127.113039403215552, 37.399256032829307, 60.726 ], [ 127.113029895649746, 37.399255863024479, 60.741 ], [ 127.113030311281065, 37.399302797887344, 60.738 ] ] ] } },
{ "type": "Feature", "properties": { "ID": "B319AS305298", "AdminCode": "206", "Type": "1", "Kind": "5382", "LinkID": "A219AS305739", "Maker": "새한항업컨소시엄", "UpdateDate": "20181001", "Version": "2020", "Remark": null, "HistType": null, "HistRemark": null }, "geometry": { "type": "Polygon", "coordinates": [ [ [ 127.113082072538589, 37.399256416584059, 60.631 ], [ 127.113067321552933, 37.399256766917013, 60.668 ], [ 127.113065366729316, 37.399305430393746, 60.662 ], [ 127.113081266585112, 37.399305666190571, 60.61 ], [ 127.113082072538589, 37.399256416584059, 60.631 ] ] ] } },
{ "type": "Feature", "properties": { "ID": "B319AS305299", "AdminCode": "206", "Type": "1", "Kind": "5392", "LinkID": "A219AS305745", "Maker": "새한항업컨소시엄", "UpdateDate": "20181001", "Version": "2020", "Remark": null, "HistType": null, "HistRemark": null }, "geometry": { "type": "Polygon", "coordinates": [ [ [ 127.112970367959988, 37.399208335961752, 60.854 ], [ 127.112958158407267, 37.399208249190295, 60.854 ], [ 127.112955247548868, 37.399304032917136, 60.832 ], [ 127.112970478904529, 37.39930434818168, 60.824 ], [ 127.112970367959988, 37.399208335961752, 60.854 ] ] ] } },
{ "type": "Feature", "properties": { "ID": "B319AS305300", "AdminCode": "206", "Type": "1", "Kind": "5372", "LinkID": "A219AS305492", "Maker": "새한항업컨소시엄", "UpdateDate": "20181001", "Version": "2020", "Remark": null, "HistType": null, "HistRemark": null }, "geometry": { "type": "Polygon", "coordinates": [ [ [ 127.112818690866817, 37.402738769853535, 68.23 ], [ 127.11281993299697, 37.402691059369673, 68.161 ], [ 127.112810439697284, 37.40268985333006, 68.147 ], [ 127.112806081203033, 37.402738847909411, 68.194 ], [ 127.112818690866817, 37.402738769853535, 68.23 ] ] ] } },
{ "type": "Feature", "properties": { "ID": "B319AS305301", "AdminCode": "206", "Type": "5", "Kind": "5321", "LinkID": "A219AS305376", "Maker": "새한항업컨소시엄", "UpdateDate": "20181001", "Version": "2020", "Remark": null, "HistType": null, "HistRemark": null }, "geometry": { "type": "Polygon", "coordinates": [ [ [ 127.107037081478353, 37.396062004822845, 66.258 ], [ 127.107026016551274, 37.396029463653733, 66.296 ], [ 127.107005327555015, 37.396033728714904, 66.296 ], [ 127.106974494133169, 37.396040255679303, 66.32 ], [ 127.106945431498545, 37.396046441481616, 66.343 ], [ 127.106917101230806, 37.39605270209357, 66.358 ], [ 127.10688726912575, 37.396059389271855, 66.382 ], [ 127.106868051883964, 37.396063524667014, 66.389 ], [ 127.106838001871054, 37.396069892904471, 66.388 ], [ 127.106809447524512, 37.396076528427443, 66.361 ], [ 127.106779587009243, 37.396082548196595, 66.345 ], [ 127.1067607821076, 37.396086906478956, 66.332 ], [ 127.106737141834344, 37.396091737074407, 66.314 ], [ 127.106716413448311, 37.396096668380324, 66.288 ], [ 127.106728455055773, 37.396130793399145, 66.266 ], [ 127.106748151785553, 37.396126458418891, 66.288 ], [ 127.106767883294935, 37.396122087942295, 66.308 ], [ 127.106797259234028, 37.396115573738925, 66.335 ], [ 127.106827885865627, 37.396108737083644, 66.354 ], [ 127.106850546710731, 37.396103773620752, 66.359 ], [ 127.106885985975921, 37.396095572025601, 66.361 ], [ 127.106915418807247, 37.396089040678724, 66.339 ], [ 127.106935098785002, 37.39608492169927, 66.329 ], [ 127.106954220070563, 37.396080559443412, 66.323 ], [ 127.106983040874255, 37.396074108403027, 66.297 ], [ 127.107003146569369, 37.396069680791634, 66.271 ], [ 127.107023777798375, 37.396065018254852, 66.259 ], [ 127.107037081478353, 37.396062004822845, 66.258 ] ] ] } },
{ "type": "Feature", "properties": { "ID": "B319AS305302", "AdminCode": "206", "Type": "5", "Kind": "5321", "LinkID": "A219AS305376", "Maker": "새한항업컨소시엄", "UpdateDate": "20181001", "Version": "2020", "Remark": null, "HistType": null, "HistRemark": null }, "geometry": { "type": "Polygon", "coordinates": [ [ [ 127.107045360654212, 37.396100656932177, 66.24 ], [ 127.107033822683576, 37.396067161873482, 66.247 ], [ 127.107022591311178, 37.396069523540383, 66.262 ], [ 127.107003951308172, 37.396073614126784, 66.271 ], [ 127.106984289386872, 37.396077913657429, 66.295 ], [ 127.106955361970307, 37.396084561266179, 66.319 ], [ 127.106934714268689, 37.396088980188956, 66.326 ], [ 127.106914340243208, 37.396093745967029, 66.34 ], [ 127.106876612811007, 37.396102199324694, 66.362 ], [ 127.106862562507985, 37.396105254855776, 66.359 ], [ 127.10682811826301, 37.39611341830507, 66.347 ], [ 127.106807704045124, 37.396117985145324, 66.339 ], [ 127.106788140596137, 37.39612196176936, 66.326 ], [ 127.106748909715407, 37.396130904719662, 66.287 ], [ 127.106715342883376, 37.396138316124734, 66.253 ], [ 127.10672527636909, 37.396167333327448, 66.229 ], [ 127.106784268271909, 37.396155092868987, 66.278 ], [ 127.106833927582599, 37.396145172340297, 66.299 ], [ 127.106864287034782, 37.39613862880978, 66.324 ], [ 127.106894812457114, 37.396132223117334, 66.338 ], [ 127.106932257569454, 37.396124215858741, 66.324 ], [ 127.106961767863652, 37.396117748828658, 66.295 ], [ 127.106981936747346, 37.396113953109612, 66.283 ], [ 127.107002753601904, 37.396109545900103, 66.265 ], [ 127.107022104309252, 37.396105493733195, 66.249 ], [ 127.107045360654212, 37.396100656932177, 66.24 ] ] ] } },
{ "type": "Feature", "properties": { "ID": "B319AS305303", "AdminCode": "206", "Type": "5", "Kind": "5321", "LinkID": "A219AS305402", "Maker": "새한항업컨소시엄", "UpdateDate": "20181001", "Version": "2020", "Remark": null, "HistType": null, "HistRemark": null }, "geometry": { "type": "Polygon", "coordinates": [ [ [ 127.1070936444263, 37.396122510446517, 66.153 ], [ 127.107092944569175, 37.396122490226524, 66.154 ], [ 127.107098469645805, 37.396139504222958, 66.137 ], [ 127.107106893959156, 37.396164306404323, 66.116 ], [ 127.107115355779058, 37.396188964985306, 66.089 ], [ 127.10712647019821, 37.396221786326734, 66.057 ], [ 127.10713783817593, 37.396255305691732, 65.989 ], [ 127.107146308587048, 37.396280072558234, 65.938 ], [ 127.107161535260261, 37.396325451104545, 65.827 ], [ 127.107181762596184, 37.396325171171988, 65.794 ], [ 127.107204597636013, 37.396324960030789, 65.752 ], [ 127.107196077088318, 37.396299940014863, 65.836 ], [ 127.107190380070776, 37.396283473033627, 65.889 ], [ 127.107184665911433, 37.396266789477018, 65.921 ], [ 127.107176332389017, 37.396241520103828, 65.992 ], [ 127.107164811258087, 37.396208250640456, 66.016 ], [ 127.107156428421561, 37.396184043953816, 66.031 ], [ 127.107150899662514, 37.396167624727582, 66.045 ], [ 127.107142807965289, 37.396143071213672, 66.054 ], [ 127.107135693113932, 37.396122345639277, 66.072 ], [ 127.1070936444263, 37.396122510446517, 66.153 ] ] ] } },
{ "type": "Feature", "properties": { "ID": "B319AS305304", "AdminCode": "206", "Type": "5", "Kind": "5321", "LinkID": "A219AS305402", "Maker": "새한항업컨소시엄", "UpdateDate": "20181001", "Version": "2020", "Remark": null, "HistType": null, "HistRemark": null }, "geometry": { "type": "Polygon", "coordinates": [ [ [ 127.107253191684464, 37.396328649203433, 65.688 ], [ 127.107244603449161, 37.396302726854671, 65.751 ], [ 127.107234424472892, 37.39627133546918, 65.778 ], [ 127.107222732576844, 37.396238117351963, 65.931 ], [ 127.107208179211497, 37.396196507816569, 65.967 ], [ 127.107193685492589, 37.396154773059052, 65.986 ], [ 127.107184460668506, 37.396126317005468, 65.98 ], [ 127.107142492832836, 37.396126411024575, 66.055 ], [ 127.107148337447356, 37.39614374557403, 66.04 ], [ 127.107156425333784, 37.396168001613283, 66.033 ], [ 127.107167757216558, 37.396201159896798, 66.009 ], [ 127.107176263320426, 37.396225855232778, 66.01 ], [ 127.107184565952451, 37.396250556322414, 65.952 ], [ 127.107193366517507, 37.396275670948427, 65.892 ], [ 127.107201623993205, 37.396300371313714, 65.825 ], [ 127.107210594985673, 37.396329039601497, 65.738 ], [ 127.107253191684464, 37.396328649203433, 65.688 ] ] ] } },
{ "type": "Feature", "properties": { "ID": "B319AS305305", "AdminCode": "206", "Type": "5", "Kind": "5321", "LinkID": "A219AS305351", "Maker": "새한항업컨소시엄", "UpdateDate": "20181001", "Version": "2020", "Remark": null, "HistType": null, "HistRemark": null }, "geometry": { "type": "Polygon", "coordinates": [ [ [ 127.107126835358685, 37.39639092117843, 65.817 ], [ 127.107117085215009, 37.396357752171333, 65.867 ], [ 127.107105166633829, 37.396359589126938, 65.877 ], [ 127.107085695095904, 37.396363053557643, 65.877 ], [ 127.107046922750598, 37.396369931068378, 65.912 ], [ 127.107016685056735, 37.396375223854001, 65.936 ], [ 127.106998082334229, 37.39637827859535, 65.952 ], [ 127.106977192070175, 37.396382008688178, 65.963 ], [ 127.106948235317361, 37.396387123694865, 65.954 ], [ 127.106908712297525, 37.396393754812102, 65.953 ], [ 127.106879106921781, 37.396399057689166, 65.951 ], [ 127.106838896867259, 37.396406056305409, 65.927 ], [ 127.106804285356759, 37.396411882823557, 65.894 ], [ 127.106813730590815, 37.396446389836989, 65.826 ], [ 127.106862981197594, 37.396437904756311, 65.878 ], [ 127.106895469193205, 37.396432071249173, 65.892 ], [ 127.106933922694381, 37.396425296832632, 65.902 ], [ 127.106972784050939, 37.396418474860177, 65.902 ], [ 127.107012773707069, 37.396411256368125, 65.878 ], [ 127.10705428777851, 37.396403611648779, 65.858 ], [ 127.107091723412083, 37.396396883967704, 65.818 ], [ 127.107126835358685, 37.39639092117843, 65.817 ] ] ] } },
{ "type": "Feature", "properties": { "ID": "B319AS305306", "AdminCode": "206", "Type": "5", "Kind": "5321", "LinkID": "A219AS305351", "Maker": "새한항업컨소시엄", "UpdateDate": "20181001", "Version": "2020", "Remark": null, "HistType": null, "HistRemark": null }, "geometry": { "type": "Polygon", "coordinates": [ [ [ 127.107132342739405, 37.396429294568385, 65.745 ], [ 127.107122694708153, 37.396395658545877, 65.809 ], [ 127.107102172311514, 37.396399583814713, 65.813 ], [ 127.107062851640706, 37.39640625427409, 65.845 ], [ 127.107041984408269, 37.396409966722111, 65.854 ], [ 127.107003362412954, 37.396417153051679, 65.881 ], [ 127.106971576557399, 37.396422916720788, 65.899 ], [ 127.106922962118787, 37.396431709448755, 65.892 ], [ 127.10688417662017, 37.396438658794949, 65.878 ], [ 127.106844080368617, 37.396445623185201, 65.859 ], [ 127.106810343700701, 37.396451698042043, 65.808 ], [ 127.10681901087284, 37.396482109920619, 65.737 ], [ 127.106840297968688, 37.396478323124292, 65.77 ], [ 127.106879425332764, 37.396472154345034, 65.807 ], [ 127.106909059625934, 37.396467050206901, 65.817 ], [ 127.106949431377103, 37.396460360582481, 65.829 ], [ 127.106978920187913, 37.396455650647759, 65.827 ], [ 127.107008096226949, 37.396450800508831, 65.803 ], [ 127.107039163687304, 37.396445304713517, 65.789 ], [ 127.107068466647775, 37.396440348441892, 65.79 ], [ 127.107099088056799, 37.396435070800649, 65.752 ], [ 127.107132342739405, 37.396429294568385, 65.745 ] ] ] } },
{ "type": "Feature", "properties": { "ID": "B319AS305307", "AdminCode": "206", "Type": "5", "Kind": "5321", "LinkID": "A219AS305314", "Maker": "새한항업컨소시엄", "UpdateDate": "20181001", "Version": "2020", "Remark": null, "HistType": null, "HistRemark": null }, "geometry": { "type": "Polygon", "coordinates": [ [ [ 127.106727252648824, 37.399671099341752, 62.953 ], [ 127.106704601848676, 37.399670682453738, 63.007 ], [ 127.106670358490689, 37.399669899621415, 63.08 ], [ 127.106625519193287, 37.399669100262159, 63.202 ], [ 127.106584191545707, 37.399668366150777, 63.262 ], [ 127.106554292968497, 37.399667761033044, 63.265 ], [ 127.106520695493359, 37.39966734900446, 63.236 ], [ 127.106487308761189, 37.399666642929283, 63.196 ], [ 127.106453432610678, 37.399666082217031, 63.159 ], [ 127.106413418038926, 37.399665242905996, 63.078 ], [ 127.106371464384807, 37.399664246340976, 63.01 ], [ 127.106343470113359, 37.399663833903247, 62.951 ], [ 127.106329296542754, 37.399695096565253, 62.974 ], [ 127.106352430188707, 37.399695629411092, 62.997 ], [ 127.106395696023171, 37.399696556879547, 63.057 ], [ 127.106440878586625, 37.399697632200883, 63.187 ], [ 127.106491972644619, 37.39969857689173, 63.253 ], [ 127.106547543135534, 37.399699854631983, 63.296 ], [ 127.106588827217777, 37.399700524970889, 63.255 ], [ 127.106632145668357, 37.399701606408414, 63.181 ], [ 127.106654198669972, 37.399701986697224, 63.12 ], [ 127.106686793153045, 37.399702752135376, 63.043 ], [ 127.106713365532997, 37.399703105666397, 62.965 ], [ 127.106727252648824, 37.399671099341752, 62.953 ] ] ] } },
{ "type": "Feature", "properties": { "ID": "B319AS305308", "AdminCode": "206", "Type": "5", "Kind": "5321", "LinkID": "A219AS305314", "Maker": "새한항업컨소시엄", "UpdateDate": "20181001", "Version": "2020", "Remark": null, "HistType": null, "HistRemark": null }, "geometry": { "type": "Polygon", "coordinates": [ [ [ 127.106706339118432, 37.399707138877368, 62.988 ], [ 127.106684746645115, 37.399706414486793, 63.049 ], [ 127.106640427674023, 37.399705587417429, 63.152 ], [ 127.106596708552047, 37.399704715865106, 63.239 ], [ 127.106554774507529, 37.399703836841788, 63.292 ], [ 127.10650866710958, 37.39970270168606, 63.277 ], [ 127.106467850316776, 37.399701867567167, 63.221 ], [ 127.106435503133682, 37.399701151092941, 63.183 ], [ 127.106391663207006, 37.399700142341707, 63.047 ], [ 127.106348773188074, 37.399699094717363, 62.993 ], [ 127.106311763008321, 37.399698276466822, 62.918 ], [ 127.106297009747934, 37.399731025915102, 62.936 ], [ 127.106334491541134, 37.3997315092505, 63.018 ], [ 127.106375741032949, 37.399732656773338, 63.055 ], [ 127.106416270546177, 37.399733684597322, 63.177 ], [ 127.106450160286073, 37.399734155413114, 63.267 ], [ 127.106494397955899, 37.399735071376853, 63.307 ], [ 127.106535926856992, 37.399735889856608, 63.314 ], [ 127.106579123379333, 37.399736879235448, 63.256 ], [ 127.106622339540451, 37.399737986075806, 63.18 ], [ 127.106654379586331, 37.399738787704429, 63.098 ], [ 127.106691770102103, 37.399739756140313, 63.023 ], [ 127.106706339118432, 37.399707138877368, 62.988 ] ] ] } },
{ "type": "Feature", "properties": { "ID": "B319AS305309", "AdminCode": "206", "Type": "5", "Kind": "5321", "LinkID": "A219AS305973", "Maker": "새한항업컨소시엄", "UpdateDate": "20181001", "Version": "2020", "Remark": "링크,노드생성제외", "HistType": null, "HistRemark": null }, "geometry": { "type": "Polygon", "coordinates": [ [ [ 127.106154288199775, 37.399962064300716, 63.065 ], [ 127.106186589279929, 37.399961923925446, 63.116 ], [ 127.106201769560982, 37.399930614325058, 63.139 ], [ 127.106213489621751, 37.399906170895825, 63.15 ], [ 127.106224870133971, 37.399882650314282, 63.138 ], [ 127.10623642841297, 37.399858799116494, 63.122 ], [ 127.106248135117241, 37.399834436581962, 63.097 ], [ 127.106261273029602, 37.399807519396404, 63.047 ], [ 127.106282711564347, 37.399763647464447, 62.974 ], [ 127.106248366811371, 37.399764647363199, 62.921 ], [ 127.106241047146568, 37.399780329032133, 62.965 ], [ 127.106224668752148, 37.399814359247941, 63.046 ], [ 127.106208861710243, 37.399848578865701, 63.115 ], [ 127.106186879624929, 37.399893397400831, 63.117 ], [ 127.106175017927768, 37.399918081896011, 63.112 ], [ 127.106154288199775, 37.399962064300716, 63.065 ] ] ] } },
{ "type": "Feature", "properties": { "ID": "B319AS305310", "AdminCode": "206", "Type": "5", "Kind": "5321", "LinkID": "A219AS305973", "Maker": "새한항업컨소시엄", "UpdateDate": "20181001", "Version": "2020", "Remark": "링크,노드생성제외", "HistType": null, "HistRemark": null }, "geometry": { "type": "Polygon", "coordinates": [ [ [ 127.106117101727946, 37.399957025305341, 62.983 ], [ 127.106150065598939, 37.399957481373384, 63.05 ], [ 127.106165950509862, 37.399924209326528, 63.092 ], [ 127.106184404475314, 37.39988581426708, 63.115 ], [ 127.106203261906856, 37.399846199966333, 63.091 ], [ 127.106222582845689, 37.399805673811684, 63.009 ], [ 127.106240485833766, 37.399768072028436, 62.924 ], [ 127.106207303816802, 37.399768207317571, 62.881 ], [ 127.106202808352833, 37.399777156820612, 62.899 ], [ 127.10617946816204, 37.399827460243188, 63.039 ], [ 127.106163978695449, 37.39985893612527, 63.1 ], [ 127.106145625175913, 37.399897828479467, 63.077 ], [ 127.106130241250156, 37.399930495699664, 63.03 ], [ 127.106117101727946, 37.399957025305341, 62.983 ] ] ] } },
{ "type": "Feature", "properties": { "ID": "B319AS305311", "AdminCode": "206", "Type": "5", "Kind": "5321", "LinkID": "A219AS305970", "Maker": "새한항업컨소시엄", "UpdateDate": "20181001", "Version": "2020", "Remark": "링크,노드생성제외", "HistType": null, "HistRemark": null }, "geometry": { "type": "Polygon", "coordinates": [ [ [ 127.106818695905105, 37.399777649962409, 62.911 ], [ 127.106776636422609, 37.399777264696731, 62.923 ], [ 127.106772751808265, 37.399787530821392, 62.929 ], [ 127.106759876125153, 37.399827826842348, 62.932 ], [ 127.106748492928475, 37.399862234555819, 62.843 ], [ 127.10673802420024, 37.399893971185215, 62.81 ], [ 127.106731895582712, 37.399913502282807, 62.798 ], [ 127.106774299802183, 37.399913658761548, 62.768 ], [ 127.106784960843058, 37.399880564319041, 62.845 ], [ 127.106793247729613, 37.399855173600997, 62.885 ], [ 127.10680630307192, 37.399813573638944, 62.943 ], [ 127.106818695905105, 37.399777649962409, 62.911 ] ] ] } },
{ "type": "Feature", "properties": { "ID": "B319AS305312", "AdminCode": "206", "Type": "5", "Kind": "5321", "LinkID": "A219AS305970", "Maker": "새한항업컨소시엄", "UpdateDate": "20181001", "Version": "2020", "Remark": "링크,노드생성제외", "HistType": null, "HistRemark": null }, "geometry": { "type": "Polygon", "coordinates": [ [ [ 127.106772296929734, 37.399773734383515, 62.93 ], [ 127.106739939053639, 37.399773441409359, 62.955 ], [ 127.10672643880801, 37.399781994348338, 62.968 ], [ 127.10671552443624, 37.399816625868638, 62.973 ], [ 127.106704451596684, 37.399850371622627, 62.915 ], [ 127.106685153864447, 37.399910185017568, 62.859 ], [ 127.106728266632331, 37.399909568773332, 62.803 ], [ 127.106743631548142, 37.399860588510926, 62.851 ], [ 127.106760932521738, 37.399807844986469, 62.933 ], [ 127.106772296929734, 37.399773734383515, 62.93 ] ] ] } },
{ "type": "Feature", "properties": { "ID": "B319AS305313", "AdminCode": "206", "Type": "5", "Kind": "5321", "LinkID": "A219AS305313", "Maker": "새한항업컨소시엄", "UpdateDate": "20181001", "Version": "2020", "Remark": null, "HistType": null, "HistRemark": null }, "geometry": { "type": "Polygon", "coordinates": [ [ [ 127.106618926178001, 37.399980890841142, 63.004 ], [ 127.106576968305419, 37.39997960587899, 63.088 ], [ 127.106513278298493, 37.39997775646723, 63.268 ], [ 127.106446638752047, 37.399975949894731, 63.444 ], [ 127.106390189306623, 37.399974576910843, 63.505 ], [ 127.106337576280296, 37.399973382525665, 63.441 ], [ 127.106292668196801, 37.399972167360232, 63.298 ], [ 127.106240161341347, 37.399970794382355, 63.174 ], [ 127.106195208093567, 37.399969578456258, 63.135 ], [ 127.106129522740744, 37.39996801230609, 63.009 ], [ 127.106116180167476, 37.399996773762105, 62.946 ], [ 127.106126376510105, 37.4000001005288, 62.972 ], [ 127.10617967855471, 37.400001747661186, 63.133 ], [ 127.106221960093478, 37.400002740537261, 63.203 ], [ 127.106268333283893, 37.400003645739879, 63.282 ], [ 127.106308159192096, 37.400004806530099, 63.437 ], [ 127.106342563960325, 37.400005465879815, 63.501 ], [ 127.106373819551933, 37.400006020692729, 63.532 ], [ 127.106417498390101, 37.400007153047149, 63.516 ], [ 127.106459547064389, 37.400008421495691, 63.391 ], [ 127.106507913098582, 37.400009592854879, 63.293 ], [ 127.106548144858024, 37.40001078710327, 63.173 ], [ 127.106578977880858, 37.400011524355612, 63.055 ], [ 127.106604307722421, 37.400012326659208, 63.046 ], [ 127.106618926178001, 37.399980890841142, 63.004 ] ] ] } },
{ "type": "Feature", "properties": { "ID": "B319AS305314", "AdminCode": "206", "Type": "5", "Kind": "5321", "LinkID": "A219AS305313", "Maker": "새한항업컨소시엄", "UpdateDate": "20181001", "Version": "2020", "Remark": null, "HistType": null, "HistRemark": null }, "geometry": { "type": "Polygon", "coordinates": [ [ [ 127.1065873012315, 37.400015659243586, 63.049 ], [ 127.1065543793665, 37.400014879519588, 63.14 ], [ 127.106505123506764, 37.400013603799685, 63.298 ], [ 127.106436637622878, 37.400011992956713, 63.48 ], [ 127.106404321055024, 37.400010952512311, 63.526 ], [ 127.106350199603042, 37.400009544704112, 63.518 ], [ 127.1063066772235, 37.400008928544899, 63.442 ], [ 127.106263576787072, 37.400007706278707, 63.277 ], [ 127.106231376276227, 37.40000699209704, 63.219 ], [ 127.106196809836504, 37.400006023699049, 63.168 ], [ 127.106140098615398, 37.40000472751381, 63.012 ], [ 127.106134676284682, 37.400017735820327, 63.001 ], [ 127.106139909672336, 37.400029734219622, 63.035 ], [ 127.106147188745226, 37.400037655688294, 63.08 ], [ 127.106158056609942, 37.400038091181507, 63.123 ], [ 127.106212184604885, 37.400039688445617, 63.236 ], [ 127.106245816070938, 37.400040551734271, 63.261 ], [ 127.10628912840356, 37.400041434926386, 63.444 ], [ 127.106333698667598, 37.400042608631402, 63.538 ], [ 127.10637451654874, 37.400043406766088, 63.572 ], [ 127.106405371032025, 37.400044189470286, 63.54 ], [ 127.106451155922102, 37.400045130239235, 63.423 ], [ 127.106486050768751, 37.400046067773914, 63.336 ], [ 127.10652715454512, 37.400047176861435, 63.209 ], [ 127.106572703436825, 37.400048068740176, 63.077 ], [ 127.1065873012315, 37.400015659243586, 63.049 ] ] ] } },
{ "type": "Feature", "properties": { "ID": "B319AS305315", "AdminCode": "206", "Type": "5", "Kind": "5321", "LinkID": "A219AS305251", "Maker": "새한항업컨소시엄", "UpdateDate": "20181001", "Version": "2020", "Remark": null, "HistType": null, "HistRemark": null }, "geometry": { "type": "Polygon", "coordinates": [ [ [ 127.105210715917636, 37.403005518783324, 66.23 ], [ 127.105167615454917, 37.403005575874261, 66.321 ], [ 127.105124604426621, 37.40300567043333, 66.368 ], [ 127.10507935966065, 37.403006089665837, 66.42 ], [ 127.105025316979194, 37.403006403879004, 66.415 ], [ 127.104974869232905, 37.403006622492015, 66.39 ], [ 127.104918942488723, 37.403006834349355, 66.339 ], [ 127.10486126713819, 37.403007396668748, 66.244 ], [ 127.104846974690972, 37.403039738717951, 66.264 ], [ 127.104903813271733, 37.403039208052007, 66.361 ], [ 127.104954860232638, 37.403038972039319, 66.408 ], [ 127.104998671979175, 37.403038484817031, 66.433 ], [ 127.10504231700412, 37.403038337380941, 66.453 ], [ 127.105097541411453, 37.403037753705206, 66.411 ], [ 127.105148463927776, 37.403037524626235, 66.365 ], [ 127.105197162637097, 37.403037674450886, 66.278 ], [ 127.105210715917636, 37.403005518783324, 66.23 ] ] ] } },
{ "type": "Feature", "properties": { "ID": "B319AS305316", "AdminCode": "206", "Type": "5", "Kind": "5321", "LinkID": "A219AS305251", "Maker": "새한항업컨소시엄", "UpdateDate": "20181001", "Version": "2020", "Remark": null, "HistType": null, "HistRemark": null }, "geometry": { "type": "Polygon", "coordinates": [ [ [ 127.105190143541378, 37.40304140125707, 66.306 ], [ 127.105123879182273, 37.40304163675026, 66.395 ], [ 127.105049676002722, 37.403042195554676, 66.453 ], [ 127.10499615117125, 37.403042581144064, 66.436 ], [ 127.104942442988815, 37.40304262129407, 66.406 ], [ 127.10487768794134, 37.403043484686364, 66.321 ], [ 127.104840016979622, 37.403043718837637, 66.264 ], [ 127.104825153920117, 37.403074943195776, 66.282 ], [ 127.104850056880807, 37.40307479272866, 66.322 ], [ 127.10489334123919, 37.403074612527448, 66.391 ], [ 127.104935933338794, 37.403074556398849, 66.432 ], [ 127.104978743177696, 37.403074377570739, 66.461 ], [ 127.105030882151652, 37.403074294221241, 66.477 ], [ 127.105063747377329, 37.403074235313298, 66.47 ], [ 127.10511609075607, 37.403074110140622, 66.418 ], [ 127.105176079296385, 37.403074107506256, 66.35 ], [ 127.105190143541378, 37.40304140125707, 66.306 ] ] ] } },
{ "type": "Feature", "properties": { "ID": "B319AS305317", "AdminCode": "206", "Type": "5", "Kind": "5321", "LinkID": "A219AS305125", "Maker": "새한항업컨소시엄", "UpdateDate": "20181001", "Version": "2020", "Remark": null, "HistType": null, "HistRemark": null }, "geometry": { "type": "Polygon", "coordinates": [ [ [ 127.104641902717916, 37.403343443548025, 66.213 ], [ 127.104627309857506, 37.403374699248623, 66.237 ], [ 127.104661890572373, 37.403374713026004, 66.272 ], [ 127.104702949919172, 37.403374965867641, 66.34 ], [ 127.104756414377277, 37.403375192296515, 66.451 ], [ 127.104810526325835, 37.403375726496115, 66.538 ], [ 127.104876380575405, 37.403375637819245, 66.629 ], [ 127.104950295069713, 37.403376237112823, 66.502 ], [ 127.10500346496012, 37.403376945382568, 66.461 ], [ 127.105051722960638, 37.403377556854515, 66.411 ], [ 127.105066032239847, 37.403344097500472, 66.476 ], [ 127.105032036260113, 37.403344192353998, 66.485 ], [ 127.104979220215213, 37.403344237808909, 66.525 ], [ 127.104892255597406, 37.403343708681135, 66.611 ], [ 127.104851045146063, 37.403343624720399, 66.566 ], [ 127.104784687291314, 37.403343525058162, 66.455 ], [ 127.104741462421075, 37.403343579996523, 66.374 ], [ 127.104690021202444, 37.403343313904472, 66.263 ], [ 127.104641902717916, 37.403343443548025, 66.213 ] ] ] } },
{ "type": "Feature", "properties": { "ID": "B319AS305318", "AdminCode": "206", "Type": "5", "Kind": "5321", "LinkID": "A219AS305125", "Maker": "새한항업컨소시엄", "UpdateDate": "20181001", "Version": "2020", "Remark": null, "HistType": null, "HistRemark": null }, "geometry": { "type": "Polygon", "coordinates": [ [ [ 127.104620728907136, 37.403378072545735, 66.231 ], [ 127.104606446951593, 37.403408197652844, 66.258 ], [ 127.104649362128711, 37.403408777686387, 66.295 ], [ 127.104703596502901, 37.403409385998515, 66.395 ], [ 127.104766830748417, 37.403410156621611, 66.512 ], [ 127.104864101580176, 37.403411463942618, 66.649 ], [ 127.104982370187088, 37.403412927590487, 66.466 ], [ 127.105030262929105, 37.403414137053502, 66.391 ], [ 127.105044396878853, 37.403381359842285, 66.408 ], [ 127.10502258808333, 37.403381109331129, 66.43 ], [ 127.104957764299641, 37.40338020520992, 66.498 ], [ 127.104882267227651, 37.403379643633897, 66.622 ], [ 127.104828486793608, 37.403379403183031, 66.57 ], [ 127.104783689542671, 37.403379090449334, 66.5 ], [ 127.1047295725987, 37.403378754432531, 66.409 ], [ 127.104675836885761, 37.403378532654266, 66.304 ], [ 127.104620728907136, 37.403378072545735, 66.231 ] ] ] } },
{ "type": "Feature", "properties": { "ID": "B319AS305319", "AdminCode": "206", "Type": "5", "Kind": "5321", "LinkID": "A219AS305955", "Maker": "새한항업컨소시엄", "UpdateDate": "20181001", "Version": "2020", "Remark": "링크,노드생성제외", "HistType": null, "HistRemark": null }, "geometry": { "type": "Polygon", "coordinates": [ [ [ 127.104529984960251, 37.403316359704633, 66.083 ], [ 127.104569488541699, 37.403316930118294, 66.119 ], [ 127.104585873827162, 37.403292552675993, 66.163 ], [ 127.104623957286748, 37.40323739397386, 66.224 ], [ 127.104673483392588, 37.403166151166481, 66.214 ], [ 127.1047091715335, 37.40311458606589, 66.177 ], [ 127.104663638657712, 37.403113882967155, 66.18 ], [ 127.104658349922673, 37.403122017568528, 66.196 ], [ 127.104588967729569, 37.403225810579549, 66.263 ], [ 127.104529984960251, 37.403316359704633, 66.083 ] ] ] } },
{ "type": "Feature", "properties": { "ID": "B319AS305320", "AdminCode": "206", "Type": "5", "Kind": "5321", "LinkID": "A219AS305955", "Maker": "새한항업컨소시엄", "UpdateDate": "20181001", "Version": "2020", "Remark": "링크,노드생성제외", "HistType": null, "HistRemark": null }, "geometry": { "type": "Polygon", "coordinates": [ [ [ 127.104572925613979, 37.403320409990187, 66.118 ], [ 127.104618476999278, 37.403320383408818, 66.142 ], [ 127.104641039798551, 37.403287570174037, 66.193 ], [ 127.104667789287433, 37.403249110139093, 66.215 ], [ 127.104706575764098, 37.403193845519624, 66.23 ], [ 127.104734711690483, 37.403153713348097, 66.245 ], [ 127.104758716957321, 37.403118796266291, 66.223 ], [ 127.10471211507263, 37.403118373457779, 66.194 ], [ 127.104693812206762, 37.403145775411133, 66.224 ], [ 127.10465785607856, 37.40319811128505, 66.232 ], [ 127.104613583389835, 37.403261723620581, 66.204 ], [ 127.104572925613979, 37.403320409990187, 66.118 ] ] ] } },
{ "type": "Feature", "properties": { "ID": "B319AS305321", "AdminCode": "206", "Type": "5", "Kind": "5321", "LinkID": "A219AS305570", "Maker": "새한항업컨소시엄", "UpdateDate": "20181001", "Version": "2020", "Remark": null, "HistType": null, "HistRemark": null }, "geometry": { "type": "Polygon", "coordinates": [ [ [ 127.105120050093078, 37.403315627790512, 66.457 ], [ 127.105163424373927, 37.403316368209573, 66.442 ], [ 127.105177225991184, 37.403283774916062, 66.484 ], [ 127.105198215563973, 37.403234921119292, 66.577 ], [ 127.105226085317071, 37.403169017792401, 66.566 ], [ 127.105248653680292, 37.403117134053105, 66.434 ], [ 127.105205276962266, 37.403116943390742, 66.399 ], [ 127.105187075268603, 37.403159172624939, 66.536 ], [ 127.105163066007208, 37.403215782845145, 66.599 ], [ 127.105149484740849, 37.403247253106095, 66.546 ], [ 127.105120050093078, 37.403315627790512, 66.457 ] ] ] } },
{ "type": "Feature", "properties": { "ID": "B319AS305322", "AdminCode": "206", "Type": "5", "Kind": "5321", "LinkID": "A219AS305570", "Maker": "새한항업컨소시엄", "UpdateDate": "20181001", "Version": "2020", "Remark": null, "HistType": null, "HistRemark": null }, "geometry": { "type": "Polygon", "coordinates": [ [ [ 127.105167309726141, 37.403320441064189, 66.433 ], [ 127.105210211357956, 37.403320660175801, 66.504 ], [ 127.105234413505329, 37.403264016988942, 66.558 ], [ 127.105261807249477, 37.403199070361566, 66.642 ], [ 127.105294069136889, 37.403121602273693, 66.507 ], [ 127.105251939552673, 37.403121683970568, 66.445 ], [ 127.105244306493489, 37.403139469467312, 66.485 ], [ 127.105230711606978, 37.403171930896384, 66.571 ], [ 127.105213654777117, 37.403212213760007, 66.61 ], [ 127.105200213703256, 37.403244398262835, 66.574 ], [ 127.105183011675905, 37.403284165080464, 66.485 ], [ 127.105167309726141, 37.403320441064189, 66.433 ] ] ] } },
{ "type": "Feature", "properties": { "ID": "B319AS305323", "AdminCode": "206", "Type": "5", "Kind": "5321", "LinkID": null, "Maker": "새한항업컨소시엄", "UpdateDate": "20181001", "Version": "2020", "Remark": "링크,노드생성제외", "HistType": null, "HistRemark": null }, "geometry": { "type": "Polygon", "coordinates": [ [ [ 127.103571346186456, 37.405368000885893, 68.096 ], [ 127.10354547317273, 37.405338934991441, 68.013 ], [ 127.103459676586979, 37.405389668630043, 68.074 ], [ 127.103486504559385, 37.405418497515882, 68.137 ], [ 127.10354415510993, 37.405384490083506, 68.183 ], [ 127.103571346186456, 37.405368000885893, 68.096 ] ] ] } },
{ "type": "Feature", "properties": { "ID": "B319AS305324", "AdminCode": "204", "Type": "5", "Kind": "5321", "LinkID": "A219AS305169", "Maker": "새한항업컨소시엄", "UpdateDate": "20181001", "Version": "2020", "Remark": null, "HistType": null, "HistRemark": null }, "geometry": { "type": "Polygon", "coordinates": [ [ [ 127.099682761599723, 37.410481303767774, 80.974 ], [ 127.099662273405713, 37.410480577789926, 81.04 ], [ 127.099630484286493, 37.410480400110288, 81.132 ], [ 127.099599036386664, 37.410478344297665, 81.161 ], [ 127.09955993126664, 37.410477508211237, 81.221 ], [ 127.099518049561851, 37.410476113751699, 81.318 ], [ 127.099478522111667, 37.410475000472374, 81.396 ], [ 127.099427604023163, 37.410473514745192, 81.466 ], [ 127.099375593173534, 37.410471903273027, 81.53 ], [ 127.099324112997678, 37.410469858700019, 81.638 ], [ 127.099270471023985, 37.410467517975611, 81.765 ], [ 127.099267118179725, 37.410504063787087, 81.709 ], [ 127.099318732261835, 37.410505281389298, 81.612 ], [ 127.099362753191656, 37.410506971684065, 81.514 ], [ 127.099401860736194, 37.410508159362152, 81.461 ], [ 127.099450942879344, 37.410509867927018, 81.417 ], [ 127.099482153796842, 37.410511018719085, 81.362 ], [ 127.0995222825686, 37.410512033516859, 81.291 ], [ 127.099552992098509, 37.410512905853011, 81.211 ], [ 127.099593118824359, 37.410514001706261, 81.158 ], [ 127.099633175196075, 37.410515646176748, 81.149 ], [ 127.099679611370377, 37.410516546039474, 80.978 ], [ 127.099682761599723, 37.410481303767774, 80.974 ] ] ] } },
{ "type": "Feature", "properties": { "ID": "B319AS305325", "AdminCode": "204", "Type": "5", "Kind": "5321", "LinkID": "A219AS305169", "Maker": "새한항업컨소시엄", "UpdateDate": "20181001", "Version": "2020", "Remark": null, "HistType": null, "HistRemark": null }, "geometry": { "type": "Polygon", "coordinates": [ [ [ 127.099671488555131, 37.4105536280181, 80.997 ], [ 127.099673961252165, 37.410517924228202, 80.995 ], [ 127.099652534298258, 37.4105172372293, 81.068 ], [ 127.099622093083241, 37.410516477383261, 81.166 ], [ 127.099581898820205, 37.410515371441342, 81.165 ], [ 127.099541041868306, 37.410514110629826, 81.245 ], [ 127.099500299449957, 37.410512788558471, 81.328 ], [ 127.099457280608277, 37.410511682216296, 81.414 ], [ 127.099398516822518, 37.410509484499308, 81.458 ], [ 127.09935692077471, 37.410508410013392, 81.519 ], [ 127.099317443952003, 37.410507081194325, 81.614 ], [ 127.099271762519237, 37.410505823815072, 81.701 ], [ 127.09926877248617, 37.41054097852485, 81.691 ], [ 127.099301139840833, 37.410542418337883, 81.628 ], [ 127.099343569050774, 37.410544056004376, 81.53 ], [ 127.099391468009074, 37.410546088041301, 81.45 ], [ 127.099433056883157, 37.41054700017505, 81.421 ], [ 127.099483033538974, 37.410548632986576, 81.333 ], [ 127.099523399955743, 37.410549633580658, 81.248 ], [ 127.099576482864464, 37.410551298276779, 81.141 ], [ 127.099608971772568, 37.410551505248513, 81.138 ], [ 127.099615122602273, 37.410550432526357, 81.135 ], [ 127.099634888100852, 37.410550696267514, 81.098 ], [ 127.099640246732179, 37.410551016755029, 81.096 ], [ 127.099645140824322, 37.410553177333966, 81.071 ], [ 127.099671488555131, 37.4105536280181, 80.997 ] ] ] } },
{ "type": "Feature", "properties": { "ID": "B319AS305326", "AdminCode": "204", "Type": "5", "Kind": "5321", "LinkID": "A219AS305922", "Maker": "새한항업컨소시엄", "UpdateDate": "20181001", "Version": "2020", "Remark": "링크,노드생성제외", "HistType": null, "HistRemark": null }, "geometry": { "type": "Polygon", "coordinates": [ [ [ 127.099451008663905, 37.412040208139651, 78.453 ], [ 127.09941741804694, 37.412047355617659, 78.534 ], [ 127.099435009940265, 37.412094296182254, 78.39 ], [ 127.099447434499382, 37.412127085149841, 78.24 ], [ 127.099458570775781, 37.412160331061244, 78.057 ], [ 127.099479537709726, 37.412172979290794, 77.948 ], [ 127.099496901956329, 37.412168130413477, 77.934 ], [ 127.099485308801377, 37.412135526057895, 78.101 ], [ 127.099471071889596, 37.412097552805164, 78.268 ], [ 127.09946070425184, 37.412067870176514, 78.377 ], [ 127.099451008663905, 37.412040208139651, 78.453 ] ] ] } },
{ "type": "Feature", "properties": { "ID": "B319AS305327", "AdminCode": "204", "Type": "5", "Kind": "5321", "LinkID": "A219AS305921", "Maker": "새한항업컨소시엄", "UpdateDate": "20181001", "Version": "2020", "Remark": "링크,노드생성제외", "HistType": null, "HistRemark": null }, "geometry": { "type": "Polygon", "coordinates": [ [ [ 127.099491356023151, 37.41218326332794, 77.879 ], [ 127.099506825831497, 37.412221184303817, 77.747 ], [ 127.099518772072884, 37.412249206977158, 77.749 ], [ 127.099530809268202, 37.412277654698912, 77.719 ], [ 127.099539199747355, 37.412297499937921, 77.665 ], [ 127.099552047630809, 37.412328294928706, 77.594 ], [ 127.099583648146577, 37.412319871689526, 77.359 ], [ 127.099563746297164, 37.412272677702916, 77.517 ], [ 127.099548496866888, 37.412234976577864, 77.622 ], [ 127.099536579807108, 37.412206693014376, 77.703 ], [ 127.099523332739324, 37.412175152578371, 77.833 ], [ 127.099491356023151, 37.41218326332794, 77.879 ] ] ] } },
{ "type": "Feature", "properties": { "ID": "B319AS305328", "AdminCode": "204", "Type": "5", "Kind": "5321", "LinkID": "A219AS305055", "Maker": "새한항업컨소시엄", "UpdateDate": "20181001", "Version": "2020", "Remark": null, "HistType": null, "HistRemark": null }, "geometry": { "type": "Polygon", "coordinates": [ [ [ 127.099642993255927, 37.412330865855985, 77.088 ], [ 127.099655369488445, 37.412364230824352, 76.961 ], [ 127.099677790955639, 37.412358670138488, 76.963 ], [ 127.099715572460426, 37.412349327837532, 76.959 ], [ 127.099755305096778, 37.412340125045532, 76.942 ], [ 127.099793099243541, 37.412330728847863, 76.97 ], [ 127.099812765675381, 37.412325989039225, 76.966 ], [ 127.099861806485706, 37.41231417804542, 76.891 ], [ 127.099901602614523, 37.412304696837317, 76.801 ], [ 127.099930136215107, 37.412297810395657, 76.761 ], [ 127.099962827790691, 37.4122900264572, 76.728 ], [ 127.099949392924799, 37.412255626088246, 76.861 ], [ 127.099937771734304, 37.412258106952997, 76.88 ], [ 127.099909963157373, 37.41226536555272, 76.916 ], [ 127.099851708364497, 37.412278740801305, 77.03 ], [ 127.099813122440423, 37.41228861997503, 77.087 ], [ 127.099783583713801, 37.412296382464277, 77.105 ], [ 127.099744716648246, 37.412305761408149, 77.077 ], [ 127.099704906841694, 37.412315783092673, 77.069 ], [ 127.099676961556085, 37.412323084501267, 77.084 ], [ 127.099642993255927, 37.412330865855985, 77.088 ] ] ] } },
{ "type": "Feature", "properties": { "ID": "B319AS305329", "AdminCode": "204", "Type": "5", "Kind": "5321", "LinkID": "A219AS305055", "Maker": "새한항업컨소시엄", "UpdateDate": "20181001", "Version": "2020", "Remark": null, "HistType": null, "HistRemark": null }, "geometry": { "type": "Polygon", "coordinates": [ [ [ 127.099664187702928, 37.412400683940298, 76.865 ], [ 127.099683750237205, 37.412396032607845, 76.828 ], [ 127.09973435228585, 37.412383697009233, 76.821 ], [ 127.099772348156691, 37.412374367149411, 76.821 ], [ 127.099801540492578, 37.412367347130868, 76.847 ], [ 127.099841696561228, 37.412357484193478, 76.809 ], [ 127.099870174539149, 37.412351011446958, 76.772 ], [ 127.099917693303709, 37.412339518433953, 76.667 ], [ 127.099961813733572, 37.412328817941678, 76.614 ], [ 127.099948658113988, 37.412294097612481, 76.745 ], [ 127.099926556559765, 37.412299519293683, 76.759 ], [ 127.099890024734137, 37.412308593354638, 76.834 ], [ 127.099850755097393, 37.41231825426091, 76.917 ], [ 127.099811762654952, 37.412327676273456, 76.959 ], [ 127.099772714782645, 37.412337502943871, 76.959 ], [ 127.099733277299933, 37.412347098024568, 76.947 ], [ 127.099693068624219, 37.412356806866754, 76.955 ], [ 127.099651034170819, 37.412366333125419, 76.994 ], [ 127.099664187702928, 37.412400683940298, 76.865 ] ] ] } },
{ "type": "Feature", "properties": { "ID": "B319AS305330", "AdminCode": "206", "Type": "5", "Kind": "5321", "LinkID": "A219AS305463", "Maker": "새한항업컨소시엄", "UpdateDate": "20181001", "Version": "2020", "Remark": "링크,노드생성제외", "HistType": null, "HistRemark": null }, "geometry": { "type": "Polygon", "coordinates": [ [ [ 127.10473105919047, 37.403036374983415, 66.063 ], [ 127.104753834933206, 37.403058775777666, 66.051 ], [ 127.10478406961883, 37.403049680281882, 66.072 ], [ 127.104796861679219, 37.403041467711041, 66.089 ], [ 127.104767450131035, 37.403013408815752, 66.049 ], [ 127.10473105919047, 37.403036374983415, 66.063 ] ] ] } },
{ "type": "Feature", "properties": { "ID": "B319AS305331", "AdminCode": "206", "Type": "5", "Kind": "5321", "LinkID": "A219AS305894", "Maker": "새한항업컨소시엄", "UpdateDate": "20181001", "Version": "2020", "Remark": null, "HistType": null, "HistRemark": null }, "geometry": { "type": "Polygon", "coordinates": [ [ [ 127.105298082750281, 37.403051062600603, 66.391 ], [ 127.105329008888845, 37.403034695939517, 66.259 ], [ 127.105304903382176, 37.40300453219082, 66.178 ], [ 127.105274757113989, 37.403019090820109, 66.236 ], [ 127.105298082750281, 37.403051062600603, 66.391 ] ] ] } },
{ "type": "Feature", "properties": { "ID": "B319AS305332", "AdminCode": "206", "Type": "5", "Kind": "5321", "LinkID": "A219AS305037", "Maker": "새한항업컨소시엄", "UpdateDate": "20181001", "Version": "2020", "Remark": null, "HistType": null, "HistRemark": null }, "geometry": { "type": "Polygon", "coordinates": [ [ [ 127.105166604995318, 37.403368151009992, 66.335 ], [ 127.105130393781593, 37.403392949719823, 66.312 ], [ 127.10515453423902, 37.403414552178354, 66.273 ], [ 127.105191046675429, 37.403390353115881, 66.279 ], [ 127.105166604995318, 37.403368151009992, 66.335 ] ] ] } },
{ "type": "Feature", "properties": { "ID": "B319AS305333", "AdminCode": "206", "Type": "5", "Kind": "5321", "LinkID": "A219AS305117", "Maker": "새한항업컨소시엄", "UpdateDate": "20181001", "Version": "2020", "Remark": null, "HistType": null, "HistRemark": null }, "geometry": { "type": "Polygon", "coordinates": [ [ [ 127.10452519936517, 37.403404055791114, 66.144 ], [ 127.104503067243982, 37.403373148453646, 66.083 ], [ 127.104471808715232, 37.403386553460159, 66.06 ], [ 127.104492758831455, 37.403418189885755, 66.149 ], [ 127.10452519936517, 37.403404055791114, 66.144 ] ] ] } },
{ "type": "Feature", "properties": { "ID": "B319AS305334", "AdminCode": "206", "Type": "5", "Kind": "5321", "LinkID": null, "Maker": "새한항업컨소시엄", "UpdateDate": "20181001", "Version": "2020", "Remark": "링크,노드생성제외", "HistType": null, "HistRemark": null }, "geometry": { "type": "Polygon", "coordinates": [ [ [ 127.106412467917238, 37.403059115521543, 67.453 ], [ 127.106444301252537, 37.403058760309676, 67.499 ], [ 127.106476472235371, 37.403058455560995, 67.52 ], [ 127.106519371339132, 37.403057872041117, 67.504 ], [ 127.106519591600232, 37.403021744405592, 67.512 ], [ 127.106477826776612, 37.403022147821879, 67.575 ], [ 127.106422426849932, 37.403022972669334, 67.492 ], [ 127.106412385476304, 37.403035014741803, 67.465 ], [ 127.106412467917238, 37.403059115521543, 67.453 ] ] ] } },
{ "type": "Feature", "properties": { "ID": "B319AS305335", "AdminCode": "206", "Type": "5", "Kind": "5321", "LinkID": null, "Maker": "새한항업컨소시엄", "UpdateDate": "20181001", "Version": "2020", "Remark": "링크,노드생성제외", "HistType": null, "HistRemark": null }, "geometry": { "type": "Polygon", "coordinates": [ [ [ 127.106519870366355, 37.403376895944781, 67.699 ], [ 127.106458887792343, 37.403376883334289, 67.642 ], [ 127.106403090183036, 37.403376890672526, 67.485 ], [ 127.1064029318227, 37.403390361841232, 67.532 ], [ 127.106413009898191, 37.403412766180558, 67.653 ], [ 127.106453843262145, 37.403412573180105, 67.784 ], [ 127.106519779759907, 37.40341280935511, 67.791 ], [ 127.106519870366355, 37.403376895944781, 67.699 ] ] ] } },
{ "type": "Feature", "properties": { "ID": "B319AS305336", "AdminCode": "206", "Type": "5", "Kind": "5321", "LinkID": "A219AS305614", "Maker": "새한항업컨소시엄", "UpdateDate": "20181001", "Version": "2020", "Remark": null, "HistType": null, "HistRemark": null }, "geometry": { "type": "Polygon", "coordinates": [ [ [ 127.109424536267824, 37.403097229663928, 73.883 ], [ 127.109424261815846, 37.403115791058546, 73.921 ], [ 127.109424455884309, 37.403139983757598, 73.974 ], [ 127.109424356310996, 37.403179006362187, 74.04 ], [ 127.109424385286815, 37.403221005153185, 74.103 ], [ 127.109424236831245, 37.403268715041328, 74.062 ], [ 127.10942402514759, 37.403309051679315, 73.989 ], [ 127.109424191727214, 37.403353666300248, 73.849 ], [ 127.109467199167597, 37.403353723332636, 73.837 ], [ 127.109467304306477, 37.403337403346931, 73.907 ], [ 127.109466912271614, 37.403296813714412, 73.999 ], [ 127.109467126535051, 37.403254575476289, 74.079 ], [ 127.109467570332697, 37.403214891451455, 74.093 ], [ 127.109467688001004, 37.403182340123237, 74.039 ], [ 127.109467446335259, 37.403142509946328, 73.962 ], [ 127.109467790615142, 37.403097795344685, 73.856 ], [ 127.109424536267824, 37.403097229663928, 73.883 ] ] ] } },
{ "type": "Feature", "properties": { "ID": "B319AS305337", "AdminCode": "206", "Type": "5", "Kind": "5321", "LinkID": "A219AS305614", "Maker": "새한항업컨소시엄", "UpdateDate": "20181001", "Version": "2020", "Remark": null, "HistType": null, "HistRemark": null }, "geometry": { "type": "Polygon", "coordinates": [ [ [ 127.10937594130246, 37.403349604942534, 73.854 ], [ 127.109418911465042, 37.403349796583932, 73.869 ], [ 127.109418998109632, 37.403315334106949, 73.988 ], [ 127.109419077337378, 37.403283863666644, 74.037 ], [ 127.109418994107912, 37.40324986712298, 74.077 ], [ 127.109419060426646, 37.403226102177534, 74.104 ], [ 127.109419236081919, 37.403184052584663, 74.055 ], [ 127.109419237419672, 37.403144893221089, 73.981 ], [ 127.109419600181425, 37.403101242392523, 73.893 ], [ 127.109376301963593, 37.403101523168949, 73.866 ], [ 127.109376453164728, 37.403128319799606, 73.917 ], [ 127.109376257030803, 37.403161744086546, 74.006 ], [ 127.109375871326876, 37.403192822086709, 74.083 ], [ 127.109375879185876, 37.403239705323479, 74.084 ], [ 127.109376034801869, 37.403264528283103, 74.05 ], [ 127.109375936112258, 37.403296322862559, 74.007 ], [ 127.109375820870156, 37.403322033728543, 73.972 ], [ 127.10937594130246, 37.403349604942534, 73.854 ] ] ] } },
{ "type": "Feature", "properties": { "ID": "B319AS305338", "AdminCode": "206", "Type": "5", "Kind": "5321", "LinkID": "A219AS306113", "Maker": "새한항업컨소시엄", "UpdateDate": "20181001", "Version": "2020", "Remark": "링크,노드생성제외", "HistType": null, "HistRemark": null }, "geometry": { "type": "Polygon", "coordinates": [ [ [ 127.109492464335574, 37.403061815477095, 73.828 ], [ 127.109502692634024, 37.40306164561175, 73.817 ], [ 127.109543948259784, 37.403060376792254, 73.748 ], [ 127.109604465036526, 37.403058686003405, 73.731 ], [ 127.109645049635077, 37.403057595679165, 73.704 ], [ 127.109685791878505, 37.403056525887251, 73.746 ], [ 127.109725986637031, 37.403055663625892, 73.706 ], [ 127.109788277300382, 37.403053514435996, 73.601 ], [ 127.109833079065183, 37.403052293213221, 73.556 ], [ 127.109832848386077, 37.403018312333586, 73.518 ], [ 127.109811729577899, 37.403018929931278, 73.546 ], [ 127.109781135014217, 37.403019891675719, 73.567 ], [ 127.109749971538903, 37.40302056492586, 73.618 ], [ 127.109710617188327, 37.403021701999087, 73.688 ], [ 127.109669478812791, 37.403022801514481, 73.682 ], [ 127.109619627179612, 37.403024023022645, 73.681 ], [ 127.109578024895512, 37.403025151136639, 73.664 ], [ 127.109502469802379, 37.40302735843315, 73.628 ], [ 127.109492557543589, 37.403037429097125, 73.718 ], [ 127.109492464335574, 37.403061815477095, 73.828 ] ] ] } },
{ "type": "Feature", "properties": { "ID": "B319AS305339", "AdminCode": "206", "Type": "5", "Kind": "5321", "LinkID": "A219AS306113", "Maker": "새한항업컨소시엄", "UpdateDate": "20181001", "Version": "2020", "Remark": "링크,노드생성제외", "HistType": null, "HistRemark": null }, "geometry": { "type": "Polygon", "coordinates": [ [ [ 127.10951704697878, 37.403022715816306, 73.603 ], [ 127.1095384774287, 37.40302273413203, 73.627 ], [ 127.109558516211777, 37.403021937083913, 73.632 ], [ 127.109598899531719, 37.403021213069245, 73.668 ], [ 127.109650537478117, 37.40301948840041, 73.657 ], [ 127.109692877861249, 37.4030182098399, 73.706 ], [ 127.109730683521946, 37.403017111092545, 73.657 ], [ 127.109771539123471, 37.403016025058626, 73.573 ], [ 127.109827638144949, 37.403014353629942, 73.523 ], [ 127.109827200124002, 37.402980531659686, 73.512 ], [ 127.109785217533471, 37.402981509564931, 73.55 ], [ 127.109725615529328, 37.402983215076873, 73.666 ], [ 127.109673310685352, 37.40298450552477, 73.682 ], [ 127.109622768863275, 37.402985770071382, 73.661 ], [ 127.109582550171268, 37.402987136616176, 73.609 ], [ 127.10951750824124, 37.402988628842017, 73.416 ], [ 127.10951704697878, 37.403022715816306, 73.603 ] ] ] } },
{ "type": "Feature", "properties": { "ID": "B319AS305340", "AdminCode": "206", "Type": "5", "Kind": "5321", "LinkID": "A219AS306105", "Maker": "새한항업컨소시엄", "UpdateDate": "20181001", "Version": "2020", "Remark": "링크,노드생성제외", "HistType": null, "HistRemark": null }, "geometry": { "type": "Polygon", "coordinates": [ [ [ 127.109611649523146, 37.403394066536848, 73.911 ], [ 127.109612052297962, 37.403418947524564, 73.956 ], [ 127.109635275498363, 37.403418661033619, 74.026 ], [ 127.109673235584054, 37.403418168615474, 74.087 ], [ 127.109714665950719, 37.40341759649705, 74.035 ], [ 127.109759695573061, 37.403416757474467, 73.946 ], [ 127.10975977451686, 37.403391586777495, 73.861 ], [ 127.10969874799197, 37.403392422313885, 73.982 ], [ 127.109654306061969, 37.403393252687522, 73.993 ], [ 127.109611649523146, 37.403394066536848, 73.911 ] ] ] } },
{ "type": "Feature", "properties": { "ID": "B319AS305341", "AdminCode": "206", "Type": "5", "Kind": "5321", "LinkID": "A219AS306105", "Maker": "새한항업컨소시엄", "UpdateDate": "20181001", "Version": "2020", "Remark": "링크,노드생성제외", "HistType": null, "HistRemark": null }, "geometry": { "type": "Polygon", "coordinates": [ [ [ 127.109606963959493, 37.40342317412599, 73.943 ], [ 127.109606963361699, 37.403447922486919, 74.069 ], [ 127.109648108254973, 37.403447472001496, 74.183 ], [ 127.109690289621568, 37.403446686589945, 74.212 ], [ 127.109744537546987, 37.403446310439826, 74.113 ], [ 127.109744873766672, 37.40342079236941, 73.998 ], [ 127.109722145636553, 37.403421158899597, 74.035 ], [ 127.109683632628403, 37.403422075091314, 74.093 ], [ 127.109632815917038, 37.403422578191034, 74.029 ], [ 127.109606963959493, 37.40342317412599, 73.943 ] ] ] } },
{ "type": "Feature", "properties": { "ID": "B319AS305342", "AdminCode": "206", "Type": "5", "Kind": "5321", "LinkID": "A219AS305623", "Maker": "새한항업컨소시엄", "UpdateDate": "20181001", "Version": "2020", "Remark": null, "HistType": null, "HistRemark": null }, "geometry": { "type": "Polygon", "coordinates": [ [ [ 127.109894632037097, 37.403349717257072, 73.553 ], [ 127.109938237748409, 37.403350243323352, 73.471 ], [ 127.109937872919147, 37.40332339821331, 73.594 ], [ 127.109938368969352, 37.403257795020274, 73.711 ], [ 127.109938870118967, 37.403201880364264, 73.671 ], [ 127.109939158512603, 37.403153983446103, 73.545 ], [ 127.109939333072688, 37.403102074137038, 73.482 ], [ 127.109895460075762, 37.403101850224139, 73.555 ], [ 127.109896387723893, 37.403152605531261, 73.62 ], [ 127.109895664143124, 37.403199386950178, 73.754 ], [ 127.109895279784794, 37.403258295629009, 73.788 ], [ 127.109895220903439, 37.403288964283405, 73.729 ], [ 127.109894985090747, 37.403313186158528, 73.689 ], [ 127.109894632037097, 37.403349717257072, 73.553 ] ] ] } },
{ "type": "Feature", "properties": { "ID": "B319AS305343", "AdminCode": "206", "Type": "5", "Kind": "5321", "LinkID": "A219AS305623", "Maker": "새한항업컨소시엄", "UpdateDate": "20181001", "Version": "2020", "Remark": null, "HistType": null, "HistRemark": null }, "geometry": { "type": "Polygon", "coordinates": [ [ [ 127.109942920426604, 37.403354067410795, 73.443 ], [ 127.109986003052057, 37.403354729295124, 73.332 ], [ 127.109985782625145, 37.403338322989057, 73.429 ], [ 127.109986194364922, 37.403313842563662, 73.511 ], [ 127.109986603885844, 37.403272364495074, 73.599 ], [ 127.109986507195913, 37.403240242337191, 73.623 ], [ 127.109986692949363, 37.403205871566215, 73.586 ], [ 127.109986722239341, 37.403174580574095, 73.5 ], [ 127.109987241216203, 37.403142684560976, 73.427 ], [ 127.109987434763084, 37.403106204985015, 73.357 ], [ 127.109944651499646, 37.403106223828651, 73.475 ], [ 127.109944078174465, 37.403164561698574, 73.56 ], [ 127.109943767679852, 37.40319580313124, 73.644 ], [ 127.109943782785734, 37.403236566988674, 73.708 ], [ 127.109943342907599, 37.403287345489403, 73.636 ], [ 127.109943333092275, 37.403309317849406, 73.607 ], [ 127.109942920426604, 37.403354067410795, 73.443 ] ] ] } },
{ "type": "Feature", "properties": { "ID": "B319AS305344", "AdminCode": "206", "Type": "5", "Kind": "5321", "LinkID": "A219AS305645", "Maker": "새한항업컨소시엄", "UpdateDate": "20181001", "Version": "2020", "Remark": null, "HistType": null, "HistRemark": null }, "geometry": { "type": "Polygon", "coordinates": [ [ [ 127.112572603472941, 37.403111572858073, 68.519 ], [ 127.112572176979924, 37.40314748094395, 68.601 ], [ 127.112571988464055, 37.403176155775448, 68.632 ], [ 127.112571856713487, 37.403201217492374, 68.652 ], [ 127.112571527481734, 37.403240903377139, 68.691 ], [ 127.112571643911323, 37.403288941972555, 68.648 ], [ 127.112571899310737, 37.403333693216688, 68.585 ], [ 127.112614525784323, 37.403333175230237, 68.573 ], [ 127.112614738380614, 37.403308042704388, 68.604 ], [ 127.112614928452089, 37.403268949423889, 68.652 ], [ 127.112614752010259, 37.403227353822267, 68.694 ], [ 127.112614854242494, 37.403187258748837, 68.661 ], [ 127.112615108054172, 37.40314562495449, 68.588 ], [ 127.112615072842914, 37.403111457924702, 68.532 ], [ 127.112572603472941, 37.403111572858073, 68.519 ] ] ] } },
{ "type": "Feature", "properties": { "ID": "B319AS305345", "AdminCode": "206", "Type": "5", "Kind": "5321", "LinkID": "A219AS305645", "Maker": "새한항업컨소시엄", "UpdateDate": "20181001", "Version": "2020", "Remark": null, "HistType": null, "HistRemark": null }, "geometry": { "type": "Polygon", "coordinates": [ [ [ 127.112620614731512, 37.403107607947021, 68.517 ], [ 127.112620096853604, 37.403140405254312, 68.57 ], [ 127.112620076769801, 37.403172723834196, 68.652 ], [ 127.112619868394148, 37.403212546837217, 68.68 ], [ 127.112620103346643, 37.40325361163454, 68.669 ], [ 127.112619965899455, 37.403292858968335, 68.619 ], [ 127.112619853412269, 37.403337415075242, 68.569 ], [ 127.112662682019447, 37.403337395987798, 68.576 ], [ 127.112662203078571, 37.403287143535984, 68.613 ], [ 127.112662825802502, 37.403239810706815, 68.675 ], [ 127.112662886067525, 37.403207691044123, 68.7 ], [ 127.112663489481037, 37.403143116953046, 68.621 ], [ 127.112663151847514, 37.403107944704153, 68.529 ], [ 127.112620614731512, 37.403107607947021, 68.517 ] ] ] } },
{ "type": "Feature", "properties": { "ID": "B319AS305346", "AdminCode": "206", "Type": "5", "Kind": "5321", "LinkID": "A219AS305656", "Maker": "새한항업컨소시엄", "UpdateDate": "20181001", "Version": "2020", "Remark": null, "HistType": null, "HistRemark": null }, "geometry": { "type": "Polygon", "coordinates": [ [ [ 127.112725625465742, 37.403082742856121, 68.495 ], [ 127.11277681662132, 37.403085317670929, 68.56 ], [ 127.112849842992048, 37.403088889993512, 68.731 ], [ 127.112919924447965, 37.403092316115824, 68.868 ], [ 127.112993239927903, 37.403096073216112, 68.835 ], [ 127.11305604570633, 37.403099058650341, 68.72 ], [ 127.113058812485349, 37.403064422636753, 68.662 ], [ 127.113026973938062, 37.403062733706562, 68.73 ], [ 127.11298685893442, 37.403060867571213, 68.798 ], [ 127.112955714439821, 37.403059433040553, 68.829 ], [ 127.112915323668588, 37.403057751741166, 68.812 ], [ 127.112834854051968, 37.403053664067095, 68.659 ], [ 127.112772520586518, 37.403050767169773, 68.497 ], [ 127.112727609345015, 37.403048698190076, 68.416 ], [ 127.112725625465742, 37.403082742856121, 68.495 ] ] ] } },
{ "type": "Feature", "properties": { "ID": "B319AS305347", "AdminCode": "206", "Type": "5", "Kind": "5321", "LinkID": "A219AS305656", "Maker": "새한항업컨소시엄", "UpdateDate": "20181001", "Version": "2020", "Remark": null, "HistType": null, "HistRemark": null }, "geometry": { "type": "Polygon", "coordinates": [ [ [ 127.11276579058692, 37.403012365508793, 68.44 ], [ 127.112762991388365, 37.403046487282886, 68.476 ], [ 127.11280422254967, 37.403048443415599, 68.566 ], [ 127.112845278680012, 37.403050171426308, 68.67 ], [ 127.112917250275771, 37.403053907116437, 68.812 ], [ 127.112957734769822, 37.40305590534971, 68.824 ], [ 127.113018004162939, 37.403058670059139, 68.742 ], [ 127.113073788530642, 37.403061435237632, 68.631 ], [ 127.113076022280353, 37.403026880839079, 68.58 ], [ 127.113035179592913, 37.403024750752735, 68.67 ], [ 127.112973614949922, 37.403021830185665, 68.777 ], [ 127.112923198054531, 37.403019466093582, 68.777 ], [ 127.112872862916859, 37.403017445761172, 68.685 ], [ 127.112821973542239, 37.403015001982133, 68.592 ], [ 127.11276579058692, 37.403012365508793, 68.44 ] ] ] } },
{ "type": "Feature", "properties": { "ID": "B319AS305348", "AdminCode": "206", "Type": "5", "Kind": "5321", "LinkID": "A219AS305560", "Maker": "새한항업컨소시엄", "UpdateDate": "20181001", "Version": "2020", "Remark": null, "HistType": null, "HistRemark": null }, "geometry": { "type": "Polygon", "coordinates": [ [ [ 127.112705609085239, 37.403373077052336, 68.557 ], [ 127.112702960722771, 37.403406588379774, 68.526 ], [ 127.112724060878065, 37.403406718007354, 68.569 ], [ 127.11277542419036, 37.40340604205398, 68.677 ], [ 127.112847255713788, 37.403405467568859, 68.83 ], [ 127.11288819643849, 37.403405048744162, 68.917 ], [ 127.112927506034822, 37.403404351512677, 68.991 ], [ 127.112978885831126, 37.403403919072012, 69.048 ], [ 127.11300967770768, 37.403403653614617, 69.086 ], [ 127.11305385789268, 37.403402898911757, 69.158 ], [ 127.113056476966293, 37.403369197844114, 69.087 ], [ 127.113004893470361, 37.403369645091814, 69.043 ], [ 127.112952094187193, 37.4033703703196, 68.982 ], [ 127.112894081020912, 37.403370877091689, 68.91 ], [ 127.112830264478589, 37.403371696739519, 68.789 ], [ 127.112771602651065, 37.403372391370048, 68.682 ], [ 127.112705609085239, 37.403373077052336, 68.557 ] ] ] } },
{ "type": "Feature", "properties": { "ID": "B319AS305349", "AdminCode": "206", "Type": "5", "Kind": "5321", "LinkID": "A219AS305560", "Maker": "새한항업컨소시엄", "UpdateDate": "20181001", "Version": "2020", "Remark": null, "HistType": null, "HistRemark": null }, "geometry": { "type": "Polygon", "coordinates": [ [ [ 127.112688022515883, 37.403410765987694, 68.495 ], [ 127.11268539921555, 37.403444178576869, 68.451 ], [ 127.112736336582103, 37.4034438202902, 68.572 ], [ 127.112810133541799, 37.403443259185636, 68.755 ], [ 127.112909590945748, 37.403442080299612, 69.007 ], [ 127.112970821036114, 37.403441687967309, 69.079 ], [ 127.113036155841229, 37.403441144833401, 69.194 ], [ 127.113038565552557, 37.40340768376214, 69.125 ], [ 127.1129771328891, 37.403408496484275, 69.048 ], [ 127.112926552400268, 37.403408590197273, 68.99 ], [ 127.112896809623109, 37.40340891744539, 68.942 ], [ 127.112853254389861, 37.403409078228655, 68.842 ], [ 127.112794690333985, 37.403409477018158, 68.72 ], [ 127.112752643582539, 37.403410301738838, 68.629 ], [ 127.112688022515883, 37.403410765987694, 68.495 ] ] ] } },
{ "type": "Feature", "properties": { "ID": "B319AS305350", "AdminCode": "206", "Type": "5", "Kind": "5321", "LinkID": "A219AS305491", "Maker": "새한항업컨소시엄", "UpdateDate": "20181001", "Version": "2020", "Remark": null, "HistType": null, "HistRemark": null }, "geometry": { "type": "Polygon", "coordinates": [ [ [ 127.113106733731669, 37.403130699685477, 68.713 ], [ 127.113105153070009, 37.403155882475019, 68.798 ], [ 127.113101859650556, 37.403203857626664, 68.873 ], [ 127.113099418225787, 37.403246691216864, 68.918 ], [ 127.11309713721991, 37.403284930981663, 68.932 ], [ 127.113094306390011, 37.403329326533374, 68.973 ], [ 127.113137044180945, 37.403331126353351, 68.944 ], [ 127.113139772514145, 37.403281808327307, 68.926 ], [ 127.113143840267071, 37.403225031289999, 68.902 ], [ 127.113146859947307, 37.403175357413041, 68.818 ], [ 127.113149533749606, 37.403132266167525, 68.696 ], [ 127.113106733731669, 37.403130699685477, 68.713 ] ] ] } },
{ "type": "Feature", "properties": { "ID": "B319AS305351", "AdminCode": "206", "Type": "5", "Kind": "5321", "LinkID": "A219AS305491", "Maker": "새한항업컨소시엄", "UpdateDate": "20181001", "Version": "2020", "Remark": null, "HistType": null, "HistRemark": null }, "geometry": { "type": "Polygon", "coordinates": [ [ [ 127.113154359541838, 37.403136696253036, 68.702 ], [ 127.113152638161168, 37.40316388658934, 68.79 ], [ 127.113149740714633, 37.403210489147995, 68.873 ], [ 127.113147284682853, 37.403249852685398, 68.909 ], [ 127.11314493431378, 37.403291759440393, 68.913 ], [ 127.113142466933255, 37.403334727804612, 68.944 ], [ 127.113183835374954, 37.403335721658301, 68.892 ], [ 127.113186024703424, 37.403310143021081, 68.881 ], [ 127.113189490951356, 37.403254825421001, 68.906 ], [ 127.113192690140735, 37.4032065513492, 68.871 ], [ 127.113194933977169, 37.403174295302691, 68.801 ], [ 127.113197570849906, 37.403138080020469, 68.683 ], [ 127.113154359541838, 37.403136696253036, 68.702 ] ] ] } },
{ "type": "Feature", "properties": { "ID": "B319AS305352", "AdminCode": "206", "Type": "5", "Kind": "5321", "LinkID": "A219AS305892", "Maker": "새한항업컨소시엄", "UpdateDate": "20181001", "Version": "2020", "Remark": null, "HistType": null, "HistRemark": null }, "geometry": { "type": "Polygon", "coordinates": [ [ [ 127.113141755766136, 37.403029795803157, 68.445 ], [ 127.113112182976295, 37.40304677194888, 68.532 ], [ 127.11314078848514, 37.403076014599222, 68.569 ], [ 127.113169068947016, 37.40305831483964, 68.47 ], [ 127.113141755766136, 37.403029795803157, 68.445 ] ] ] } },
{ "type": "Feature", "properties": { "ID": "B319AS305353", "AdminCode": "206", "Type": "5", "Kind": "5321", "LinkID": null, "Maker": "새한항업컨소시엄", "UpdateDate": "20181001", "Version": "2020", "Remark": "링크,노드생성제외", "HistType": null, "HistRemark": null }, "geometry": { "type": "Polygon", "coordinates": [ [ [ 127.112545886507093, 37.403400132703347, 68.461 ], [ 127.112507416223437, 37.403420057904782, 68.33 ], [ 127.112535867851548, 37.403447775125663, 68.284 ], [ 127.112573359972941, 37.403427212431261, 68.425 ], [ 127.112545886507093, 37.403400132703347, 68.461 ] ] ] } },
{ "type": "Feature", "properties": { "ID": "B319AS305354", "AdminCode": "206", "Type": "5", "Kind": "5321", "LinkID": "A219AS305723", "Maker": "새한항업컨소시엄", "UpdateDate": "20181001", "Version": "2020", "Remark": null, "HistType": null, "HistRemark": null }, "geometry": { "type": "Polygon", "coordinates": [ [ [ 127.112792991786648, 37.400036323802723, 61.901 ], [ 127.112854652008409, 37.400038488911122, 62.02 ], [ 127.112914962815282, 37.400039956504195, 62.132 ], [ 127.112980715604323, 37.400041997622516, 62.175 ], [ 127.113057829577286, 37.400044625638714, 62.059 ], [ 127.113113003981923, 37.400045948045282, 61.949 ], [ 127.113113456076761, 37.400012608916093, 61.878 ], [ 127.113082192238252, 37.400011028326944, 61.945 ], [ 127.113021605015362, 37.40000932208104, 62.045 ], [ 127.112949145533577, 37.400007137863909, 62.092 ], [ 127.112899243315766, 37.40000550300249, 62.009 ], [ 127.112838007706088, 37.400003524947493, 61.901 ], [ 127.11279278298295, 37.400002316209857, 61.787 ], [ 127.112792991786648, 37.400036323802723, 61.901 ] ] ] } },
{ "type": "Feature", "properties": { "ID": "B319AS305355", "AdminCode": "206", "Type": "5", "Kind": "5321", "LinkID": "A219AS305723", "Maker": "새한항업컨소시엄", "UpdateDate": "20181001", "Version": "2020", "Remark": null, "HistType": null, "HistRemark": null }, "geometry": { "type": "Polygon", "coordinates": [ [ [ 127.112797051091022, 37.399997896117767, 61.796 ], [ 127.112839458599964, 37.399999726801397, 61.894 ], [ 127.112869173587683, 37.400000453573973, 61.959 ], [ 127.112929434669425, 37.400002551242252, 62.05 ], [ 127.113001003410233, 37.400004667176006, 62.055 ], [ 127.113073467180072, 37.400007130818054, 61.957 ], [ 127.113138220582996, 37.400008930581158, 61.717 ], [ 127.113138838219456, 37.399974846054484, 61.672 ], [ 127.113075384142761, 37.399972589370449, 61.879 ], [ 127.11300432923062, 37.399970256371923, 61.985 ], [ 127.112953573786115, 37.399968860263129, 62.011 ], [ 127.112915915817297, 37.399967736324989, 61.961 ], [ 127.112853583077722, 37.399965812862682, 61.85 ], [ 127.112797727369781, 37.399964182044421, 61.704 ], [ 127.112797051091022, 37.399997896117767, 61.796 ] ] ] } },
{ "type": "Feature", "properties": { "ID": "B319AS305356", "AdminCode": "206", "Type": "5", "Kind": "5321", "LinkID": "A219AS306071", "Maker": "새한항업컨소시엄", "UpdateDate": "20181001", "Version": "2020", "Remark": "링크,노드생성제외", "HistType": null, "HistRemark": null }, "geometry": { "type": "Polygon", "coordinates": [ [ [ 127.113174097727168, 37.399934672289987, 61.478 ], [ 127.113216329072202, 37.399934967896385, 61.308 ], [ 127.113217219546996, 37.399917029158388, 61.343 ], [ 127.113218756756922, 37.399885915417855, 61.362 ], [ 127.113221132037921, 37.39983715050321, 61.304 ], [ 127.113222874674548, 37.399792890765205, 61.162 ], [ 127.113220678190856, 37.399784528129132, 61.124 ], [ 127.113180735418482, 37.399784422270592, 61.196 ], [ 127.113179751346763, 37.399810596963675, 61.282 ], [ 127.113178172569647, 37.399841565839914, 61.376 ], [ 127.113176436582492, 37.399874298661608, 61.448 ], [ 127.113175213495794, 37.399906399781159, 61.473 ], [ 127.113174097727168, 37.399934672289987, 61.478 ] ] ] } },
{ "type": "Feature", "properties": { "ID": "B319AS305357", "AdminCode": "206", "Type": "5", "Kind": "5321", "LinkID": "A219AS306071", "Maker": "새한항업컨소시엄", "UpdateDate": "20181001", "Version": "2020", "Remark": "링크,노드생성제외", "HistType": null, "HistRemark": null }, "geometry": { "type": "Polygon", "coordinates": [ [ [ 127.113221677596329, 37.399930709235335, 61.293 ], [ 127.113264014185617, 37.399930862304196, 61.176 ], [ 127.113265215482471, 37.39990593480664, 61.241 ], [ 127.113267773524896, 37.399848980421574, 61.265 ], [ 127.113270349135604, 37.399796280228877, 61.131 ], [ 127.11322847470106, 37.399796170590406, 61.157 ], [ 127.113225911271272, 37.399847483047225, 61.312 ], [ 127.113223704351654, 37.399886381933065, 61.346 ], [ 127.113221677596329, 37.399930709235335, 61.293 ] ] ] } },
{ "type": "Feature", "properties": { "ID": "B319AS305358", "AdminCode": "206", "Type": "5", "Kind": "5321", "LinkID": "A219AS306080", "Maker": "새한항업컨소시엄", "UpdateDate": "20181001", "Version": "2020", "Remark": "링크,노드생성제외", "HistType": null, "HistRemark": null }, "geometry": { "type": "Polygon", "coordinates": [ [ [ 127.112691849815235, 37.399933714538896, 61.346 ], [ 127.112735330985444, 37.399933723847525, 61.471 ], [ 127.112735112040895, 37.399860042954323, 61.407 ], [ 127.112735077481773, 37.399793872438316, 61.263 ], [ 127.112734940763019, 37.399758793504809, 61.183 ], [ 127.112692562944957, 37.399758937002368, 61.192 ], [ 127.112691839939288, 37.39986611142659, 61.403 ], [ 127.112691849815235, 37.399933714538896, 61.346 ] ] ] } },
{ "type": "Feature", "properties": { "ID": "B319AS305359", "AdminCode": "206", "Type": "5", "Kind": "5321", "LinkID": "A219AS306080", "Maker": "새한항업컨소시엄", "UpdateDate": "20181001", "Version": "2020", "Remark": "링크,노드생성제외", "HistType": null, "HistRemark": null }, "geometry": { "type": "Polygon", "coordinates": [ [ [ 127.112686985161389, 37.399763777792963, 61.216 ], [ 127.112644473181959, 37.399764315682205, 61.268 ], [ 127.11264485850262, 37.399812448722031, 61.355 ], [ 127.112644000690693, 37.399877262121727, 61.413 ], [ 127.112643526287229, 37.39992138888428, 61.334 ], [ 127.112686534747823, 37.399921778201396, 61.358 ], [ 127.112686889841484, 37.399905372062136, 61.368 ], [ 127.112686622045473, 37.399863811030571, 61.393 ], [ 127.112686953106888, 37.399839806948272, 61.383 ], [ 127.112687116556415, 37.399804922071063, 61.31 ], [ 127.112686985161389, 37.399763777792963, 61.216 ] ] ] } },
{ "type": "Feature", "properties": { "ID": "B319AS305360", "AdminCode": "206", "Type": "5", "Kind": "5321", "LinkID": "A219AS305735", "Maker": "새한항업컨소시엄", "UpdateDate": "20181001", "Version": "2020", "Remark": null, "HistType": null, "HistRemark": null }, "geometry": { "type": "Polygon", "coordinates": [ [ [ 127.112792208147212, 37.399728010809291, 61.197 ], [ 127.112846986197937, 37.399728011180436, 61.298 ], [ 127.112897711234993, 37.399727910768405, 61.411 ], [ 127.112957284653689, 37.399728140860887, 61.496 ], [ 127.113017891990154, 37.399728585704686, 61.408 ], [ 127.113067979467303, 37.399728682329417, 61.268 ], [ 127.11311366793737, 37.39972851043381, 61.139 ], [ 127.113113246458994, 37.39969486895685, 61.052 ], [ 127.113091746921015, 37.399694489696813, 61.104 ], [ 127.113019848937554, 37.39969425218316, 61.323 ], [ 127.112969560709487, 37.399694053195546, 61.407 ], [ 127.112907366612163, 37.399693817319928, 61.35 ], [ 127.112847863009208, 37.399693507204482, 61.206 ], [ 127.112792049705476, 37.399693796730844, 61.114 ], [ 127.112792208147212, 37.399728010809291, 61.197 ] ] ] } },
{ "type": "Feature", "properties": { "ID": "B319AS305361", "AdminCode": "206", "Type": "5", "Kind": "5321", "LinkID": "A219AS305735", "Maker": "새한항업컨소시엄", "UpdateDate": "20181001", "Version": "2020", "Remark": null, "HistType": null, "HistRemark": null }, "geometry": { "type": "Polygon", "coordinates": [ [ [ 127.112806551734138, 37.399689413859264, 61.131 ], [ 127.11284736237117, 37.399689596787617, 61.196 ], [ 127.112900670362507, 37.399690105401973, 61.326 ], [ 127.112949848111072, 37.399689989276837, 61.402 ], [ 127.113014792317585, 37.399690476321865, 61.329 ], [ 127.113072845995546, 37.399690943457301, 61.159 ], [ 127.113118129724114, 37.399691143624608, 61.037 ], [ 127.113117507247679, 37.399656958187236, 60.992 ], [ 127.113055784971536, 37.399656378433491, 61.166 ], [ 127.112995231667782, 37.399656033610185, 61.292 ], [ 127.11293149034455, 37.399655331433138, 61.3 ], [ 127.112872370474861, 37.399655487095544, 61.187 ], [ 127.11280635692259, 37.399655298337677, 61.062 ], [ 127.112806551734138, 37.399689413859264, 61.131 ] ] ] } },
{ "type": "Feature", "properties": { "ID": "B319AS305362", "AdminCode": "206", "Type": "5", "Kind": "5321", "LinkID": "A219AS305869", "Maker": "새한항업컨소시엄", "UpdateDate": "20181001", "Version": "2020", "Remark": null, "HistType": null, "HistRemark": null }, "geometry": { "type": "Polygon", "coordinates": [ [ [ 127.112837731660349, 37.398517111552025, 60.845 ], [ 127.112920936175911, 37.398516907808144, 61.031 ], [ 127.112990843146832, 37.39851676209539, 61.052 ], [ 127.113077381990706, 37.398516485296255, 60.884 ], [ 127.113077595584372, 37.398482295174567, 60.87 ], [ 127.112993306386528, 37.398482508750625, 61.051 ], [ 127.112923986408873, 37.398482672849056, 61.056 ], [ 127.112838315967352, 37.398483008463451, 60.87 ], [ 127.112837731660349, 37.398517111552025, 60.845 ] ] ] } },
{ "type": "Feature", "properties": { "ID": "B319AS305363", "AdminCode": "206", "Type": "5", "Kind": "5321", "LinkID": "A219AS305869", "Maker": "새한항업컨소시엄", "UpdateDate": "20181001", "Version": "2020", "Remark": null, "HistType": null, "HistRemark": null }, "geometry": { "type": "Polygon", "coordinates": [ [ [ 127.11284360749309, 37.398478766932676, 60.891 ], [ 127.112875461058707, 37.39847887893864, 60.976 ], [ 127.112926292305445, 37.398478563899666, 61.052 ], [ 127.11297645528721, 37.398478319283107, 61.075 ], [ 127.113018243166408, 37.39847824737025, 60.997 ], [ 127.113092462543221, 37.398478215503246, 60.833 ], [ 127.113092237320416, 37.398443955288514, 60.846 ], [ 127.113019542179657, 37.398444020501373, 61.004 ], [ 127.112959857527699, 37.398444212264906, 61.091 ], [ 127.112899389431234, 37.398444562728493, 61.037 ], [ 127.112843704881953, 37.398444710145057, 60.909 ], [ 127.11284360749309, 37.398478766932676, 60.891 ] ] ] } },
{ "type": "Feature", "properties": { "ID": "B319AS305364", "AdminCode": "206", "Type": "5", "Kind": "5321", "LinkID": "A219AS306053", "Maker": "새한항업컨소시엄", "UpdateDate": "20181001", "Version": "2020", "Remark": "링크,노드생성제외", "HistType": null, "HistRemark": null }, "geometry": { "type": "Polygon", "coordinates": [ [ [ 127.113257106500043, 37.398386022871108, 60.535 ], [ 127.113257811349996, 37.398361520044539, 60.605 ], [ 127.113258530724423, 37.398329230625095, 60.664 ], [ 127.113260716148773, 37.39828397755295, 60.574 ], [ 127.113217416822479, 37.39828396233883, 60.645 ], [ 127.113216256958665, 37.398324806628835, 60.724 ], [ 127.113215618170088, 37.398359287378604, 60.681 ], [ 127.113214889801, 37.398385628385114, 60.598 ], [ 127.113257106500043, 37.398386022871108, 60.535 ] ] ] } },
{ "type": "Feature", "properties": { "ID": "B319AS305365", "AdminCode": "206", "Type": "5", "Kind": "5321", "LinkID": "A219AS306053", "Maker": "새한항업컨소시엄", "UpdateDate": "20181001", "Version": "2020", "Remark": "링크,노드생성제외", "HistType": null, "HistRemark": null }, "geometry": { "type": "Polygon", "coordinates": [ [ [ 127.113210168181226, 37.398381560466333, 60.63 ], [ 127.113210090895834, 37.39836347108816, 60.689 ], [ 127.113211213269054, 37.398323221026949, 60.739 ], [ 127.113212289000472, 37.398271767647955, 60.629 ], [ 127.113168783492839, 37.398271415661355, 60.745 ], [ 127.113168560500725, 37.398279856840979, 60.764 ], [ 127.113168079837763, 37.39833055365321, 60.836 ], [ 127.113167590817781, 37.398381133168783, 60.724 ], [ 127.113210168181226, 37.398381560466333, 60.63 ] ] ] } },
{ "type": "Feature", "properties": { "ID": "B319AS305366", "AdminCode": "206", "Type": "5", "Kind": "5321", "LinkID": "A219AS305759", "Maker": "새한항업컨소시엄", "UpdateDate": "20181001", "Version": "2020", "Remark": null, "HistType": null, "HistRemark": null }, "geometry": { "type": "Polygon", "coordinates": [ [ [ 127.113089750561315, 37.39820844526421, 60.893 ], [ 127.113089783690967, 37.398174693873891, 60.875 ], [ 127.113038095804043, 37.398175391861528, 61.027 ], [ 127.113006969115659, 37.398175579905804, 61.095 ], [ 127.112966545925701, 37.39817619632985, 61.165 ], [ 127.11292659136366, 37.398176144282026, 61.175 ], [ 127.112895253743034, 37.398176184728882, 61.14 ], [ 127.112843729820455, 37.398176650923382, 60.991 ], [ 127.112788992863386, 37.398177309134304, 60.879 ], [ 127.112778992228769, 37.398204457423518, 60.853 ], [ 127.112779274841785, 37.398213456438732, 60.854 ], [ 127.112823737431754, 37.39821303074649, 60.98 ], [ 127.112902650879349, 37.398211848236173, 61.159 ], [ 127.112965095582766, 37.398210601033973, 61.165 ], [ 127.113089750561315, 37.39820844526421, 60.893 ] ] ] } },
{ "type": "Feature", "properties": { "ID": "B319AS305367", "AdminCode": "206", "Type": "5", "Kind": "5321", "LinkID": "A219AS305759", "Maker": "새한항업컨소시엄", "UpdateDate": "20181001", "Version": "2020", "Remark": null, "HistType": null, "HistRemark": null }, "geometry": { "type": "Polygon", "coordinates": [ [ [ 127.113094832841355, 37.398171557003124, 60.863 ], [ 127.113094603992224, 37.398137891555791, 60.895 ], [ 127.112992602516726, 37.398138543388015, 61.136 ], [ 127.112941327500991, 37.398138544947543, 61.187 ], [ 127.112909700822769, 37.398138400533121, 61.155 ], [ 127.112858028554442, 37.398138476827086, 61.028 ], [ 127.112804018833387, 37.398138966405369, 60.912 ], [ 127.112804407428044, 37.398173914181235, 60.909 ], [ 127.11285746232393, 37.39817321108324, 61.032 ], [ 127.112896615834174, 37.398172772701578, 61.142 ], [ 127.112957646957227, 37.398172485300542, 61.169 ], [ 127.113049059048421, 37.398171565314669, 61.006 ], [ 127.113094832841355, 37.398171557003124, 60.863 ] ] ] } },
{ "type": "Feature", "properties": { "ID": "B319AS305368", "AdminCode": "206", "Type": "5", "Kind": "5321", "LinkID": "A219AS306062", "Maker": "새한항업컨소시엄", "UpdateDate": "20181001", "Version": "2020", "Remark": "링크,노드생성제외", "HistType": null, "HistRemark": null }, "geometry": { "type": "Polygon", "coordinates": [ [ [ 127.112745195573837, 37.398378634682892, 60.773 ], [ 127.112745815143825, 37.398344928708795, 60.884 ], [ 127.112746586129532, 37.398304736131998, 60.906 ], [ 127.112747403702187, 37.398260434586057, 60.854 ], [ 127.112704883781205, 37.398259971989518, 60.783 ], [ 127.11270331739469, 37.398325567194441, 60.872 ], [ 127.112702072821193, 37.398377883071142, 60.74 ], [ 127.112745195573837, 37.398378634682892, 60.773 ] ] ] } },
{ "type": "Feature", "properties": { "ID": "B319AS305369", "AdminCode": "206", "Type": "5", "Kind": "5321", "LinkID": "A219AS306062", "Maker": "새한항업컨소시엄", "UpdateDate": "20181001", "Version": "2020", "Remark": "링크,노드생성제외", "HistType": null, "HistRemark": null }, "geometry": { "type": "Polygon", "coordinates": [ [ [ 127.112696941326917, 37.398373943775702, 60.757 ], [ 127.112698013697667, 37.398314982916553, 60.854 ], [ 127.112699366514718, 37.39827231217248, 60.801 ], [ 127.112656601537822, 37.39827261171056, 60.749 ], [ 127.112656227777407, 37.39832488741613, 60.864 ], [ 127.112655041727521, 37.398373518102659, 60.784 ], [ 127.112696941326917, 37.398373943775702, 60.757 ] ] ] } },
{ "type": "Feature", "properties": { "ID": "B319AS305370", "AdminCode": "206", "Type": "5", "Kind": "5321", "LinkID": null, "Maker": "새한항업컨소시엄", "UpdateDate": "20181001", "Version": "2020", "Remark": "링크,노드생성제외", "HistType": null, "HistRemark": null }, "geometry": { "type": "Polygon", "coordinates": [ [ [ 127.11275897032553, 37.397212065629297, 61.344 ], [ 127.112758289039363, 37.39717797837821, 61.404 ], [ 127.112757142903277, 37.397134051035401, 61.404 ], [ 127.112725843202924, 37.397134398473703, 61.402 ], [ 127.112726476914119, 37.39717713699369, 61.433 ], [ 127.112726832303366, 37.397211155953698, 61.327 ], [ 127.11275897032553, 37.397212065629297, 61.344 ] ] ] } },
{ "type": "Feature", "properties": { "ID": "B319AS305371", "AdminCode": "206", "Type": "5", "Kind": "5321", "LinkID": null, "Maker": "새한항업컨소시엄", "UpdateDate": "20181001", "Version": "2020", "Remark": "링크,노드생성제외", "HistType": null, "HistRemark": null }, "geometry": { "type": "Polygon", "coordinates": [ [ [ 127.112721554429328, 37.397199995286385, 61.372 ], [ 127.112721469913083, 37.397174542554069, 61.43 ], [ 127.112721054153837, 37.397130771073137, 61.392 ], [ 127.112689456354289, 37.397130843366355, 61.378 ], [ 127.112689449388213, 37.397156790327159, 61.474 ], [ 127.112689733452044, 37.397187347337145, 61.452 ], [ 127.11269024230171, 37.397199035699778, 61.396 ], [ 127.112721554429328, 37.397199995286385, 61.372 ] ] ] } },
{ "type": "Feature", "properties": { "ID": "B319AS305372", "AdminCode": "206", "Type": "5", "Kind": "5321", "LinkID": "A219AS305791", "Maker": "새한항업컨소시엄", "UpdateDate": "20181001", "Version": "2020", "Remark": null, "HistType": null, "HistRemark": null }, "geometry": { "type": "Polygon", "coordinates": [ [ [ 127.112790937302535, 37.39644201371722, 62.241 ], [ 127.112836170507379, 37.3964427989782, 62.34 ], [ 127.112894350634761, 37.396442628302097, 62.48 ], [ 127.112968580646992, 37.39644254258458, 62.583 ], [ 127.113025801197935, 37.3964427981388, 62.466 ], [ 127.113112154715225, 37.396443960333251, 62.253 ], [ 127.113112361247474, 37.396409598849722, 62.295 ], [ 127.113069341460417, 37.396409290642424, 62.394 ], [ 127.113008966472421, 37.396408696351536, 62.551 ], [ 127.11296003748501, 37.396408437970898, 62.626 ], [ 127.112905731590132, 37.396408174841795, 62.554 ], [ 127.112847474040805, 37.396407379947, 62.406 ], [ 127.11279085988636, 37.396407269176208, 62.271 ], [ 127.112790937302535, 37.39644201371722, 62.241 ] ] ] } },
{ "type": "Feature", "properties": { "ID": "B319AS305373", "AdminCode": "206", "Type": "5", "Kind": "5321", "LinkID": "A219AS305791", "Maker": "새한항업컨소시엄", "UpdateDate": "20181001", "Version": "2020", "Remark": null, "HistType": null, "HistRemark": null }, "geometry": { "type": "Polygon", "coordinates": [ [ [ 127.112775554202486, 37.396402734844095, 62.246 ], [ 127.112838848093872, 37.396403601168792, 62.391 ], [ 127.112912576026417, 37.396404165384922, 62.577 ], [ 127.112960474297168, 37.396404533505958, 62.634 ], [ 127.113010852914343, 37.396405094416565, 62.555 ], [ 127.113062774441659, 37.396405391534884, 62.415 ], [ 127.113127309539067, 37.396405862942537, 62.266 ], [ 127.113127750257689, 37.396371171733357, 62.276 ], [ 127.113086924476079, 37.396371213993902, 62.396 ], [ 127.113025573231127, 37.396370811415863, 62.564 ], [ 127.112985030653903, 37.396370371485524, 62.645 ], [ 127.112933463037848, 37.396369926770319, 62.649 ], [ 127.112871892063978, 37.396369277266267, 62.514 ], [ 127.112831888105291, 37.396368981070403, 62.431 ], [ 127.112776406092394, 37.396368771205196, 62.28 ], [ 127.112775554202486, 37.396402734844095, 62.246 ] ] ] } },
{ "type": "Feature", "properties": { "ID": "B319AS305374", "AdminCode": "206", "Type": "5", "Kind": "5321", "LinkID": "A219AS305526", "Maker": "새한항업컨소시엄", "UpdateDate": "20181001", "Version": "2020", "Remark": null, "HistType": null, "HistRemark": null }, "geometry": { "type": "Polygon", "coordinates": [ [ [ 127.113167595628084, 37.396280042181701, 62.351 ], [ 127.113199192853273, 37.396279528133249, 62.317 ], [ 127.113200191174045, 37.396238816439904, 62.444 ], [ 127.113200934904413, 37.396206455299016, 62.465 ], [ 127.113201520841997, 37.396166421975025, 62.395 ], [ 127.113202572188243, 37.396130352581025, 62.367 ], [ 127.113171583882874, 37.396130011147974, 62.466 ], [ 127.11317033849636, 37.396194539018111, 62.49 ], [ 127.113167595628084, 37.396280042181701, 62.351 ] ] ] } },
{ "type": "Feature", "properties": { "ID": "B319AS305375", "AdminCode": "206", "Type": "5", "Kind": "5321", "LinkID": "A219AS305526", "Maker": "새한항업컨소시엄", "UpdateDate": "20181001", "Version": "2020", "Remark": null, "HistType": null, "HistRemark": null }, "geometry": { "type": "Polygon", "coordinates": [ [ [ 127.113204165545326, 37.396275380631423, 62.325 ], [ 127.113237492659806, 37.396275254686813, 62.293 ], [ 127.113237452365013, 37.396232264269202, 62.427 ], [ 127.113237204362505, 37.396209269343075, 62.439 ], [ 127.113237115825427, 37.39618306850106, 62.364 ], [ 127.113237622026986, 37.396142610314797, 62.287 ], [ 127.113208789078385, 37.396142357370252, 62.353 ], [ 127.113208006573942, 37.39616725551663, 62.377 ], [ 127.113206675233982, 37.396198724050187, 62.435 ], [ 127.113205288714809, 37.396238699532333, 62.436 ], [ 127.113204165545326, 37.396275380631423, 62.325 ] ] ] } },
{ "type": "Feature", "properties": { "ID": "B319AS305376", "AdminCode": "206", "Type": "5", "Kind": "5321", "LinkID": "A219AS305793", "Maker": "새한항업컨소시엄", "UpdateDate": "20181001", "Version": "2020", "Remark": null, "HistType": null, "HistRemark": null }, "geometry": { "type": "Polygon", "coordinates": [ [ [ 127.113129113942165, 37.39610553111951, 62.627 ], [ 127.113128582661929, 37.396070860442983, 62.67 ], [ 127.113095442415471, 37.396069844749434, 62.763 ], [ 127.113054597627283, 37.396067498376482, 62.882 ], [ 127.113014994020887, 37.396065658480083, 62.972 ], [ 127.112945516874305, 37.3960622691704, 63.059 ], [ 127.112892489480203, 37.396059683190423, 63.005 ], [ 127.112825949997699, 37.396056268609541, 62.859 ], [ 127.112778977670828, 37.396054121726223, 62.766 ], [ 127.112769159539582, 37.396069502574953, 62.707 ], [ 127.112768220260875, 37.39608758474062, 62.63 ], [ 127.112839272382402, 37.39609123362554, 62.829 ], [ 127.112903347372836, 37.396094275390652, 62.967 ], [ 127.112983903960867, 37.396098652726664, 63.003 ], [ 127.113045861773742, 37.396101435302533, 62.875 ], [ 127.113129113942165, 37.39610553111951, 62.627 ] ] ] } },
{ "type": "Feature", "properties": { "ID": "B319AS305377", "AdminCode": "206", "Type": "5", "Kind": "5321", "LinkID": "A219AS305793", "Maker": "새한항업컨소시엄", "UpdateDate": "20181001", "Version": "2020", "Remark": null, "HistType": null, "HistRemark": null }, "geometry": { "type": "Polygon", "coordinates": [ [ [ 127.113124242619705, 37.396066897749975, 62.686 ], [ 127.113123991370159, 37.396032772295229, 62.705 ], [ 127.113103398477691, 37.396031866769825, 62.768 ], [ 127.113063211781792, 37.39603030598294, 62.87 ], [ 127.113017890307532, 37.396028095422629, 62.992 ], [ 127.112941656472984, 37.396024318860221, 63.117 ], [ 127.112881019632212, 37.39602156633218, 63.042 ], [ 127.112841861403837, 37.39601953521278, 62.954 ], [ 127.112807225718683, 37.396018243212666, 62.918 ], [ 127.112805690714964, 37.396051520007667, 62.818 ], [ 127.112827222619629, 37.396052819102991, 62.867 ], [ 127.112855467896352, 37.3960539820362, 62.928 ], [ 127.112907755002965, 37.396056357938591, 63.046 ], [ 127.112978093242845, 37.39606009448066, 63.044 ], [ 127.113041711351102, 37.396063336164985, 62.913 ], [ 127.113081114417753, 37.396065064700757, 62.804 ], [ 127.113124242619705, 37.396066897749975, 62.686 ] ] ] } },
{ "type": "Feature", "properties": { "ID": "B319AS305378", "AdminCode": "206", "Type": "5", "Kind": "5321", "LinkID": "A219AS305429", "Maker": "새한항업컨소시엄", "UpdateDate": "20181001", "Version": "2020", "Remark": null, "HistType": null, "HistRemark": null }, "geometry": { "type": "Polygon", "coordinates": [ [ [ 127.112700054019939, 37.396117499492426, 62.463 ], [ 127.112657939545429, 37.396117584118088, 62.407 ], [ 127.112657488139192, 37.396143686211978, 62.474 ], [ 127.112656578793676, 37.396166428332563, 62.508 ], [ 127.112656629640981, 37.396206733181351, 62.556 ], [ 127.112655768302318, 37.396263588496289, 62.437 ], [ 127.112655664092813, 37.396340247416532, 62.333 ], [ 127.112696605028631, 37.396340117018184, 62.302 ], [ 127.112697846632244, 37.396298724264646, 62.375 ], [ 127.112698273306421, 37.396250189587533, 62.465 ], [ 127.112698922333365, 37.396207651793169, 62.542 ], [ 127.11269966370773, 37.396151524576631, 62.506 ], [ 127.112700054019939, 37.396117499492426, 62.463 ] ] ] } },
{ "type": "Feature", "properties": { "ID": "B319AS305379", "AdminCode": "206", "Type": "5", "Kind": "5321", "LinkID": "A219AS305429", "Maker": "새한항업컨소시엄", "UpdateDate": "20181001", "Version": "2020", "Remark": null, "HistType": null, "HistRemark": null }, "geometry": { "type": "Polygon", "coordinates": [ [ [ 127.112705416390199, 37.396121685811927, 62.483 ], [ 127.112704670495006, 37.396178443833747, 62.543 ], [ 127.112704199587171, 37.396210728212459, 62.547 ], [ 127.112703629079633, 37.396243380514484, 62.486 ], [ 127.112702952416029, 37.396291523661432, 62.388 ], [ 127.112702650567982, 37.396344088932423, 62.298 ], [ 127.112745047902095, 37.396344892036439, 62.246 ], [ 127.112746115598355, 37.396287463213561, 62.411 ], [ 127.112746271345557, 37.396247026475272, 62.492 ], [ 127.112747101464734, 37.396204473546582, 62.566 ], [ 127.112747617620471, 37.396165430491813, 62.593 ], [ 127.112748079648782, 37.396121339555364, 62.594 ], [ 127.112705416390199, 37.396121685811927, 62.483 ] ] ] } },
{ "type": "Feature", "properties": { "ID": "B319AS305380", "AdminCode": "206", "Type": "5", "Kind": "5321", "LinkID": null, "Maker": "새한항업컨소시엄", "UpdateDate": "20181001", "Version": "2020", "Remark": "링크,노드생성제외", "HistType": null, "HistRemark": null }, "geometry": { "type": "Polygon", "coordinates": [ [ [ 127.112776896023334, 37.394781482945874, 64.257 ], [ 127.112777037866252, 37.394763216806673, 64.285 ], [ 127.112777031502191, 37.394732844469686, 64.326 ], [ 127.112777208146255, 37.394696076156123, 64.392 ], [ 127.112736660143327, 37.394696339041708, 64.54 ], [ 127.112736609419628, 37.394722231238404, 64.511 ], [ 127.11273620847733, 37.394744972469553, 64.491 ], [ 127.112736282599116, 37.394773543381575, 64.442 ], [ 127.112750021778851, 37.394781071903964, 64.379 ], [ 127.112776896023334, 37.394781482945874, 64.257 ] ] ] } },
{ "type": "Feature", "properties": { "ID": "B319AS305381", "AdminCode": "206", "Type": "5", "Kind": "5321", "LinkID": "A219AS305824", "Maker": "새한항업컨소시엄", "UpdateDate": "20181001", "Version": "2020", "Remark": "링크,노드생성제외", "HistType": null, "HistRemark": null }, "geometry": { "type": "Polygon", "coordinates": [ [ [ 127.112792070984696, 37.393966550600105, 65.504 ], [ 127.11284285761856, 37.393966991902566, 65.614 ], [ 127.112895792328899, 37.393967359325714, 65.759 ], [ 127.112965953633363, 37.393968163955599, 65.856 ], [ 127.113036764428429, 37.393968293959198, 65.71 ], [ 127.11310324203491, 37.393969147853909, 65.593 ], [ 127.113102662862872, 37.393934584552319, 65.642 ], [ 127.113080221907623, 37.393934875233697, 65.696 ], [ 127.11301986290691, 37.393934173075685, 65.791 ], [ 127.112949856322686, 37.393933506136179, 65.9 ], [ 127.112908521952107, 37.393933161704652, 65.845 ], [ 127.112837687718155, 37.393932166047058, 65.664 ], [ 127.112791430081913, 37.393931751987182, 65.565 ], [ 127.112792070984696, 37.393966550600105, 65.504 ] ] ] } },
{ "type": "Feature", "properties": { "ID": "B319AS305382", "AdminCode": "206", "Type": "5", "Kind": "5321", "LinkID": "A219AS305824", "Maker": "새한항업컨소시엄", "UpdateDate": "20181001", "Version": "2020", "Remark": "링크,노드생성제외", "HistType": null, "HistRemark": null }, "geometry": { "type": "Polygon", "coordinates": [ [ [ 127.112796762597725, 37.393928114946121, 65.59 ], [ 127.112847759002804, 37.393928298231749, 65.698 ], [ 127.112922778053886, 37.393928630675575, 65.885 ], [ 127.112991341820731, 37.393929175460563, 65.878 ], [ 127.113054017357484, 37.393929842512044, 65.733 ], [ 127.113117728089662, 37.393930670255223, 65.611 ], [ 127.113117818260704, 37.39389644208913, 65.669 ], [ 127.113086874012865, 37.393895731833638, 65.741 ], [ 127.113025703867009, 37.393895395257211, 65.848 ], [ 127.112984933628312, 37.393895528509901, 65.942 ], [ 127.11293313081525, 37.393895071046643, 65.96 ], [ 127.112879272973103, 37.393894580752928, 65.845 ], [ 127.112828491126393, 37.393894400906596, 65.726 ], [ 127.112796305506038, 37.393894094345512, 65.674 ], [ 127.112796762597725, 37.393928114946121, 65.59 ] ] ] } },
{ "type": "Feature", "properties": { "ID": "B319AS305383", "AdminCode": "206", "Type": "5", "Kind": "5321", "LinkID": "A219AS306023", "Maker": "새한항업컨소시엄", "UpdateDate": "20181001", "Version": "2020", "Remark": "링크,노드생성제외", "HistType": null, "HistRemark": null }, "geometry": { "type": "Polygon", "coordinates": [ [ [ 127.112738806634411, 37.39382799769843, 65.744 ], [ 127.112739157538272, 37.393796892033599, 65.797 ], [ 127.112739408388592, 37.393766622936873, 65.808 ], [ 127.112739864064139, 37.393736294022467, 65.819 ], [ 127.112739732588707, 37.393705955733594, 65.852 ], [ 127.112739644670029, 37.393660819558903, 65.848 ], [ 127.112698248341559, 37.393661150006324, 65.743 ], [ 127.112697657500433, 37.393682905842766, 65.765 ], [ 127.1126971663723, 37.39371194539865, 65.793 ], [ 127.112697098646976, 37.393742568907982, 65.81 ], [ 127.11269693049006, 37.393784853032578, 65.764 ], [ 127.112695992246827, 37.393828116240336, 65.685 ], [ 127.112738806634411, 37.39382799769843, 65.744 ] ] ] } },
{ "type": "Feature", "properties": { "ID": "B319AS305384", "AdminCode": "206", "Type": "5", "Kind": "5321", "LinkID": "A219AS306023", "Maker": "새한항업컨소시엄", "UpdateDate": "20181001", "Version": "2020", "Remark": "링크,노드생성제외", "HistType": null, "HistRemark": null }, "geometry": { "type": "Polygon", "coordinates": [ [ [ 127.112690840669543, 37.393812379217962, 65.746 ], [ 127.112691385799181, 37.393781637155847, 65.755 ], [ 127.11269153866148, 37.39375122229432, 65.801 ], [ 127.112691598320595, 37.393700203291736, 65.785 ], [ 127.112691224605925, 37.393666012783186, 65.735 ], [ 127.112651144616947, 37.393666553494171, 65.644 ], [ 127.112649770912256, 37.393697453565153, 65.717 ], [ 127.112650022236792, 37.393729767512248, 65.798 ], [ 127.112649011315497, 37.393768721568058, 65.764 ], [ 127.112649348052315, 37.393812942435787, 65.675 ], [ 127.112690840669543, 37.393812379217962, 65.746 ] ] ] } },
{ "type": "Feature", "properties": { "ID": "B319AS305385", "AdminCode": "206", "Type": "5", "Kind": "5321", "LinkID": "A219AS305834", "Maker": "새한항업컨소시엄", "UpdateDate": "20181001", "Version": "2020", "Remark": "링크,노드생성제외", "HistType": null, "HistRemark": null }, "geometry": { "type": "Polygon", "coordinates": [ [ [ 127.112762549671942, 37.393621755415282, 65.944 ], [ 127.112762066798737, 37.393643260625176, 65.913 ], [ 127.112774558576305, 37.393647822129488, 65.945 ], [ 127.11278795913698, 37.39364812620029, 65.983 ], [ 127.112827184579288, 37.393648328852748, 66.066 ], [ 127.112878846532581, 37.393648540773356, 66.173 ], [ 127.112916002724276, 37.39364882752453, 66.258 ], [ 127.112967332712515, 37.393649214357517, 66.311 ], [ 127.11301793102858, 37.393649048736187, 66.223 ], [ 127.113068474014113, 37.393649287773961, 66.128 ], [ 127.113111875451111, 37.393649629093396, 66.028 ], [ 127.113111397663573, 37.393615527047785, 66.076 ], [ 127.113061006683054, 37.3936150831668, 66.192 ], [ 127.112970471154981, 37.393615052877983, 66.352 ], [ 127.112920325198687, 37.393614748036491, 66.312 ], [ 127.112868581296496, 37.393614201362233, 66.197 ], [ 127.112830706092268, 37.393613758916786, 66.107 ], [ 127.112788075649888, 37.393613754254687, 66.0 ], [ 127.112762549671942, 37.393621755415282, 65.944 ] ] ] } },
{ "type": "Feature", "properties": { "ID": "B319AS305386", "AdminCode": "206", "Type": "5", "Kind": "5321", "LinkID": "A219AS305834", "Maker": "새한항업컨소시엄", "UpdateDate": "20181001", "Version": "2020", "Remark": "링크,노드생성제외", "HistType": null, "HistRemark": null }, "geometry": { "type": "Polygon", "coordinates": [ [ [ 127.112793701948988, 37.39360966226446, 66.015 ], [ 127.112836980508476, 37.393609947647676, 66.111 ], [ 127.11291356444471, 37.39361047631516, 66.305 ], [ 127.112985439445467, 37.393610947786229, 66.335 ], [ 127.113062206086568, 37.393610947534448, 66.195 ], [ 127.113118371003424, 37.393611321356147, 66.064 ], [ 127.113118291119861, 37.393577117511484, 66.12 ], [ 127.113103490891788, 37.393577223737552, 66.153 ], [ 127.113053285116592, 37.393576602559229, 66.261 ], [ 127.113002202907325, 37.393576246757164, 66.353 ], [ 127.112939451328799, 37.393576371570632, 66.41 ], [ 127.112899364397208, 37.393575839764011, 66.328 ], [ 127.112835820400178, 37.393575582358004, 66.142 ], [ 127.112793944922501, 37.393575202212276, 66.087 ], [ 127.112793701948988, 37.39360966226446, 66.015 ] ] ] } },
{ "type": "Feature", "properties": { "ID": "B319AS305387", "AdminCode": "206", "Type": "5", "Kind": "5321", "LinkID": "A219AS306022", "Maker": "새한항업컨소시엄", "UpdateDate": "20181001", "Version": "2020", "Remark": "링크,노드생성제외", "HistType": null, "HistRemark": null }, "geometry": { "type": "Polygon", "coordinates": [ [ [ 127.113138824810235, 37.393833527439639, 65.822 ], [ 127.113161472587407, 37.393833997101034, 65.89 ], [ 127.113172522122738, 37.393830757725041, 65.937 ], [ 127.113173323487047, 37.393814115352662, 65.967 ], [ 127.113172950886081, 37.393783025173377, 65.984 ], [ 127.113173030196293, 37.393747877554283, 66.032 ], [ 127.113157786702359, 37.393739531966354, 66.009 ], [ 127.113149566204825, 37.393731758119152, 65.979 ], [ 127.113139465412345, 37.393731398611024, 65.962 ], [ 127.113139432170541, 37.393764708408312, 65.925 ], [ 127.113139308597155, 37.393798016763533, 65.871 ], [ 127.113138824810235, 37.393833527439639, 65.822 ] ] ] } },
{ "type": "Feature", "properties": { "ID": "B319AS305388", "AdminCode": "206", "Type": "5", "Kind": "5321", "LinkID": null, "Maker": "새한항업컨소시엄", "UpdateDate": "20181001", "Version": "2020", "Remark": "링크,노드생성제외", "HistType": null, "HistRemark": null }, "geometry": { "type": "Polygon", "coordinates": [ [ [ 127.112776851162039, 37.393152854282199, 66.714 ], [ 127.112776825836761, 37.393119633674075, 66.783 ], [ 127.112775921577793, 37.393088129440009, 66.821 ], [ 127.112731730309562, 37.393087766378017, 66.946 ], [ 127.112731910958047, 37.393122900123323, 66.887 ], [ 127.112744562915225, 37.393132781583148, 66.831 ], [ 127.112756063386939, 37.393143086271714, 66.783 ], [ 127.11276600025613, 37.393152681042942, 66.732 ], [ 127.112776851162039, 37.393152854282199, 66.714 ] ] ] } },
{ "type": "Feature", "properties": { "ID": "B319AS305389", "AdminCode": "206", "Type": "5", "Kind": "5321", "LinkID": null, "Maker": "새한항업컨소시엄", "UpdateDate": "20181001", "Version": "2020", "Remark": "링크,노드생성제외", "HistType": null, "HistRemark": null }, "geometry": { "type": "Polygon", "coordinates": [ [ [ 127.112300111260964, 37.396370529807378, 62.431 ], [ 127.112264245496178, 37.396370984457945, 62.422 ], [ 127.112202470356848, 37.396371719273908, 62.406 ], [ 127.112202831597045, 37.396396491474881, 62.368 ], [ 127.112212987643446, 37.396405918554358, 62.361 ], [ 127.112244065251133, 37.396406306729048, 62.347 ], [ 127.112289959914889, 37.396405940146352, 62.37 ], [ 127.112300173240072, 37.396387420278167, 62.384 ], [ 127.112300111260964, 37.396370529807378, 62.431 ] ] ] } },
{ "type": "Feature", "properties": { "ID": "B319AS305390", "AdminCode": "206", "Type": "5", "Kind": "5321", "LinkID": "A219AS305198", "Maker": "새한항업컨소시엄", "UpdateDate": "20181001", "Version": "2020", "Remark": null, "HistType": null, "HistRemark": null }, "geometry": { "type": "Polygon", "coordinates": [ [ [ 127.111347043018853, 37.396346761689266, 63.009 ], [ 127.11134719222261, 37.396294914995948, 63.12 ], [ 127.111346996642652, 37.396241052999372, 63.211 ], [ 127.111346988151254, 37.396190988266298, 63.214 ], [ 127.111347503174656, 37.396119617266663, 63.122 ], [ 127.111347319077325, 37.396066647692507, 63.214 ], [ 127.111316095254608, 37.396067140175049, 63.217 ], [ 127.1113158179284, 37.396100689389051, 63.162 ], [ 127.111315721882093, 37.396149517735815, 63.123 ], [ 127.111315084673436, 37.396206854275093, 63.246 ], [ 127.111315204053057, 37.396262851023479, 63.167 ], [ 127.111315333854137, 37.396304481967306, 63.109 ], [ 127.111315578365591, 37.396346493269938, 63.018 ], [ 127.111347043018853, 37.396346761689266, 63.009 ] ] ] } },
{ "type": "Feature", "properties": { "ID": "B319AS305391", "AdminCode": "206", "Type": "5", "Kind": "5321", "LinkID": "A219AS305885", "Maker": "새한항업컨소시엄", "UpdateDate": "20181001", "Version": "2020", "Remark": null, "HistType": null, "HistRemark": null }, "geometry": { "type": "Polygon", "coordinates": [ [ [ 127.111310601312184, 37.396062798478077, 63.231 ], [ 127.111279529469044, 37.396063536717591, 63.253 ], [ 127.111279039943412, 37.396087538272667, 63.21 ], [ 127.111279064443764, 37.396123913230554, 63.148 ], [ 127.111282284701389, 37.39612793019807, 63.145 ], [ 127.111281987308914, 37.396140227548031, 63.126 ], [ 127.111279296547721, 37.396145267619957, 63.132 ], [ 127.1112794165102, 37.396176939562878, 63.183 ], [ 127.111278802222827, 37.39621041129169, 63.258 ], [ 127.11127856803347, 37.396249891437797, 63.228 ], [ 127.111278484170413, 37.396298233301287, 63.141 ], [ 127.111279109600076, 37.396334969348594, 63.065 ], [ 127.111310569740439, 37.396334967329622, 63.046 ], [ 127.111309944494096, 37.39629237314162, 63.131 ], [ 127.111309692900107, 37.396212842568481, 63.259 ], [ 127.111310185884747, 37.396153151454861, 63.131 ], [ 127.111310601312184, 37.396062798478077, 63.231 ] ] ] } },
{ "type": "Feature", "properties": { "ID": "B319AS305392", "AdminCode": "206", "Type": "5", "Kind": "5321", "LinkID": null, "Maker": "새한항업컨소시엄", "UpdateDate": "20181001", "Version": "2020", "Remark": "링크,노드생성제외", "HistType": null, "HistRemark": null }, "geometry": { "type": "Polygon", "coordinates": [ [ [ 127.110349372194293, 37.396405981212098, 63.447 ], [ 127.110349584891267, 37.396382669204556, 63.494 ], [ 127.110305677857482, 37.396382607170104, 63.572 ], [ 127.110262755015412, 37.396382488753503, 63.581 ], [ 127.110261459942734, 37.396418310869038, 63.557 ], [ 127.110293212991337, 37.396418791468236, 63.52 ], [ 127.110338684167615, 37.396419094813403, 63.481 ], [ 127.110349372194293, 37.396405981212098, 63.447 ] ] ] } },
{ "type": "Feature", "properties": { "ID": "B319AS305393", "AdminCode": "206", "Type": "5", "Kind": "5321", "LinkID": "A219AS305420", "Maker": "새한항업컨소시엄", "UpdateDate": "20181001", "Version": "2020", "Remark": null, "HistType": null, "HistRemark": null }, "geometry": { "type": "Polygon", "coordinates": [ [ [ 127.109963405202762, 37.396349610580486, 63.845 ], [ 127.109962843162975, 37.396300483322932, 63.948 ], [ 127.109962215344197, 37.396235087402275, 64.08 ], [ 127.109961517926109, 37.396179207596575, 64.085 ], [ 127.109960042941225, 37.396123702895999, 63.905 ], [ 127.109917353983789, 37.396123723283218, 63.928 ], [ 127.109916583451465, 37.396136409612836, 63.97 ], [ 127.109917175281112, 37.396168161195973, 64.065 ], [ 127.109917903968963, 37.396199860892196, 64.111 ], [ 127.109919373022365, 37.396273138200222, 63.984 ], [ 127.109920062317087, 37.39632394382263, 63.918 ], [ 127.109920681063116, 37.396350576720167, 63.845 ], [ 127.109963405202762, 37.396349610580486, 63.845 ] ] ] } },
{ "type": "Feature", "properties": { "ID": "B319AS305394", "AdminCode": "206", "Type": "5", "Kind": "5321", "LinkID": "A219AS305420", "Maker": "새한항업컨소시엄", "UpdateDate": "20181001", "Version": "2020", "Remark": null, "HistType": null, "HistRemark": null }, "geometry": { "type": "Polygon", "coordinates": [ [ [ 127.109872239747446, 37.396354740996514, 63.898 ], [ 127.109915059607232, 37.396354461357006, 63.838 ], [ 127.109915045992253, 37.396321277016142, 63.923 ], [ 127.109914109924674, 37.396265005856606, 64.013 ], [ 127.109913821429288, 37.396215333208424, 64.114 ], [ 127.109912775853985, 37.396141386731699, 63.989 ], [ 127.109912563308995, 37.396107577344516, 63.905 ], [ 127.109869721030321, 37.396107405999928, 64.016 ], [ 127.109870358683366, 37.396164762904725, 64.112 ], [ 127.109870514438214, 37.396212973401155, 64.164 ], [ 127.109870783539208, 37.396253074435649, 64.102 ], [ 127.109871532273871, 37.396302411966765, 63.995 ], [ 127.109872239747446, 37.396354740996514, 63.898 ] ] ] } },
{ "type": "Feature", "properties": { "ID": "B319AS305395", "AdminCode": "206", "Type": "5", "Kind": "5321", "LinkID": "A219AS305998", "Maker": "새한항업컨소시엄", "UpdateDate": "20181001", "Version": "2020", "Remark": "링크,노드생성제외", "HistType": null, "HistRemark": null }, "geometry": { "type": "Polygon", "coordinates": [ [ [ 127.10949288853493, 37.396349800958745, 64.191 ], [ 127.109492527246488, 37.39638396166665, 64.09 ], [ 127.109554298662175, 37.396384724288602, 64.16 ], [ 127.10961545582569, 37.396385206678943, 64.234 ], [ 127.109709107422219, 37.396386334862946, 64.199 ], [ 127.109757738440848, 37.396386761063383, 64.065 ], [ 127.109799571838749, 37.396387078542837, 63.993 ], [ 127.109854232394241, 37.396388060760977, 63.892 ], [ 127.109864019026716, 37.396386549937318, 63.864 ], [ 127.109864063930303, 37.396353285419885, 63.91 ], [ 127.109813046529212, 37.396352974315903, 63.996 ], [ 127.109739997186992, 37.396351932340671, 64.136 ], [ 127.109669717464897, 37.396351259063437, 64.281 ], [ 127.109609524424528, 37.39635062088238, 64.246 ], [ 127.109557947877235, 37.396350084425364, 64.216 ], [ 127.10949288853493, 37.396349800958745, 64.191 ] ] ] } },
{ "type": "Feature", "properties": { "ID": "B319AS305396", "AdminCode": "206", "Type": "5", "Kind": "5321", "LinkID": "A219AS305998", "Maker": "새한항업컨소시엄", "UpdateDate": "20181001", "Version": "2020", "Remark": "링크,노드생성제외", "HistType": null, "HistRemark": null }, "geometry": { "type": "Polygon", "coordinates": [ [ [ 127.109828260539444, 37.396391277500719, 63.962 ], [ 127.109794631725464, 37.396390820856269, 63.975 ], [ 127.10970611695133, 37.396389810937571, 64.199 ], [ 127.109621663583809, 37.396389010105381, 64.232 ], [ 127.109507896438487, 37.396387758410597, 64.103 ], [ 127.109507995827343, 37.396422467237834, 64.037 ], [ 127.109538186051751, 37.396423553921707, 64.087 ], [ 127.109620385886117, 37.396423678884872, 64.203 ], [ 127.10970126547052, 37.396424197253729, 64.208 ], [ 127.109793300615237, 37.39642492099528, 63.975 ], [ 127.109828318077589, 37.396425859484758, 63.978 ], [ 127.109828260539444, 37.396391277500719, 63.962 ] ] ] } },
{ "type": "Feature", "properties": { "ID": "B319AS305397", "AdminCode": "206", "Type": "5", "Kind": "5321", "LinkID": "A219AS305223", "Maker": "새한항업컨소시엄", "UpdateDate": "20181001", "Version": "2020", "Remark": null, "HistType": null, "HistRemark": null }, "geometry": { "type": "Polygon", "coordinates": [ [ [ 127.1094788446525, 37.396348107303183, 64.188 ], [ 127.109478590482013, 37.396315063317466, 64.269 ], [ 127.109476788041803, 37.396250126276463, 64.391 ], [ 127.109475274846076, 37.396201551596064, 64.385 ], [ 127.109473844678647, 37.396158214521051, 64.303 ], [ 127.10947166266989, 37.396084556294781, 64.186 ], [ 127.109429043729378, 37.396084938126585, 64.189 ], [ 127.109429952599754, 37.39611755097085, 64.24 ], [ 127.109431832007957, 37.39619021297937, 64.39 ], [ 127.109433116345784, 37.396239802415138, 64.407 ], [ 127.109434548889325, 37.396296081515295, 64.32 ], [ 127.109435928633488, 37.39634007569758, 64.185 ], [ 127.109451267069389, 37.39634824303198, 64.167 ], [ 127.1094788446525, 37.396348107303183, 64.188 ] ] ] } },
{ "type": "Feature", "properties": { "ID": "B319AS305398", "AdminCode": "206", "Type": "5", "Kind": "5321", "LinkID": "A219AS305223", "Maker": "새한항업컨소시엄", "UpdateDate": "20181001", "Version": "2020", "Remark": null, "HistType": null, "HistRemark": null }, "geometry": { "type": "Polygon", "coordinates": [ [ [ 127.109386344189147, 37.396320500522762, 64.274 ], [ 127.109430512238902, 37.39632051299823, 64.252 ], [ 127.109429985303748, 37.396287086123785, 64.331 ], [ 127.109427561382162, 37.396222607793526, 64.42 ], [ 127.109426999438568, 37.396181582799088, 64.375 ], [ 127.109425558299023, 37.396133288658731, 64.272 ], [ 127.109424413674134, 37.396088928722051, 64.196 ], [ 127.109380520781912, 37.39608965967404, 64.22 ], [ 127.109380848181772, 37.396105851407803, 64.24 ], [ 127.10938186624567, 37.396139962077939, 64.305 ], [ 127.109383022121804, 37.396188368818656, 64.416 ], [ 127.109384205564609, 37.396228935102215, 64.455 ], [ 127.109384834862027, 37.396268627319742, 64.368 ], [ 127.109386344189147, 37.396320500522762, 64.274 ] ] ] } },
{ "type": "Feature", "properties": { "ID": "B319AS305399", "AdminCode": "206", "Type": "5", "Kind": "5321", "LinkID": "A219AS306003", "Maker": "새한항업컨소시엄", "UpdateDate": "20181001", "Version": "2020", "Remark": "링크,노드생성제외", "HistType": null, "HistRemark": null }, "geometry": { "type": "Polygon", "coordinates": [ [ [ 127.109475176787811, 37.396078222617582, 64.17 ], [ 127.109530189161745, 37.39607958012364, 64.161 ], [ 127.109607194570103, 37.396081415508363, 64.266 ], [ 127.109687986747815, 37.396083599801699, 64.311 ], [ 127.109762665855001, 37.396085406895509, 64.181 ], [ 127.10983605069984, 37.396087472634264, 64.048 ], [ 127.109837519994045, 37.396053266552087, 64.049 ], [ 127.109822109565059, 37.39605291197735, 64.082 ], [ 127.109792660659139, 37.396051999447586, 64.126 ], [ 127.109731813212633, 37.396050440601726, 64.278 ], [ 127.109693192297144, 37.396049507547225, 64.325 ], [ 127.10961145799223, 37.396047055840057, 64.27 ], [ 127.109540629166688, 37.396045319242013, 64.162 ], [ 127.109485142793304, 37.396043945147575, 64.17 ], [ 127.10947418764539, 37.396047005430994, 64.16 ], [ 127.109475176787811, 37.396078222617582, 64.17 ] ] ] } },
{ "type": "Feature", "properties": { "ID": "B319AS305400", "AdminCode": "206", "Type": "5", "Kind": "5321", "LinkID": "A219AS306003", "Maker": "새한항업컨소시엄", "UpdateDate": "20181001", "Version": "2020", "Remark": "링크,노드생성제외", "HistType": null, "HistRemark": null }, "geometry": { "type": "Polygon", "coordinates": [ [ [ 127.109510591664844, 37.396006688817465, 64.138 ], [ 127.109510159752134, 37.39604006430794, 64.16 ], [ 127.109543586712633, 37.39604090534197, 64.158 ], [ 127.109624186205593, 37.396043113634391, 64.278 ], [ 127.109713598622591, 37.396045697131896, 64.302 ], [ 127.109805704102257, 37.396048548939589, 64.07 ], [ 127.10983775552522, 37.396049286781505, 64.086 ], [ 127.109839484752015, 37.396015075843074, 64.086 ], [ 127.109809912557338, 37.396014125296198, 64.086 ], [ 127.109698299155781, 37.39601124992663, 64.332 ], [ 127.109603563624106, 37.396009221176755, 64.259 ], [ 127.109510591664844, 37.396006688817465, 64.138 ] ] ] } },
{ "type": "Feature", "properties": { "ID": "B319AS305401", "AdminCode": "206", "Type": "5", "Kind": "5321", "LinkID": null, "Maker": "새한항업컨소시엄", "UpdateDate": "20181001", "Version": "2020", "Remark": "링크,노드생성제외", "HistType": null, "HistRemark": null }, "geometry": { "type": "Polygon", "coordinates": [ [ [ 127.108691667375098, 37.396360136963565, 64.872 ], [ 127.108691922889108, 37.396342332302581, 64.729 ], [ 127.108608890077107, 37.396342094227769, 64.802 ], [ 127.108534965217345, 37.396341280836261, 64.873 ], [ 127.108534123986374, 37.39636036491499, 64.995 ], [ 127.108615450212611, 37.39636018819683, 64.907 ], [ 127.108691667375098, 37.396360136963565, 64.872 ] ] ] } },
{ "type": "Feature", "properties": { "ID": "B319AS305402", "AdminCode": "206", "Type": "5", "Kind": "5321", "LinkID": "A219AS305883", "Maker": "새한항업컨소시엄", "UpdateDate": "20181001", "Version": "2020", "Remark": null, "HistType": null, "HistRemark": null }, "geometry": { "type": "Polygon", "coordinates": [ [ [ 127.107264304641618, 37.396407335238003, 65.477 ], [ 127.10722798653461, 37.396384907332127, 65.666 ], [ 127.107199364656651, 37.396413532422436, 65.745 ], [ 127.107219760050569, 37.396425881719267, 65.606 ], [ 127.107249202001171, 37.396422135306238, 65.462 ], [ 127.107264304641618, 37.396407335238003, 65.477 ] ] ] } },
{ "type": "Feature", "properties": { "ID": "B319AS305403", "AdminCode": "206", "Type": "5", "Kind": "5321", "LinkID": "A219AS305394", "Maker": "새한항업컨소시엄", "UpdateDate": "20181001", "Version": "2020", "Remark": null, "HistType": null, "HistRemark": null }, "geometry": { "type": "Polygon", "coordinates": [ [ [ 127.106813020437002, 37.399673680779436, 62.827 ], [ 127.1067798594609, 37.399685550865144, 62.853 ], [ 127.106805501181114, 37.399718397620568, 62.858 ], [ 127.10683663127439, 37.399702835917672, 62.822 ], [ 127.106813020437002, 37.399673680779436, 62.827 ] ] ] } },
{ "type": "Feature", "properties": { "ID": "B319AS305404", "AdminCode": "204", "Type": "5", "Kind": "5321", "LinkID": null, "Maker": "새한항업컨소시엄", "UpdateDate": "20181001", "Version": "2020", "Remark": "링크,노드생성제외", "HistType": null, "HistRemark": null }, "geometry": { "type": "Polygon", "coordinates": [ [ [ 127.099169250147327, 37.410408020849474, 82.311 ], [ 127.099208288978517, 37.410389127651996, 82.198 ], [ 127.099172349915094, 37.410344388429628, 82.176 ], [ 127.099134666030565, 37.410363763044877, 82.39 ], [ 127.099169250147327, 37.410408020849474, 82.311 ] ] ] } },
{ "type": "Feature", "properties": { "ID": "B319AS305405", "AdminCode": "206", "Type": "5", "Kind": "524", "LinkID": null, "Maker": "새한항업컨소시엄", "UpdateDate": "20181001", "Version": "2020", "Remark": "링크,노드생성제외", "HistType": null, "HistRemark": null }, "geometry": { "type": "Polygon", "coordinates": [ [ [ 127.112719473439071, 37.403328398051315, 68.635 ], [ 127.11279743914173, 37.403327380791026, 68.735 ], [ 127.112874604864302, 37.403326278606521, 68.874 ], [ 127.112938150567587, 37.403325445597645, 68.954 ], [ 127.112985019972839, 37.403324670767184, 68.979 ], [ 127.113036884860293, 37.403323813444182, 68.993 ], [ 127.113041739116809, 37.40325234954534, 68.933 ], [ 127.113045044774736, 37.40320433854145, 68.904 ], [ 127.113049230757539, 37.403144652350505, 68.812 ], [ 127.113002961152148, 37.403142687964447, 68.877 ], [ 127.112969323634076, 37.403141105485709, 68.918 ], [ 127.112889910923613, 37.403137214972332, 68.877 ], [ 127.112719965328182, 37.403129130051155, 68.592 ], [ 127.112719601724535, 37.403222421864683, 68.763 ], [ 127.112719492255309, 37.403277666870977, 68.698 ], [ 127.112719473439071, 37.403328398051315, 68.635 ] ] ] } },
{ "type": "Feature", "properties": { "ID": "B319AS305406", "AdminCode": "206", "Type": "5", "Kind": "5321", "LinkID": "A219AS305882", "Maker": "새한항업컨소시엄", "UpdateDate": "20181001", "Version": "2020", "Remark": null, "HistType": null, "HistRemark": null }, "geometry": { "type": "Polygon", "coordinates": [ [ [ 127.107152576816048, 37.39604976778152, 65.95 ], [ 127.107124985707841, 37.396033382796574, 66.04 ], [ 127.107103564046469, 37.396055994652116, 66.116 ], [ 127.107130103033413, 37.396071993280323, 66.024 ], [ 127.107152576816048, 37.39604976778152, 65.95 ] ] ] } },
{ "type": "Feature", "properties": { "ID": "B319AS305407", "AdminCode": "206", "Type": "5", "Kind": "534", "LinkID": "A219AS306010", "Maker": "새한항업컨소시엄", "UpdateDate": "20181001", "Version": "2020", "Remark": "링크,노드생성제외", "HistType": null, "HistRemark": null }, "geometry": { "type": "Polygon", "coordinates": [ [ [ 127.113086874012865, 37.393895731833638, 65.741 ], [ 127.113117818260704, 37.39389644208913, 65.669 ], [ 127.113118267813817, 37.393878063695006, 65.701 ], [ 127.113109165609131, 37.393877972475082, 65.716 ], [ 127.11309952119251, 37.393877881611793, 65.746 ], [ 127.113083191829517, 37.393877702061943, 65.779 ], [ 127.113069933946861, 37.393877562527351, 65.802 ], [ 127.113050837519395, 37.393877365839906, 65.83 ], [ 127.113030137264985, 37.393877161572043, 65.871 ], [ 127.113017771627355, 37.39387702726227, 65.894 ], [ 127.113001317608251, 37.393876863736217, 65.938 ], [ 127.112961193704137, 37.39387644852151, 66.001 ], [ 127.112935637707864, 37.393876184745366, 65.992 ], [ 127.112915468601429, 37.393875970911623, 65.965 ], [ 127.112875435030517, 37.393875557109908, 65.867 ], [ 127.112839026669491, 37.393875174133377, 65.783 ], [ 127.112824594034166, 37.393875033841461, 65.753 ], [ 127.112812646178995, 37.393874906180173, 65.744 ], [ 127.112792781489361, 37.393874715210629, 65.685 ], [ 127.112767824164578, 37.393874451943653, 65.643 ], [ 127.112775658769223, 37.393894008050367, 65.586 ], [ 127.112796305506038, 37.393894094345512, 65.674 ], [ 127.11281498460626, 37.393894266386383, 65.704 ], [ 127.112828491126393, 37.393894400906596, 65.726 ], [ 127.112847602010547, 37.393894471685357, 65.771 ], [ 127.112869491477397, 37.393894550770135, 65.822 ], [ 127.112879272973103, 37.393894580752928, 65.845 ], [ 127.112900176701487, 37.393894779283123, 65.89 ], [ 127.112926862971023, 37.393895016048241, 65.947 ], [ 127.112966005890016, 37.393895361539201, 65.949 ], [ 127.113007267526982, 37.393895452438329, 65.89 ], [ 127.113048879875166, 37.39389552188392, 65.807 ], [ 127.113086874012865, 37.393895731833638, 65.741 ] ] ] } },
{ "type": "Feature", "properties": { "ID": "B319AS305408", "AdminCode": "206", "Type": "5", "Kind": "534", "LinkID": "A219AS306011", "Maker": "새한항업컨소시엄", "UpdateDate": "20181001", "Version": "2020", "Remark": "링크,노드생성제외", "HistType": null, "HistRemark": null }, "geometry": { "type": "Polygon", "coordinates": [ [ [ 127.112812908484685, 37.393648254146797, 66.036 ], [ 127.112805307831437, 37.393648195888787, 66.024 ], [ 127.112798201059917, 37.393648262678177, 66.009 ], [ 127.11278795913698, 37.39364812620029, 65.983 ], [ 127.112774558576305, 37.393647822129488, 65.945 ], [ 127.112762027222985, 37.3936475409471, 65.91 ], [ 127.112762694757606, 37.393665513585354, 65.905 ], [ 127.112779212409635, 37.393665840385687, 65.949 ], [ 127.112793647489895, 37.393665881583857, 65.981 ], [ 127.112802243364612, 37.393665892643867, 65.995 ], [ 127.112816333830352, 37.393666162663301, 66.021 ], [ 127.112830484819838, 37.393666271421715, 66.042 ], [ 127.112844708753997, 37.393666174054701, 66.074 ], [ 127.112856570990076, 37.393666111082275, 66.106 ], [ 127.112873893491567, 37.393666324543119, 66.139 ], [ 127.112888079937008, 37.393666370772927, 66.172 ], [ 127.112895668397343, 37.393666464881129, 66.188 ], [ 127.112904432287067, 37.393666532691164, 66.206 ], [ 127.112917200316062, 37.393666385035182, 66.237 ], [ 127.11293637595405, 37.393666573995617, 66.279 ], [ 127.112950159526278, 37.393666469585888, 66.287 ], [ 127.112961836131021, 37.393666601915243, 66.292 ], [ 127.112974363653151, 37.393666585601672, 66.286 ], [ 127.112987404703304, 37.393666811810469, 66.263 ], [ 127.113002484295222, 37.39366682722175, 66.237 ], [ 127.113014750761195, 37.393666860811734, 66.211 ], [ 127.113024099768097, 37.393667019066193, 66.192 ], [ 127.113031306356575, 37.393667025956901, 66.181 ], [ 127.113038683218875, 37.393666999515162, 66.168 ], [ 127.113045682948609, 37.393667147303411, 66.153 ], [ 127.113055022697552, 37.393667224294816, 66.135 ], [ 127.113066387437655, 37.393667180397344, 66.114 ], [ 127.113076112899705, 37.393667191443924, 66.094 ], [ 127.113085742157438, 37.393667435279944, 66.073 ], [ 127.113090972083114, 37.393667437651466, 66.059 ], [ 127.113097498706182, 37.393667532821866, 66.042 ], [ 127.11310426493246, 37.393667532678755, 66.02 ], [ 127.113120780107266, 37.393667507902926, 65.971 ], [ 127.113120809161686, 37.393649681573066, 66.002 ], [ 127.113111875451111, 37.393649629093396, 66.028 ], [ 127.113105313826011, 37.393649578427748, 66.043 ], [ 127.113080592108773, 37.393649382076376, 66.1 ], [ 127.113053746038304, 37.393649214896278, 66.156 ], [ 127.113021850253602, 37.393649066237629, 66.216 ], [ 127.112986503380981, 37.393649150879469, 66.278 ], [ 127.112951995908631, 37.393649095697796, 66.295 ], [ 127.11292687854457, 37.393648911023206, 66.269 ], [ 127.112899683348274, 37.393648702184478, 66.221 ], [ 127.112874339932205, 37.39364852290246, 66.164 ], [ 127.112860944335893, 37.393648471271675, 66.136 ], [ 127.112848136115289, 37.393648420004212, 66.11 ], [ 127.112837541675233, 37.393648377040606, 66.088 ], [ 127.112812908484685, 37.393648254146797, 66.036 ] ] ] } },
{ "type": "Feature", "properties": { "ID": "B319AS305409", "AdminCode": "206", "Type": "5", "Kind": "534", "LinkID": "A219AS306014", "Maker": "새한항업컨소시엄", "UpdateDate": "20181001", "Version": "2020", "Remark": "링크,노드생성제외", "HistType": null, "HistRemark": null }, "geometry": { "type": "Polygon", "coordinates": [ [ [ 127.112738806634411, 37.39382799769843, 65.744 ], [ 127.112738507526984, 37.393852984679526, 65.665 ], [ 127.112748916687821, 37.393862668105491, 65.671 ], [ 127.112755187840037, 37.39386844612514, 65.668 ], [ 127.112760479141045, 37.393873208109255, 65.653 ], [ 127.112760799747605, 37.393861325695717, 65.687 ], [ 127.112761025028348, 37.393851442542726, 65.705 ], [ 127.112761230449522, 37.393840549668838, 65.721 ], [ 127.112761127210192, 37.393826200066471, 65.762 ], [ 127.112761137948709, 37.393816764114831, 65.805 ], [ 127.112761397340961, 37.393805971240447, 65.829 ], [ 127.112761467033422, 37.393795535838748, 65.83 ], [ 127.112761521795576, 37.393787046905999, 65.837 ], [ 127.112761930525807, 37.393771200384244, 65.824 ], [ 127.112761857015812, 37.393762871629129, 65.83 ], [ 127.112761997821536, 37.393754104681534, 65.836 ], [ 127.112762102481781, 37.39374632853557, 65.838 ], [ 127.112762198330117, 37.393738903737741, 65.843 ], [ 127.11276220608336, 37.393733189914897, 65.85 ], [ 127.112762247942499, 37.393727016997346, 65.863 ], [ 127.112762370833124, 37.393723918647616, 65.866 ], [ 127.112762328670115, 37.393718843917753, 65.87 ], [ 127.112762314958459, 37.393713985942931, 65.872 ], [ 127.112762351162942, 37.393708488875134, 65.88 ], [ 127.112762458040976, 37.393703777026154, 65.885 ], [ 127.112762357375843, 37.393699683728478, 65.892 ], [ 127.112762443763742, 37.393690384172444, 65.898 ], [ 127.112762811590471, 37.39367661889279, 65.908 ], [ 127.112762513709185, 37.393660571826061, 65.906 ], [ 127.112739644670029, 37.393660819558903, 65.848 ], [ 127.112739676024788, 37.393680287133286, 65.85 ], [ 127.112739717803194, 37.393697087163964, 65.851 ], [ 127.112739778970607, 37.393716266813136, 65.841 ], [ 127.112739848070277, 37.393733328643407, 65.822 ], [ 127.112739622886437, 37.39375266594628, 65.813 ], [ 127.1127393658617, 37.393771921627916, 65.806 ], [ 127.112739250054602, 37.393785546730406, 65.801 ], [ 127.112739059855443, 37.393806191409098, 65.781 ], [ 127.112738936866236, 37.393816499784343, 65.763 ], [ 127.112738806634411, 37.39382799769843, 65.744 ] ] ] } },
{ "type": "Feature", "properties": { "ID": "B319AS305410", "AdminCode": "206", "Type": "5", "Kind": "534", "LinkID": "A219AS305943", "Maker": "새한항업컨소시엄", "UpdateDate": "20181001", "Version": "2020", "Remark": null, "HistType": null, "HistRemark": null }, "geometry": { "type": "Polygon", "coordinates": [ [ [ 127.105066032239847, 37.403344097500472, 66.476 ], [ 127.105075201094721, 37.403343829921418, 66.478 ], [ 127.105082406798772, 37.403326866736442, 66.503 ], [ 127.105066758408753, 37.403326931297606, 66.513 ], [ 127.105048686618346, 37.403326776753758, 66.507 ], [ 127.105034506738733, 37.403326846829252, 66.515 ], [ 127.105019822090114, 37.403326773622645, 66.537 ], [ 127.105003703717387, 37.403326659402715, 66.536 ], [ 127.104992804179773, 37.403326565765681, 66.537 ], [ 127.104979459963289, 37.403326649232589, 66.536 ], [ 127.104963110516039, 37.40332673859006, 66.549 ], [ 127.104950442103629, 37.403326454363459, 66.565 ], [ 127.104939589779917, 37.403326280365903, 66.577 ], [ 127.104929666583175, 37.403326445714733, 66.582 ], [ 127.104909341410718, 37.403326498358076, 66.599 ], [ 127.104898286498823, 37.403326294071, 66.599 ], [ 127.104886738509336, 37.403326379289865, 66.593 ], [ 127.10487403888736, 37.403326437030053, 66.57 ], [ 127.104857332839345, 37.403326331392492, 66.545 ], [ 127.104845098489548, 37.403326306464614, 66.523 ], [ 127.104832590617335, 37.403326376287382, 66.51 ], [ 127.104816755018504, 37.403326248550954, 66.479 ], [ 127.104807410929325, 37.40332629699995, 66.459 ], [ 127.104785293843804, 37.403326176689546, 66.392 ], [ 127.104770210546292, 37.403326232247387, 66.373 ], [ 127.104754722072116, 37.403326227231325, 66.356 ], [ 127.104739377225883, 37.403326350691415, 66.332 ], [ 127.104723757097773, 37.403326190347556, 66.304 ], [ 127.104711486827512, 37.403326245942417, 66.283 ], [ 127.104702666063417, 37.403326149562055, 66.272 ], [ 127.104691152860724, 37.4033261992696, 66.247 ], [ 127.104682465339678, 37.403326195149425, 66.237 ], [ 127.104669979599564, 37.403326283334877, 66.22 ], [ 127.104652832455329, 37.403326197632694, 66.208 ], [ 127.104647512094985, 37.403334241600916, 66.206 ], [ 127.104641902717916, 37.403343443548025, 66.213 ], [ 127.104660793034014, 37.403343394979494, 66.233 ], [ 127.104690021202444, 37.403343313904472, 66.263 ], [ 127.104721705968103, 37.403343479501707, 66.331 ], [ 127.104752308219943, 37.403343564644977, 66.395 ], [ 127.10477772801147, 37.403343530631545, 66.442 ], [ 127.104815991055816, 37.403343567358299, 66.508 ], [ 127.104847769115892, 37.403343617255018, 66.561 ], [ 127.104886426499419, 37.403343696331831, 66.604 ], [ 127.104922652085463, 37.403343889618725, 66.581 ], [ 127.10495643707786, 37.403344097839259, 66.548 ], [ 127.104992167146236, 37.403344229085057, 66.515 ], [ 127.10502377786014, 37.403344195138807, 66.492 ], [ 127.105049333621125, 37.403344145221816, 66.481 ], [ 127.105066032239847, 37.403344097500472, 66.476 ] ] ] } },
{ "type": "Feature", "properties": { "ID": "B319AS305411", "AdminCode": "206", "Type": "5", "Kind": "534", "LinkID": "A219AS305943", "Maker": "새한항업컨소시엄", "UpdateDate": "20181001", "Version": "2020", "Remark": null, "HistType": null, "HistRemark": null }, "geometry": { "type": "Polygon", "coordinates": [ [ [ 127.105205276962266, 37.403116943390742, 66.399 ], [ 127.105206458533729, 37.403113988203863, 66.391 ], [ 127.105195738747852, 37.403114384143088, 66.396 ], [ 127.105183889290771, 37.403114329370901, 66.406 ], [ 127.105179441395222, 37.403124964928878, 66.438 ], [ 127.105176481670725, 37.40313168587663, 66.451 ], [ 127.105173301430057, 37.403139088239961, 66.459 ], [ 127.10516928327003, 37.403148360785025, 66.505 ], [ 127.105164348994862, 37.40315991683368, 66.544 ], [ 127.105160343205981, 37.403169595139701, 66.563 ], [ 127.105154592740064, 37.40318260714249, 66.592 ], [ 127.105149887491677, 37.403194040686884, 66.602 ], [ 127.105146205038224, 37.403202543536985, 66.605 ], [ 127.105142381397798, 37.40321126943627, 66.608 ], [ 127.105137300081608, 37.403222832138788, 66.593 ], [ 127.105132723186813, 37.403233654889355, 66.575 ], [ 127.105128380596014, 37.403243697307573, 66.555 ], [ 127.105125244608644, 37.403251136428871, 66.542 ], [ 127.105122180742995, 37.403257954843056, 66.529 ], [ 127.105118257169266, 37.403267508290305, 66.513 ], [ 127.105116160890432, 37.403272242301426, 66.513 ], [ 127.10511390396249, 37.403277523500165, 66.511 ], [ 127.105110726377987, 37.403285268379491, 66.518 ], [ 127.105107388198149, 37.403293109821682, 66.515 ], [ 127.105103914731686, 37.403300940082374, 66.519 ], [ 127.105100282884834, 37.403309227441824, 66.503 ], [ 127.105096312373249, 37.403318401610257, 66.497 ], [ 127.105107824614166, 37.403318838523376, 66.478 ], [ 127.105118474068178, 37.403319441853611, 66.46 ], [ 127.105120050093078, 37.403315627790512, 66.457 ], [ 127.105122737842862, 37.403309389159865, 66.465 ], [ 127.105129577971979, 37.403293483587234, 66.486 ], [ 127.105136009862917, 37.403278535808077, 66.505 ], [ 127.105142561259612, 37.403263328581545, 66.525 ], [ 127.105149484740849, 37.403247253106095, 66.546 ], [ 127.105154883496013, 37.403234749178438, 66.567 ], [ 127.10516018623413, 37.403222469024001, 66.588 ], [ 127.105166680703149, 37.40320727890829, 66.589 ], [ 127.105172206449296, 37.403194218239868, 66.575 ], [ 127.10517741883973, 37.40318193663613, 66.561 ], [ 127.105182234967941, 37.403170585980661, 66.549 ], [ 127.105187075268603, 37.403159172624939, 66.536 ], [ 127.105192198847007, 37.403147277134607, 66.497 ], [ 127.105197058099094, 37.403136008282367, 66.461 ], [ 127.105201473649558, 37.403125759743162, 66.428 ], [ 127.105205276962266, 37.403116943390742, 66.399 ] ] ] } },
{ "type": "Feature", "properties": { "ID": "B319AS305412", "AdminCode": "206", "Type": "5", "Kind": "534", "LinkID": "A219AS305945", "Maker": "새한항업컨소시엄", "UpdateDate": "20181001", "Version": "2020", "Remark": null, "HistType": null, "HistRemark": null }, "geometry": { "type": "Polygon", "coordinates": [ [ [ 127.104825153920117, 37.403074943195776, 66.282 ], [ 127.104819031232879, 37.403074926135922, 66.269 ], [ 127.104808063664265, 37.403091883061215, 66.275 ], [ 127.104827055098596, 37.403091854111743, 66.308 ], [ 127.10484230887478, 37.403091756217009, 66.328 ], [ 127.10486319368097, 37.403091460207257, 66.371 ], [ 127.104882226654951, 37.403091576115116, 66.401 ], [ 127.104908278300016, 37.403091570228597, 66.423 ], [ 127.104931849862368, 37.40309135333478, 66.446 ], [ 127.104956040254052, 37.403091236483114, 66.469 ], [ 127.104978332109624, 37.403091143262522, 66.486 ], [ 127.105013279684115, 37.403091388130079, 66.491 ], [ 127.10503893046662, 37.403091150475078, 66.489 ], [ 127.1050540826092, 37.403091050923564, 66.483 ], [ 127.105069726184269, 37.403091175549051, 66.465 ], [ 127.105082472072809, 37.403091073466548, 66.466 ], [ 127.105096119789309, 37.403091048928268, 66.456 ], [ 127.10511192418582, 37.403091067976312, 66.453 ], [ 127.105129716552668, 37.403091100867577, 66.446 ], [ 127.105140969534801, 37.403091064970184, 66.436 ], [ 127.105152660663194, 37.403091126220922, 66.416 ], [ 127.105163134675564, 37.40309106882092, 66.408 ], [ 127.105179560171379, 37.403091097816933, 66.374 ], [ 127.105186892768373, 37.403074028508499, 66.332 ], [ 127.105176079296385, 37.403074107506256, 66.35 ], [ 127.105162036791796, 37.403074107699808, 66.366 ], [ 127.105144898724802, 37.403074112340356, 66.385 ], [ 127.105125795046604, 37.403074112504022, 66.407 ], [ 127.105106159930642, 37.40307413118223, 66.428 ], [ 127.105083258954082, 37.403074187624028, 66.451 ], [ 127.105063747377329, 37.403074235313298, 66.47 ], [ 127.105041061643234, 37.403074268160175, 66.474 ], [ 127.105019460235781, 37.40307430937473, 66.473 ], [ 127.104996853323982, 37.403074352489341, 66.467 ], [ 127.104974596486173, 37.403074401212358, 66.458 ], [ 127.104953728423965, 37.403074481210062, 66.444 ], [ 127.104932318085204, 37.403074561522118, 66.428 ], [ 127.104908728708892, 37.40307458886776, 66.406 ], [ 127.104877128040513, 37.403074677020662, 66.365 ], [ 127.104858485549087, 37.403074756635704, 66.336 ], [ 127.104843153181307, 37.403074835247402, 66.311 ], [ 127.104825153920117, 37.403074943195776, 66.282 ] ] ] } },
{ "type": "Feature", "properties": { "ID": "B319AS305413", "AdminCode": "206", "Type": "5", "Kind": "534", "LinkID": "A219AS305955", "Maker": "새한항업컨소시엄", "UpdateDate": "20181001", "Version": "2020", "Remark": "링크,노드생성제외", "HistType": null, "HistRemark": null }, "geometry": { "type": "Polygon", "coordinates": [ [ [ 127.104758716957321, 37.403118796266291, 66.223 ], [ 127.104748057164628, 37.403134298094116, 66.233 ], [ 127.104739202951137, 37.403147188207697, 66.241 ], [ 127.104728043717444, 37.403163231788156, 66.242 ], [ 127.104714497460705, 37.403182544682501, 66.234 ], [ 127.104702673648347, 37.403199406754673, 66.228 ], [ 127.104689994818287, 37.403217471803941, 66.224 ], [ 127.104676484235711, 37.403236713165505, 66.219 ], [ 127.104662197908965, 37.403257149762233, 66.211 ], [ 127.104651964816682, 37.403271856309573, 66.202 ], [ 127.104638507045905, 37.403291242713443, 66.187 ], [ 127.104626017436829, 37.403309418939664, 66.159 ], [ 127.104618476999278, 37.403320383408818, 66.142 ], [ 127.104616610857349, 37.403323156373993, 66.139 ], [ 127.104629518968025, 37.40332289471705, 66.167 ], [ 127.104640063718449, 37.403322721335535, 66.188 ], [ 127.104647106307766, 37.403312235557138, 66.197 ], [ 127.104653670854304, 37.403302787563696, 66.214 ], [ 127.104661265932648, 37.40329189606846, 66.213 ], [ 127.104667241550743, 37.403283402968945, 66.219 ], [ 127.104674328395362, 37.403272953948466, 66.217 ], [ 127.104681219572925, 37.403263096615596, 66.218 ], [ 127.104689741498007, 37.403250841066701, 66.23 ], [ 127.104697497671395, 37.403239384364014, 66.253 ], [ 127.10470301901853, 37.403231433741247, 66.247 ], [ 127.104709073902939, 37.403222932897982, 66.245 ], [ 127.104714827003676, 37.403214751665594, 66.245 ], [ 127.104725189743235, 37.403199830891083, 66.259 ], [ 127.104735590669392, 37.403184739490207, 66.269 ], [ 127.104745270560571, 37.403170465677583, 66.278 ], [ 127.104753052877584, 37.403159315815451, 66.278 ], [ 127.104759673406491, 37.403149886738284, 66.283 ], [ 127.104764973823265, 37.403142184920121, 66.28 ], [ 127.104772688605053, 37.403131024961183, 66.274 ], [ 127.104778884206155, 37.403122319082605, 66.274 ], [ 127.104784614705878, 37.40311413748411, 66.263 ], [ 127.104789882828157, 37.403106372059312, 66.256 ], [ 127.104765456593526, 37.403108675135236, 66.219 ], [ 127.104758716957321, 37.403118796266291, 66.223 ] ] ] } },
{ "type": "Feature", "properties": { "ID": "B319AS305414", "AdminCode": "206", "Type": "5", "Kind": "534", "LinkID": "A219AS305959", "Maker": "새한항업컨소시엄", "UpdateDate": "20181001", "Version": "2020", "Remark": null, "HistType": null, "HistRemark": null }, "geometry": { "type": "Polygon", "coordinates": [ [ [ 127.106205300639303, 37.399969848309986, 63.143 ], [ 127.106217029880355, 37.399970171423419, 63.154 ], [ 127.106229707670138, 37.399970509733187, 63.165 ], [ 127.10625067170065, 37.399971070926298, 63.199 ], [ 127.106275147166514, 37.399971706399029, 63.257 ], [ 127.106298933579239, 37.399972339839714, 63.318 ], [ 127.106327528902128, 37.399973113406865, 63.409 ], [ 127.106359445733816, 37.399973877092528, 63.468 ], [ 127.106394987377826, 37.399974698840673, 63.5 ], [ 127.106424691157926, 37.399975418042111, 63.468 ], [ 127.106456471578738, 37.399976215566326, 63.418 ], [ 127.106483147677721, 37.399976940324997, 63.348 ], [ 127.106495915582371, 37.399977289062335, 63.314 ], [ 127.106508390115451, 37.399977624086127, 63.281 ], [ 127.106513278298493, 37.39997775646723, 63.268 ], [ 127.106524036183316, 37.399978073002146, 63.238 ], [ 127.106534737833769, 37.399978379622745, 63.208 ], [ 127.10655004513464, 37.399978823108519, 63.164 ], [ 127.106562259266525, 37.399979180992773, 63.13 ], [ 127.1065729044562, 37.399979486705483, 63.1 ], [ 127.106583323347536, 37.399979806817221, 63.075 ], [ 127.106596790239379, 37.399980211803204, 63.048 ], [ 127.106607626717491, 37.399980547614504, 63.027 ], [ 127.106618926178001, 37.399980890841142, 63.004 ], [ 127.106620077666989, 37.39997957543374, 63.003 ], [ 127.106622472614305, 37.399976432378679, 62.997 ], [ 127.106627049951882, 37.39997051237674, 62.968 ], [ 127.106628698841504, 37.399968285660101, 62.959 ], [ 127.106630367368027, 37.399966176420726, 62.952 ], [ 127.106631652140521, 37.399964502647528, 62.945 ], [ 127.106632209586039, 37.399963898725744, 62.943 ], [ 127.106617978451681, 37.399963337301521, 62.995 ], [ 127.106604409252242, 37.399962957716689, 63.027 ], [ 127.106593773316263, 37.399962733267756, 63.048 ], [ 127.106581785031679, 37.399962379004592, 63.093 ], [ 127.106569523919447, 37.399962092469956, 63.139 ], [ 127.106552580153036, 37.399961586721993, 63.197 ], [ 127.106536336279433, 37.399961101195863, 63.233 ], [ 127.106521922656938, 37.39996060893688, 63.256 ], [ 127.10650899507624, 37.399960320732063, 63.267 ], [ 127.106495350914145, 37.399959777708567, 63.3 ], [ 127.10648346085992, 37.399959560196812, 63.331 ], [ 127.106473786806873, 37.399959270033442, 63.359 ], [ 127.106467804411139, 37.399959075059087, 63.379 ], [ 127.106458208043492, 37.399958840214069, 63.417 ], [ 127.106449390387326, 37.399958635868224, 63.446 ], [ 127.106441564408001, 37.399958528521104, 63.467 ], [ 127.106431197673672, 37.399958380470295, 63.486 ], [ 127.106420503691041, 37.399958218163441, 63.506 ], [ 127.106408674407177, 37.399957830379897, 63.509 ], [ 127.106394349310747, 37.399957411623703, 63.488 ], [ 127.106375839100323, 37.399956754580039, 63.459 ], [ 127.106360508994683, 37.399956319718903, 63.43 ], [ 127.10634874655814, 37.399955969050353, 63.421 ], [ 127.106340020828242, 37.399955703081481, 63.413 ], [ 127.106327274832907, 37.39995538171592, 63.375 ], [ 127.106312624076864, 37.39995488563229, 63.308 ], [ 127.106294039765316, 37.399954479739115, 63.259 ], [ 127.106274410718015, 37.399953840804429, 63.193 ], [ 127.10625499889855, 37.399953547822484, 63.178 ], [ 127.106237310303655, 37.399953012070924, 63.153 ], [ 127.106223570365543, 37.399952683781962, 63.152 ], [ 127.106214094860064, 37.399952135415489, 63.149 ], [ 127.106205300639303, 37.399969848309986, 63.143 ] ] ] } },
{ "type": "Feature", "properties": { "ID": "B319AS305415", "AdminCode": "206", "Type": "5", "Kind": "534", "LinkID": "A219AS305965", "Maker": "새한항업컨소시엄", "UpdateDate": "20181001", "Version": "2020", "Remark": "링크,노드생성제외", "HistType": null, "HistRemark": null }, "geometry": { "type": "Polygon", "coordinates": [ [ [ 127.106289991853473, 37.399748632088162, 62.961 ], [ 127.10627630390637, 37.399776757154861, 62.996 ], [ 127.106270182226254, 37.399789276600529, 63.017 ], [ 127.106265906536251, 37.399798022339233, 63.031 ], [ 127.106259855553915, 37.399810425754254, 63.052 ], [ 127.106253816768813, 37.399822793314286, 63.075 ], [ 127.106246799634164, 37.399837227090558, 63.1 ], [ 127.106240493593205, 37.399850338406843, 63.113 ], [ 127.106232472345511, 37.399866964161141, 63.127 ], [ 127.106224870133971, 37.399882650314282, 63.138 ], [ 127.106217517755709, 37.399897835768748, 63.146 ], [ 127.106209066618575, 37.399915382922806, 63.146 ], [ 127.106201769560982, 37.399930614325058, 63.139 ], [ 127.106191820301859, 37.399951129630203, 63.124 ], [ 127.10620325095239, 37.399951646236303, 63.137 ], [ 127.106214613849673, 37.399952161755735, 63.149 ], [ 127.106218459042523, 37.399943913822803, 63.146 ], [ 127.1062212004896, 37.399938225785391, 63.153 ], [ 127.106224354626562, 37.399931850396221, 63.161 ], [ 127.10622785778186, 37.399924624409756, 63.17 ], [ 127.106229687090888, 37.399920616111139, 63.174 ], [ 127.106232627080772, 37.399914669891459, 63.173 ], [ 127.106236022981449, 37.399907216873402, 63.169 ], [ 127.106238828824118, 37.399901214429164, 63.168 ], [ 127.106242147625736, 37.399894580314665, 63.165 ], [ 127.106249033115517, 37.399879991216892, 63.142 ], [ 127.106255555751019, 37.399866802257783, 63.116 ], [ 127.106260703448172, 37.39985572723613, 63.11 ], [ 127.106264743773337, 37.39984735625255, 63.106 ], [ 127.106268689631435, 37.399839596606448, 63.104 ], [ 127.106275013988721, 37.399826206194021, 63.093 ], [ 127.106281306234834, 37.399813193792461, 63.086 ], [ 127.106286928243691, 37.399801675742737, 63.067 ], [ 127.106291413767792, 37.399792672002086, 63.051 ], [ 127.106295910402466, 37.399783226825903, 63.034 ], [ 127.106300268988704, 37.399774329201342, 63.021 ], [ 127.106312009446455, 37.399748624335501, 62.993 ], [ 127.106289991853473, 37.399748632088162, 62.961 ] ] ] } },
{ "type": "Feature", "properties": { "ID": "B319AS305416", "AdminCode": "206", "Type": "5", "Kind": "534", "LinkID": "A219AS305960", "Maker": "새한항업컨소시엄", "UpdateDate": "20181001", "Version": "2020", "Remark": null, "HistType": null, "HistRemark": null }, "geometry": { "type": "Polygon", "coordinates": [ [ [ 127.106319370137896, 37.399731312053582, 62.985 ], [ 127.106312009446455, 37.399748624335501, 62.993 ], [ 127.106328889717133, 37.39974895786235, 63.014 ], [ 127.106347891790278, 37.39974937044235, 63.034 ], [ 127.106377908080049, 37.399749788235653, 63.089 ], [ 127.106406985302726, 37.399750263077344, 63.185 ], [ 127.106437765836361, 37.399750837299131, 63.274 ], [ 127.106452173567504, 37.399751113173139, 63.292 ], [ 127.106473681153759, 37.39975161994608, 63.311 ], [ 127.106493941381771, 37.399752314020866, 63.331 ], [ 127.106505823965776, 37.399752378198748, 63.334 ], [ 127.106525489788481, 37.399752900520774, 63.323 ], [ 127.106541103066917, 37.399753303846154, 63.307 ], [ 127.106554808414728, 37.399753658581254, 63.286 ], [ 127.106563488500299, 37.399753941827854, 63.268 ], [ 127.10657427052513, 37.399754195656911, 63.257 ], [ 127.106582219791193, 37.399754341019992, 63.25 ], [ 127.106590866680577, 37.399754596695288, 63.234 ], [ 127.106600848318791, 37.399754783625646, 63.226 ], [ 127.106611259288016, 37.399754968419899, 63.202 ], [ 127.106624115906811, 37.399755381651644, 63.17 ], [ 127.106633587355091, 37.399755641519455, 63.139 ], [ 127.106644087982176, 37.39975585478453, 63.113 ], [ 127.106654181409439, 37.399756088563663, 63.1 ], [ 127.106666813771582, 37.399756435110945, 63.076 ], [ 127.10668173664007, 37.399756890446326, 63.048 ], [ 127.10668561741798, 37.399749021592982, 63.038 ], [ 127.106689873463608, 37.399739707735137, 63.027 ], [ 127.106674124679813, 37.399739302258936, 63.058 ], [ 127.106660667762142, 37.399738951517108, 63.085 ], [ 127.106634950221789, 37.399738296229103, 63.148 ], [ 127.106601329720192, 37.399737451253436, 63.217 ], [ 127.106571400866329, 37.399736701454458, 63.266 ], [ 127.106543118635727, 37.39973605913805, 63.305 ], [ 127.106513050875989, 37.399735442286882, 63.31 ], [ 127.106484145988091, 37.399734853069376, 63.297 ], [ 127.106464996437936, 37.399734465186341, 63.28 ], [ 127.106441159940147, 37.399734029252961, 63.243 ], [ 127.106421781598726, 37.399733754860392, 63.192 ], [ 127.106395452697782, 37.399733152813802, 63.114 ], [ 127.106369599884445, 37.399732486288414, 63.049 ], [ 127.106351447225464, 37.399731988182545, 63.033 ], [ 127.106334491541134, 37.3997315092505, 63.018 ], [ 127.106319370137896, 37.399731312053582, 62.985 ] ] ] } },
{ "type": "Feature", "properties": { "ID": "B319AS305417", "AdminCode": "206", "Type": "5", "Kind": "534", "LinkID": "A219AS305977", "Maker": "새한항업컨소시엄", "UpdateDate": "20181001", "Version": "2020", "Remark": null, "HistType": null, "HistRemark": null }, "geometry": { "type": "Polygon", "coordinates": [ [ [ 127.107150175271784, 37.396326188469409, 65.842 ], [ 127.107161535260261, 37.396325451104545, 65.827 ], [ 127.107156564609753, 37.396310645045077, 65.863 ], [ 127.107152298151675, 37.396297932154745, 65.894 ], [ 127.107148210508811, 37.396285744854033, 65.924 ], [ 127.107142962597123, 37.396270285452381, 65.959 ], [ 127.107136692371057, 37.396251907647169, 65.996 ], [ 127.10713143407871, 37.396236412028678, 66.027 ], [ 127.107125376546591, 37.39621856035518, 66.06 ], [ 127.107120655605641, 37.396204605470039, 66.074 ], [ 127.107115355779058, 37.396188964985306, 66.089 ], [ 127.107110630308767, 37.396175190277695, 66.104 ], [ 127.107104170219301, 37.396156277691389, 66.123 ], [ 127.107099899924862, 37.396143717950515, 66.133 ], [ 127.10709506207742, 37.396129022165297, 66.148 ], [ 127.107092944569175, 37.396122490226524, 66.154 ], [ 127.107090879440037, 37.39611612135193, 66.157 ], [ 127.107079420164851, 37.396116316369017, 66.186 ], [ 127.107067945558967, 37.39611622273874, 66.223 ], [ 127.107070442634864, 37.396123382620466, 66.207 ], [ 127.107073809379756, 37.396133242160971, 66.19 ], [ 127.107077203654399, 37.396143354492885, 66.169 ], [ 127.107081642599695, 37.396156394599032, 66.148 ], [ 127.107084178458152, 37.396164258078301, 66.138 ], [ 127.107086927685302, 37.396172620663201, 66.135 ], [ 127.10709101372629, 37.396184871028055, 66.123 ], [ 127.107095449729769, 37.396198028249344, 66.106 ], [ 127.107098984002533, 37.396208413198217, 66.078 ], [ 127.107103047730917, 37.396220203566656, 66.071 ], [ 127.107107204886162, 37.396232770508071, 66.057 ], [ 127.107110562614906, 37.396242539777866, 66.036 ], [ 127.107113416378667, 37.396251237499456, 66.021 ], [ 127.107115938992592, 37.396258280626355, 66.002 ], [ 127.107119081128843, 37.396267190253759, 65.987 ], [ 127.10712336944286, 37.396280381158974, 65.967 ], [ 127.107128506967442, 37.396295289029851, 65.931 ], [ 127.107131663530893, 37.396304523338763, 65.913 ], [ 127.107134424245842, 37.396313327720058, 65.898 ], [ 127.10713928073605, 37.396326834148994, 65.865 ], [ 127.107150175271784, 37.396326188469409, 65.842 ] ] ] } },
{ "type": "Feature", "properties": { "ID": "B319AS305418", "AdminCode": "206", "Type": "5", "Kind": "534", "LinkID": "A219AS305614", "Maker": "새한항업컨소시엄", "UpdateDate": "20181001", "Version": "2020", "Remark": null, "HistType": null, "HistRemark": null }, "geometry": { "type": "Polygon", "coordinates": [ [ [ 127.109467199167597, 37.403353723332636, 73.837 ], [ 127.109467282718427, 37.403357591038571, 73.816 ], [ 127.109489127361314, 37.403359562692899, 73.797 ], [ 127.10948904753954, 37.403346556354855, 73.873 ], [ 127.109489104902224, 37.403335733239985, 73.913 ], [ 127.109489266845486, 37.403328390629241, 73.934 ], [ 127.10948921388291, 37.403315664108753, 73.973 ], [ 127.109489439530392, 37.403300842128154, 73.987 ], [ 127.109489230193844, 37.403285796889669, 74.021 ], [ 127.109489270231649, 37.403270268963922, 74.046 ], [ 127.109489437239574, 37.403261376281243, 74.069 ], [ 127.10948949281827, 37.403250174612012, 74.084 ], [ 127.1094894737614, 37.403236998007827, 74.089 ], [ 127.109489477348475, 37.403226516508312, 74.089 ], [ 127.109489511020655, 37.403215287451097, 74.084 ], [ 127.109489451150353, 37.403201037704555, 74.064 ], [ 127.10948968118754, 37.403191884666946, 74.051 ], [ 127.109489651066539, 37.403182294867349, 74.026 ], [ 127.109489734775934, 37.403169074844158, 74.011 ], [ 127.109489753303208, 37.403154402763192, 73.985 ], [ 127.109489853372793, 37.40314322884295, 73.952 ], [ 127.109489783313293, 37.403129384496559, 73.929 ], [ 127.109489833909876, 37.403118381022786, 73.898 ], [ 127.109489725303945, 37.403106969439335, 73.869 ], [ 127.10948977063417, 37.403093478426641, 73.843 ], [ 127.109490074229726, 37.403085444117515, 73.848 ], [ 127.109490075498627, 37.403079549951762, 73.846 ], [ 127.109467830569571, 37.403080023300518, 73.856 ], [ 127.109467790615142, 37.403097795344685, 73.856 ], [ 127.109467714117997, 37.40310758171438, 73.879 ], [ 127.109467576321478, 37.403126100232392, 73.923 ], [ 127.10946748927347, 37.403149342120841, 73.975 ], [ 127.109467611323566, 37.403169658285769, 74.014 ], [ 127.109467647306886, 37.403193848456191, 74.058 ], [ 127.109467570332697, 37.403214891451455, 74.093 ], [ 127.109467369561173, 37.403232769073199, 74.087 ], [ 127.109467162195116, 37.403251358578245, 74.08 ], [ 127.10946704253962, 37.403272301752949, 74.046 ], [ 127.109466969693401, 37.403285089348813, 74.022 ], [ 127.109466954670694, 37.403301419788548, 73.989 ], [ 127.109467062394657, 37.403312416781759, 73.964 ], [ 127.1094671838175, 37.403324666733894, 73.936 ], [ 127.109467304306477, 37.403337403346931, 73.907 ], [ 127.109467199167597, 37.403353723332636, 73.837 ] ] ] } },
{ "type": "Feature", "properties": { "ID": "B319AS305419", "AdminCode": "206", "Type": "5", "Kind": "534", "LinkID": "A219AS306113", "Maker": "새한항업컨소시엄", "UpdateDate": "20181001", "Version": "2020", "Remark": "링크,노드생성제외", "HistType": null, "HistRemark": null }, "geometry": { "type": "Polygon", "coordinates": [ [ [ 127.109492464335574, 37.403061815477095, 73.828 ], [ 127.109489964566663, 37.403061937719428, 73.835 ], [ 127.109490075498627, 37.403079549951762, 73.846 ], [ 127.109502567100805, 37.403079227024392, 73.843 ], [ 127.109519739781177, 37.403078744641583, 73.834 ], [ 127.109534536459265, 37.403078404504107, 73.825 ], [ 127.109550589800392, 37.403077958288826, 73.808 ], [ 127.109568171509309, 37.403077383303334, 73.794 ], [ 127.10958781865628, 37.403076886412144, 73.772 ], [ 127.109604495587817, 37.403076351025469, 73.769 ], [ 127.109621838790488, 37.403075826292486, 73.763 ], [ 127.109639348893694, 37.403075403363935, 73.759 ], [ 127.109653154301029, 37.403074948220073, 73.754 ], [ 127.109667003068026, 37.403074565868174, 73.784 ], [ 127.109682512998788, 37.403074165019198, 73.812 ], [ 127.109700929689765, 37.40307363040538, 73.788 ], [ 127.109716435998152, 37.403073373694269, 73.763 ], [ 127.109734346779746, 37.403072740859173, 73.744 ], [ 127.109744519521911, 37.403072534034294, 73.721 ], [ 127.109759396380014, 37.403072150088306, 73.692 ], [ 127.109770035972673, 37.403071797514528, 73.685 ], [ 127.109786572183395, 37.403071467139533, 73.66 ], [ 127.109799347913651, 37.403071076624421, 73.641 ], [ 127.109813535235574, 37.403070708682044, 73.632 ], [ 127.109830518427586, 37.403070124086021, 73.611 ], [ 127.109848662960047, 37.403069630159415, 73.576 ], [ 127.109860497544773, 37.403069377800009, 73.55 ], [ 127.109873618822036, 37.403069173053048, 73.5 ], [ 127.109861961648463, 37.403051574453812, 73.499 ], [ 127.109851618386216, 37.40305182362453, 73.519 ], [ 127.109833079065183, 37.403052293213221, 73.556 ], [ 127.109810943901621, 37.403052894557341, 73.578 ], [ 127.109778756596242, 37.403053848854952, 73.617 ], [ 127.109747232618588, 37.403054930914756, 73.67 ], [ 127.109708624702179, 37.403056034861862, 73.723 ], [ 127.109680422171493, 37.40305666532219, 73.741 ], [ 127.109650826333237, 37.40305744472996, 73.71 ], [ 127.109620777879869, 37.403058252941442, 73.72 ], [ 127.109587382929021, 37.403059160834687, 73.736 ], [ 127.109550019248374, 37.40306020351737, 73.746 ], [ 127.10951750354478, 37.403061188541287, 73.792 ], [ 127.109492464335574, 37.403061815477095, 73.828 ] ] ] } },
{ "type": "Feature", "properties": { "ID": "B319AS305420", "AdminCode": "206", "Type": "5", "Kind": "534", "LinkID": "A219AS305623", "Maker": "새한항업컨소시엄", "UpdateDate": "20181001", "Version": "2020", "Remark": null, "HistType": null, "HistRemark": null }, "geometry": { "type": "Polygon", "coordinates": [ [ [ 127.109873618822036, 37.403069173053048, 73.5 ], [ 127.109873851697671, 37.40308867986473, 73.549 ], [ 127.109873919457428, 37.403108463424005, 73.602 ], [ 127.109873711988271, 37.403130657936529, 73.624 ], [ 127.109873702863979, 37.403148106024169, 73.655 ], [ 127.109873803817578, 37.403171963771882, 73.719 ], [ 127.109873697538802, 37.403186084686894, 73.768 ], [ 127.109873518929362, 37.403197239327049, 73.801 ], [ 127.109873324319906, 37.40321172834269, 73.831 ], [ 127.109873407373371, 37.403228655178161, 73.844 ], [ 127.109873230394641, 37.403242892125206, 73.839 ], [ 127.109873110918315, 37.403250794192168, 73.834 ], [ 127.109873165860009, 37.403261646141459, 73.825 ], [ 127.1098729278946, 37.403272015743305, 73.808 ], [ 127.109872946493496, 37.403282515623182, 73.786 ], [ 127.109872956999396, 37.403288391952358, 73.775 ], [ 127.109872904775244, 37.403297214371491, 73.756 ], [ 127.109872703805522, 37.403308359641343, 73.738 ], [ 127.109872838449647, 37.403319636453404, 73.717 ], [ 127.109872822943572, 37.403330144800343, 73.685 ], [ 127.109872801176209, 37.403339553520063, 73.631 ], [ 127.109872798171807, 37.403348665126771, 73.577 ], [ 127.109872853190083, 37.403358165199556, 73.53 ], [ 127.109883966239991, 37.403357405611473, 73.526 ], [ 127.109894690807977, 37.403356820060338, 73.523 ], [ 127.109894632037097, 37.403349717257072, 73.553 ], [ 127.109894749704722, 37.403337840641214, 73.597 ], [ 127.109894985090747, 37.403313186158528, 73.689 ], [ 127.109895190216079, 37.403292433611767, 73.724 ], [ 127.109895264461159, 37.403265649597998, 73.774 ], [ 127.109895374566619, 37.403243732916891, 73.78 ], [ 127.109895515884702, 37.4032210236333, 73.766 ], [ 127.109895664143124, 37.403199386950178, 73.754 ], [ 127.109896030008358, 37.403175834080621, 73.686 ], [ 127.109896387723893, 37.403152605531261, 73.619 ], [ 127.109896044807172, 37.403133881049023, 73.596 ], [ 127.109895750077413, 37.403117734917309, 73.575 ], [ 127.109895460075762, 37.403101850224139, 73.555 ], [ 127.109895462081695, 37.40307839067335, 73.481 ], [ 127.109873618822036, 37.403069173053048, 73.5 ] ] ] } },
{ "type": "Feature", "properties": { "ID": "B319AS305421", "AdminCode": "206", "Type": "5", "Kind": "534", "LinkID": "A219AS305793", "Maker": "새한항업컨소시엄", "UpdateDate": "20181001", "Version": "2020", "Remark": null, "HistType": null, "HistRemark": null }, "geometry": { "type": "Polygon", "coordinates": [ [ [ 127.113129113942165, 37.39610553111951, 62.627 ], [ 127.113104247797438, 37.396104305029866, 62.701 ], [ 127.113080870803856, 37.396103156781876, 62.771 ], [ 127.113056343186486, 37.396101945098692, 62.844 ], [ 127.113028552943959, 37.396100654289356, 62.911 ], [ 127.113002431616195, 37.396099480241197, 62.965 ], [ 127.11297151763975, 37.396097977325866, 62.998 ], [ 127.112937122209246, 37.396096112396911, 62.982 ], [ 127.112899251646368, 37.396094083827919, 62.958 ], [ 127.112862616395219, 37.396092345344599, 62.879 ], [ 127.11283205201704, 37.396090865999234, 62.809 ], [ 127.11279505927665, 37.396088968574524, 62.705 ], [ 127.112768220260875, 37.39608758474062, 62.63 ], [ 127.112767979815644, 37.396098522114222, 62.617 ], [ 127.112767839446406, 37.396107271040599, 62.623 ], [ 127.112804061213922, 37.396107930460687, 62.723 ], [ 127.112817327609832, 37.396108646967463, 62.762 ], [ 127.112828257978009, 37.396109272102002, 62.784 ], [ 127.112844988669735, 37.396110134039745, 62.819 ], [ 127.112858997382062, 37.396110979556006, 62.848 ], [ 127.112865473852409, 37.396111281229153, 62.866 ], [ 127.112880849991939, 37.396112103511228, 62.898 ], [ 127.112900206230904, 37.396113223658588, 62.935 ], [ 127.11291647803165, 37.396113916034544, 62.957 ], [ 127.112932565098433, 37.396114767684672, 62.969 ], [ 127.112949550983714, 37.396115813932276, 62.981 ], [ 127.112965548169669, 37.39611664611796, 62.986 ], [ 127.112980607014322, 37.396117508384371, 62.994 ], [ 127.11299544183268, 37.396118294972247, 62.968 ], [ 127.113006747090296, 37.396118835949736, 62.94 ], [ 127.113017418204748, 37.396119438903057, 62.911 ], [ 127.113028418812505, 37.396119966002558, 62.888 ], [ 127.113037806964925, 37.396120377235135, 62.865 ], [ 127.113049147228111, 37.396120873704703, 62.845 ], [ 127.113059536954282, 37.396121436112161, 62.807 ], [ 127.113075233559684, 37.396122092246621, 62.763 ], [ 127.113087992964509, 37.396122755567141, 62.735 ], [ 127.113100043025071, 37.39612332645018, 62.702 ], [ 127.113110062836711, 37.396123774797843, 62.669 ], [ 127.113122853632319, 37.396124537753543, 62.634 ], [ 127.113136914296305, 37.396125113690253, 62.581 ], [ 127.113148647512062, 37.396125706548226, 62.556 ], [ 127.113148692989313, 37.396116685730256, 62.562 ], [ 127.113149030252046, 37.396106840417026, 62.576 ], [ 127.113129113942165, 37.39610553111951, 62.627 ] ] ] } },
{ "type": "Feature", "properties": { "ID": "B319AS305422", "AdminCode": "206", "Type": "5", "Kind": "534", "LinkID": "A219AS305526", "Maker": "새한항업컨소시엄", "UpdateDate": "20181001", "Version": "2020", "Remark": null, "HistType": null, "HistRemark": null }, "geometry": { "type": "Polygon", "coordinates": [ [ [ 127.113171583882874, 37.396130011147974, 62.466 ], [ 127.113171649020245, 37.39611930530041, 62.48 ], [ 127.113160120181462, 37.396119121271035, 62.532 ], [ 127.11314867625444, 37.396119154896702, 62.56 ], [ 127.113148647512062, 37.396125706548226, 62.556 ], [ 127.113148317695931, 37.396136155819867, 62.54 ], [ 127.113148048651865, 37.396144181690644, 62.536 ], [ 127.113147765140397, 37.396153685385613, 62.547 ], [ 127.113147605850429, 37.396161839183769, 62.541 ], [ 127.11314753600746, 37.396168227953595, 62.54 ], [ 127.113147285032341, 37.396175983736839, 62.547 ], [ 127.113147021392905, 37.39618559589934, 62.54 ], [ 127.113146805430873, 37.396192405925653, 62.54 ], [ 127.113146654951407, 37.396200208375674, 62.542 ], [ 127.113146553036103, 37.396206975159821, 62.545 ], [ 127.113146253040256, 37.396216235253227, 62.55 ], [ 127.113145981058352, 37.396224378239893, 62.54 ], [ 127.11314566751561, 37.396233277615757, 62.53 ], [ 127.113145469366614, 37.396242980948884, 62.515 ], [ 127.113145107267897, 37.396252014737605, 62.497 ], [ 127.113144936459335, 37.396260177364312, 62.475 ], [ 127.113144775804273, 37.396269286468836, 62.448 ], [ 127.113144575868958, 37.396276808740858, 62.428 ], [ 127.113144293263801, 37.396285825773411, 62.403 ], [ 127.113144160857132, 37.39629290750932, 62.385 ], [ 127.113143948930613, 37.396302709760256, 62.351 ], [ 127.113143681913684, 37.396311105176963, 62.326 ], [ 127.113166927145315, 37.396305798337671, 62.297 ], [ 127.113167179290571, 37.396293491244975, 62.321 ], [ 127.113167595628084, 37.396280042181701, 62.351 ], [ 127.113167894718231, 37.396270818123995, 62.366 ], [ 127.113168132818814, 37.396263125223008, 62.378 ], [ 127.113168473021574, 37.396252712167424, 62.395 ], [ 127.113168701859351, 37.396245388632352, 62.407 ], [ 127.113168953510538, 37.396237605822343, 62.42 ], [ 127.113169217135265, 37.396229345539297, 62.434 ], [ 127.113169478274813, 37.396221184354403, 62.447 ], [ 127.113169736477346, 37.396213140285518, 62.46 ], [ 127.113170106500391, 37.396201538051706, 62.479 ], [ 127.11317033849636, 37.396194539018111, 62.49 ], [ 127.113170566475034, 37.396182294627152, 62.486 ], [ 127.113170878724503, 37.396166239280596, 62.48 ], [ 127.113171135841952, 37.396153283364711, 62.475 ], [ 127.113171335802406, 37.396142606706896, 62.471 ], [ 127.113171500059806, 37.396134254712251, 62.467 ], [ 127.113171583882874, 37.396130011147974, 62.466 ] ] ] } },
{ "type": "Feature", "properties": { "ID": "B319AS305423", "AdminCode": "206", "Type": "5", "Kind": "534", "LinkID": "A219AS305791", "Maker": "새한항업컨소시엄", "UpdateDate": "20181001", "Version": "2020", "Remark": null, "HistType": null, "HistRemark": null }, "geometry": { "type": "Polygon", "coordinates": [ [ [ 127.113127750257689, 37.396371171733357, 62.276 ], [ 127.113127333667592, 37.396363459369354, 62.272 ], [ 127.113127046274755, 37.39635374828579, 62.293 ], [ 127.113113150651856, 37.396353346220089, 62.334 ], [ 127.113091370226499, 37.39635294446181, 62.406 ], [ 127.113072548912356, 37.396353013525868, 62.46 ], [ 127.113055656006679, 37.396352761882369, 62.51 ], [ 127.113036965228176, 37.396352580673664, 62.561 ], [ 127.11301752964647, 37.396352369547053, 62.615 ], [ 127.11300177585224, 37.396352190155589, 62.645 ], [ 127.112983297358141, 37.396352102452624, 62.675 ], [ 127.112970686510792, 37.396351820018275, 62.696 ], [ 127.112959569105911, 37.396351894887999, 62.717 ], [ 127.1129482884254, 37.396351723811769, 62.705 ], [ 127.112937125853648, 37.396351797958324, 62.688 ], [ 127.112927040968628, 37.396351691032962, 62.668 ], [ 127.112912844532431, 37.396351572542301, 62.644 ], [ 127.112902863532796, 37.396351377148079, 62.618 ], [ 127.112886675456451, 37.396351398096236, 62.574 ], [ 127.11286824122665, 37.396351347132061, 62.529 ], [ 127.112843720300319, 37.396350766387847, 62.476 ], [ 127.11282270884152, 37.396350782420704, 62.433 ], [ 127.11279550837034, 37.396351195327298, 62.365 ], [ 127.112784408132924, 37.396351036128813, 62.33 ], [ 127.112768077783954, 37.396350874538612, 62.255 ], [ 127.112768043332068, 37.39635945391764, 62.252 ], [ 127.112768204442176, 37.396368793471545, 62.252 ], [ 127.112776406092394, 37.396368771205196, 62.28 ], [ 127.112793902206889, 37.396368843256219, 62.328 ], [ 127.11282005073798, 37.396368936282109, 62.399 ], [ 127.112852703316378, 37.396369133140929, 62.474 ], [ 127.112886991165254, 37.396369437210453, 62.547 ], [ 127.112912412280721, 37.396369707865908, 62.603 ], [ 127.112944350317349, 37.396370019467334, 62.648 ], [ 127.112974696895805, 37.396370278616253, 62.646 ], [ 127.113003099712344, 37.396370569814998, 62.609 ], [ 127.113025573231127, 37.396370811415863, 62.564 ], [ 127.113054159427762, 37.396370997379378, 62.486 ], [ 127.113082542373334, 37.396371180091421, 62.408 ], [ 127.113103304517537, 37.396371196082704, 62.348 ], [ 127.113127750257689, 37.396371171733357, 62.276 ] ] ] } },
{ "type": "Feature", "properties": { "ID": "B319AS305424", "AdminCode": "206", "Type": "5", "Kind": "534", "LinkID": "A219AS305429", "Maker": "새한항업컨소시엄", "UpdateDate": "20181001", "Version": "2020", "Remark": null, "HistType": null, "HistRemark": null }, "geometry": { "type": "Polygon", "coordinates": [ [ [ 127.112745047902095, 37.396344892036439, 62.246 ], [ 127.112744932418607, 37.396350396848774, 62.247 ], [ 127.11275704868676, 37.396350581285446, 62.236 ], [ 127.112768077783954, 37.396350874538612, 62.255 ], [ 127.11276834189897, 37.396343046866384, 62.307 ], [ 127.11276837316754, 37.39633594549155, 62.319 ], [ 127.112768454793709, 37.396329088259016, 62.336 ], [ 127.112768488845873, 37.396316921886388, 62.365 ], [ 127.112768660818944, 37.39630916484326, 62.403 ], [ 127.112768870741078, 37.39630079555392, 62.418 ], [ 127.112768936762322, 37.396295461189865, 62.428 ], [ 127.112769027885307, 37.3962877749561, 62.442 ], [ 127.112769171929955, 37.396274826249353, 62.469 ], [ 127.112769385526008, 37.396262257179345, 62.481 ], [ 127.112769503777656, 37.39625258862192, 62.509 ], [ 127.112769670831156, 37.396241424763531, 62.533 ], [ 127.112769787894123, 37.396235856888588, 62.544 ], [ 127.112769956928943, 37.396228216961326, 62.574 ], [ 127.112769917515493, 37.396220780994206, 62.587 ], [ 127.112770137650841, 37.396208851918175, 62.594 ], [ 127.11277018522064, 37.396198848768535, 62.602 ], [ 127.112770333479475, 37.396191136409278, 62.608 ], [ 127.11277045536545, 37.396179971829653, 62.616 ], [ 127.112770801497433, 37.396169324544559, 62.617 ], [ 127.112770822642062, 37.396159474185978, 62.621 ], [ 127.112771050401022, 37.396151294444365, 62.622 ], [ 127.112771043106505, 37.39614032607787, 62.623 ], [ 127.11277125334388, 37.396125639009192, 62.616 ], [ 127.112771602890518, 37.396113054084395, 62.631 ], [ 127.112771720585272, 37.396110613567636, 62.632 ], [ 127.112759578156783, 37.396110572915696, 62.604 ], [ 127.112748165170103, 37.396110724159442, 62.574 ], [ 127.112748079648782, 37.396121339555364, 62.594 ], [ 127.112747942593671, 37.396134910238558, 62.594 ], [ 127.112747756922346, 37.396152670972327, 62.593 ], [ 127.112747534192124, 37.396171909169411, 62.589 ], [ 127.112747288665489, 37.39619025476194, 62.576 ], [ 127.112747009250043, 37.396209501066409, 62.558 ], [ 127.112746646066839, 37.396227583416909, 62.526 ], [ 127.112746323105526, 37.396244062179093, 62.497 ], [ 127.11274622510139, 37.396258778076906, 62.468 ], [ 127.112746174091754, 37.396272070745177, 62.442 ], [ 127.112746134187859, 37.396282668844073, 62.42 ], [ 127.112746023157285, 37.396292499742252, 62.396 ], [ 127.11274575329756, 37.396306861407403, 62.355 ], [ 127.112745523214784, 37.396319186875687, 62.32 ], [ 127.112745299904191, 37.396331692702702, 62.284 ], [ 127.112745047902095, 37.396344892036439, 62.246 ] ] ] } },
{ "type": "Feature", "properties": { "ID": "B319AS305425", "AdminCode": "206", "Type": "5", "Kind": "534", "LinkID": "A219AS305759", "Maker": "새한항업컨소시엄", "UpdateDate": "20181001", "Version": "2020", "Remark": null, "HistType": null, "HistRemark": null }, "geometry": { "type": "Polygon", "coordinates": [ [ [ 127.113089750561315, 37.39820844526421, 60.893 ], [ 127.113079342019773, 37.398208621583272, 60.916 ], [ 127.113058038701695, 37.398208993494073, 60.962 ], [ 127.113037176224466, 37.398209354413538, 61.007 ], [ 127.113016325039197, 37.398209715509594, 61.053 ], [ 127.112993281393372, 37.398210113701104, 61.103 ], [ 127.112978815625283, 37.398210360428358, 61.135 ], [ 127.112965095582766, 37.398210601033973, 61.165 ], [ 127.112951465198563, 37.398210870106915, 61.163 ], [ 127.11293670448201, 37.398211166195452, 61.162 ], [ 127.112927063572045, 37.398211363768688, 61.161 ], [ 127.112917931481078, 37.398211542426786, 61.16 ], [ 127.112910098876839, 37.398211705780412, 61.159 ], [ 127.112902650879349, 37.398211848236173, 61.159 ], [ 127.112891090099126, 37.398212024168096, 61.133 ], [ 127.11287080532253, 37.398212322181024, 61.087 ], [ 127.112849096394982, 37.39821265152829, 61.038 ], [ 127.11282896970674, 37.398212952057982, 60.992 ], [ 127.11280887892832, 37.398213172044805, 60.938 ], [ 127.112794088177068, 37.398213314422982, 60.896 ], [ 127.112779274841785, 37.398213456438732, 60.854 ], [ 127.112769059394324, 37.398213590750743, 60.829 ], [ 127.112769746330429, 37.39823259111499, 60.855 ], [ 127.112783858214812, 37.39823204134985, 60.894 ], [ 127.112800668441636, 37.398231552689637, 60.946 ], [ 127.112825490584441, 37.398231408244008, 61.011 ], [ 127.112849066317409, 37.398230964505217, 61.067 ], [ 127.112867747405048, 37.398230649905159, 61.106 ], [ 127.11288707100843, 37.398230390622686, 61.143 ], [ 127.112904075000799, 37.398230283567464, 61.164 ], [ 127.112918778131117, 37.398230031626319, 61.167 ], [ 127.112928909791719, 37.398230085226828, 61.172 ], [ 127.11294455083825, 37.3982298212186, 61.179 ], [ 127.11295724330968, 37.398229564210673, 61.173 ], [ 127.112965456229432, 37.398229551125965, 61.168 ], [ 127.112975233098012, 37.398229337695064, 61.167 ], [ 127.112985481520283, 37.398229239941777, 61.149 ], [ 127.112993507898508, 37.39822900757644, 61.14 ], [ 127.113002717680146, 37.398228884227969, 61.127 ], [ 127.113012729421754, 37.398228764668829, 61.109 ], [ 127.113021101785677, 37.398228700050446, 61.094 ], [ 127.113028504390883, 37.398228565875094, 61.082 ], [ 127.113041330784881, 37.398228374083757, 61.057 ], [ 127.113049747413157, 37.398228346220115, 61.042 ], [ 127.1130604497761, 37.398228165581664, 61.014 ], [ 127.113074327006586, 37.398227963524413, 60.969 ], [ 127.113093438772779, 37.398227592676122, 60.908 ], [ 127.113104974938267, 37.398227497444211, 60.86 ], [ 127.113120915446871, 37.3982274544937, 60.793 ], [ 127.113109191598838, 37.398208007569394, 60.801 ], [ 127.113101708821702, 37.39820818553266, 60.845 ], [ 127.113089750561315, 37.39820844526421, 60.893 ] ] ] } },
{ "type": "Feature", "properties": { "ID": "B319AS305426", "AdminCode": "206", "Type": "5", "Kind": "534", "LinkID": "A219AS306062", "Maker": "새한항업컨소시엄", "UpdateDate": "20181001", "Version": "2020", "Remark": "링크,노드생성제외", "HistType": null, "HistRemark": null }, "geometry": { "type": "Polygon", "coordinates": [ [ [ 127.112747403702187, 37.398260434586057, 60.854 ], [ 127.112747084992463, 37.3982776434257, 60.874 ], [ 127.112746826408738, 37.398291554640132, 60.89 ], [ 127.112746586129532, 37.398304736131998, 60.906 ], [ 127.112746394910474, 37.398314610809457, 60.9 ], [ 127.112746169327181, 37.398326756095223, 60.894 ], [ 127.112745964096803, 37.398337189325659, 60.888 ], [ 127.112745815143825, 37.398344928708795, 60.884 ], [ 127.112745630244689, 37.398355001762702, 60.851 ], [ 127.112745488289875, 37.398362912495578, 60.825 ], [ 127.112745352669791, 37.398370120352418, 60.801 ], [ 127.112745195573837, 37.398378634682892, 60.773 ], [ 127.112745101455488, 37.398389141787526, 60.726 ], [ 127.112766387909303, 37.398401603504084, 60.735 ], [ 127.112766334945306, 37.398394708074697, 60.758 ], [ 127.11276651938293, 37.398385103664857, 60.796 ], [ 127.112766796021447, 37.398371823615769, 60.848 ], [ 127.112767169803973, 37.398356472236308, 60.894 ], [ 127.112767528883168, 37.398342607689109, 60.919 ], [ 127.112767637912867, 37.3983315059956, 60.937 ], [ 127.112767997712041, 37.398314910663913, 60.953 ], [ 127.112768396768175, 37.398300803416653, 60.953 ], [ 127.112768640906381, 37.398286116894134, 60.934 ], [ 127.112768892932564, 37.398272466938224, 60.917 ], [ 127.112769155756311, 37.398261538938151, 60.905 ], [ 127.112769342939529, 37.398249573289618, 60.89 ], [ 127.112769746330429, 37.39823259111499, 60.855 ], [ 127.112747762991788, 37.398233501876597, 60.798 ], [ 127.112747699996092, 37.398246821387097, 60.828 ], [ 127.112747403702187, 37.398260434586057, 60.854 ] ] ] } },
{ "type": "Feature", "properties": { "ID": "B319AS305427", "AdminCode": "206", "Type": "5", "Kind": "534", "LinkID": "A219AS305869", "Maker": "새한항업컨소시엄", "UpdateDate": "20181001", "Version": "2020", "Remark": null, "HistType": null, "HistRemark": null }, "geometry": { "type": "Polygon", "coordinates": [ [ [ 127.112843704881953, 37.398444710145057, 60.909 ], [ 127.112868457309332, 37.398444645690923, 60.966 ], [ 127.112899389431234, 37.398444562728493, 61.037 ], [ 127.112929962467149, 37.398444383899935, 61.064 ], [ 127.112959857527699, 37.398444212264906, 61.091 ], [ 127.112987864102877, 37.398444118624134, 61.05 ], [ 127.113019542179657, 37.398444020501373, 61.004 ], [ 127.113048902672816, 37.398443993522861, 60.94 ], [ 127.113092237320416, 37.398443955288514, 60.846 ], [ 127.113107238148416, 37.398443996477589, 60.793 ], [ 127.113126636325021, 37.39842410004804, 60.74 ], [ 127.113109308428093, 37.398424508390192, 60.801 ], [ 127.113098253723876, 37.398424773533463, 60.844 ], [ 127.113084330610917, 37.398425001898225, 60.883 ], [ 127.113076635522546, 37.398425086345121, 60.902 ], [ 127.113068285042885, 37.398425178354096, 60.92 ], [ 127.113058860913924, 37.398425289273113, 60.943 ], [ 127.113050566668647, 37.398425391191076, 60.963 ], [ 127.113028578094429, 37.398425157329676, 60.996 ], [ 127.113007834578625, 37.398425276804105, 61.032 ], [ 127.112989438455159, 37.39842548782471, 61.054 ], [ 127.112977698098774, 37.398425615835286, 61.073 ], [ 127.112964868287762, 37.398425492126279, 61.087 ], [ 127.112948751584298, 37.398425351991797, 61.092 ], [ 127.112931324544306, 37.398425659587197, 61.076 ], [ 127.112906072560563, 37.398425824229491, 61.059 ], [ 127.112884248849312, 37.398425773223821, 61.023 ], [ 127.112868334944977, 37.398426104967534, 60.987 ], [ 127.112853242203727, 37.398426125368388, 60.953 ], [ 127.112833251421634, 37.398425959416514, 60.901 ], [ 127.112821498191693, 37.398426150293695, 60.873 ], [ 127.112811322459976, 37.398426501543796, 60.84 ], [ 127.112798730228107, 37.398426814211255, 60.797 ], [ 127.112811549903739, 37.398439951866578, 60.807 ], [ 127.112815649510353, 37.39844584842578, 60.812 ], [ 127.112843704881953, 37.398444710145057, 60.909 ] ] ] } },
{ "type": "Feature", "properties": { "ID": "B319AS305428", "AdminCode": "206", "Type": "5", "Kind": "534", "LinkID": "A219AS306053", "Maker": "새한항업컨소시엄", "UpdateDate": "20181001", "Version": "2020", "Remark": "링크,노드생성제외", "HistType": null, "HistRemark": null }, "geometry": { "type": "Polygon", "coordinates": [ [ [ 127.113167590817781, 37.398381133168783, 60.724 ], [ 127.113167780729654, 37.398361398763257, 60.768 ], [ 127.113167957075788, 37.398343106145632, 60.808 ], [ 127.113168158740308, 37.39832245264968, 60.824 ], [ 127.113168347752151, 37.398302303653296, 60.796 ], [ 127.113168478887246, 37.398288065951604, 60.775 ], [ 127.113168783492839, 37.398271415661355, 60.745 ], [ 127.113168774124688, 37.398260077750969, 60.699 ], [ 127.113156927034993, 37.39825410259413, 60.71 ], [ 127.113146220442474, 37.39824814564188, 60.719 ], [ 127.113146555031278, 37.398258226989775, 60.783 ], [ 127.113146498215855, 37.39827040200877, 60.812 ], [ 127.113146398991347, 37.398277961936216, 60.826 ], [ 127.113146163603744, 37.398283744221985, 60.832 ], [ 127.113146000688957, 37.398291591533628, 60.848 ], [ 127.11314589717152, 37.398299322630564, 60.852 ], [ 127.113145762955398, 37.398305575182796, 60.862 ], [ 127.11314555308401, 37.398311691339394, 60.866 ], [ 127.113145482096513, 37.398318575777914, 60.875 ], [ 127.113145364104426, 37.398328235324811, 60.885 ], [ 127.113145076039331, 37.398339271073674, 60.862 ], [ 127.113144628976826, 37.398350790960968, 60.837 ], [ 127.113144227726309, 37.398365438926859, 60.805 ], [ 127.113144076025506, 37.398380496440055, 60.774 ], [ 127.113143907682542, 37.398389010592034, 60.761 ], [ 127.113143831944981, 37.39839653484416, 60.748 ], [ 127.113143678730026, 37.398405346651025, 60.728 ], [ 127.113143526433262, 37.398412770543167, 60.708 ], [ 127.113155109900589, 37.398405835552843, 60.698 ], [ 127.113166804012906, 37.398400344332032, 60.68 ], [ 127.113167228465059, 37.398391077215884, 60.702 ], [ 127.113167590817781, 37.398381133168783, 60.724 ] ] ] } },
{ "type": "Feature", "properties": { "ID": "B319AS305429", "AdminCode": "206", "Type": "5", "Kind": "534", "LinkID": "A219AS306071", "Maker": "새한항업컨소시엄", "UpdateDate": "20181001", "Version": "2020", "Remark": "링크,노드생성제외", "HistType": null, "HistRemark": null }, "geometry": { "type": "Polygon", "coordinates": [ [ [ 127.113174097727168, 37.399934672289987, 61.478 ], [ 127.113175024182922, 37.399911245498274, 61.474 ], [ 127.113175744389125, 37.399892438840084, 61.462 ], [ 127.113176436582492, 37.399874298661608, 61.448 ], [ 127.113177321406781, 37.399857486399412, 61.411 ], [ 127.113178350348733, 37.399838080830108, 61.365 ], [ 127.113179302267582, 37.399819494171112, 61.309 ], [ 127.113180188485615, 37.399799022845279, 61.244 ], [ 127.113180735418482, 37.399784422270592, 61.196 ], [ 127.113181362757473, 37.399769318277905, 61.149 ], [ 127.113170498779596, 37.399761970885329, 61.153 ], [ 127.113159026177172, 37.399752315581964, 61.133 ], [ 127.113159400501814, 37.399763515115211, 61.188 ], [ 127.113158632218415, 37.399779734411077, 61.222 ], [ 127.113158308281314, 37.399786344434432, 61.245 ], [ 127.113158017774168, 37.399792522390122, 61.271 ], [ 127.113157845381252, 37.399798945569508, 61.288 ], [ 127.113157474688109, 37.399806068560466, 61.307 ], [ 127.113156929378192, 37.399816550436292, 61.35 ], [ 127.113156574013345, 37.399826215204314, 61.384 ], [ 127.11315617101954, 37.399833725218222, 61.401 ], [ 127.113155883428618, 37.39984158856285, 61.423 ], [ 127.113155196022177, 37.399855483917776, 61.462 ], [ 127.113154443357473, 37.399868377840512, 61.501 ], [ 127.113154111495604, 37.399876655054605, 61.509 ], [ 127.113153630070997, 37.399889544294624, 61.519 ], [ 127.113153240591842, 37.399900118783101, 61.53 ], [ 127.113152646937294, 37.399911627314992, 61.55 ], [ 127.113152060497328, 37.399924199440136, 61.577 ], [ 127.113151612553736, 37.399932150350153, 61.578 ], [ 127.113151251317561, 37.399941598723636, 61.581 ], [ 127.113150769265673, 37.399950008727984, 61.586 ], [ 127.113150591669168, 37.399957089738535, 61.6 ], [ 127.113173316282939, 37.399956370991404, 61.485 ], [ 127.113174097727168, 37.399934672289987, 61.478 ] ] ] } },
{ "type": "Feature", "properties": { "ID": "B319AS305430", "AdminCode": "206", "Type": "5", "Kind": "534", "LinkID": "A219AS305723", "Maker": "새한항업컨소시엄", "UpdateDate": "20181001", "Version": "2020", "Remark": null, "HistType": null, "HistRemark": null }, "geometry": { "type": "Polygon", "coordinates": [ [ [ 127.113138838219456, 37.399974846054484, 61.672 ], [ 127.113149983710827, 37.399975023973127, 61.614 ], [ 127.113150207622056, 37.399966546760361, 61.609 ], [ 127.113150591669168, 37.399957089738535, 61.6 ], [ 127.113138269296982, 37.39995699217085, 61.654 ], [ 127.11312579267404, 37.399956738926541, 61.706 ], [ 127.113112529658252, 37.399956310901835, 61.762 ], [ 127.113099647869007, 37.399955997111739, 61.807 ], [ 127.113085729223059, 37.399955585655334, 61.825 ], [ 127.113071464131764, 37.399955024466266, 61.855 ], [ 127.113054361287169, 37.399954553161372, 61.88 ], [ 127.113035917372272, 37.399953952294609, 61.908 ], [ 127.113021847182353, 37.399953727674465, 61.928 ], [ 127.11300042910328, 37.399953250559598, 61.957 ], [ 127.112984369217813, 37.399952633669443, 61.974 ], [ 127.112970596469538, 37.399952260578807, 61.988 ], [ 127.112959599596536, 37.399951562289445, 61.988 ], [ 127.112941130387483, 37.399951069154383, 61.966 ], [ 127.11292481732751, 37.399950637477239, 61.941 ], [ 127.112906243557504, 37.399949809203932, 61.92 ], [ 127.112891511644193, 37.399949393753133, 61.896 ], [ 127.112873309157777, 37.399949076103809, 61.857 ], [ 127.112858750470977, 37.399948510201661, 61.821 ], [ 127.112836950717849, 37.399947936838231, 61.771 ], [ 127.112821943730182, 37.399947228586136, 61.745 ], [ 127.112806526604771, 37.399946657984223, 61.704 ], [ 127.112806358124459, 37.399946619244147, 61.704 ], [ 127.112789199953625, 37.399946101954924, 61.647 ], [ 127.112776428379917, 37.399945898039647, 61.614 ], [ 127.11275715291012, 37.399945121626963, 61.552 ], [ 127.1127572185611, 37.399962769200364, 61.5 ], [ 127.112776812253372, 37.399963469581195, 61.607 ], [ 127.112797727369781, 37.399964182044421, 61.704 ], [ 127.112801779944974, 37.399964300823797, 61.714 ], [ 127.112834923253615, 37.399965262592517, 61.801 ], [ 127.112862331437086, 37.399966078711799, 61.865 ], [ 127.112887063575087, 37.399966843087917, 61.909 ], [ 127.112915915817297, 37.399967736324989, 61.961 ], [ 127.112941641904257, 37.399968507545779, 61.995 ], [ 127.112963045304951, 37.399969119624885, 62.006 ], [ 127.112988479375588, 37.399969823085819, 61.993 ], [ 127.113016102117427, 37.399970642594795, 61.968 ], [ 127.113039410979411, 37.399971402242379, 61.933 ], [ 127.113061895730837, 37.399972139716773, 61.899 ], [ 127.113083736370399, 37.399972884929454, 61.852 ], [ 127.113103442993619, 37.399973587058987, 61.787 ], [ 127.113121987189217, 37.399974243591252, 61.727 ], [ 127.113138838219456, 37.399974846054484, 61.672 ] ] ] } },
{ "type": "Feature", "properties": { "ID": "B319AS305431", "AdminCode": "206", "Type": "5", "Kind": "534", "LinkID": "A219AS306080", "Maker": "새한항업컨소시엄", "UpdateDate": "20181001", "Version": "2020", "Remark": "링크,노드생성제외", "HistType": null, "HistRemark": null }, "geometry": { "type": "Polygon", "coordinates": [ [ [ 127.112735330985444, 37.399933723847525, 61.471 ], [ 127.112735269585912, 37.399945177787224, 61.441 ], [ 127.11275715291012, 37.399945121626963, 61.552 ], [ 127.112757246601191, 37.399933731290474, 61.536 ], [ 127.112757443519769, 37.399921378261915, 61.508 ], [ 127.112757349309803, 37.399909822699776, 61.489 ], [ 127.112757440085247, 37.39989719760063, 61.462 ], [ 127.11275758309587, 37.399880688936925, 61.448 ], [ 127.112757509782782, 37.399861995787973, 61.421 ], [ 127.112757523274695, 37.399852001112336, 61.4 ], [ 127.112757627270256, 37.399832094103324, 61.349 ], [ 127.112757610712066, 37.39982284698749, 61.329 ], [ 127.112757471324997, 37.399811741330161, 61.308 ], [ 127.11275740106997, 37.399799230822573, 61.283 ], [ 127.112757476213218, 37.399789480469394, 61.265 ], [ 127.112757486925148, 37.39978364953619, 61.254 ], [ 127.11275761577258, 37.399776711948519, 61.232 ], [ 127.112757590603778, 37.399769159049974, 61.213 ], [ 127.112757541946436, 37.399761641826522, 61.205 ], [ 127.112757680895072, 37.399744844696755, 61.189 ], [ 127.112735050766034, 37.399744501395169, 61.137 ], [ 127.112734940763019, 37.399758793504809, 61.183 ], [ 127.112735056352662, 37.399787959884009, 61.249 ], [ 127.112735080883525, 37.399806345828353, 61.29 ], [ 127.112735097714946, 37.399825939328146, 61.333 ], [ 127.112735103916535, 37.399846406873152, 61.377 ], [ 127.112735126171486, 37.399865784158806, 61.412 ], [ 127.112735192848291, 37.399889244827833, 61.432 ], [ 127.112735258877521, 37.399910930018855, 61.451 ], [ 127.112735330985444, 37.399933723847525, 61.471 ] ] ] } },
{ "type": "Feature", "properties": { "ID": "B319AS305432", "AdminCode": "206", "Type": "5", "Kind": "534", "LinkID": "A219AS305735", "Maker": "새한항업컨소시엄", "UpdateDate": "20181001", "Version": "2020", "Remark": null, "HistType": null, "HistRemark": null }, "geometry": { "type": "Polygon", "coordinates": [ [ [ 127.112792208147212, 37.399728010809291, 61.197 ], [ 127.112757935259424, 37.399727499645657, 61.136 ], [ 127.112757680895072, 37.399744844696755, 61.189 ], [ 127.112777246755726, 37.399745301294303, 61.214 ], [ 127.112796624038282, 37.399745619689874, 61.245 ], [ 127.112806520573045, 37.399745597448927, 61.266 ], [ 127.112831855208924, 37.399745307977298, 61.316 ], [ 127.112846847933454, 37.399745682536505, 61.346 ], [ 127.1128578183625, 37.399745632374177, 61.372 ], [ 127.112869184246506, 37.399745579511965, 61.403 ], [ 127.11289138956549, 37.399745744767621, 61.444 ], [ 127.112917578119749, 37.399745640148709, 61.481 ], [ 127.112935197421265, 37.399746236880951, 61.506 ], [ 127.112953494716791, 37.39974637578328, 61.536 ], [ 127.112983146378809, 37.399746470638263, 61.507 ], [ 127.113002502215352, 37.399746292968736, 61.481 ], [ 127.113021977521512, 37.399746306466326, 61.444 ], [ 127.113039231185041, 37.399746617957575, 61.405 ], [ 127.11306824077127, 37.39974663945334, 61.328 ], [ 127.113088895895615, 37.399746455473725, 61.258 ], [ 127.11310453747862, 37.399746633070343, 61.226 ], [ 127.113117450628735, 37.399746595871619, 61.192 ], [ 127.113121551977429, 37.399746571218053, 61.18 ], [ 127.113135433098407, 37.399746675644884, 61.155 ], [ 127.11315516789648, 37.39974715290171, 61.121 ], [ 127.113140536276973, 37.399728777118206, 61.079 ], [ 127.113133173727263, 37.399728659587538, 61.094 ], [ 127.11311366793737, 37.39972851043381, 61.139 ], [ 127.113089953746808, 37.399728600521172, 61.206 ], [ 127.113078384604066, 37.399728650159879, 61.239 ], [ 127.113049611710082, 37.399728650470323, 61.32 ], [ 127.113017891990154, 37.399728585704686, 61.408 ], [ 127.112994444075142, 37.399728418660494, 61.442 ], [ 127.112971154477933, 37.399728245126639, 61.476 ], [ 127.112949467929013, 37.399728115205718, 61.485 ], [ 127.112923544525827, 37.399728007764324, 61.448 ], [ 127.112897711234993, 37.399727910768405, 61.411 ], [ 127.112872066297044, 37.399727960974431, 61.353 ], [ 127.112854092188314, 37.399727998457443, 61.313 ], [ 127.112833994910318, 37.399728011051984, 61.274 ], [ 127.112813344538097, 37.399728005799858, 61.236 ], [ 127.112792208147212, 37.399728010809291, 61.197 ] ] ] } },
{ "type": "Feature", "properties": { "ID": "B319AS305433", "AdminCode": "206", "Type": "5", "Kind": "534", "LinkID": "A219AS305560", "Maker": "새한항업컨소시엄", "UpdateDate": "20181001", "Version": "2020", "Remark": null, "HistType": null, "HistRemark": null }, "geometry": { "type": "Polygon", "coordinates": [ [ [ 127.112705609085239, 37.403373077052336, 68.557 ], [ 127.112728062793394, 37.403372840753555, 68.599 ], [ 127.112750798821537, 37.403372608958328, 68.642 ], [ 127.112775444914831, 37.403372344568972, 68.689 ], [ 127.112799447544688, 37.403372060887939, 68.732 ], [ 127.112818692516015, 37.403371836426551, 68.767 ], [ 127.112840650019265, 37.403371565146109, 68.808 ], [ 127.112857578836781, 37.403371348760409, 68.841 ], [ 127.112878485657717, 37.40337107872255, 68.881 ], [ 127.112903708361998, 37.403370796475023, 68.922 ], [ 127.112930873201819, 37.403370554242002, 68.956 ], [ 127.11296080726359, 37.403370257076624, 68.992 ], [ 127.112989975675035, 37.40336985755475, 69.026 ], [ 127.113010735463703, 37.403369594158583, 69.048 ], [ 127.11303948219971, 37.403369341105332, 69.072 ], [ 127.113056476966293, 37.403369197844114, 69.087 ], [ 127.11305963217724, 37.40336906796513, 69.088 ], [ 127.113060668428503, 37.403352077880498, 69.054 ], [ 127.113042370248294, 37.403352389596755, 69.04 ], [ 127.113026873359743, 37.403352718994654, 69.03 ], [ 127.113012894451884, 37.403352883362004, 69.033 ], [ 127.113001592162917, 37.403353081447435, 69.018 ], [ 127.112990957730958, 37.403353227106521, 69.013 ], [ 127.112983586239352, 37.403353451895576, 69.005 ], [ 127.11297423037945, 37.403353518827998, 68.998 ], [ 127.112966206391562, 37.403353634061006, 68.991 ], [ 127.112956622867728, 37.403353769457489, 68.986 ], [ 127.112943537220815, 37.403353903015251, 68.974 ], [ 127.112933132034854, 37.403353917141338, 68.968 ], [ 127.112923368730293, 37.403354013614731, 68.962 ], [ 127.112910810228783, 37.403354299785441, 68.94 ], [ 127.112901090513375, 37.403354460040568, 68.92 ], [ 127.112886198245064, 37.403354555735206, 68.889 ], [ 127.112872828922235, 37.403354738831133, 68.867 ], [ 127.112858532912071, 37.403354934167389, 68.834 ], [ 127.11283918540569, 37.403355193048299, 68.797 ], [ 127.112809759074565, 37.403355516314676, 68.752 ], [ 127.112793576037333, 37.40335572657623, 68.719 ], [ 127.11277779569842, 37.403356096478248, 68.697 ], [ 127.112770100105735, 37.403356180891265, 68.687 ], [ 127.112761024531707, 37.403356333394811, 68.672 ], [ 127.112746398544161, 37.403356622586458, 68.651 ], [ 127.11273108934671, 37.403356675554257, 68.621 ], [ 127.112716045073654, 37.403356976088311, 68.608 ], [ 127.112706334616661, 37.403357217587931, 68.593 ], [ 127.112696419767985, 37.40335705025965, 68.584 ], [ 127.112694286157435, 37.403365992661854, 68.561 ], [ 127.112692541509503, 37.403372940495146, 68.547 ], [ 127.112705609085239, 37.403373077052336, 68.557 ] ] ] } },
{ "type": "Feature", "properties": { "ID": "B319AS305434", "AdminCode": "206", "Type": "5", "Kind": "534", "LinkID": "A219AS305491", "Maker": "새한항업컨소시엄", "UpdateDate": "20181001", "Version": "2020", "Remark": null, "HistType": null, "HistRemark": null }, "geometry": { "type": "Polygon", "coordinates": [ [ [ 127.113094306390011, 37.403329326533374, 68.973 ], [ 127.113096509654966, 37.403294636461311, 68.941 ], [ 127.113098524756097, 37.403261592676621, 68.924 ], [ 127.113100849374689, 37.403221614191203, 68.891 ], [ 127.113103209186164, 37.40318428594869, 68.842 ], [ 127.113105470918669, 37.403150867574567, 68.781 ], [ 127.113106733731669, 37.403130699685477, 68.713 ], [ 127.113106827953132, 37.403127844220236, 68.708 ], [ 127.113085538387722, 37.403127161874302, 68.728 ], [ 127.113084906717276, 37.4031397332705, 68.759 ], [ 127.113084137060341, 37.403151500349395, 68.793 ], [ 127.113083422071924, 37.403162439149, 68.817 ], [ 127.113083139468813, 37.40316649928473, 68.822 ], [ 127.11308170114242, 37.403187808961697, 68.853 ], [ 127.11308111782462, 37.40319890307611, 68.872 ], [ 127.113080587645314, 37.403205626965836, 68.885 ], [ 127.113079909910681, 37.40321733242439, 68.9 ], [ 127.113079329781883, 37.40322649791004, 68.915 ], [ 127.113078474513102, 37.403238975611174, 68.928 ], [ 127.113078008706509, 37.403245385090258, 68.924 ], [ 127.113077483465617, 37.403254163913665, 68.932 ], [ 127.113076992335408, 37.403262483643026, 68.938 ], [ 127.113076354624837, 37.403270792019789, 68.947 ], [ 127.113075880004288, 37.403277552846461, 68.942 ], [ 127.113075508852646, 37.403282440720439, 68.939 ], [ 127.113075179914745, 37.403288798309354, 68.943 ], [ 127.113074816891952, 37.403293812488407, 68.949 ], [ 127.113074344969831, 37.403301366460013, 68.949 ], [ 127.113073728701025, 37.403310621493745, 68.967 ], [ 127.113073292451816, 37.403319005186816, 68.979 ], [ 127.113072619060361, 37.403326934467927, 68.989 ], [ 127.113071967297984, 37.403338505153009, 69.016 ], [ 127.113093627325355, 37.403339283541392, 68.987 ], [ 127.113094306390011, 37.403329326533374, 68.973 ] ] ] } },
{ "type": "Feature", "properties": { "ID": "B319AS305435", "AdminCode": "206", "Type": "5", "Kind": "534", "LinkID": "A219AS305656", "Maker": "새한항업컨소시엄", "UpdateDate": "20181001", "Version": "2020", "Remark": null, "HistType": null, "HistRemark": null }, "geometry": { "type": "Polygon", "coordinates": [ [ [ 127.11305604570633, 37.403099058650341, 68.72 ], [ 127.113029968704751, 37.40309782220173, 68.768 ], [ 127.113011767948066, 37.403096954828953, 68.801 ], [ 127.112993239927903, 37.403096073216112, 68.835 ], [ 127.11297356275891, 37.403095065103706, 68.843 ], [ 127.112952385009777, 37.403093978955567, 68.853 ], [ 127.112928296215983, 37.403092747189454, 68.864 ], [ 127.112903134837239, 37.403091489281216, 68.835 ], [ 127.112876607261981, 37.403090200542429, 68.783 ], [ 127.112849842992048, 37.403088889993512, 68.731 ], [ 127.112821792479153, 37.403087513839168, 68.666 ], [ 127.112789532933988, 37.403085944298361, 68.59 ], [ 127.112757229123588, 37.403084337991871, 68.535 ], [ 127.112725625465742, 37.403082742856121, 68.495 ], [ 127.112706539145435, 37.403081599933223, 68.483 ], [ 127.112694467877787, 37.403080929521543, 68.48 ], [ 127.112686545336956, 37.403080604742172, 68.48 ], [ 127.112684708325716, 37.403098888852661, 68.551 ], [ 127.112693488665911, 37.403099245354184, 68.552 ], [ 127.112710342866933, 37.403100199425204, 68.547 ], [ 127.112722880079289, 37.403100760112409, 68.552 ], [ 127.112731649579331, 37.40310109841294, 68.558 ], [ 127.112741080605645, 37.403101636538516, 68.569 ], [ 127.112761945319335, 37.403102591550983, 68.599 ], [ 127.112770905440627, 37.403102986967411, 68.618 ], [ 127.112781634908771, 37.403103554834345, 68.638 ], [ 127.112788541556469, 37.403103845361791, 68.654 ], [ 127.11279573887775, 37.403104257692704, 68.667 ], [ 127.112804045375626, 37.403104588595276, 68.676 ], [ 127.112809247495065, 37.403104824868372, 68.684 ], [ 127.112815418531653, 37.403105166736687, 68.694 ], [ 127.112823081116503, 37.403105496369385, 68.714 ], [ 127.112831364803213, 37.403105835918339, 68.73 ], [ 127.112837694616687, 37.403106153283026, 68.741 ], [ 127.112846960321576, 37.403106526535176, 68.762 ], [ 127.112856219472292, 37.403107161045078, 68.786 ], [ 127.112866174713815, 37.403107518267426, 68.803 ], [ 127.11287701079074, 37.403107889552366, 68.824 ], [ 127.112888855983925, 37.403108565348489, 68.836 ], [ 127.112903467225578, 37.403109312343169, 68.855 ], [ 127.112914908140041, 37.403109891556817, 68.875 ], [ 127.112927092568881, 37.403110554740202, 68.892 ], [ 127.112940735798105, 37.403111160100075, 68.897 ], [ 127.112951431843058, 37.403111709392945, 68.896 ], [ 127.112957377703935, 37.403112020621279, 68.894 ], [ 127.112965443891952, 37.403112473851188, 68.889 ], [ 127.112975443402163, 37.403112867821193, 68.881 ], [ 127.112988647796698, 37.403113403081818, 68.863 ], [ 127.113003524650125, 37.403113919979106, 68.827 ], [ 127.113022092648123, 37.403115009516618, 68.797 ], [ 127.113038138299785, 37.403115770382172, 68.783 ], [ 127.113049590283595, 37.403116358772039, 68.768 ], [ 127.113059859691433, 37.403116802106297, 68.754 ], [ 127.113070995252315, 37.403117394455101, 68.732 ], [ 127.113072111228846, 37.403099927978758, 68.697 ], [ 127.11305604570633, 37.403099058650341, 68.72 ] ] ] } },
{ "type": "Feature", "properties": { "ID": "B319AS305436", "AdminCode": "206", "Type": "5", "Kind": "534", "LinkID": "A219AS305645", "Maker": "새한항업컨소시엄", "UpdateDate": "20181001", "Version": "2020", "Remark": null, "HistType": null, "HistRemark": null }, "geometry": { "type": "Polygon", "coordinates": [ [ [ 127.112663151847514, 37.403107944704153, 68.529 ], [ 127.112663370691891, 37.403131191490779, 68.59 ], [ 127.112663402359487, 37.4031515422692, 68.632 ], [ 127.112663191409169, 37.403174358604282, 68.66 ], [ 127.112663017798923, 37.40319343533924, 68.683 ], [ 127.112662866955105, 37.40321475655545, 68.695 ], [ 127.11266283015101, 37.403236935782054, 68.677 ], [ 127.112662550303284, 37.403260246705322, 68.648 ], [ 127.112662274794701, 37.403281133329664, 68.621 ], [ 127.112662339642597, 37.403302412927111, 68.602 ], [ 127.11266254970532, 37.403324208556946, 68.586 ], [ 127.112662682019447, 37.403337395987798, 68.576 ], [ 127.112662636957339, 37.403343244394307, 68.563 ], [ 127.112683742284375, 37.403343617449522, 68.587 ], [ 127.112683566470579, 37.40333711661463, 68.592 ], [ 127.112683750443921, 37.403330684612307, 68.597 ], [ 127.112683570344373, 37.403323904320793, 68.606 ], [ 127.11268379234437, 37.403313255065868, 68.616 ], [ 127.112683738291452, 37.403305503434751, 68.621 ], [ 127.112683872280186, 37.403291157640858, 68.64 ], [ 127.112683817872522, 37.403278467142542, 68.644 ], [ 127.112683670184097, 37.403265892317513, 68.666 ], [ 127.112683718133653, 37.403250923285718, 68.683 ], [ 127.112683802842795, 37.403250248699258, 68.685 ], [ 127.112683867665012, 37.403238659632244, 68.7 ], [ 127.112683894097032, 37.403226799576608, 68.714 ], [ 127.112684011695691, 37.403218960561041, 68.71 ], [ 127.112684039621399, 37.403211543702106, 68.698 ], [ 127.112684278094179, 37.403201588674143, 68.698 ], [ 127.112684258304071, 37.403185717308467, 68.676 ], [ 127.112684219256991, 37.403172864829834, 68.642 ], [ 127.112684253564282, 37.403162491965794, 68.616 ], [ 127.112684423827929, 37.403152553873682, 68.604 ], [ 127.112684534880017, 37.403144525490553, 68.606 ], [ 127.11268435762473, 37.403130877703099, 68.597 ], [ 127.11268440327737, 37.403117801263804, 68.579 ], [ 127.112684400245087, 37.403111167999768, 68.569 ], [ 127.112684420946039, 37.403103588799951, 68.565 ], [ 127.112684708325716, 37.403098888852661, 68.551 ], [ 127.112673116541245, 37.403098469433054, 68.531 ], [ 127.112663603754314, 37.403098038146787, 68.5 ], [ 127.112663151847514, 37.403107944704153, 68.529 ] ] ] } },
{ "type": "Feature", "properties": { "ID": "B319AS305437", "AdminCode": "206", "Type": "5", "Kind": "534", "LinkID": "A219AS305998", "Maker": "새한항업컨소시엄", "UpdateDate": "20181001", "Version": "2020", "Remark": "링크,노드생성제외", "HistType": null, "HistRemark": null }, "geometry": { "type": "Polygon", "coordinates": [ [ [ 127.109831264609781, 37.396353085388299, 63.965 ], [ 127.109849459880778, 37.396353205105669, 63.936 ], [ 127.109849682126764, 37.396335814483294, 63.969 ], [ 127.109833294893662, 37.396335669602763, 64.007 ], [ 127.109814515399577, 37.396335423377842, 64.028 ], [ 127.109806305637719, 37.396335319133406, 64.05 ], [ 127.109792840924484, 37.396335302093995, 64.042 ], [ 127.109778973783122, 37.396335116392244, 64.063 ], [ 127.109768356621174, 37.396335063773137, 64.085 ], [ 127.109756385131547, 37.396334962457843, 64.106 ], [ 127.109742697073784, 37.396334842703325, 64.14 ], [ 127.10972600700218, 37.396334611852346, 64.182 ], [ 127.109713755935758, 37.396334397911524, 64.215 ], [ 127.109703737235535, 37.396334354857061, 64.237 ], [ 127.109692114431738, 37.396334313186564, 64.261 ], [ 127.109680155366036, 37.396334166999623, 64.281 ], [ 127.109664729515387, 37.396333974382522, 64.29 ], [ 127.109650997875903, 37.396333790832735, 64.283 ], [ 127.109637130509526, 37.396333614123265, 64.28 ], [ 127.109626839223992, 37.396333629790661, 64.278 ], [ 127.109612995799353, 37.396333399386087, 64.265 ], [ 127.109594354072172, 37.396333065204153, 64.26 ], [ 127.109576937484249, 37.396332975926022, 64.253 ], [ 127.109541365166763, 37.396332542202586, 64.247 ], [ 127.109526311491663, 37.396332373544745, 64.247 ], [ 127.109513547998873, 37.396332322625746, 64.239 ], [ 127.109499931994279, 37.396332032757492, 64.234 ], [ 127.109500140085004, 37.396349826812084, 64.194 ], [ 127.109511310768596, 37.396349879295563, 64.198 ], [ 127.109548889198436, 37.396350047698938, 64.212 ], [ 127.109580489327271, 37.396350318755609, 64.229 ], [ 127.109609524424528, 37.39635062088238, 64.246 ], [ 127.109644522231932, 37.396350991322471, 64.266 ], [ 127.109680209061665, 37.396351363758541, 64.259 ], [ 127.109713175039118, 37.396351674647526, 64.191 ], [ 127.109746332071282, 37.396352024632669, 64.123 ], [ 127.1097782099706, 37.396352480328957, 64.062 ], [ 127.109802691563814, 37.396352826754821, 64.015 ], [ 127.109831264609781, 37.396353085388299, 63.965 ] ] ] } },
{ "type": "Feature", "properties": { "ID": "B319AS305438", "AdminCode": "206", "Type": "5", "Kind": "534", "LinkID": "A219AS305991", "Maker": "새한항업컨소시엄", "UpdateDate": "20181001", "Version": "2020", "Remark": null, "HistType": null, "HistRemark": null }, "geometry": { "type": "Polygon", "coordinates": [ [ [ 127.109871991654842, 37.396335837761171, 63.933 ], [ 127.109871722360481, 37.396316429485239, 63.969 ], [ 127.109871532273871, 37.396302411966765, 63.995 ], [ 127.109871242659082, 37.396282913240526, 64.037 ], [ 127.109870954806922, 37.39626424369488, 64.077 ], [ 127.109870738730791, 37.39624631432411, 64.112 ], [ 127.109870574266296, 37.396221833671625, 64.15 ], [ 127.109870446202493, 37.396192306586137, 64.142 ], [ 127.109870364650519, 37.39616722341998, 64.115 ], [ 127.109870065578633, 37.396138657940092, 64.069 ], [ 127.109869773284316, 37.39610577556811, 64.012 ], [ 127.109847299654362, 37.396105542378393, 64.061 ], [ 127.109847769718698, 37.39612055575224, 64.071 ], [ 127.109847781161321, 37.396130442677183, 64.087 ], [ 127.109847742314173, 37.396143230831562, 64.108 ], [ 127.109847785653201, 37.396156344751112, 64.123 ], [ 127.109848084291386, 37.396175933747244, 64.156 ], [ 127.109848325010518, 37.396184787897802, 64.161 ], [ 127.109848368589482, 37.396193395557717, 64.166 ], [ 127.109848365619712, 37.39620250717477, 64.188 ], [ 127.109848496195738, 37.396214396785531, 64.193 ], [ 127.109848501705727, 37.396225419193826, 64.195 ], [ 127.10984879022142, 37.396240015088104, 64.164 ], [ 127.109848958471744, 37.396252653340952, 64.134 ], [ 127.109849016404425, 37.396258890935812, 64.12 ], [ 127.109848997376091, 37.39627268880983, 64.084 ], [ 127.109849407552986, 37.396284240415461, 64.063 ], [ 127.109849657893463, 37.39629900693717, 64.031 ], [ 127.109849682828084, 37.396314202455756, 64.007 ], [ 127.109849828672978, 37.396327732590308, 63.98 ], [ 127.109849682126764, 37.396335814483294, 63.969 ], [ 127.109871991654842, 37.396335837761171, 63.933 ] ] ] } },
{ "type": "Feature", "properties": { "ID": "B319AS305439", "AdminCode": "206", "Type": "5", "Kind": "534", "LinkID": "A219AS305999", "Maker": "새한항업컨소시엄", "UpdateDate": "20181001", "Version": "2020", "Remark": "링크,노드생성제외", "HistType": null, "HistRemark": null }, "geometry": { "type": "Polygon", "coordinates": [ [ [ 127.109847937903552, 37.396087779881356, 64.041 ], [ 127.10983605069984, 37.396087472634264, 64.048 ], [ 127.109812921050548, 37.396086823384131, 64.09 ], [ 127.109781573770448, 37.396085934569903, 64.147 ], [ 127.109767937487931, 37.396085554283502, 64.172 ], [ 127.109745393197443, 37.396084986481007, 64.211 ], [ 127.109714358691903, 37.396084237838565, 64.265 ], [ 127.109660950632076, 37.396082870024649, 64.296 ], [ 127.109626170458824, 37.396081935282176, 64.276 ], [ 127.10958690726207, 37.396080937845902, 64.238 ], [ 127.109538182089011, 37.396079771044334, 64.172 ], [ 127.109506312458208, 37.396078990965869, 64.165 ], [ 127.109494503847841, 37.396078702966456, 64.167 ], [ 127.10949416905892, 37.396096073762919, 64.194 ], [ 127.109515573567592, 37.396096596346808, 64.184 ], [ 127.109527211447542, 37.396096935688746, 64.197 ], [ 127.109535398372444, 37.396097048599557, 64.193 ], [ 127.109544720551625, 37.396097386954274, 64.194 ], [ 127.109553246679951, 37.396097487263745, 64.194 ], [ 127.109565458625568, 37.396097907883224, 64.203 ], [ 127.109576804733109, 37.396098170453755, 64.221 ], [ 127.109588895186661, 37.396098480977486, 64.245 ], [ 127.109598093157913, 37.396098817341553, 64.263 ], [ 127.109606095568523, 37.396099080509543, 64.272 ], [ 127.109618219671219, 37.396099400580944, 64.28 ], [ 127.109626818278031, 37.396099763407491, 64.292 ], [ 127.109631957353571, 37.3960997915188, 64.299 ], [ 127.109644251737265, 37.396100078260652, 64.315 ], [ 127.109656080898546, 37.396100447686486, 64.327 ], [ 127.10966720230509, 37.39610066159225, 64.33 ], [ 127.109679074822765, 37.3961011038094, 64.325 ], [ 127.109690862212773, 37.396101337375875, 64.312 ], [ 127.10970428553965, 37.396101651177958, 64.293 ], [ 127.109717428385096, 37.396101888392934, 64.273 ], [ 127.109727798430029, 37.396102333615652, 64.26 ], [ 127.109743006070417, 37.396102666934887, 64.218 ], [ 127.109751575103715, 37.396102858041438, 64.2 ], [ 127.109762051300748, 37.396103124708119, 64.177 ], [ 127.109772109252816, 37.396103402710658, 64.144 ], [ 127.109783751436183, 37.396103570858159, 64.125 ], [ 127.109803845889047, 37.396104081453032, 64.073 ], [ 127.109820257214921, 37.396104614260999, 64.068 ], [ 127.109832064700427, 37.396104947272534, 64.069 ], [ 127.109847303501695, 37.396105389226967, 64.061 ], [ 127.109847937903552, 37.396087779881356, 64.041 ] ] ] } },
{ "type": "Feature", "properties": { "ID": "B319AS305440", "AdminCode": "206", "Type": "5", "Kind": "534", "LinkID": "A219AS305991", "Maker": "새한항업컨소시엄", "UpdateDate": "20181001", "Version": "2020", "Remark": null, "HistType": null, "HistRemark": null }, "geometry": { "type": "Polygon", "coordinates": [ [ [ 127.109472003907129, 37.396096151861386, 64.204 ], [ 127.109472395412396, 37.396109343449126, 64.225 ], [ 127.109472823203944, 37.396123788358331, 64.248 ], [ 127.10947323701383, 37.3961378905679, 64.271 ], [ 127.109473729281632, 37.396154265188912, 64.297 ], [ 127.109474247301904, 37.396170514046389, 64.326 ], [ 127.109474863420914, 37.396189152792246, 64.362 ], [ 127.109475472070187, 37.396208088831955, 64.386 ], [ 127.109476126686801, 37.396228792061933, 64.389 ], [ 127.109476788041803, 37.396250126276463, 64.391 ], [ 127.10947743392569, 37.396273424974176, 64.347 ], [ 127.109478181225029, 37.396300330304278, 64.296 ], [ 127.109478715103606, 37.396331233782419, 64.229 ], [ 127.109499931994279, 37.396332032757492, 64.234 ], [ 127.109500231212593, 37.396308884363478, 64.286 ], [ 127.109499472030024, 37.396295939246436, 64.317 ], [ 127.109499000346688, 37.396282791439376, 64.343 ], [ 127.109498727717934, 37.396268015548678, 64.362 ], [ 127.109498277233826, 37.3962553727821, 64.379 ], [ 127.109497822274918, 37.39624200894184, 64.394 ], [ 127.109497104481505, 37.39622022319837, 64.385 ], [ 127.109496881816625, 37.396208404215244, 64.382 ], [ 127.109496540184082, 37.39619187879066, 64.361 ], [ 127.10949625168432, 37.396178184149086, 64.334 ], [ 127.109495946329716, 37.396166958670115, 64.315 ], [ 127.109495429584513, 37.396152007636843, 64.289 ], [ 127.109495210314961, 37.396140053520035, 64.268 ], [ 127.109494799434898, 37.396129880818847, 64.251 ], [ 127.109494284770619, 37.396117994077741, 64.227 ], [ 127.109494115369117, 37.396106752748004, 64.209 ], [ 127.10949416905892, 37.396096073762919, 64.194 ], [ 127.109472003907129, 37.396096151861386, 64.204 ] ] ] } },
{ "type": "Feature", "properties": { "ID": "B319AS305441", "AdminCode": "206", "Type": "5", "Kind": "534", "LinkID": "A219AS305892", "Maker": "새한항업컨소시엄", "UpdateDate": "20181001", "Version": "2020", "Remark": null, "HistType": null, "HistRemark": null }, "geometry": { "type": "Polygon", "coordinates": [ [ [ 127.11314078848514, 37.403076014599222, 68.569 ], [ 127.113157762021075, 37.40308797480067, 68.587 ], [ 127.113189853826384, 37.403067406809342, 68.45 ], [ 127.113174430792327, 37.403054885549956, 68.422 ], [ 127.113169068947016, 37.40305831483964, 68.47 ], [ 127.11314078848514, 37.403076014599222, 68.569 ] ] ] } },
{ "type": "Feature", "properties": { "ID": "B319AS305442", "AdminCode": "206", "Type": "5", "Kind": "534", "LinkID": null, "Maker": "새한항업컨소시엄", "UpdateDate": "20181001", "Version": "2020", "Remark": "링크,노드생성제외", "HistType": null, "HistRemark": null }, "geometry": { "type": "Polygon", "coordinates": [ [ [ 127.112545886507093, 37.403400132703347, 68.461 ], [ 127.112529322964903, 37.403386691896102, 68.481 ], [ 127.112488027624892, 37.40340889720823, 68.357 ], [ 127.11250538169034, 37.403420998767153, 68.328 ], [ 127.112507416223437, 37.403420057904782, 68.33 ], [ 127.112545886507093, 37.403400132703347, 68.461 ] ] ] } },
{ "type": "Feature", "properties": { "ID": "B319AS305443", "AdminCode": "206", "Type": "5", "Kind": "533", "LinkID": "A219AS306123", "Maker": "새한항업컨소시엄", "UpdateDate": "20181001", "Version": "2020", "Remark": null, "HistType": null, "HistRemark": null }, "geometry": { "type": "Polygon", "coordinates": [ [ [ 127.111359155993952, 37.396010454439434, 63.323 ], [ 127.111356964439437, 37.395957804278197, 63.37 ], [ 127.111343545178642, 37.3959577791301, 63.471 ], [ 127.111333356015862, 37.395957778553459, 63.499 ], [ 127.111332079604125, 37.395957776183977, 63.502 ], [ 127.111322377114163, 37.395957738319829, 63.503 ], [ 127.111311948338738, 37.395957833050609, 63.488 ], [ 127.111299476674446, 37.395957859088497, 63.41 ], [ 127.111291207549073, 37.395957871162089, 63.348 ], [ 127.111294552844555, 37.396010458646131, 63.328 ], [ 127.111309022015007, 37.396010509588159, 63.45 ], [ 127.111320095554404, 37.396010380097202, 63.465 ], [ 127.111323315945867, 37.396010341427704, 63.469 ], [ 127.111337809056621, 37.396010338673541, 63.465 ], [ 127.111351259262079, 37.396010481479728, 63.408 ], [ 127.111353970623213, 37.396010470726303, 63.379 ], [ 127.111359155993952, 37.396010454439434, 63.323 ] ] ] } }
]
}
