{
"type": "FeatureCollection",
"name": "trafficlight",
"crs": { "type": "name", "properties": { "name": "urn:ogc:def:crs:OGC:1.3:CRS84" } },
"features": [
{ "type": "Feature", "properties": { "ID": "C119AS305002", "AdminCode": "204", "Type": "2", "LinkID": "A219AS305055", "Ref_Lane": 4, "Maker": "새한항업컨소시엄", "PostID": "C619AS305002", "UpdateDate": "20181001", "Version": "2020", "Remark": null, "HistType": null, "HistRemark": null }, "geometry": { "type": "Point", "coordinates": [ 127.099753870207337, 37.412306142908861, 83.177 ] } },
{ "type": "Feature", "properties": { "ID": "C119AS305003", "AdminCode": "204", "Type": "2", "LinkID": "A219AS305055", "Ref_Lane": 4, "Maker": "새한항업컨소시엄", "PostID": "C619AS305002", "UpdateDate": "20181001", "Version": "2020", "Remark": null, "HistType": null, "HistRemark": null }, "geometry": { "type": "Point", "coordinates": [ 127.099688587990542, 37.412318161361753, 83.04 ] } },
{ "type": "Feature", "properties": { "ID": "C119AS305004", "AdminCode": "204", "Type": "11", "LinkID": "A219AS305924", "Ref_Lane": 3, "Maker": "새한항업컨소시엄", "PostID": "C619AS305002", "UpdateDate": "20181001", "Version": "2020", "Remark": null, "HistType": null, "HistRemark": null }, "geometry": { "type": "Point", "coordinates": [ 127.099619158940058, 37.412335106018546, 80.228 ] } },
{ "type": "Feature", "properties": { "ID": "C119AS305005", "AdminCode": "204", "Type": "2", "LinkID": "A219AS305055", "Ref_Lane": 4, "Maker": "새한항업컨소시엄", "PostID": "C619AS305002", "UpdateDate": "20181001", "Version": "2020", "Remark": null, "HistType": null, "HistRemark": null }, "geometry": { "type": "Point", "coordinates": [ 127.099720856530908, 37.412311470212586, 83.072 ] } },
{ "type": "Feature", "properties": { "ID": "C119AS305006", "AdminCode": "204", "Type": "11", "LinkID": "A219AS305924", "Ref_Lane": 3, "Maker": "새한항업컨소시엄", "PostID": "C619AS305003", "UpdateDate": "20181001", "Version": "2020", "Remark": null, "HistType": null, "HistRemark": null }, "geometry": { "type": "Point", "coordinates": [ 127.09998765926531, 37.412322338895301, 79.792 ] } },
{ "type": "Feature", "properties": { "ID": "C119AS305007", "AdminCode": "204", "Type": "2", "LinkID": "A219AS305011", "Ref_Lane": 6, "Maker": "새한항업컨소시엄", "PostID": "C619AS305004", "UpdateDate": "20181001", "Version": "2020", "Remark": null, "HistType": null, "HistRemark": null }, "geometry": { "type": "Point", "coordinates": [ 127.099858683643845, 37.412180211231309, 83.003 ] } },
{ "type": "Feature", "properties": { "ID": "C119AS305008", "AdminCode": "204", "Type": "2", "LinkID": "A219AS305011", "Ref_Lane": 6, "Maker": "새한항업컨소시엄", "PostID": "C619AS305004", "UpdateDate": "20181001", "Version": "2020", "Remark": null, "HistType": null, "HistRemark": null }, "geometry": { "type": "Point", "coordinates": [ 127.099823350175754, 37.412189259476619, 83.038 ] } },
{ "type": "Feature", "properties": { "ID": "C119AS305009", "AdminCode": "204", "Type": "2", "LinkID": "A219AS305011", "Ref_Lane": 6, "Maker": "새한항업컨소시엄", "PostID": "C619AS305005", "UpdateDate": "20181001", "Version": "2020", "Remark": null, "HistType": null, "HistRemark": null }, "geometry": { "type": "Point", "coordinates": [ 127.09980693473571, 37.411964296115748, 83.86 ] } },
{ "type": "Feature", "properties": { "ID": "C119AS305010", "AdminCode": "204", "Type": "2", "LinkID": "A219AS305011", "Ref_Lane": 6, "Maker": "새한항업컨소시엄", "PostID": "C619AS305005", "UpdateDate": "20181001", "Version": "2020", "Remark": null, "HistType": null, "HistRemark": null }, "geometry": { "type": "Point", "coordinates": [ 127.099774878029706, 37.411972000095538, 83.89 ] } },
{ "type": "Feature", "properties": { "ID": "C119AS305011", "AdminCode": "204", "Type": "2", "LinkID": "A219AS305011", "Ref_Lane": 6, "Maker": "새한항업컨소시엄", "PostID": "C619AS305005", "UpdateDate": "20181001", "Version": "2020", "Remark": null, "HistType": null, "HistRemark": null }, "geometry": { "type": "Point", "coordinates": [ 127.099741491040348, 37.411980034164671, 83.864 ] } },
{ "type": "Feature", "properties": { "ID": "C119AS305012", "AdminCode": "204", "Type": "2", "LinkID": "A219AS305054", "Ref_Lane": 4, "Maker": "새한항업컨소시엄", "PostID": "C619AS305006", "UpdateDate": "20181001", "Version": "2020", "Remark": null, "HistType": null, "HistRemark": null }, "geometry": { "type": "Point", "coordinates": [ 127.099497206285406, 37.411956702270224, 84.504 ] } },
{ "type": "Feature", "properties": { "ID": "C119AS305013", "AdminCode": "204", "Type": "2", "LinkID": "A219AS305054", "Ref_Lane": 4, "Maker": "새한항업컨소시엄", "PostID": "C619AS305006", "UpdateDate": "20181001", "Version": "2020", "Remark": null, "HistType": null, "HistRemark": null }, "geometry": { "type": "Point", "coordinates": [ 127.099529923843917, 37.411948333055975, 84.449 ] } },
{ "type": "Feature", "properties": { "ID": "C119AS305014", "AdminCode": "204", "Type": "11", "LinkID": "A219AS305055", "Ref_Lane": 4, "Maker": "새한항업컨소시엄", "PostID": "C619AS305007", "UpdateDate": "20181001", "Version": "2020", "Remark": null, "HistType": null, "HistRemark": null }, "geometry": { "type": "Point", "coordinates": [ 127.09938902831162, 37.412044528784755, 81.9 ] } },
{ "type": "Feature", "properties": { "ID": "C119AS305015", "AdminCode": "204", "Type": "2", "LinkID": "A219AS305168", "Ref_Lane": 5, "Maker": "새한항업컨소시엄", "PostID": "C619AS305008", "UpdateDate": "20181001", "Version": "2020", "Remark": null, "HistType": null, "HistRemark": null }, "geometry": { "type": "Point", "coordinates": [ 127.099507161069738, 37.410855553872473, 87.031 ] } },
{ "type": "Feature", "properties": { "ID": "C119AS305016", "AdminCode": "204", "Type": "2", "LinkID": "A219AS305168", "Ref_Lane": 5, "Maker": "새한항업컨소시엄", "PostID": "C619AS305008", "UpdateDate": "20181001", "Version": "2020", "Remark": null, "HistType": null, "HistRemark": null }, "geometry": { "type": "Point", "coordinates": [ 127.09954479658515, 37.410854194336515, 86.949 ] } },
{ "type": "Feature", "properties": { "ID": "C119AS305017", "AdminCode": "204", "Type": "1", "LinkID": "A219AS305941", "Ref_Lane": 2, "Maker": "새한항업컨소시엄", "PostID": null, "UpdateDate": "20181001", "Version": "2020", "Remark": null, "HistType": null, "HistRemark": null }, "geometry": { "type": "Point", "coordinates": [ 127.099588130551524, 37.41088352383067, 86.63 ] } },
{ "type": "Feature", "properties": { "ID": "C119AS305018", "AdminCode": "204", "Type": "2", "LinkID": "A219AS305076", "Ref_Lane": 4, "Maker": "새한항업컨소시엄", "PostID": "C619AS305011", "UpdateDate": "20181001", "Version": "2020", "Remark": null, "HistType": null, "HistRemark": null }, "geometry": { "type": "Point", "coordinates": [ 127.09929763940373, 37.410539207671064, 87.554 ] } },
{ "type": "Feature", "properties": { "ID": "C119AS305019", "AdminCode": "204", "Type": "2", "LinkID": "A219AS305076", "Ref_Lane": 4, "Maker": "새한항업컨소시엄", "PostID": "C619AS305011", "UpdateDate": "20181001", "Version": "2020", "Remark": null, "HistType": null, "HistRemark": null }, "geometry": { "type": "Point", "coordinates": [ 127.099332453639505, 37.410540840038884, 87.512 ] } },
{ "type": "Feature", "properties": { "ID": "C119AS305020", "AdminCode": "204", "Type": "2", "LinkID": "A219AS305076", "Ref_Lane": 4, "Maker": "새한항업컨소시엄", "PostID": "C619AS305011", "UpdateDate": "20181001", "Version": "2020", "Remark": null, "HistType": null, "HistRemark": null }, "geometry": { "type": "Point", "coordinates": [ 127.099366474168505, 37.410541242945889, 87.501 ] } },
{ "type": "Feature", "properties": { "ID": "C119AS305021", "AdminCode": "204", "Type": "11", "LinkID": "A219AS305941", "Ref_Lane": 2, "Maker": "새한항업컨소시엄", "PostID": "C619AS305011", "UpdateDate": "20181001", "Version": "2020", "Remark": null, "HistType": null, "HistRemark": null }, "geometry": { "type": "Point", "coordinates": [ 127.099247202679322, 37.410530744925204, 84.959 ] } },
{ "type": "Feature", "properties": { "ID": "C119AS305022", "AdminCode": "204", "Type": "11", "LinkID": "A219AS305077", "Ref_Lane": 4, "Maker": "새한항업컨소시엄", "PostID": "C619AS305009", "UpdateDate": "20181001", "Version": "2020", "Remark": null, "HistType": null, "HistRemark": null }, "geometry": { "type": "Point", "coordinates": [ 127.099021624363445, 37.410598036140925, 85.603 ] } },
{ "type": "Feature", "properties": { "ID": "C119AS305023", "AdminCode": "204", "Type": "11", "LinkID": "A219AS305171", "Ref_Lane": 3, "Maker": "새한항업컨소시엄", "PostID": "C619AS305010", "UpdateDate": "20181001", "Version": "2020", "Remark": null, "HistType": null, "HistRemark": null }, "geometry": { "type": "Point", "coordinates": [ 127.099214707984885, 37.410496794988504, 85.246 ] } },
{ "type": "Feature", "properties": { "ID": "C119AS305024", "AdminCode": "204", "Type": "2", "LinkID": "A219AS305168", "Ref_Lane": 5, "Maker": "새한항업컨소시엄", "PostID": "C619AS305012", "UpdateDate": "20181001", "Version": "2020", "Remark": null, "HistType": null, "HistRemark": null }, "geometry": { "type": "Point", "coordinates": [ 127.099541067721788, 37.410471508990582, 86.806 ] } },
{ "type": "Feature", "properties": { "ID": "C119AS305025", "AdminCode": "204", "Type": "2", "LinkID": "A219AS305168", "Ref_Lane": 5, "Maker": "새한항업컨소시엄", "PostID": "C619AS305012", "UpdateDate": "20181001", "Version": "2020", "Remark": null, "HistType": null, "HistRemark": null }, "geometry": { "type": "Point", "coordinates": [ 127.099573998418222, 37.410471669000572, 86.824 ] } },
{ "type": "Feature", "properties": { "ID": "C119AS305026", "AdminCode": "204", "Type": "2", "LinkID": "A219AS305168", "Ref_Lane": 5, "Maker": "새한항업컨소시엄", "PostID": "C619AS305012", "UpdateDate": "20181001", "Version": "2020", "Remark": null, "HistType": null, "HistRemark": null }, "geometry": { "type": "Point", "coordinates": [ 127.099506595332144, 37.410470657255999, 86.755 ] } },
{ "type": "Feature", "properties": { "ID": "C119AS305027", "AdminCode": "204", "Type": "11", "LinkID": "A219AS305941", "Ref_Lane": 2, "Maker": "새한항업컨소시엄", "PostID": "C619AS305012", "UpdateDate": "20181001", "Version": "2020", "Remark": null, "HistType": null, "HistRemark": null }, "geometry": { "type": "Point", "coordinates": [ 127.099625599216651, 37.410478329800775, 84.217 ] } },
{ "type": "Feature", "properties": { "ID": "C119AS305028", "AdminCode": "204", "Type": "5", "LinkID": "A219AS305941", "Ref_Lane": 2, "Maker": "새한항업컨소시엄", "PostID": "C619AS305012", "UpdateDate": "20181001", "Version": "2020", "Remark": null, "HistType": null, "HistRemark": null }, "geometry": { "type": "Point", "coordinates": [ 127.099628915843127, 37.410466459601238, 84.675 ] } },
{ "type": "Feature", "properties": { "ID": "C119AS305029", "AdminCode": "204", "Type": "1", "LinkID": "A219AS305941", "Ref_Lane": 2, "Maker": "새한항업컨소시엄", "PostID": "C619AS305011", "UpdateDate": "20181001", "Version": "2020", "Remark": null, "HistType": null, "HistRemark": null }, "geometry": { "type": "Point", "coordinates": [ 127.099212265744825, 37.410554976412733, 87.447 ] } },
{ "type": "Feature", "properties": { "ID": "C119AS305030", "AdminCode": "204", "Type": "1", "LinkID": "A219AS305941", "Ref_Lane": 2, "Maker": "새한항업컨소시엄", "PostID": "C619AS305011", "UpdateDate": "20181001", "Version": "2020", "Remark": null, "HistType": null, "HistRemark": null }, "geometry": { "type": "Point", "coordinates": [ 127.099186192695427, 37.410570031531051, 87.444 ] } },
{ "type": "Feature", "properties": { "ID": "C119AS305031", "AdminCode": "206", "Type": "2", "LinkID": "A219AS305125", "Ref_Lane": 4, "Maker": "새한항업컨소시엄", "PostID": "C619AS305162", "UpdateDate": "20181001", "Version": "2020", "Remark": null, "HistType": null, "HistRemark": null }, "geometry": { "type": "Point", "coordinates": [ 127.104675693544721, 37.403367183605774, 71.704 ] } },
{ "type": "Feature", "properties": { "ID": "C119AS305032", "AdminCode": "206", "Type": "2", "LinkID": "A219AS305125", "Ref_Lane": 4, "Maker": "새한항업컨소시엄", "PostID": "C619AS305162", "UpdateDate": "20181001", "Version": "2020", "Remark": null, "HistType": null, "HistRemark": null }, "geometry": { "type": "Point", "coordinates": [ 127.104719625960684, 37.403385678770199, 71.777 ] } },
{ "type": "Feature", "properties": { "ID": "C119AS305033", "AdminCode": "206", "Type": "11", "LinkID": "A219AS305957", "Ref_Lane": 2, "Maker": "새한항업컨소시엄", "PostID": "C619AS305013", "UpdateDate": "20181001", "Version": "2020", "Remark": null, "HistType": null, "HistRemark": null }, "geometry": { "type": "Point", "coordinates": [ 127.104614238678451, 37.403344667244781, 68.973 ] } },
{ "type": "Feature", "properties": { "ID": "C119AS305034", "AdminCode": "206", "Type": "11", "LinkID": "A219AS305121", "Ref_Lane": 2, "Maker": "새한항업컨소시엄", "PostID": "C619AS305013", "UpdateDate": "20181001", "Version": "2020", "Remark": null, "HistType": null, "HistRemark": null }, "geometry": { "type": "Point", "coordinates": [ 127.104609648669921, 37.403337176343662, 69.013 ] } },
{ "type": "Feature", "properties": { "ID": "C119AS305035", "AdminCode": "206", "Type": "2", "LinkID": "A219AS305570", "Ref_Lane": 3, "Maker": "새한항업컨소시엄", "PostID": "C619AS305013", "UpdateDate": "20181001", "Version": "2020", "Remark": null, "HistType": null, "HistRemark": null }, "geometry": { "type": "Point", "coordinates": [ 127.104614560785819, 37.403282116579049, 71.988 ] } },
{ "type": "Feature", "properties": { "ID": "C119AS305036", "AdminCode": "206", "Type": "2", "LinkID": "A219AS305955", "Ref_Lane": 4, "Maker": "새한항업컨소시엄", "PostID": "C619AS305016", "UpdateDate": "20181001", "Version": "2020", "Remark": null, "HistType": null, "HistRemark": null }, "geometry": { "type": "Point", "coordinates": [ 127.104775660133299, 37.403142221083783, 71.775 ] } },
{ "type": "Feature", "properties": { "ID": "C119AS305037", "AdminCode": "206", "Type": "2", "LinkID": "A219AS305955", "Ref_Lane": 4, "Maker": "새한항업컨소시엄", "PostID": "C619AS305016", "UpdateDate": "20181001", "Version": "2020", "Remark": null, "HistType": null, "HistRemark": null }, "geometry": { "type": "Point", "coordinates": [ 127.104775375535908, 37.403182214041109, 71.803 ] } },
{ "type": "Feature", "properties": { "ID": "C119AS305038", "AdminCode": "206", "Type": "11", "LinkID": "A219AS305253", "Ref_Lane": 2, "Maker": "새한항업컨소시엄", "PostID": "C619AS305016", "UpdateDate": "20181001", "Version": "2020", "Remark": null, "HistType": null, "HistRemark": null }, "geometry": { "type": "Point", "coordinates": [ 127.104773021773724, 37.403087310615589, 69.015 ] } },
{ "type": "Feature", "properties": { "ID": "C119AS305039", "AdminCode": "206", "Type": "11", "LinkID": "A219AS305957", "Ref_Lane": 4, "Maker": "새한항업컨소시엄", "PostID": "C619AS305016", "UpdateDate": "20181001", "Version": "2020", "Remark": null, "HistType": null, "HistRemark": null }, "geometry": { "type": "Point", "coordinates": [ 127.104781129076173, 37.403081645568705, 68.957 ] } },
{ "type": "Feature", "properties": { "ID": "C119AS305040", "AdminCode": "206", "Type": "2", "LinkID": "A219AS305125", "Ref_Lane": 4, "Maker": "새한항업컨소시엄", "PostID": "C619AS305016", "UpdateDate": "20181001", "Version": "2020", "Remark": null, "HistType": null, "HistRemark": null }, "geometry": { "type": "Point", "coordinates": [ 127.104865887083804, 37.403118180423974, 71.778 ] } },
{ "type": "Feature", "properties": { "ID": "C119AS305041", "AdminCode": "206", "Type": "2", "LinkID": "A219AS305251", "Ref_Lane": 4, "Maker": "새한항업컨소시엄", "PostID": "C619AS305015", "UpdateDate": "20181001", "Version": "2020", "Remark": null, "HistType": null, "HistRemark": null }, "geometry": { "type": "Point", "coordinates": [ 127.105083853878043, 37.403060885683317, 71.993 ] } },
{ "type": "Feature", "properties": { "ID": "C119AS305042", "AdminCode": "206", "Type": "2", "LinkID": "A219AS305251", "Ref_Lane": 4, "Maker": "새한항업컨소시엄", "PostID": "C619AS305015", "UpdateDate": "20181001", "Version": "2020", "Remark": null, "HistType": null, "HistRemark": null }, "geometry": { "type": "Point", "coordinates": [ 127.105130588826455, 37.403073964043294, 72.042 ] } },
{ "type": "Feature", "properties": { "ID": "C119AS305043", "AdminCode": "206", "Type": "2", "LinkID": "A219AS305955", "Ref_Lane": 4, "Maker": "새한항업컨소시엄", "PostID": "C619AS305015", "UpdateDate": "20181001", "Version": "2020", "Remark": null, "HistType": null, "HistRemark": null }, "geometry": { "type": "Point", "coordinates": [ 127.105187765730733, 37.403170332169751, 72.6 ] } },
{ "type": "Feature", "properties": { "ID": "C119AS305044", "AdminCode": "206", "Type": "11", "LinkID": "A219AS305253", "Ref_Lane": 2, "Maker": "새한항업컨소시엄", "PostID": "C619AS305015", "UpdateDate": "20181001", "Version": "2020", "Remark": null, "HistType": null, "HistRemark": null }, "geometry": { "type": "Point", "coordinates": [ 127.105200394237528, 37.403097749580084, 69.402 ] } },
{ "type": "Feature", "properties": { "ID": "C119AS305045", "AdminCode": "206", "Type": "11", "LinkID": "A219AS305952", "Ref_Lane": 3, "Maker": "새한항업컨소시엄", "PostID": "C619AS305015", "UpdateDate": "20181001", "Version": "2020", "Remark": null, "HistType": null, "HistRemark": null }, "geometry": { "type": "Point", "coordinates": [ 127.105195933115198, 37.403090522129993, 69.441 ] } },
{ "type": "Feature", "properties": { "ID": "C119AS305046", "AdminCode": "206", "Type": "11", "LinkID": "A219AS305121", "Ref_Lane": 2, "Maker": "새한항업컨소시엄", "PostID": "C619AS305014", "UpdateDate": "20181001", "Version": "2020", "Remark": null, "HistType": null, "HistRemark": null }, "geometry": { "type": "Point", "coordinates": [ 127.105109301121871, 37.403338707742677, 69.24 ] } },
{ "type": "Feature", "properties": { "ID": "C119AS305047", "AdminCode": "206", "Type": "2", "LinkID": "A219AS305570", "Ref_Lane": 4, "Maker": "새한항업컨소시엄", "PostID": "C619AS305014", "UpdateDate": "20181001", "Version": "2020", "Remark": null, "HistType": null, "HistRemark": null }, "geometry": { "type": "Point", "coordinates": [ 127.105109940533794, 37.403284174279719, 72.011 ] } },
{ "type": "Feature", "properties": { "ID": "C119AS305048", "AdminCode": "206", "Type": "2", "LinkID": "A219AS305570", "Ref_Lane": 3, "Maker": "새한항업컨소시엄", "PostID": "C619AS305014", "UpdateDate": "20181001", "Version": "2020", "Remark": null, "HistType": null, "HistRemark": null }, "geometry": { "type": "Point", "coordinates": [ 127.105112962226841, 37.403244946201568, 71.991 ] } },
{ "type": "Feature", "properties": { "ID": "C119AS305049", "AdminCode": "206", "Type": "11", "LinkID": "A219AS305571", "Ref_Lane": 3, "Maker": "새한항업컨소시엄", "PostID": "C619AS305014", "UpdateDate": "20181001", "Version": "2020", "Remark": null, "HistType": null, "HistRemark": null }, "geometry": { "type": "Point", "coordinates": [ 127.10510239890678, 37.403344968932345, 69.344 ] } },
{ "type": "Feature", "properties": { "ID": "C119AS305050", "AdminCode": "206", "Type": "2", "LinkID": "A219AS305250", "Ref_Lane": 4, "Maker": "새한항업컨소시엄", "PostID": "C619AS305014", "UpdateDate": "20181001", "Version": "2020", "Remark": null, "HistType": null, "HistRemark": null }, "geometry": { "type": "Point", "coordinates": [ 127.105015274912247, 37.403312199590331, 72.431 ] } },
{ "type": "Feature", "properties": { "ID": "C119AS305051", "AdminCode": "206", "Type": "2", "LinkID": "A219AS305312", "Ref_Lane": 5, "Maker": "새한항업컨소시엄", "PostID": "C619AS305017", "UpdateDate": "20181001", "Version": "2020", "Remark": null, "HistType": null, "HistRemark": null }, "geometry": { "type": "Point", "coordinates": [ 127.106362471088815, 37.399741483735426, 68.937 ] } },
{ "type": "Feature", "properties": { "ID": "C119AS305052", "AdminCode": "206", "Type": "2", "LinkID": "A219AS305313", "Ref_Lane": 5, "Maker": "새한항업컨소시엄", "PostID": "C619AS305020", "UpdateDate": "20181001", "Version": "2020", "Remark": null, "HistType": null, "HistRemark": null }, "geometry": { "type": "Point", "coordinates": [ 127.106591380351219, 37.399726107343447, 68.716 ] } },
{ "type": "Feature", "properties": { "ID": "C119AS305053", "AdminCode": "206", "Type": "2", "LinkID": "A219AS305313", "Ref_Lane": 5, "Maker": "새한항업컨소시엄", "PostID": "C619AS305020", "UpdateDate": "20181001", "Version": "2020", "Remark": null, "HistType": null, "HistRemark": null }, "geometry": { "type": "Point", "coordinates": [ 127.106628718319072, 37.399735447586252, 68.753 ] } },
{ "type": "Feature", "properties": { "ID": "C119AS305054", "AdminCode": "206", "Type": "11", "LinkID": "A219AS305971", "Ref_Lane": 1, "Maker": "새한항업컨소시엄", "PostID": "C619AS305020", "UpdateDate": "20181001", "Version": "2020", "Remark": null, "HistType": null, "HistRemark": null }, "geometry": { "type": "Point", "coordinates": [ 127.106705908944036, 37.399750716522213, 65.898 ] } },
{ "type": "Feature", "properties": { "ID": "C119AS305055", "AdminCode": "206", "Type": "2", "LinkID": "A219AS305973", "Ref_Lane": 4, "Maker": "새한항업컨소시엄", "PostID": "C619AS305020", "UpdateDate": "20181001", "Version": "2020", "Remark": null, "HistType": null, "HistRemark": null }, "geometry": { "type": "Point", "coordinates": [ 127.106699903619074, 37.399830885811362, 68.92 ] } },
{ "type": "Feature", "properties": { "ID": "C119AS305056", "AdminCode": "206", "Type": "2", "LinkID": "A219AS305312", "Ref_Lane": 5, "Maker": "새한항업컨소시엄", "PostID": "C619AS305018", "UpdateDate": "20181001", "Version": "2020", "Remark": null, "HistType": null, "HistRemark": null }, "geometry": { "type": "Point", "coordinates": [ 127.106236758393123, 37.400124826856597, 69.086 ] } },
{ "type": "Feature", "properties": { "ID": "C119AS305057", "AdminCode": "206", "Type": "2", "LinkID": "A219AS305312", "Ref_Lane": 5, "Maker": "새한항업컨소시엄", "PostID": "C619AS305018", "UpdateDate": "20181001", "Version": "2020", "Remark": null, "HistType": null, "HistRemark": null }, "geometry": { "type": "Point", "coordinates": [ 127.1061987575399, 37.400114439428528, 68.967 ] } },
{ "type": "Feature", "properties": { "ID": "C119AS305058", "AdminCode": "206", "Type": "11", "LinkID": "A219AS305974", "Ref_Lane": 2, "Maker": "새한항업컨소시엄", "PostID": "C619AS305021", "UpdateDate": "20181001", "Version": "2020", "Remark": null, "HistType": null, "HistRemark": null }, "geometry": { "type": "Point", "coordinates": [ 127.106130718117612, 37.400034958406508, 66.009 ] } },
{ "type": "Feature", "properties": { "ID": "C119AS305059", "AdminCode": "206", "Type": "11", "LinkID": "A219AS305316", "Ref_Lane": 3, "Maker": "새한항업컨소시엄", "PostID": "C619AS305017", "UpdateDate": "20181001", "Version": "2020", "Remark": null, "HistType": null, "HistRemark": null }, "geometry": { "type": "Point", "coordinates": [ 127.106264974305645, 37.399725105153671, 65.775 ] } },
{ "type": "Feature", "properties": { "ID": "C119AS305060", "AdminCode": "206", "Type": "11", "LinkID": "A219AS305974", "Ref_Lane": 2, "Maker": "새한항업컨소시엄", "PostID": "C619AS305017", "UpdateDate": "20181001", "Version": "2020", "Remark": null, "HistType": null, "HistRemark": null }, "geometry": { "type": "Point", "coordinates": [ 127.106271994992511, 37.399717710208648, 65.648 ] } },
{ "type": "Feature", "properties": { "ID": "C119AS305061", "AdminCode": "206", "Type": "11", "LinkID": "A219AS305971", "Ref_Lane": 2, "Maker": "새한항업컨소시엄", "PostID": "C619AS305019", "UpdateDate": "20181001", "Version": "2020", "Remark": null, "HistType": null, "HistRemark": null }, "geometry": { "type": "Point", "coordinates": [ 127.106643490437065, 37.399976651888096, 65.686 ] } },
{ "type": "Feature", "properties": { "ID": "C119AS305062", "AdminCode": "206", "Type": "11", "LinkID": "A219AS305300", "Ref_Lane": 3, "Maker": "새한항업컨소시엄", "PostID": "C619AS305019", "UpdateDate": "20181001", "Version": "2020", "Remark": null, "HistType": null, "HistRemark": null }, "geometry": { "type": "Point", "coordinates": [ 127.106648855874809, 37.399971735886233, 65.644 ] } },
{ "type": "Feature", "properties": { "ID": "C119AS305063", "AdminCode": "206", "Type": "11", "LinkID": "A219AS305300", "Ref_Lane": 4, "Maker": "새한항업컨소시엄", "PostID": "C619AS305018", "UpdateDate": "20181001", "Version": "2020", "Remark": null, "HistType": null, "HistRemark": null }, "geometry": { "type": "Point", "coordinates": [ 127.106118659685748, 37.400091688250946, 66.243 ] } },
{ "type": "Feature", "properties": { "ID": "C119AS305064", "AdminCode": "206", "Type": "11", "LinkID": "A219AS305316", "Ref_Lane": 3, "Maker": "새한항업컨소시엄", "PostID": "C619AS305020", "UpdateDate": "20181001", "Version": "2020", "Remark": null, "HistType": null, "HistRemark": null }, "geometry": { "type": "Point", "coordinates": [ 127.106708067010132, 37.399758781242753, 65.946 ] } },
{ "type": "Feature", "properties": { "ID": "C119AS305065", "AdminCode": "206", "Type": "2", "LinkID": "A219AS305313", "Ref_Lane": 5, "Maker": "새한항업컨소시엄", "PostID": "C619AS305019", "UpdateDate": "20181001", "Version": "2020", "Remark": null, "HistType": null, "HistRemark": null }, "geometry": { "type": "Point", "coordinates": [ 127.106526512148704, 37.399948371359116, 68.408 ] } },
{ "type": "Feature", "properties": { "ID": "C119AS305066", "AdminCode": "206", "Type": "2", "LinkID": "A219AS305970", "Ref_Lane": 3, "Maker": "새한항업컨소시엄", "PostID": "C619AS305019", "UpdateDate": "20181001", "Version": "2020", "Remark": null, "HistType": null, "HistRemark": null }, "geometry": { "type": "Point", "coordinates": [ 127.106643489892406, 37.399906201031996, 68.524 ] } },
{ "type": "Feature", "properties": { "ID": "C119AS305067", "AdminCode": "206", "Type": "2", "LinkID": "A219AS305970", "Ref_Lane": 3, "Maker": "새한항업컨소시엄", "PostID": "C619AS305019", "UpdateDate": "20181001", "Version": "2020", "Remark": null, "HistType": null, "HistRemark": null }, "geometry": { "type": "Point", "coordinates": [ 127.106644117287573, 37.399878578703692, 68.514 ] } },
{ "type": "Feature", "properties": { "ID": "C119AS305068", "AdminCode": "206", "Type": "2", "LinkID": "A219AS305973", "Ref_Lane": 4, "Maker": "새한항업컨소시엄", "PostID": "C619AS305017", "UpdateDate": "20181001", "Version": "2020", "Remark": null, "HistType": null, "HistRemark": null }, "geometry": { "type": "Point", "coordinates": [ 127.106273262692881, 37.399787622588349, 68.624 ] } },
{ "type": "Feature", "properties": { "ID": "C119AS305069", "AdminCode": "206", "Type": "2", "LinkID": "A219AS305973", "Ref_Lane": 4, "Maker": "새한항업컨소시엄", "PostID": "C619AS305017", "UpdateDate": "20181001", "Version": "2020", "Remark": null, "HistType": null, "HistRemark": null }, "geometry": { "type": "Point", "coordinates": [ 127.106272936147192, 37.399818097688886, 68.635 ] } },
{ "type": "Feature", "properties": { "ID": "C119AS305070", "AdminCode": "206", "Type": "2", "LinkID": "A219AS305350", "Ref_Lane": 5, "Maker": "새한항업컨소시엄", "PostID": "C619AS305023", "UpdateDate": "20181001", "Version": "2020", "Remark": null, "HistType": null, "HistRemark": null }, "geometry": { "type": "Point", "coordinates": [ 127.106855452578827, 37.396384240782929, 71.962 ] } },
{ "type": "Feature", "properties": { "ID": "C119AS305071", "AdminCode": "206", "Type": "2", "LinkID": "A219AS305350", "Ref_Lane": 5, "Maker": "새한항업컨소시엄", "PostID": "C619AS305023", "UpdateDate": "20181001", "Version": "2020", "Remark": null, "HistType": null, "HistRemark": null }, "geometry": { "type": "Point", "coordinates": [ 127.106889282141537, 37.396379411128628, 72.025 ] } },
{ "type": "Feature", "properties": { "ID": "C119AS305072", "AdminCode": "206", "Type": "11", "LinkID": "A219AS305402", "Ref_Lane": 3, "Maker": "새한항업컨소시엄", "PostID": "C619AS305023", "UpdateDate": "20181001", "Version": "2020", "Remark": null, "HistType": null, "HistRemark": null }, "geometry": { "type": "Point", "coordinates": [ 127.106773079150472, 37.396399098939703, 69.013 ] } },
{ "type": "Feature", "properties": { "ID": "C119AS305073", "AdminCode": "206", "Type": "1", "LinkID": "A219AS305402", "Ref_Lane": 3, "Maker": "새한항업컨소시엄", "PostID": "C619AS305023", "UpdateDate": "20181001", "Version": "2020", "Remark": null, "HistType": null, "HistRemark": null }, "geometry": { "type": "Point", "coordinates": [ 127.106760035032963, 37.396345553908596, 72.063 ] } },
{ "type": "Feature", "properties": { "ID": "C119AS305074", "AdminCode": "206", "Type": "1", "LinkID": "A219AS305402", "Ref_Lane": 3, "Maker": "새한항업컨소시엄", "PostID": "C619AS305023", "UpdateDate": "20181001", "Version": "2020", "Remark": null, "HistType": null, "HistRemark": null }, "geometry": { "type": "Point", "coordinates": [ 127.106753613968422, 37.396318359421471, 72.052 ] } },
{ "type": "Feature", "properties": { "ID": "C119AS305075", "AdminCode": "206", "Type": "11", "LinkID": "A219AS305351", "Ref_Lane": 1, "Maker": "새한항업컨소시엄", "PostID": "C619AS305024", "UpdateDate": "20181001", "Version": "2020", "Remark": null, "HistType": null, "HistRemark": null }, "geometry": { "type": "Point", "coordinates": [ 127.106682506545098, 37.396092006561602, 69.289 ] } },
{ "type": "Feature", "properties": { "ID": "C119AS305076", "AdminCode": "206", "Type": "2", "LinkID": "A219AS305350", "Ref_Lane": 5, "Maker": "새한항업컨소시엄", "PostID": "C619AS305024", "UpdateDate": "20181001", "Version": "2020", "Remark": null, "HistType": null, "HistRemark": null }, "geometry": { "type": "Point", "coordinates": [ 127.106741352666134, 37.396075681115995, 72.09 ] } },
{ "type": "Feature", "properties": { "ID": "C119AS305077", "AdminCode": "206", "Type": "2", "LinkID": "A219AS305350", "Ref_Lane": 5, "Maker": "새한항업컨소시엄", "PostID": "C619AS305024", "UpdateDate": "20181001", "Version": "2020", "Remark": null, "HistType": null, "HistRemark": null }, "geometry": { "type": "Point", "coordinates": [ 127.106775128484159, 37.396069390603166, 72.107 ] } },
{ "type": "Feature", "properties": { "ID": "C119AS305078", "AdminCode": "206", "Type": "11", "LinkID": "A219AS305351", "Ref_Lane": 1, "Maker": "새한항업컨소시엄", "PostID": "C619AS305025", "UpdateDate": "20181001", "Version": "2020", "Remark": null, "HistType": null, "HistRemark": null }, "geometry": { "type": "Point", "coordinates": [ 127.107063601275215, 37.396100318165665, 69.239 ] } },
{ "type": "Feature", "properties": { "ID": "C119AS305079", "AdminCode": "206", "Type": "11", "LinkID": "A219AS305376", "Ref_Lane": 4, "Maker": "새한항업컨소시엄", "PostID": "C619AS305025", "UpdateDate": "20181001", "Version": "2020", "Remark": null, "HistType": null, "HistRemark": null }, "geometry": { "type": "Point", "coordinates": [ 127.107072087979972, 37.396104230320169, 69.151 ] } },
{ "type": "Feature", "properties": { "ID": "C119AS305080", "AdminCode": "206", "Type": "1", "LinkID": "A219AS305880", "Ref_Lane": 5, "Maker": "새한항업컨소시엄", "PostID": "C619AS305025", "UpdateDate": "20181001", "Version": "2020", "Remark": null, "HistType": null, "HistRemark": null }, "geometry": { "type": "Point", "coordinates": [ 127.106982319985207, 37.39612386400983, 71.956 ] } },
{ "type": "Feature", "properties": { "ID": "C119AS305081", "AdminCode": "206", "Type": "1", "LinkID": "A219AS305880", "Ref_Lane": 5, "Maker": "새한항업컨소시엄", "PostID": "C619AS305025", "UpdateDate": "20181001", "Version": "2020", "Remark": null, "HistType": null, "HistRemark": null }, "geometry": { "type": "Point", "coordinates": [ 127.106949814304315, 37.396134446859065, 71.943 ] } },
{ "type": "Feature", "properties": { "ID": "C119AS305082", "AdminCode": "206", "Type": "1", "LinkID": "A219AS305401", "Ref_Lane": 3, "Maker": "새한항업컨소시엄", "PostID": "C619AS305022", "UpdateDate": "20181001", "Version": "2020", "Remark": null, "HistType": null, "HistRemark": null }, "geometry": { "type": "Point", "coordinates": [ 127.107131508173339, 37.396276573017431, 71.536 ] } },
{ "type": "Feature", "properties": { "ID": "C119AS305083", "AdminCode": "206", "Type": "1", "LinkID": "A219AS305401", "Ref_Lane": 3, "Maker": "새한항업컨소시엄", "PostID": "C619AS305022", "UpdateDate": "20181001", "Version": "2020", "Remark": null, "HistType": null, "HistRemark": null }, "geometry": { "type": "Point", "coordinates": [ 127.107131828960263, 37.396247656968299, 71.563 ] } },
{ "type": "Feature", "properties": { "ID": "C119AS305084", "AdminCode": "206", "Type": "1", "LinkID": "A219AS305880", "Ref_Lane": 5, "Maker": "새한항업컨소시엄", "PostID": "C619AS305022", "UpdateDate": "20181001", "Version": "2020", "Remark": null, "HistType": null, "HistRemark": null }, "geometry": { "type": "Point", "coordinates": [ 127.107075716409014, 37.396355133976101, 71.898 ] } },
{ "type": "Feature", "properties": { "ID": "C119AS305085", "AdminCode": "206", "Type": "1", "LinkID": "A219AS305880", "Ref_Lane": 5, "Maker": "새한항업컨소시엄", "PostID": "C619AS305022", "UpdateDate": "20181001", "Version": "2020", "Remark": null, "HistType": null, "HistRemark": null }, "geometry": { "type": "Point", "coordinates": [ 127.107042379871402, 37.396362368910602, 71.929 ] } },
{ "type": "Feature", "properties": { "ID": "C119AS305086", "AdminCode": "206", "Type": "2", "LinkID": "A219AS305614", "Ref_Lane": 4, "Maker": "새한항업컨소시엄", "PostID": "C619AS305030", "UpdateDate": "20181001", "Version": "2020", "Remark": null, "HistType": null, "HistRemark": null }, "geometry": { "type": "Point", "coordinates": [ 127.10935806077822, 37.403151259867712, 79.599 ] } },
{ "type": "Feature", "properties": { "ID": "C119AS305087", "AdminCode": "206", "Type": "2", "LinkID": "A219AS305614", "Ref_Lane": 4, "Maker": "새한항업컨소시엄", "PostID": "C619AS305030", "UpdateDate": "20181001", "Version": "2020", "Remark": null, "HistType": null, "HistRemark": null }, "geometry": { "type": "Point", "coordinates": [ 127.109360695948922, 37.403181259624539, 79.644 ] } },
{ "type": "Feature", "properties": { "ID": "C119AS305088", "AdminCode": "206", "Type": "11", "LinkID": "A219AS306115", "Ref_Lane": 2, "Maker": "새한항업컨소시엄", "PostID": "C619AS305030", "UpdateDate": "20181001", "Version": "2020", "Remark": null, "HistType": null, "HistRemark": null }, "geometry": { "type": "Point", "coordinates": [ 127.109361673837043, 37.403086616804387, 76.808 ] } },
{ "type": "Feature", "properties": { "ID": "C119AS305089", "AdminCode": "206", "Type": "11", "LinkID": "A219AS305615", "Ref_Lane": 3, "Maker": "새한항업컨소시엄", "PostID": "C619AS305031", "UpdateDate": "20181001", "Version": "2020", "Remark": null, "HistType": null, "HistRemark": null }, "geometry": { "type": "Point", "coordinates": [ 127.109493951345868, 37.402989162324495, 76.358 ] } },
{ "type": "Feature", "properties": { "ID": "C119AS305090", "AdminCode": "206", "Type": "2", "LinkID": "A219AS306105", "Ref_Lane": 4, "Maker": "새한항업컨소시엄", "PostID": "C619AS305031", "UpdateDate": "20181001", "Version": "2020", "Remark": null, "HistType": null, "HistRemark": null }, "geometry": { "type": "Point", "coordinates": [ 127.109572504452856, 37.402982289436721, 79.17 ] } },
{ "type": "Feature", "properties": { "ID": "C119AS305091", "AdminCode": "206", "Type": "2", "LinkID": "A219AS306105", "Ref_Lane": 4, "Maker": "새한항업컨소시엄", "PostID": "C619AS305031", "UpdateDate": "20181001", "Version": "2020", "Remark": null, "HistType": null, "HistRemark": null }, "geometry": { "type": "Point", "coordinates": [ 127.109612862902139, 37.402981655144423, 79.232 ] } },
{ "type": "Feature", "properties": { "ID": "C119AS305092", "AdminCode": "206", "Type": "2", "LinkID": "A219AS306113", "Ref_Lane": 4, "Maker": "새한항업컨소시엄", "PostID": "C619AS305032", "UpdateDate": "20181001", "Version": "2020", "Remark": null, "HistType": null, "HistRemark": null }, "geometry": { "type": "Point", "coordinates": [ 127.109728515400661, 37.402981107461891, 79.107 ] } },
{ "type": "Feature", "properties": { "ID": "C119AS305093", "AdminCode": "206", "Type": "2", "LinkID": "A219AS306113", "Ref_Lane": 4, "Maker": "새한항업컨소시엄", "PostID": "C619AS305032", "UpdateDate": "20181001", "Version": "2020", "Remark": null, "HistType": null, "HistRemark": null }, "geometry": { "type": "Point", "coordinates": [ 127.10976627275501, 37.402979232853895, 79.125 ] } },
{ "type": "Feature", "properties": { "ID": "C119AS305094", "AdminCode": "206", "Type": "11", "LinkID": "A219AS305624", "Ref_Lane": 3, "Maker": "새한항업컨소시엄", "PostID": "C619AS305032", "UpdateDate": "20181001", "Version": "2020", "Remark": null, "HistType": null, "HistRemark": null }, "geometry": { "type": "Point", "coordinates": [ 127.109848308585669, 37.402978976591804, 76.438 ] } },
{ "type": "Feature", "properties": { "ID": "C119AS305095", "AdminCode": "206", "Type": "11", "LinkID": "A219AS306115", "Ref_Lane": 2, "Maker": "새한항업컨소시엄", "PostID": "C619AS305033", "UpdateDate": "20181001", "Version": "2020", "Remark": null, "HistType": null, "HistRemark": null }, "geometry": { "type": "Point", "coordinates": [ 127.10989497993134, 37.403057564047828, 76.431 ] } },
{ "type": "Feature", "properties": { "ID": "C119AS305096", "AdminCode": "206", "Type": "11", "LinkID": "A219AS306106", "Ref_Lane": 3, "Maker": "새한항업컨소시엄", "PostID": "C619AS305026", "UpdateDate": "20181001", "Version": "2020", "Remark": null, "HistType": null, "HistRemark": null }, "geometry": { "type": "Point", "coordinates": [ 127.109956418436909, 37.403370794186678, 76.527 ] } },
{ "type": "Feature", "properties": { "ID": "C119AS305097", "AdminCode": "206", "Type": "11", "LinkID": "A219AS306106", "Ref_Lane": 3, "Maker": "새한항업컨소시엄", "PostID": "C619AS305029", "UpdateDate": "20181001", "Version": "2020", "Remark": null, "HistType": null, "HistRemark": null }, "geometry": { "type": "Point", "coordinates": [ 127.109452973755239, 37.403366392708435, 76.729 ] } },
{ "type": "Feature", "properties": { "ID": "C119AS305098", "AdminCode": "206", "Type": "11", "LinkID": "A219AS305615", "Ref_Lane": 3, "Maker": "새한항업컨소시엄", "PostID": "C619AS305028", "UpdateDate": "20181001", "Version": "2020", "Remark": null, "HistType": null, "HistRemark": null }, "geometry": { "type": "Point", "coordinates": [ 127.109596539795632, 37.403456759278534, 77.091 ] } },
{ "type": "Feature", "properties": { "ID": "C119AS305099", "AdminCode": "206", "Type": "11", "LinkID": "A219AS305624", "Ref_Lane": 3, "Maker": "새한항업컨소시엄", "PostID": "C619AS305027", "UpdateDate": "20181001", "Version": "2020", "Remark": null, "HistType": null, "HistRemark": null }, "geometry": { "type": "Point", "coordinates": [ 127.109817247281072, 37.403393253932812, 76.706 ] } },
{ "type": "Feature", "properties": { "ID": "C119AS305100", "AdminCode": "206", "Type": "2", "LinkID": "A219AS306113", "Ref_Lane": 4, "Maker": "새한항업컨소시엄", "PostID": "C619AS305027", "UpdateDate": "20181001", "Version": "2020", "Remark": null, "HistType": null, "HistRemark": null }, "geometry": { "type": "Point", "coordinates": [ 127.109719046367616, 37.403388042409667, 79.379 ] } },
{ "type": "Feature", "properties": { "ID": "C119AS305101", "AdminCode": "206", "Type": "2", "LinkID": "A219AS306113", "Ref_Lane": 4, "Maker": "새한항업컨소시엄", "PostID": "C619AS305027", "UpdateDate": "20181001", "Version": "2020", "Remark": null, "HistType": null, "HistRemark": null }, "geometry": { "type": "Point", "coordinates": [ 127.109757938506021, 37.403388222783946, 79.303 ] } },
{ "type": "Feature", "properties": { "ID": "C119AS305102", "AdminCode": "206", "Type": "2", "LinkID": "A219AS306105", "Ref_Lane": 4, "Maker": "새한항업컨소시엄", "PostID": "C619AS305028", "UpdateDate": "20181001", "Version": "2020", "Remark": null, "HistType": null, "HistRemark": null }, "geometry": { "type": "Point", "coordinates": [ 127.109670431054184, 37.403460987291218, 79.939 ] } },
{ "type": "Feature", "properties": { "ID": "C119AS305103", "AdminCode": "206", "Type": "2", "LinkID": "A219AS306105", "Ref_Lane": 4, "Maker": "새한항업컨소시엄", "PostID": "C619AS305028", "UpdateDate": "20181001", "Version": "2020", "Remark": null, "HistType": null, "HistRemark": null }, "geometry": { "type": "Point", "coordinates": [ 127.10963332753272, 37.403462908372823, 79.948 ] } },
{ "type": "Feature", "properties": { "ID": "C119AS305104", "AdminCode": "206", "Type": "2", "LinkID": "A219AS305623", "Ref_Lane": 4, "Maker": "새한항업컨소시엄", "PostID": "C619AS305029", "UpdateDate": "20181001", "Version": "2020", "Remark": null, "HistType": null, "HistRemark": null }, "geometry": { "type": "Point", "coordinates": [ 127.10946098207728, 37.403324198024222, 79.448 ] } },
{ "type": "Feature", "properties": { "ID": "C119AS305105", "AdminCode": "206", "Type": "2", "LinkID": "A219AS305623", "Ref_Lane": 4, "Maker": "새한항업컨소시엄", "PostID": "C619AS305029", "UpdateDate": "20181001", "Version": "2020", "Remark": null, "HistType": null, "HistRemark": null }, "geometry": { "type": "Point", "coordinates": [ 127.109458612285252, 37.403289930581636, 79.561 ] } },
{ "type": "Feature", "properties": { "ID": "C119AS305106", "AdminCode": "206", "Type": "2", "LinkID": "A219AS305623", "Ref_Lane": 4, "Maker": "새한항업컨소시엄", "PostID": "C619AS305026", "UpdateDate": "20181001", "Version": "2020", "Remark": null, "HistType": null, "HistRemark": null }, "geometry": { "type": "Point", "coordinates": [ 127.10995956945824, 37.403275960792847, 79.28 ] } },
{ "type": "Feature", "properties": { "ID": "C119AS305107", "AdminCode": "206", "Type": "2", "LinkID": "A219AS305623", "Ref_Lane": 4, "Maker": "새한항업컨소시엄", "PostID": "C619AS305026", "UpdateDate": "20181001", "Version": "2020", "Remark": null, "HistType": null, "HistRemark": null }, "geometry": { "type": "Point", "coordinates": [ 127.109962624741456, 37.403305886143734, 79.232 ] } },
{ "type": "Feature", "properties": { "ID": "C119AS305108", "AdminCode": "206", "Type": "2", "LinkID": "A219AS305645", "Ref_Lane": 4, "Maker": "새한항업컨소시엄", "PostID": "C619AS305036", "UpdateDate": "20181001", "Version": "2020", "Remark": null, "HistType": null, "HistRemark": null }, "geometry": { "type": "Point", "coordinates": [ 127.112549203298244, 37.403206263259108, 73.922 ] } },
{ "type": "Feature", "properties": { "ID": "C119AS305109", "AdminCode": "206", "Type": "2", "LinkID": "A219AS305645", "Ref_Lane": 4, "Maker": "새한항업컨소시엄", "PostID": "C619AS305036", "UpdateDate": "20181001", "Version": "2020", "Remark": null, "HistType": null, "HistRemark": null }, "geometry": { "type": "Point", "coordinates": [ 127.11255271524908, 37.403158147416271, 74.01 ] } },
{ "type": "Feature", "properties": { "ID": "C119AS305110", "AdminCode": "206", "Type": "11", "LinkID": "A219AS305655", "Ref_Lane": 2, "Maker": "새한항업컨소시엄", "PostID": "C619AS305036", "UpdateDate": "20181001", "Version": "2020", "Remark": null, "HistType": null, "HistRemark": null }, "geometry": { "type": "Point", "coordinates": [ 127.11256498891818, 37.403093570422286, 71.459 ] } },
{ "type": "Feature", "properties": { "ID": "C119AS305111", "AdminCode": "206", "Type": "11", "LinkID": "A219AS305646", "Ref_Lane": 3, "Maker": "새한항업컨소시엄", "PostID": "C619AS305037", "UpdateDate": "20181001", "Version": "2020", "Remark": null, "HistType": null, "HistRemark": null }, "geometry": { "type": "Point", "coordinates": [ 127.112680535804472, 37.403067972366991, 71.299 ] } },
{ "type": "Feature", "properties": { "ID": "C119AS305112", "AdminCode": "206", "Type": "2", "LinkID": "A219AS305560", "Ref_Lane": 4, "Maker": "새한항업컨소시엄", "PostID": "C619AS305038", "UpdateDate": "20181001", "Version": "2020", "Remark": null, "HistType": null, "HistRemark": null }, "geometry": { "type": "Point", "coordinates": [ 127.112813969326083, 37.403010277796817, 74.138 ] } },
{ "type": "Feature", "properties": { "ID": "C119AS305113", "AdminCode": "206", "Type": "2", "LinkID": "A219AS305560", "Ref_Lane": 4, "Maker": "새한항업컨소시엄", "PostID": "C619AS305038", "UpdateDate": "20181001", "Version": "2020", "Remark": null, "HistType": null, "HistRemark": null }, "geometry": { "type": "Point", "coordinates": [ 127.112862961726535, 37.40301358353161, 74.109 ] } },
{ "type": "Feature", "properties": { "ID": "C119AS305114", "AdminCode": "206", "Type": "2", "LinkID": "A219AS305656", "Ref_Lane": 4, "Maker": "새한항업컨소시엄", "PostID": "C619AS305039", "UpdateDate": "20181001", "Version": "2020", "Remark": null, "HistType": null, "HistRemark": null }, "geometry": { "type": "Point", "coordinates": [ 127.112970717982222, 37.403031481408391, 74.364 ] } },
{ "type": "Feature", "properties": { "ID": "C119AS305115", "AdminCode": "206", "Type": "2", "LinkID": "A219AS305656", "Ref_Lane": 4, "Maker": "새한항업컨소시엄", "PostID": "C619AS305039", "UpdateDate": "20181001", "Version": "2020", "Remark": null, "HistType": null, "HistRemark": null }, "geometry": { "type": "Point", "coordinates": [ 127.113019733463929, 37.403033417543512, 74.293 ] } },
{ "type": "Feature", "properties": { "ID": "C119AS305116", "AdminCode": "206", "Type": "11", "LinkID": "A219AS305490", "Ref_Lane": 3, "Maker": "새한항업컨소시엄", "PostID": "C619AS305039", "UpdateDate": "20181001", "Version": "2020", "Remark": null, "HistType": null, "HistRemark": null }, "geometry": { "type": "Point", "coordinates": [ 127.11308890618632, 37.403042443858446, 71.515 ] } },
{ "type": "Feature", "properties": { "ID": "C119AS305117", "AdminCode": "206", "Type": "2", "LinkID": "A219AS305645", "Ref_Lane": 4, "Maker": "새한항업컨소시엄", "PostID": "C619AS305040", "UpdateDate": "20181001", "Version": "2020", "Remark": null, "HistType": null, "HistRemark": null }, "geometry": { "type": "Point", "coordinates": [ 127.113081849851952, 37.403149454043415, 74.486 ] } },
{ "type": "Feature", "properties": { "ID": "C119AS305118", "AdminCode": "206", "Type": "2", "LinkID": "A219AS305645", "Ref_Lane": 4, "Maker": "새한항업컨소시엄", "PostID": "C619AS305040", "UpdateDate": "20181001", "Version": "2020", "Remark": null, "HistType": null, "HistRemark": null }, "geometry": { "type": "Point", "coordinates": [ 127.113078988830139, 37.403188748026373, 74.505 ] } },
{ "type": "Feature", "properties": { "ID": "C119AS305119", "AdminCode": "206", "Type": "2", "LinkID": "A219AS305491", "Ref_Lane": 4, "Maker": "새한항업컨소시엄", "PostID": "C619AS305041", "UpdateDate": "20181001", "Version": "2020", "Remark": null, "HistType": null, "HistRemark": null }, "geometry": { "type": "Point", "coordinates": [ 127.113205822553411, 37.403256798506774, 74.678 ] } },
{ "type": "Feature", "properties": { "ID": "C119AS305120", "AdminCode": "206", "Type": "2", "LinkID": "A219AS305491", "Ref_Lane": 4, "Maker": "새한항업컨소시엄", "PostID": "C619AS305041", "UpdateDate": "20181001", "Version": "2020", "Remark": null, "HistType": null, "HistRemark": null }, "geometry": { "type": "Point", "coordinates": [ 127.113203655089961, 37.403286460166044, 74.677 ] } },
{ "type": "Feature", "properties": { "ID": "C119AS305121", "AdminCode": "206", "Type": "11", "LinkID": "A219AS305558", "Ref_Lane": 2, "Maker": "새한항업컨소시엄", "PostID": "C619AS305041", "UpdateDate": "20181001", "Version": "2020", "Remark": null, "HistType": null, "HistRemark": null }, "geometry": { "type": "Point", "coordinates": [ 127.113190678830918, 37.403351593803578, 71.984 ] } },
{ "type": "Feature", "properties": { "ID": "C119AS305122", "AdminCode": "206", "Type": "2", "LinkID": "A219AS305656", "Ref_Lane": 4, "Maker": "새한항업컨소시엄", "PostID": "C619AS305042", "UpdateDate": "20181001", "Version": "2020", "Remark": null, "HistType": null, "HistRemark": null }, "geometry": { "type": "Point", "coordinates": [ 127.113031201185834, 37.403354482441401, 74.778 ] } },
{ "type": "Feature", "properties": { "ID": "C119AS305123", "AdminCode": "206", "Type": "2", "LinkID": "A219AS305656", "Ref_Lane": 4, "Maker": "새한항업컨소시엄", "PostID": "C619AS305042", "UpdateDate": "20181001", "Version": "2020", "Remark": null, "HistType": null, "HistRemark": null }, "geometry": { "type": "Point", "coordinates": [ 127.11298333003603, 37.403358711117697, 74.755 ] } },
{ "type": "Feature", "properties": { "ID": "C119AS305124", "AdminCode": "206", "Type": "11", "LinkID": "A219AS305490", "Ref_Lane": 3, "Maker": "새한항업컨소시엄", "PostID": "C619AS305042", "UpdateDate": "20181001", "Version": "2020", "Remark": null, "HistType": null, "HistRemark": null }, "geometry": { "type": "Point", "coordinates": [ 127.113079618129575, 37.40335686863709, 72.204 ] } },
{ "type": "Feature", "properties": { "ID": "C119AS305125", "AdminCode": "206", "Type": "2", "LinkID": "A219AS305560", "Ref_Lane": 4, "Maker": "새한항업컨소시엄", "PostID": "C619AS305035", "UpdateDate": "20181001", "Version": "2020", "Remark": null, "HistType": null, "HistRemark": null }, "geometry": { "type": "Point", "coordinates": [ 127.11272390888567, 37.403453301300679, 74.271 ] } },
{ "type": "Feature", "properties": { "ID": "C119AS305126", "AdminCode": "206", "Type": "2", "LinkID": "A219AS305560", "Ref_Lane": 4, "Maker": "새한항업컨소시엄", "PostID": "C619AS305035", "UpdateDate": "20181001", "Version": "2020", "Remark": null, "HistType": null, "HistRemark": null }, "geometry": { "type": "Point", "coordinates": [ 127.112771110473176, 37.403459552613896, 74.382 ] } },
{ "type": "Feature", "properties": { "ID": "C119AS305127", "AdminCode": "206", "Type": "11", "LinkID": "A219AS305646", "Ref_Lane": 3, "Maker": "새한항업컨소시엄", "PostID": "C619AS305035", "UpdateDate": "20181001", "Version": "2020", "Remark": null, "HistType": null, "HistRemark": null }, "geometry": { "type": "Point", "coordinates": [ 127.112656571884926, 37.40344133896204, 71.405 ] } },
{ "type": "Feature", "properties": { "ID": "C119AS305128", "AdminCode": "206", "Type": "11", "LinkID": "A219AS305558", "Ref_Lane": 2, "Maker": "새한항업컨소시엄", "PostID": "C619AS305034", "UpdateDate": "20181001", "Version": "2020", "Remark": null, "HistType": null, "HistRemark": null }, "geometry": { "type": "Point", "coordinates": [ 127.112675198805576, 37.403356332884421, 71.621 ] } },
{ "type": "Feature", "properties": { "ID": "C119AS305129", "AdminCode": "206", "Type": "2", "LinkID": "A219AS305491", "Ref_Lane": 4, "Maker": "새한항업컨소시엄", "PostID": "C619AS305034", "UpdateDate": "20181001", "Version": "2020", "Remark": null, "HistType": null, "HistRemark": null }, "geometry": { "type": "Point", "coordinates": [ 127.112683878068509, 37.403318393571638, 74.365 ] } },
{ "type": "Feature", "properties": { "ID": "C119AS305130", "AdminCode": "206", "Type": "2", "LinkID": "A219AS305491", "Ref_Lane": 4, "Maker": "새한항업컨소시엄", "PostID": "C619AS305034", "UpdateDate": "20181001", "Version": "2020", "Remark": null, "HistType": null, "HistRemark": null }, "geometry": { "type": "Point", "coordinates": [ 127.112685452378912, 37.403279061030624, 74.375 ] } },
{ "type": "Feature", "properties": { "ID": "C119AS305131", "AdminCode": "206", "Type": "2", "LinkID": "A219AS305723", "Ref_Lane": 4, "Maker": "새한항업컨소시엄", "PostID": "C619AS305046", "UpdateDate": "20181001", "Version": "2020", "Remark": null, "HistType": null, "HistRemark": null }, "geometry": { "type": "Point", "coordinates": [ 127.112859644246839, 37.400058792723343, 67.654 ] } },
{ "type": "Feature", "properties": { "ID": "C119AS305132", "AdminCode": "206", "Type": "2", "LinkID": "A219AS305723", "Ref_Lane": 4, "Maker": "새한항업컨소시엄", "PostID": "C619AS305046", "UpdateDate": "20181001", "Version": "2020", "Remark": null, "HistType": null, "HistRemark": null }, "geometry": { "type": "Point", "coordinates": [ 127.112920271467388, 37.400061157605712, 67.672 ] } },
{ "type": "Feature", "properties": { "ID": "C119AS305133", "AdminCode": "206", "Type": "11", "LinkID": "A219AS306081", "Ref_Lane": 1, "Maker": "새한항업컨소시엄", "PostID": "C619AS305046", "UpdateDate": "20181001", "Version": "2020", "Remark": null, "HistType": null, "HistRemark": null }, "geometry": { "type": "Point", "coordinates": [ 127.1127792154563, 37.400046900850917, 64.977 ] } },
{ "type": "Feature", "properties": { "ID": "C119AS305134", "AdminCode": "206", "Type": "2", "LinkID": "A219AS306071", "Ref_Lane": 3, "Maker": "새한항업컨소시엄", "PostID": "C619AS305045", "UpdateDate": "20181001", "Version": "2020", "Remark": null, "HistType": null, "HistRemark": null }, "geometry": { "type": "Point", "coordinates": [ 127.112739489793157, 37.399902138259975, 66.892 ] } },
{ "type": "Feature", "properties": { "ID": "C119AS305135", "AdminCode": "206", "Type": "2", "LinkID": "A219AS306071", "Ref_Lane": 3, "Maker": "새한항업컨소시엄", "PostID": "C619AS305045", "UpdateDate": "20181001", "Version": "2020", "Remark": null, "HistType": null, "HistRemark": null }, "geometry": { "type": "Point", "coordinates": [ 127.112739358858548, 37.399872232609134, 66.794 ] } },
{ "type": "Feature", "properties": { "ID": "C119AS305136", "AdminCode": "206", "Type": "11", "LinkID": "A219AS305721", "Ref_Lane": 3, "Maker": "새한항업컨소시엄", "PostID": "C619AS305045", "UpdateDate": "20181001", "Version": "2020", "Remark": null, "HistType": null, "HistRemark": null }, "geometry": { "type": "Point", "coordinates": [ 127.112734129794973, 37.399968547092392, 64.36 ] } },
{ "type": "Feature", "properties": { "ID": "C119AS305137", "AdminCode": "206", "Type": "2", "LinkID": "A219AS305735", "Ref_Lane": 5, "Maker": "새한항업컨소시엄", "PostID": "C619AS305047", "UpdateDate": "20181001", "Version": "2020", "Remark": null, "HistType": null, "HistRemark": null }, "geometry": { "type": "Point", "coordinates": [ 127.113031047443016, 37.399989573165414, 67.171 ] } },
{ "type": "Feature", "properties": { "ID": "C119AS305138", "AdminCode": "206", "Type": "2", "LinkID": "A219AS305735", "Ref_Lane": 5, "Maker": "새한항업컨소시엄", "PostID": "C619AS305047", "UpdateDate": "20181001", "Version": "2020", "Remark": null, "HistType": null, "HistRemark": null }, "geometry": { "type": "Point", "coordinates": [ 127.113091597671385, 37.399986448101764, 67.146 ] } },
{ "type": "Feature", "properties": { "ID": "C119AS305139", "AdminCode": "206", "Type": "11", "LinkID": "A219AS306072", "Ref_Lane": 2, "Maker": "새한항업컨소시엄", "PostID": "C619AS305047", "UpdateDate": "20181001", "Version": "2020", "Remark": null, "HistType": null, "HistRemark": null }, "geometry": { "type": "Point", "coordinates": [ 127.113173161897976, 37.399988200769393, 64.4 ] } },
{ "type": "Feature", "properties": { "ID": "C119AS305140", "AdminCode": "206", "Type": "2", "LinkID": "A219AS306071", "Ref_Lane": 3, "Maker": "새한항업컨소시엄", "PostID": "C619AS305048", "UpdateDate": "20181001", "Version": "2020", "Remark": null, "HistType": null, "HistRemark": null }, "geometry": { "type": "Point", "coordinates": [ 127.113280237003252, 37.39989840578518, 67.005 ] } },
{ "type": "Feature", "properties": { "ID": "C119AS305141", "AdminCode": "206", "Type": "2", "LinkID": "A219AS306071", "Ref_Lane": 3, "Maker": "새한항업컨소시엄", "PostID": "C619AS305048", "UpdateDate": "20181001", "Version": "2020", "Remark": null, "HistType": null, "HistRemark": null }, "geometry": { "type": "Point", "coordinates": [ 127.11327816470731, 37.399868874707906, 67.064 ] } },
{ "type": "Feature", "properties": { "ID": "C119AS305142", "AdminCode": "206", "Type": "11", "LinkID": "A219AS305721", "Ref_Lane": 3, "Maker": "새한항업컨소시엄", "PostID": "C619AS305048", "UpdateDate": "20181001", "Version": "2020", "Remark": null, "HistType": null, "HistRemark": null }, "geometry": { "type": "Point", "coordinates": [ 127.113274961016785, 37.399944817192718, 64.253 ] } },
{ "type": "Feature", "properties": { "ID": "C119AS305143", "AdminCode": "206", "Type": "2", "LinkID": "A219AS306080", "Ref_Lane": 2, "Maker": "새한항업컨소시엄", "PostID": "C619AS305049", "UpdateDate": "20181001", "Version": "2020", "Remark": null, "HistType": null, "HistRemark": null }, "geometry": { "type": "Point", "coordinates": [ 127.113173391505526, 37.399834009122927, 66.999 ] } },
{ "type": "Feature", "properties": { "ID": "C119AS305144", "AdminCode": "206", "Type": "2", "LinkID": "A219AS306080", "Ref_Lane": 2, "Maker": "새한항업컨소시엄", "PostID": "C619AS305049", "UpdateDate": "20181001", "Version": "2020", "Remark": null, "HistType": null, "HistRemark": null }, "geometry": { "type": "Point", "coordinates": [ 127.113170906419356, 37.399803371926382, 66.904 ] } },
{ "type": "Feature", "properties": { "ID": "C119AS305145", "AdminCode": "206", "Type": "11", "LinkID": "A219AS305737", "Ref_Lane": 2, "Maker": "새한항업컨소시엄", "PostID": "C619AS305049", "UpdateDate": "20181001", "Version": "2020", "Remark": null, "HistType": null, "HistRemark": null }, "geometry": { "type": "Point", "coordinates": [ 127.113171836277189, 37.399737919777628, 63.985 ] } },
{ "type": "Feature", "properties": { "ID": "C119AS305146", "AdminCode": "206", "Type": "11", "LinkID": "A219AS306072", "Ref_Lane": 2, "Maker": "새한항업컨소시엄", "PostID": "C619AS305050", "UpdateDate": "20181001", "Version": "2020", "Remark": null, "HistType": null, "HistRemark": null }, "geometry": { "type": "Point", "coordinates": [ 127.113137745012509, 37.399654496379618, 63.976 ] } },
{ "type": "Feature", "properties": { "ID": "C119AS305147", "AdminCode": "206", "Type": "2", "LinkID": "A219AS305735", "Ref_Lane": 5, "Maker": "새한항업컨소시엄", "PostID": "C619AS305050", "UpdateDate": "20181001", "Version": "2020", "Remark": null, "HistType": null, "HistRemark": null }, "geometry": { "type": "Point", "coordinates": [ 127.113056705812312, 37.399650742279682, 66.686 ] } },
{ "type": "Feature", "properties": { "ID": "C119AS305148", "AdminCode": "206", "Type": "2", "LinkID": "A219AS305735", "Ref_Lane": 5, "Maker": "새한항업컨소시엄", "PostID": "C619AS305050", "UpdateDate": "20181001", "Version": "2020", "Remark": null, "HistType": null, "HistRemark": null }, "geometry": { "type": "Point", "coordinates": [ 127.112995935652407, 37.399654089130721, 66.663 ] } },
{ "type": "Feature", "properties": { "ID": "C119AS305149", "AdminCode": "206", "Type": "2", "LinkID": "A219AS305723", "Ref_Lane": 4, "Maker": "새한항업컨소시엄", "PostID": "C619AS305044", "UpdateDate": "20181001", "Version": "2020", "Remark": null, "HistType": null, "HistRemark": null }, "geometry": { "type": "Point", "coordinates": [ 127.112884674106951, 37.399727486324934, 66.85 ] } },
{ "type": "Feature", "properties": { "ID": "C119AS305150", "AdminCode": "206", "Type": "2", "LinkID": "A219AS305723", "Ref_Lane": 4, "Maker": "새한항업컨소시엄", "PostID": "C619AS305044", "UpdateDate": "20181001", "Version": "2020", "Remark": null, "HistType": null, "HistRemark": null }, "geometry": { "type": "Point", "coordinates": [ 127.112824490464078, 37.399726813851771, 66.794 ] } },
{ "type": "Feature", "properties": { "ID": "C119AS305151", "AdminCode": "206", "Type": "11", "LinkID": "A219AS306081", "Ref_Lane": 1, "Maker": "새한항업컨소시엄", "PostID": "C619AS305044", "UpdateDate": "20181001", "Version": "2020", "Remark": null, "HistType": null, "HistRemark": null }, "geometry": { "type": "Point", "coordinates": [ 127.112743388520386, 37.399717452743253, 64.005 ] } },
{ "type": "Feature", "properties": { "ID": "C119AS305152", "AdminCode": "206", "Type": "2", "LinkID": "A219AS306080", "Ref_Lane": 2, "Maker": "새한항업컨소시엄", "PostID": "C619AS305043", "UpdateDate": "20181001", "Version": "2020", "Remark": null, "HistType": null, "HistRemark": null }, "geometry": { "type": "Point", "coordinates": [ 127.112629616204728, 37.399799957317491, 67.035 ] } },
{ "type": "Feature", "properties": { "ID": "C119AS305153", "AdminCode": "206", "Type": "2", "LinkID": "A219AS306080", "Ref_Lane": 2, "Maker": "새한항업컨소시엄", "PostID": "C619AS305043", "UpdateDate": "20181001", "Version": "2020", "Remark": null, "HistType": null, "HistRemark": null }, "geometry": { "type": "Point", "coordinates": [ 127.112629411024372, 37.399830650703585, 67.191 ] } },
{ "type": "Feature", "properties": { "ID": "C119AS305154", "AdminCode": "206", "Type": "11", "LinkID": "A219AS305737", "Ref_Lane": 2, "Maker": "새한항업컨소시엄", "PostID": "C619AS305043", "UpdateDate": "20181001", "Version": "2020", "Remark": null, "HistType": null, "HistRemark": null }, "geometry": { "type": "Point", "coordinates": [ 127.11263719823647, 37.399753051025087, 64.241 ] } },
{ "type": "Feature", "properties": { "ID": "C119AS305155", "AdminCode": "206", "Type": "2", "LinkID": "A219AS305869", "Ref_Lane": 4, "Maker": "새한항업컨소시엄", "PostID": "C619AS305084", "UpdateDate": "20181001", "Version": "2020", "Remark": null, "HistType": null, "HistRemark": null }, "geometry": { "type": "Point", "coordinates": [ 127.112891217221389, 37.398518614374296, 66.525 ] } },
{ "type": "Feature", "properties": { "ID": "C119AS305156", "AdminCode": "206", "Type": "2", "LinkID": "A219AS305869", "Ref_Lane": 4, "Maker": "새한항업컨소시엄", "PostID": "C619AS305084", "UpdateDate": "20181001", "Version": "2020", "Remark": null, "HistType": null, "HistRemark": null }, "geometry": { "type": "Point", "coordinates": [ 127.112939412941643, 37.398517085624619, 66.511 ] } },
{ "type": "Feature", "properties": { "ID": "C119AS305157", "AdminCode": "206", "Type": "11", "LinkID": "A219AS306063", "Ref_Lane": 1, "Maker": "새한항업컨소시엄", "PostID": "C619AS305084", "UpdateDate": "20181001", "Version": "2020", "Remark": null, "HistType": null, "HistRemark": null }, "geometry": { "type": "Point", "coordinates": [ 127.112820294272467, 37.398513327278039, 63.885 ] } },
{ "type": "Feature", "properties": { "ID": "C119AS305158", "AdminCode": "206", "Type": "2", "LinkID": "A219AS306053", "Ref_Lane": 3, "Maker": "새한항업컨소시엄", "PostID": "C619AS305086", "UpdateDate": "20181001", "Version": "2020", "Remark": null, "HistType": null, "HistRemark": null }, "geometry": { "type": "Point", "coordinates": [ 127.112780292837627, 37.398379582594188, 66.266 ] } },
{ "type": "Feature", "properties": { "ID": "C119AS305159", "AdminCode": "206", "Type": "2", "LinkID": "A219AS306053", "Ref_Lane": 3, "Maker": "새한항업컨소시엄", "PostID": "C619AS305086", "UpdateDate": "20181001", "Version": "2020", "Remark": null, "HistType": null, "HistRemark": null }, "geometry": { "type": "Point", "coordinates": [ 127.112779671566841, 37.39834940774427, 66.21 ] } },
{ "type": "Feature", "properties": { "ID": "C119AS305160", "AdminCode": "206", "Type": "2", "LinkID": "A219AS305759", "Ref_Lane": 4, "Maker": "새한항업컨소시엄", "PostID": "C619AS305088", "UpdateDate": "20181001", "Version": "2020", "Remark": null, "HistType": null, "HistRemark": null }, "geometry": { "type": "Point", "coordinates": [ 127.113006696340349, 37.398425168507757, 66.319 ] } },
{ "type": "Feature", "properties": { "ID": "C119AS305161", "AdminCode": "206", "Type": "2", "LinkID": "A219AS305759", "Ref_Lane": 4, "Maker": "새한항업컨소시엄", "PostID": "C619AS305088", "UpdateDate": "20181001", "Version": "2020", "Remark": null, "HistType": null, "HistRemark": null }, "geometry": { "type": "Point", "coordinates": [ 127.113065164147173, 37.398424849144646, 66.256 ] } },
{ "type": "Feature", "properties": { "ID": "C119AS305162", "AdminCode": "206", "Type": "11", "LinkID": "A219AS306054", "Ref_Lane": 2, "Maker": "새한항업컨소시엄", "PostID": "C619AS305088", "UpdateDate": "20181001", "Version": "2020", "Remark": null, "HistType": null, "HistRemark": null }, "geometry": { "type": "Point", "coordinates": [ 127.113147419750149, 37.398430046621314, 63.422 ] } },
{ "type": "Feature", "properties": { "ID": "C119AS305163", "AdminCode": "206", "Type": "2", "LinkID": "A219AS306053", "Ref_Lane": 3, "Maker": "새한항업컨소시엄", "PostID": "C619AS305090", "UpdateDate": "20181001", "Version": "2020", "Remark": null, "HistType": null, "HistRemark": null }, "geometry": { "type": "Point", "coordinates": [ 127.113258381573431, 37.398339682777419, 66.26 ] } },
{ "type": "Feature", "properties": { "ID": "C119AS305164", "AdminCode": "206", "Type": "2", "LinkID": "A219AS306053", "Ref_Lane": 3, "Maker": "새한항업컨소시엄", "PostID": "C619AS305090", "UpdateDate": "20181001", "Version": "2020", "Remark": null, "HistType": null, "HistRemark": null }, "geometry": { "type": "Point", "coordinates": [ 127.113260614402648, 37.398370919791624, 66.317 ] } },
{ "type": "Feature", "properties": { "ID": "C119AS305165", "AdminCode": "206", "Type": "2", "LinkID": "A219AS306062", "Ref_Lane": 2, "Maker": "새한항업컨소시엄", "PostID": "C619AS305091", "UpdateDate": "20181001", "Version": "2020", "Remark": null, "HistType": null, "HistRemark": null }, "geometry": { "type": "Point", "coordinates": [ 127.113146504543096, 37.398312490617535, 66.474 ] } },
{ "type": "Feature", "properties": { "ID": "C119AS305166", "AdminCode": "206", "Type": "2", "LinkID": "A219AS306062", "Ref_Lane": 2, "Maker": "새한항업컨소시엄", "PostID": "C619AS305091", "UpdateDate": "20181001", "Version": "2020", "Remark": null, "HistType": null, "HistRemark": null }, "geometry": { "type": "Point", "coordinates": [ 127.113148895401721, 37.398281120121268, 66.427 ] } },
{ "type": "Feature", "properties": { "ID": "C119AS305167", "AdminCode": "206", "Type": "11", "LinkID": "A219AS306054", "Ref_Lane": 2, "Maker": "새한항업컨소시엄", "PostID": "C619AS305087", "UpdateDate": "20181001", "Version": "2020", "Remark": null, "HistType": null, "HistRemark": null }, "geometry": { "type": "Point", "coordinates": [ 127.113110193510636, 37.398139230932905, 63.918 ] } },
{ "type": "Feature", "properties": { "ID": "C119AS305168", "AdminCode": "206", "Type": "2", "LinkID": "A219AS305759", "Ref_Lane": 4, "Maker": "새한항업컨소시엄", "PostID": "C619AS305087", "UpdateDate": "20181001", "Version": "2020", "Remark": null, "HistType": null, "HistRemark": null }, "geometry": { "type": "Point", "coordinates": [ 127.112989944497642, 37.398146783468199, 66.634 ] } },
{ "type": "Feature", "properties": { "ID": "C119AS305169", "AdminCode": "206", "Type": "2", "LinkID": "A219AS305759", "Ref_Lane": 4, "Maker": "새한항업컨소시엄", "PostID": "C619AS305087", "UpdateDate": "20181001", "Version": "2020", "Remark": null, "HistType": null, "HistRemark": null }, "geometry": { "type": "Point", "coordinates": [ 127.113037733714023, 37.398143436667766, 66.646 ] } },
{ "type": "Feature", "properties": { "ID": "C119AS305170", "AdminCode": "206", "Type": "2", "LinkID": "A219AS305869", "Ref_Lane": 4, "Maker": "새한항업컨소시엄", "PostID": "C619AS305085", "UpdateDate": "20181001", "Version": "2020", "Remark": null, "HistType": null, "HistRemark": null }, "geometry": { "type": "Point", "coordinates": [ 127.112895503208307, 37.398133811803717, 66.275 ] } },
{ "type": "Feature", "properties": { "ID": "C119AS305171", "AdminCode": "206", "Type": "2", "LinkID": "A219AS305869", "Ref_Lane": 4, "Maker": "새한항업컨소시엄", "PostID": "C619AS305085", "UpdateDate": "20181001", "Version": "2020", "Remark": null, "HistType": null, "HistRemark": null }, "geometry": { "type": "Point", "coordinates": [ 127.112847388572661, 37.398136170985502, 66.323 ] } },
{ "type": "Feature", "properties": { "ID": "C119AS305172", "AdminCode": "206", "Type": "11", "LinkID": "A219AS306063", "Ref_Lane": 1, "Maker": "새한항업컨소시엄", "PostID": null, "UpdateDate": "20181001", "Version": "2020", "Remark": null, "HistType": null, "HistRemark": null }, "geometry": { "type": "Point", "coordinates": [ 127.112746630306063, 37.398211105684751, 63.532 ] } },
{ "type": "Feature", "properties": { "ID": "C119AS305173", "AdminCode": "206", "Type": "11", "LinkID": "A219AS305871", "Ref_Lane": 3, "Maker": "새한항업컨소시엄", "PostID": "C619AS305086", "UpdateDate": "20181001", "Version": "2020", "Remark": null, "HistType": null, "HistRemark": null }, "geometry": { "type": "Point", "coordinates": [ 127.112775974721501, 37.39842518012874, 63.338 ] } },
{ "type": "Feature", "properties": { "ID": "C119AS305174", "AdminCode": "206", "Type": "11", "LinkID": "A219AS305760", "Ref_Lane": 3, "Maker": "새한항업컨소시엄", "PostID": "C619AS305092", "UpdateDate": "20181001", "Version": "2020", "Remark": null, "HistType": null, "HistRemark": null }, "geometry": { "type": "Point", "coordinates": [ 127.112645992061346, 37.398255579867438, 63.467 ] } },
{ "type": "Feature", "properties": { "ID": "C119AS305175", "AdminCode": "206", "Type": "11", "LinkID": "A219AS305760", "Ref_Lane": 3, "Maker": "새한항업컨소시엄", "PostID": "C619AS305091", "UpdateDate": "20181001", "Version": "2020", "Remark": null, "HistType": null, "HistRemark": null }, "geometry": { "type": "Point", "coordinates": [ 127.113157962682777, 37.398238031762716, 63.368 ] } },
{ "type": "Feature", "properties": { "ID": "C119AS305176", "AdminCode": "206", "Type": "11", "LinkID": "A219AS305871", "Ref_Lane": 3, "Maker": "새한항업컨소시엄", "PostID": "C619AS305090", "UpdateDate": "20181001", "Version": "2020", "Remark": null, "HistType": null, "HistRemark": null }, "geometry": { "type": "Point", "coordinates": [ 127.113258761341243, 37.398399315727694, 63.246 ] } },
{ "type": "Feature", "properties": { "ID": "C119AS305177", "AdminCode": "206", "Type": "2", "LinkID": "A219AS306062", "Ref_Lane": 2, "Maker": "새한항업컨소시엄", "PostID": "C619AS305092", "UpdateDate": "20181001", "Version": "2020", "Remark": null, "HistType": null, "HistRemark": null }, "geometry": { "type": "Point", "coordinates": [ 127.112639620501525, 37.398289815861745, 66.518 ] } },
{ "type": "Feature", "properties": { "ID": "C119AS305178", "AdminCode": "206", "Type": "2", "LinkID": "A219AS306062", "Ref_Lane": 2, "Maker": "새한항업컨소시엄", "PostID": "C619AS305092", "UpdateDate": "20181001", "Version": "2020", "Remark": null, "HistType": null, "HistRemark": null }, "geometry": { "type": "Point", "coordinates": [ 127.11263968913174, 37.398317251091967, 66.59 ] } },
{ "type": "Feature", "properties": { "ID": "C119AS305179", "AdminCode": "206", "Type": "2", "LinkID": "A219AS305791", "Ref_Lane": 5, "Maker": "새한항업컨소시엄", "PostID": "C619AS305055", "UpdateDate": "20181001", "Version": "2020", "Remark": null, "HistType": null, "HistRemark": null }, "geometry": { "type": "Point", "coordinates": [ 127.112857002227642, 37.39644274402356, 68.091 ] } },
{ "type": "Feature", "properties": { "ID": "C119AS305180", "AdminCode": "206", "Type": "2", "LinkID": "A219AS305791", "Ref_Lane": 5, "Maker": "새한항업컨소시엄", "PostID": "C619AS305055", "UpdateDate": "20181001", "Version": "2020", "Remark": null, "HistType": null, "HistRemark": null }, "geometry": { "type": "Point", "coordinates": [ 127.112915928312191, 37.396440755702429, 68.147 ] } },
{ "type": "Feature", "properties": { "ID": "C119AS305181", "AdminCode": "206", "Type": "11", "LinkID": "A219AS306044", "Ref_Lane": 1, "Maker": "새한항업컨소시엄", "PostID": "C619AS305055", "UpdateDate": "20181001", "Version": "2020", "Remark": null, "HistType": null, "HistRemark": null }, "geometry": { "type": "Point", "coordinates": [ 127.112773682185264, 37.396438637914656, 65.275 ] } },
{ "type": "Feature", "properties": { "ID": "C119AS305182", "AdminCode": "206", "Type": "11", "LinkID": "A219AS305782", "Ref_Lane": 3, "Maker": "새한항업컨소시엄", "PostID": "C619AS305055", "UpdateDate": "20181001", "Version": "2020", "Remark": null, "HistType": null, "HistRemark": null }, "geometry": { "type": "Point", "coordinates": [ 127.11276795741739, 37.396443494392699, 65.103 ] } },
{ "type": "Feature", "properties": { "ID": "C119AS305183", "AdminCode": "206", "Type": "2", "LinkID": "A219AS305526", "Ref_Lane": 2, "Maker": "새한항업컨소시엄", "PostID": "C619AS305054", "UpdateDate": "20181001", "Version": "2020", "Remark": null, "HistType": null, "HistRemark": null }, "geometry": { "type": "Point", "coordinates": [ 127.11264651342843, 37.396288035920328, 67.794 ] } },
{ "type": "Feature", "properties": { "ID": "C119AS305184", "AdminCode": "206", "Type": "2", "LinkID": "A219AS305526", "Ref_Lane": 2, "Maker": "새한항업컨소시엄", "PostID": "C619AS305054", "UpdateDate": "20181001", "Version": "2020", "Remark": null, "HistType": null, "HistRemark": null }, "geometry": { "type": "Point", "coordinates": [ 127.112646124995479, 37.396245878113071, 67.731 ] } },
{ "type": "Feature", "properties": { "ID": "C119AS305185", "AdminCode": "206", "Type": "2", "LinkID": "A219AS305429", "Ref_Lane": 3, "Maker": "새한항업컨소시엄", "PostID": "C619AS305053", "UpdateDate": "20181001", "Version": "2020", "Remark": null, "HistType": null, "HistRemark": null }, "geometry": { "type": "Point", "coordinates": [ 127.112645870764794, 37.396200171511339, 68.236 ] } },
{ "type": "Feature", "properties": { "ID": "C119AS305186", "AdminCode": "206", "Type": "2", "LinkID": "A219AS305429", "Ref_Lane": 3, "Maker": "새한항업컨소시엄", "PostID": "C619AS305053", "UpdateDate": "20181001", "Version": "2020", "Remark": null, "HistType": null, "HistRemark": null }, "geometry": { "type": "Point", "coordinates": [ 127.112642017990126, 37.39616057202246, 68.141 ] } },
{ "type": "Feature", "properties": { "ID": "C119AS305187", "AdminCode": "206", "Type": "11", "LinkID": "A219AS305794", "Ref_Lane": 3, "Maker": "새한항업컨소시엄", "PostID": "C619AS305053", "UpdateDate": "20181001", "Version": "2020", "Remark": null, "HistType": null, "HistRemark": null }, "geometry": { "type": "Point", "coordinates": [ 127.112647041666534, 37.396104855657775, 65.426 ] } },
{ "type": "Feature", "properties": { "ID": "C119AS305188", "AdminCode": "206", "Type": "2", "LinkID": "A219AS305793", "Ref_Lane": 4, "Maker": "새한항업컨소시엄", "PostID": "C619AS305056", "UpdateDate": "20181001", "Version": "2020", "Remark": null, "HistType": null, "HistRemark": null }, "geometry": { "type": "Point", "coordinates": [ 127.113013224635267, 37.396345207960771, 68.072 ] } },
{ "type": "Feature", "properties": { "ID": "C119AS305189", "AdminCode": "206", "Type": "2", "LinkID": "A219AS305793", "Ref_Lane": 4, "Maker": "새한항업컨소시엄", "PostID": "C619AS305056", "UpdateDate": "20181001", "Version": "2020", "Remark": null, "HistType": null, "HistRemark": null }, "geometry": { "type": "Point", "coordinates": [ 127.113072465893438, 37.396344612521744, 67.954 ] } },
{ "type": "Feature", "properties": { "ID": "C119AS305190", "AdminCode": "206", "Type": "11", "LinkID": "A219AS306032", "Ref_Lane": 2, "Maker": "새한항업컨소시엄", "PostID": "C619AS305056", "UpdateDate": "20181001", "Version": "2020", "Remark": null, "HistType": null, "HistRemark": null }, "geometry": { "type": "Point", "coordinates": [ 127.113153652360779, 37.396352262336187, 65.144 ] } },
{ "type": "Feature", "properties": { "ID": "C119AS305191", "AdminCode": "206", "Type": "2", "LinkID": "A219AS305526", "Ref_Lane": 2, "Maker": "새한항업컨소시엄", "PostID": "C619AS305057", "UpdateDate": "20181001", "Version": "2020", "Remark": null, "HistType": null, "HistRemark": null }, "geometry": { "type": "Point", "coordinates": [ 127.113240814148995, 37.396258571433535, 68.037 ] } },
{ "type": "Feature", "properties": { "ID": "C119AS305192", "AdminCode": "206", "Type": "2", "LinkID": "A219AS305526", "Ref_Lane": 2, "Maker": "새한항업컨소시엄", "PostID": "C619AS305057", "UpdateDate": "20181001", "Version": "2020", "Remark": null, "HistType": null, "HistRemark": null }, "geometry": { "type": "Point", "coordinates": [ 127.113237060121037, 37.396228535832776, 68.011 ] } },
{ "type": "Feature", "properties": { "ID": "C119AS305193", "AdminCode": "206", "Type": "11", "LinkID": "A219AS305782", "Ref_Lane": 3, "Maker": "새한항업컨소시엄", "PostID": "C619AS305057", "UpdateDate": "20181001", "Version": "2020", "Remark": null, "HistType": null, "HistRemark": null }, "geometry": { "type": "Point", "coordinates": [ 127.113239292919175, 37.396286801437419, 65.285 ] } },
{ "type": "Feature", "properties": { "ID": "C119AS305194", "AdminCode": "206", "Type": "2", "LinkID": "A219AS305429", "Ref_Lane": 3, "Maker": "새한항업컨소시엄", "PostID": "C619AS305058", "UpdateDate": "20181001", "Version": "2020", "Remark": null, "HistType": null, "HistRemark": null }, "geometry": { "type": "Point", "coordinates": [ 127.113188837093304, 37.396215445959633, 67.912 ] } },
{ "type": "Feature", "properties": { "ID": "C119AS305195", "AdminCode": "206", "Type": "2", "LinkID": "A219AS305429", "Ref_Lane": 3, "Maker": "새한항업컨소시엄", "PostID": "C619AS305058", "UpdateDate": "20181001", "Version": "2020", "Remark": null, "HistType": null, "HistRemark": null }, "geometry": { "type": "Point", "coordinates": [ 127.113188065839893, 37.396167820445534, 67.928 ] } },
{ "type": "Feature", "properties": { "ID": "C119AS305196", "AdminCode": "206", "Type": "11", "LinkID": "A219AS305794", "Ref_Lane": 3, "Maker": "새한항업컨소시엄", "PostID": "C619AS305058", "UpdateDate": "20181001", "Version": "2020", "Remark": null, "HistType": null, "HistRemark": null }, "geometry": { "type": "Point", "coordinates": [ 127.113193467470836, 37.396102421614728, 65.228 ] } },
{ "type": "Feature", "properties": { "ID": "C119AS305197", "AdminCode": "206", "Type": "11", "LinkID": "A219AS306032", "Ref_Lane": 2, "Maker": "새한항업컨소시엄", "PostID": "C619AS305059", "UpdateDate": "20181001", "Version": "2020", "Remark": null, "HistType": null, "HistRemark": null }, "geometry": { "type": "Point", "coordinates": [ 127.113141998007919, 37.396034105185088, 65.679 ] } },
{ "type": "Feature", "properties": { "ID": "C119AS305198", "AdminCode": "206", "Type": "2", "LinkID": "A219AS305793", "Ref_Lane": 4, "Maker": "새한항업컨소시엄", "PostID": "C619AS305059", "UpdateDate": "20181001", "Version": "2020", "Remark": null, "HistType": null, "HistRemark": null }, "geometry": { "type": "Point", "coordinates": [ 127.113059279286176, 37.396034866635546, 68.451 ] } },
{ "type": "Feature", "properties": { "ID": "C119AS305199", "AdminCode": "206", "Type": "2", "LinkID": "A219AS305793", "Ref_Lane": 4, "Maker": "새한항업컨소시엄", "PostID": "C619AS305059", "UpdateDate": "20181001", "Version": "2020", "Remark": null, "HistType": null, "HistRemark": null }, "geometry": { "type": "Point", "coordinates": [ 127.112999989454821, 37.396038759881812, 68.437 ] } },
{ "type": "Feature", "properties": { "ID": "C119AS305200", "AdminCode": "206", "Type": "2", "LinkID": "A219AS305791", "Ref_Lane": 5, "Maker": "새한항업컨소시엄", "PostID": "C619AS305052", "UpdateDate": "20181001", "Version": "2020", "Remark": null, "HistType": null, "HistRemark": null }, "geometry": { "type": "Point", "coordinates": [ 127.11291713971633, 37.39600555992353, 68.38 ] } },
{ "type": "Feature", "properties": { "ID": "C119AS305201", "AdminCode": "206", "Type": "2", "LinkID": "A219AS305791", "Ref_Lane": 5, "Maker": "새한항업컨소시엄", "PostID": "C619AS305052", "UpdateDate": "20181001", "Version": "2020", "Remark": null, "HistType": null, "HistRemark": null }, "geometry": { "type": "Point", "coordinates": [ 127.112857220066346, 37.396008442652551, 68.444 ] } },
{ "type": "Feature", "properties": { "ID": "C119AS305202", "AdminCode": "206", "Type": "11", "LinkID": "A219AS306044", "Ref_Lane": 1, "Maker": "새한항업컨소시엄", "PostID": "C619AS305051", "UpdateDate": "20181001", "Version": "2020", "Remark": null, "HistType": null, "HistRemark": null }, "geometry": { "type": "Point", "coordinates": [ 127.112733172145184, 37.396073010675686, 65.461 ] } },
{ "type": "Feature", "properties": { "ID": "C119AS305203", "AdminCode": "206", "Type": "2", "LinkID": "A219AS305824", "Ref_Lane": 4, "Maker": "새한항업컨소시엄", "PostID": "C619AS305060", "UpdateDate": "20181001", "Version": "2020", "Remark": null, "HistType": null, "HistRemark": null }, "geometry": { "type": "Point", "coordinates": [ 127.112842019724908, 37.393972926798, 71.279 ] } },
{ "type": "Feature", "properties": { "ID": "C119AS305204", "AdminCode": "206", "Type": "2", "LinkID": "A219AS305824", "Ref_Lane": 4, "Maker": "새한항업컨소시엄", "PostID": "C619AS305060", "UpdateDate": "20181001", "Version": "2020", "Remark": null, "HistType": null, "HistRemark": null }, "geometry": { "type": "Point", "coordinates": [ 127.112889820934583, 37.39397214878872, 71.304 ] } },
{ "type": "Feature", "properties": { "ID": "C119AS305205", "AdminCode": "206", "Type": "11", "LinkID": "A219AS306024", "Ref_Lane": 1, "Maker": "새한항업컨소시엄", "PostID": "C619AS305060", "UpdateDate": "20181001", "Version": "2020", "Remark": null, "HistType": null, "HistRemark": null }, "geometry": { "type": "Point", "coordinates": [ 127.112771160910995, 37.393966604300175, 68.367 ] } },
{ "type": "Feature", "properties": { "ID": "C119AS305206", "AdminCode": "206", "Type": "11", "LinkID": "A219AS305832", "Ref_Lane": 3, "Maker": "새한항업컨소시엄", "PostID": "C619AS305061", "UpdateDate": "20181001", "Version": "2020", "Remark": null, "HistType": null, "HistRemark": null }, "geometry": { "type": "Point", "coordinates": [ 127.112735699370901, 37.393869018205493, 68.415 ] } },
{ "type": "Feature", "properties": { "ID": "C119AS305207", "AdminCode": "206", "Type": "2", "LinkID": "A219AS306022", "Ref_Lane": 2, "Maker": "새한항업컨소시엄", "PostID": "C619AS305061", "UpdateDate": "20181001", "Version": "2020", "Remark": null, "HistType": null, "HistRemark": null }, "geometry": { "type": "Point", "coordinates": [ 127.112737040637498, 37.393813288085028, 71.085 ] } },
{ "type": "Feature", "properties": { "ID": "C119AS305208", "AdminCode": "206", "Type": "2", "LinkID": "A219AS306022", "Ref_Lane": 2, "Maker": "새한항업컨소시엄", "PostID": "C619AS305061", "UpdateDate": "20181001", "Version": "2020", "Remark": null, "HistType": null, "HistRemark": null }, "geometry": { "type": "Point", "coordinates": [ 127.11273512792026, 37.393776955060027, 71.111 ] } },
{ "type": "Feature", "properties": { "ID": "C119AS305209", "AdminCode": "206", "Type": "2", "LinkID": "A219AS306025", "Ref_Lane": 2, "Maker": "새한항업컨소시엄", "PostID": "C619AS305062", "UpdateDate": "20181001", "Version": "2020", "Remark": null, "HistType": null, "HistRemark": null }, "geometry": { "type": "Point", "coordinates": [ 127.112654937164166, 37.39372791730424, 71.219 ] } },
{ "type": "Feature", "properties": { "ID": "C119AS305210", "AdminCode": "206", "Type": "2", "LinkID": "A219AS306025", "Ref_Lane": 2, "Maker": "새한항업컨소시엄", "PostID": "C619AS305062", "UpdateDate": "20181001", "Version": "2020", "Remark": null, "HistType": null, "HistRemark": null }, "geometry": { "type": "Point", "coordinates": [ 127.112652724765198, 37.393694977218352, 71.214 ] } },
{ "type": "Feature", "properties": { "ID": "C119AS305211", "AdminCode": "206", "Type": "11", "LinkID": "A219AS305835", "Ref_Lane": 3, "Maker": "새한항업컨소시엄", "PostID": "C619AS305062", "UpdateDate": "20181001", "Version": "2020", "Remark": null, "HistType": null, "HistRemark": null }, "geometry": { "type": "Point", "coordinates": [ 127.112656906573648, 37.393652099262425, 68.781 ] } },
{ "type": "Feature", "properties": { "ID": "C119AS305212", "AdminCode": "206", "Type": "11", "LinkID": "A219AS306024", "Ref_Lane": 1, "Maker": "새한항업컨소시엄", "PostID": "C619AS305063", "UpdateDate": "20181001", "Version": "2020", "Remark": null, "HistType": null, "HistRemark": null }, "geometry": { "type": "Point", "coordinates": [ 127.112771936130187, 37.393571777559202, 69.043 ] } },
{ "type": "Feature", "properties": { "ID": "C119AS305213", "AdminCode": "206", "Type": "2", "LinkID": "A219AS305824", "Ref_Lane": 4, "Maker": "새한항업컨소시엄", "PostID": "C619AS305063", "UpdateDate": "20181001", "Version": "2020", "Remark": null, "HistType": null, "HistRemark": null }, "geometry": { "type": "Point", "coordinates": [ 127.112830741885858, 37.393567290860872, 71.746 ] } },
{ "type": "Feature", "properties": { "ID": "C119AS305214", "AdminCode": "206", "Type": "2", "LinkID": "A219AS305824", "Ref_Lane": 4, "Maker": "새한항업컨소시엄", "PostID": "C619AS305063", "UpdateDate": "20181001", "Version": "2020", "Remark": null, "HistType": null, "HistRemark": null }, "geometry": { "type": "Point", "coordinates": [ 127.112866890843847, 37.393568102298644, 71.739 ] } },
{ "type": "Feature", "properties": { "ID": "C119AS305215", "AdminCode": "206", "Type": "2", "LinkID": "A219AS305834", "Ref_Lane": 4, "Maker": "새한항업컨소시엄", "PostID": "C619AS305064", "UpdateDate": "20181001", "Version": "2020", "Remark": null, "HistType": null, "HistRemark": null }, "geometry": { "type": "Point", "coordinates": [ 127.113014494748271, 37.3935662588135, 71.869 ] } },
{ "type": "Feature", "properties": { "ID": "C119AS305216", "AdminCode": "206", "Type": "2", "LinkID": "A219AS305834", "Ref_Lane": 4, "Maker": "새한항업컨소시엄", "PostID": "C619AS305064", "UpdateDate": "20181001", "Version": "2020", "Remark": null, "HistType": null, "HistRemark": null }, "geometry": { "type": "Point", "coordinates": [ 127.113060810420563, 37.393567502863114, 71.853 ] } },
{ "type": "Feature", "properties": { "ID": "C119AS305217", "AdminCode": "206", "Type": "11", "LinkID": "A219AS306021", "Ref_Lane": 1, "Maker": "새한항업컨소시엄", "PostID": "C619AS305064", "UpdateDate": "20181001", "Version": "2020", "Remark": null, "HistType": null, "HistRemark": null }, "geometry": { "type": "Point", "coordinates": [ 127.113133298661765, 37.39357640174044, 69.137 ] } },
{ "type": "Feature", "properties": { "ID": "C119AS305218", "AdminCode": "206", "Type": "2", "LinkID": "A219AS306023", "Ref_Lane": 3, "Maker": "새한항업컨소시엄", "PostID": "C619AS305065", "UpdateDate": "20181001", "Version": "2020", "Remark": null, "HistType": null, "HistRemark": null }, "geometry": { "type": "Point", "coordinates": [ 127.11314177092143, 37.393754327250377, 71.421 ] } },
{ "type": "Feature", "properties": { "ID": "C119AS305219", "AdminCode": "206", "Type": "2", "LinkID": "A219AS306023", "Ref_Lane": 3, "Maker": "새한항업컨소시엄", "PostID": "C619AS305065", "UpdateDate": "20181001", "Version": "2020", "Remark": null, "HistType": null, "HistRemark": null }, "geometry": { "type": "Point", "coordinates": [ 127.113139100081398, 37.393724344977386, 71.487 ] } },
{ "type": "Feature", "properties": { "ID": "C119AS305220", "AdminCode": "206", "Type": "2", "LinkID": "A219AS306022", "Ref_Lane": 2, "Maker": "새한항업컨소시엄", "PostID": "C619AS305066", "UpdateDate": "20181001", "Version": "2020", "Remark": null, "HistType": null, "HistRemark": null }, "geometry": { "type": "Point", "coordinates": [ 127.11313350207196, 37.393831820219575, 71.584 ] } },
{ "type": "Feature", "properties": { "ID": "C119AS305221", "AdminCode": "206", "Type": "2", "LinkID": "A219AS306022", "Ref_Lane": 2, "Maker": "새한항업컨소시엄", "PostID": "C619AS305066", "UpdateDate": "20181001", "Version": "2020", "Remark": null, "HistType": null, "HistRemark": null }, "geometry": { "type": "Point", "coordinates": [ 127.113131813808465, 37.393801844618586, 71.527 ] } },
{ "type": "Feature", "properties": { "ID": "C119AS305222", "AdminCode": "206", "Type": "11", "LinkID": "A219AS306021", "Ref_Lane": 1, "Maker": "새한항업컨소시엄", "PostID": "C619AS305066", "UpdateDate": "20181001", "Version": "2020", "Remark": null, "HistType": null, "HistRemark": null }, "geometry": { "type": "Point", "coordinates": [ 127.113136478289277, 37.393882058531666, 68.524 ] } },
{ "type": "Feature", "properties": { "ID": "C119AS305223", "AdminCode": "206", "Type": "2", "LinkID": "A219AS305834", "Ref_Lane": 4, "Maker": "새한항업컨소시엄", "PostID": "C619AS305066", "UpdateDate": "20181001", "Version": "2020", "Remark": null, "HistType": null, "HistRemark": null }, "geometry": { "type": "Point", "coordinates": [ 127.113077857362597, 37.393874210170324, 71.391 ] } },
{ "type": "Feature", "properties": { "ID": "C119AS305224", "AdminCode": "206", "Type": "2", "LinkID": "A219AS305834", "Ref_Lane": 4, "Maker": "새한항업컨소시엄", "PostID": "C619AS305066", "UpdateDate": "20181001", "Version": "2020", "Remark": null, "HistType": null, "HistRemark": null }, "geometry": { "type": "Point", "coordinates": [ 127.113040269069145, 37.393871780600456, 71.442 ] } },
{ "type": "Feature", "properties": { "ID": "C119AS305225", "AdminCode": "206", "Type": "11", "LinkID": "A219AS305835", "Ref_Lane": 3, "Maker": "새한항업컨소시엄", "PostID": "C619AS305065", "UpdateDate": "20181001", "Version": "2020", "Remark": null, "HistType": null, "HistRemark": null }, "geometry": { "type": "Point", "coordinates": [ 127.113141215995114, 37.393679153853441, 68.614 ] } },
{ "type": "Feature", "properties": { "ID": "C119AS305226", "AdminCode": "206", "Type": "11", "LinkID": "A219AS305832", "Ref_Lane": 3, "Maker": "새한항업컨소시엄", "PostID": "C619AS305066", "UpdateDate": "20181001", "Version": "2020", "Remark": null, "HistType": null, "HistRemark": null }, "geometry": { "type": "Point", "coordinates": [ 127.113141903179041, 37.393874736822717, 68.363 ] } },
{ "type": "Feature", "properties": { "ID": "C119AS305227", "AdminCode": "206", "Type": "2", "LinkID": "A219AS305420", "Ref_Lane": 4, "Maker": "새한항업컨소시엄", "PostID": "C619AS305076", "UpdateDate": "20181001", "Version": "2020", "Remark": null, "HistType": null, "HistRemark": null }, "geometry": { "type": "Point", "coordinates": [ 127.10997346435434, 37.396296777765286, 69.582 ] } },
{ "type": "Feature", "properties": { "ID": "C119AS305228", "AdminCode": "206", "Type": "2", "LinkID": "A219AS305420", "Ref_Lane": 4, "Maker": "새한항업컨소시엄", "PostID": "C619AS305076", "UpdateDate": "20181001", "Version": "2020", "Remark": null, "HistType": null, "HistRemark": null }, "geometry": { "type": "Point", "coordinates": [ 127.109973935866947, 37.396266764577732, 69.609 ] } },
{ "type": "Feature", "properties": { "ID": "C119AS305229", "AdminCode": "206", "Type": "11", "LinkID": "A219AS305999", "Ref_Lane": 3, "Maker": "새한항업컨소시엄", "PostID": "C619AS305076", "UpdateDate": "20181001", "Version": "2020", "Remark": null, "HistType": null, "HistRemark": null }, "geometry": { "type": "Point", "coordinates": [ 127.109964314246582, 37.3963615396761, 66.761 ] } },
{ "type": "Feature", "properties": { "ID": "C119AS305230", "AdminCode": "206", "Type": "2", "LinkID": "A219AS306003", "Ref_Lane": 4, "Maker": "새한항업컨소시엄", "PostID": "C619AS305077", "UpdateDate": "20181001", "Version": "2020", "Remark": null, "HistType": null, "HistRemark": null }, "geometry": { "type": "Point", "coordinates": [ 127.109768219101753, 37.396442608051345, 69.61 ] } },
{ "type": "Feature", "properties": { "ID": "C119AS305231", "AdminCode": "206", "Type": "2", "LinkID": "A219AS306003", "Ref_Lane": 4, "Maker": "새한항업컨소시엄", "PostID": "C619AS305077", "UpdateDate": "20181001", "Version": "2020", "Remark": null, "HistType": null, "HistRemark": null }, "geometry": { "type": "Point", "coordinates": [ 127.10973064401712, 37.396442304582862, 69.627 ] } },
{ "type": "Feature", "properties": { "ID": "C119AS305232", "AdminCode": "206", "Type": "2", "LinkID": "A219AS305998", "Ref_Lane": 4, "Maker": "새한항업컨소시엄", "PostID": "C619AS305078", "UpdateDate": "20181001", "Version": "2020", "Remark": null, "HistType": null, "HistRemark": null }, "geometry": { "type": "Point", "coordinates": [ 127.109613634219826, 37.396441523860084, 69.625 ] } },
{ "type": "Feature", "properties": { "ID": "C119AS305233", "AdminCode": "206", "Type": "2", "LinkID": "A219AS305998", "Ref_Lane": 4, "Maker": "새한항업컨소시엄", "PostID": "C619AS305078", "UpdateDate": "20181001", "Version": "2020", "Remark": null, "HistType": null, "HistRemark": null }, "geometry": { "type": "Point", "coordinates": [ 127.109575464899876, 37.396442391479738, 69.62 ] } },
{ "type": "Feature", "properties": { "ID": "C119AS305234", "AdminCode": "206", "Type": "1", "LinkID": "A219AS305198", "Ref_Lane": 4, "Maker": "새한항업컨소시엄", "PostID": "C619AS305068", "UpdateDate": "20181001", "Version": "2020", "Remark": null, "HistType": null, "HistRemark": null }, "geometry": { "type": "Point", "coordinates": [ 127.11136329700264, 37.396306762428097, 68.716 ] } },
{ "type": "Feature", "properties": { "ID": "C119AS305235", "AdminCode": "206", "Type": "1", "LinkID": "A219AS305198", "Ref_Lane": 4, "Maker": "새한항업컨소시엄", "PostID": "C619AS305068", "UpdateDate": "20181001", "Version": "2020", "Remark": null, "HistType": null, "HistRemark": null }, "geometry": { "type": "Point", "coordinates": [ 127.111361279678178, 37.396264272172878, 68.655 ] } },
{ "type": "Feature", "properties": { "ID": "C119AS305236", "AdminCode": "206", "Type": "11", "LinkID": "A219AS305198", "Ref_Lane": 4, "Maker": "새한항업컨소시엄", "PostID": "C619AS305068", "UpdateDate": "20181001", "Version": "2020", "Remark": null, "HistType": null, "HistRemark": null }, "geometry": { "type": "Point", "coordinates": [ 127.111355497394086, 37.396359622463009, 66.08 ] } },
{ "type": "Feature", "properties": { "ID": "C119AS305237", "AdminCode": "206", "Type": "11", "LinkID": "A219AS306120", "Ref_Lane": 1, "Maker": "새한항업컨소시엄", "PostID": "C619AS305071", "UpdateDate": "20181001", "Version": "2020", "Remark": null, "HistType": null, "HistRemark": null }, "geometry": { "type": "Point", "coordinates": [ 127.111276722535393, 37.39605160434138, 66.137 ] } },
{ "type": "Feature", "properties": { "ID": "C119AS305238", "AdminCode": "206", "Type": "1", "LinkID": "A219AS305885", "Ref_Lane": 3, "Maker": "새한항업컨소시엄", "PostID": "C619AS305069", "UpdateDate": "20181001", "Version": "2020", "Remark": null, "HistType": null, "HistRemark": null }, "geometry": { "type": "Point", "coordinates": [ 127.111258509250135, 37.396208807259313, 69.022 ] } },
{ "type": "Feature", "properties": { "ID": "C119AS305239", "AdminCode": "206", "Type": "1", "LinkID": "A219AS305885", "Ref_Lane": 3, "Maker": "새한항업컨소시엄", "PostID": "C619AS305069", "UpdateDate": "20181001", "Version": "2020", "Remark": null, "HistType": null, "HistRemark": null }, "geometry": { "type": "Point", "coordinates": [ 127.111261534770804, 37.396175581347151, 69.056 ] } },
{ "type": "Feature", "properties": { "ID": "C119AS305240", "AdminCode": "206", "Type": "1", "LinkID": "A219AS306120", "Ref_Lane": 1, "Maker": "새한항업컨소시엄", "PostID": "C619AS305069", "UpdateDate": "20181001", "Version": "2020", "Remark": null, "HistType": null, "HistRemark": null }, "geometry": { "type": "Point", "coordinates": [ 127.111266177540287, 37.396088279065673, 68.975 ] } },
{ "type": "Feature", "properties": { "ID": "C119AS305241", "AdminCode": "206", "Type": "1", "LinkID": "A219AS306122", "Ref_Lane": 1, "Maker": "새한항업컨소시엄", "PostID": "C619AS305075", "UpdateDate": "20181001", "Version": "2020", "Remark": null, "HistType": null, "HistRemark": null }, "geometry": { "type": "Point", "coordinates": [ 127.111269505022193, 37.395994872309259, 69.103 ] } },
{ "type": "Feature", "properties": { "ID": "C119AS305242", "AdminCode": "206", "Type": "11", "LinkID": "A219AS306122", "Ref_Lane": 1, "Maker": "새한항업컨소시엄", "PostID": "C619AS305075", "UpdateDate": "20181001", "Version": "2020", "Remark": null, "HistType": null, "HistRemark": null }, "geometry": { "type": "Point", "coordinates": [ 127.111277251915652, 37.395951762991508, 66.422 ] } },
{ "type": "Feature", "properties": { "ID": "C119AS305243", "AdminCode": "206", "Type": "11", "LinkID": "A219AS306122", "Ref_Lane": 1, "Maker": "새한항업컨소시엄", "PostID": "C619AS305073", "UpdateDate": "20181001", "Version": "2020", "Remark": null, "HistType": null, "HistRemark": null }, "geometry": { "type": "Point", "coordinates": [ 127.111351685512815, 37.396014201452282, 66.192 ] } },
{ "type": "Feature", "properties": { "ID": "C119AS305244", "AdminCode": "206", "Type": "5", "LinkID": "A219AS305885", "Ref_Lane": 3, "Maker": "새한항업컨소시엄", "PostID": "C619AS305070", "UpdateDate": "20181001", "Version": "2020", "Remark": null, "HistType": null, "HistRemark": null }, "geometry": { "type": "Point", "coordinates": [ 127.111346277340772, 37.396133350799502, 66.267 ] } },
{ "type": "Feature", "properties": { "ID": "C119AS305245", "AdminCode": "206", "Type": "11", "LinkID": "A219AS306120", "Ref_Lane": 1, "Maker": "새한항업컨소시엄", "PostID": "C619AS305070", "UpdateDate": "20181001", "Version": "2020", "Remark": null, "HistType": null, "HistRemark": null }, "geometry": { "type": "Point", "coordinates": [ 127.111347657521122, 37.396130119328973, 66.025 ] } },
{ "type": "Feature", "properties": { "ID": "C119AS305246", "AdminCode": "206", "Type": "11", "LinkID": "A219AS305885", "Ref_Lane": 3, "Maker": "새한항업컨소시엄", "PostID": "C619AS305069", "UpdateDate": "20181001", "Version": "2020", "Remark": null, "HistType": null, "HistRemark": null }, "geometry": { "type": "Point", "coordinates": [ 127.111273466647674, 37.396131808886558, 66.104 ] } },
{ "type": "Feature", "properties": { "ID": "C119AS305247", "AdminCode": "206", "Type": "5", "LinkID": "A219AS305198", "Ref_Lane": 4, "Maker": "새한항업컨소시엄", "PostID": "C619AS305067", "UpdateDate": "20181001", "Version": "2020", "Remark": null, "HistType": null, "HistRemark": null }, "geometry": { "type": "Point", "coordinates": [ 127.111255209180129, 37.396357371124573, 66.183 ] } },
{ "type": "Feature", "properties": { "ID": "C119AS305248", "AdminCode": "206", "Type": "5", "LinkID": "A219AS306120", "Ref_Lane": 1, "Maker": "새한항업컨소시엄", "PostID": "C619AS305072", "UpdateDate": "20181001", "Version": "2020", "Remark": null, "HistType": null, "HistRemark": null }, "geometry": { "type": "Point", "coordinates": [ 127.111350161022983, 37.396051534027038, 66.288 ] } },
{ "type": "Feature", "properties": { "ID": "C119AS305249", "AdminCode": "206", "Type": "5", "LinkID": "A219AS306122", "Ref_Lane": 1, "Maker": "새한항업컨소시엄", "PostID": "C619AS305074", "UpdateDate": "20181001", "Version": "2020", "Remark": null, "HistType": null, "HistRemark": null }, "geometry": { "type": "Point", "coordinates": [ 127.111348101241376, 37.395954931867017, 66.442 ] } },
{ "type": "Feature", "properties": { "ID": "C119AS305250", "AdminCode": "206", "Type": "11", "LinkID": "A219AS305245", "Ref_Lane": 3, "Maker": "새한항업컨소시엄", "PostID": "C619AS305078", "UpdateDate": "20181001", "Version": "2020", "Remark": null, "HistType": null, "HistRemark": null }, "geometry": { "type": "Point", "coordinates": [ 127.109496345314909, 37.396436565757952, 66.932 ] } },
{ "type": "Feature", "properties": { "ID": "C119AS305251", "AdminCode": "206", "Type": "11", "LinkID": "A219AS305999", "Ref_Lane": 3, "Maker": "새한항업컨소시엄", "PostID": "C619AS305079", "UpdateDate": "20181001", "Version": "2020", "Remark": null, "HistType": null, "HistRemark": null }, "geometry": { "type": "Point", "coordinates": [ 127.109376649483011, 37.39633318830932, 67.178 ] } },
{ "type": "Feature", "properties": { "ID": "C119AS305252", "AdminCode": "206", "Type": "2", "LinkID": "A219AS305420", "Ref_Lane": 4, "Maker": "새한항업컨소시엄", "PostID": "C619AS305079", "UpdateDate": "20181001", "Version": "2020", "Remark": null, "HistType": null, "HistRemark": null }, "geometry": { "type": "Point", "coordinates": [ 127.109372935838152, 37.396288120356282, 69.998 ] } },
{ "type": "Feature", "properties": { "ID": "C119AS305253", "AdminCode": "206", "Type": "2", "LinkID": "A219AS305420", "Ref_Lane": 4, "Maker": "새한항업컨소시엄", "PostID": "C619AS305079", "UpdateDate": "20181001", "Version": "2020", "Remark": null, "HistType": null, "HistRemark": null }, "geometry": { "type": "Point", "coordinates": [ 127.109373080157354, 37.39625765131423, 70.036 ] } },
{ "type": "Feature", "properties": { "ID": "C119AS305254", "AdminCode": "206", "Type": "2", "LinkID": "A219AS305223", "Ref_Lane": 4, "Maker": "새한항업컨소시엄", "PostID": "C619AS305080", "UpdateDate": "20181001", "Version": "2020", "Remark": null, "HistType": null, "HistRemark": null }, "geometry": { "type": "Point", "coordinates": [ 127.109368927716503, 37.396155869527888, 69.79 ] } },
{ "type": "Feature", "properties": { "ID": "C119AS305255", "AdminCode": "206", "Type": "2", "LinkID": "A219AS305223", "Ref_Lane": 4, "Maker": "새한항업컨소시엄", "PostID": "C619AS305080", "UpdateDate": "20181001", "Version": "2020", "Remark": null, "HistType": null, "HistRemark": null }, "geometry": { "type": "Point", "coordinates": [ 127.109367404923944, 37.396129258219126, 69.747 ] } },
{ "type": "Feature", "properties": { "ID": "C119AS305256", "AdminCode": "206", "Type": "11", "LinkID": "A219AS306004", "Ref_Lane": 3, "Maker": "새한항업컨소시엄", "PostID": "C619AS305080", "UpdateDate": "20181001", "Version": "2020", "Remark": null, "HistType": null, "HistRemark": null }, "geometry": { "type": "Point", "coordinates": [ 127.109375492471216, 37.396080278321165, 67.06 ] } },
{ "type": "Feature", "properties": { "ID": "C119AS305257", "AdminCode": "206", "Type": "11", "LinkID": "A219AS305245", "Ref_Lane": 3, "Maker": "새한항업컨소시엄", "PostID": "C619AS305081", "UpdateDate": "20181001", "Version": "2020", "Remark": null, "HistType": null, "HistRemark": null }, "geometry": { "type": "Point", "coordinates": [ 127.109491662843553, 37.395997103176384, 67.082 ] } },
{ "type": "Feature", "properties": { "ID": "C119AS305258", "AdminCode": "206", "Type": "2", "LinkID": "A219AS305998", "Ref_Lane": 4, "Maker": "새한항업컨소시엄", "PostID": "C619AS305081", "UpdateDate": "20181001", "Version": "2020", "Remark": null, "HistType": null, "HistRemark": null }, "geometry": { "type": "Point", "coordinates": [ 127.109572043222158, 37.395995441625494, 69.917 ] } },
{ "type": "Feature", "properties": { "ID": "C119AS305259", "AdminCode": "206", "Type": "2", "LinkID": "A219AS305998", "Ref_Lane": 4, "Maker": "새한항업컨소시엄", "PostID": "C619AS305081", "UpdateDate": "20181001", "Version": "2020", "Remark": null, "HistType": null, "HistRemark": null }, "geometry": { "type": "Point", "coordinates": [ 127.10961066591743, 37.395996302647553, 69.949 ] } },
{ "type": "Feature", "properties": { "ID": "C119AS305260", "AdminCode": "206", "Type": "2", "LinkID": "A219AS306003", "Ref_Lane": 4, "Maker": "새한항업컨소시엄", "PostID": "C619AS305082", "UpdateDate": "20181001", "Version": "2020", "Remark": null, "HistType": null, "HistRemark": null }, "geometry": { "type": "Point", "coordinates": [ 127.109729772059481, 37.396002190941907, 69.81 ] } },
{ "type": "Feature", "properties": { "ID": "C119AS305261", "AdminCode": "206", "Type": "2", "LinkID": "A219AS306003", "Ref_Lane": 4, "Maker": "새한항업컨소시엄", "PostID": "C619AS305082", "UpdateDate": "20181001", "Version": "2020", "Remark": null, "HistType": null, "HistRemark": null }, "geometry": { "type": "Point", "coordinates": [ 127.109767553342934, 37.396002371530187, 69.825 ] } },
{ "type": "Feature", "properties": { "ID": "C119AS305262", "AdminCode": "206", "Type": "11", "LinkID": "A219AS305419", "Ref_Lane": 3, "Maker": "새한항업컨소시엄", "PostID": "C619AS305082", "UpdateDate": "20181001", "Version": "2020", "Remark": null, "HistType": null, "HistRemark": null }, "geometry": { "type": "Point", "coordinates": [ 127.10984639717735, 37.396008814520599, 67.014 ] } },
{ "type": "Feature", "properties": { "ID": "C119AS305263", "AdminCode": "206", "Type": "11", "LinkID": "A219AS306004", "Ref_Lane": 3, "Maker": "새한항업컨소시엄", "PostID": "C619AS305083", "UpdateDate": "20181001", "Version": "2020", "Remark": null, "HistType": null, "HistRemark": null }, "geometry": { "type": "Point", "coordinates": [ 127.10996025325808, 37.396104987240271, 66.745 ] } },
{ "type": "Feature", "properties": { "ID": "C119AS305264", "AdminCode": "206", "Type": "2", "LinkID": "A219AS305223", "Ref_Lane": 4, "Maker": "새한항업컨소시엄", "PostID": "C619AS305083", "UpdateDate": "20181001", "Version": "2020", "Remark": null, "HistType": null, "HistRemark": null }, "geometry": { "type": "Point", "coordinates": [ 127.109959975190733, 37.396167322443283, 69.463 ] } },
{ "type": "Feature", "properties": { "ID": "C119AS305265", "AdminCode": "206", "Type": "2", "LinkID": "A219AS305223", "Ref_Lane": 4, "Maker": "새한항업컨소시엄", "PostID": "C619AS305083", "UpdateDate": "20181001", "Version": "2020", "Remark": null, "HistType": null, "HistRemark": null }, "geometry": { "type": "Point", "coordinates": [ 127.109960120052534, 37.396200229495399, 69.493 ] } },
{ "type": "Feature", "properties": { "ID": "C119AS305266", "AdminCode": "206", "Type": "11", "LinkID": "A219AS305419", "Ref_Lane": 3, "Maker": "새한항업컨소시엄", "PostID": "C619AS305077", "UpdateDate": "20181001", "Version": "2020", "Remark": null, "HistType": null, "HistRemark": null }, "geometry": { "type": "Point", "coordinates": [ 127.109849895008182, 37.396438858102847, 66.827 ] } },
{ "type": "Feature", "properties": { "ID": "C119AS305267", "AdminCode": "206", "Type": "11", "LinkID": "A219AS305349", "Ref_Lane": 4, "Maker": "새한항업컨소시엄", "PostID": "C619AS305022", "UpdateDate": "20181001", "Version": "2020", "Remark": null, "HistType": null, "HistRemark": null }, "geometry": { "type": "Point", "coordinates": [ 127.107141454465619, 37.396343704350848, 68.804 ] } },
{ "type": "Feature", "properties": { "ID": "C119AS305268", "AdminCode": "206", "Type": "11", "LinkID": "A219AS305402", "Ref_Lane": 3, "Maker": "새한항업컨소시엄", "PostID": "C619AS305022", "UpdateDate": "20181001", "Version": "2020", "Remark": null, "HistType": null, "HistRemark": null }, "geometry": { "type": "Point", "coordinates": [ 127.107136845832287, 37.396349083126438, 68.766 ] } },
{ "type": "Feature", "properties": { "ID": "C119AS305269", "AdminCode": "204", "Type": "5", "LinkID": "A219AS305033", "Ref_Lane": 1, "Maker": "새한항업컨소시엄", "PostID": "C619AS305089", "UpdateDate": "20181001", "Version": "2020", "Remark": null, "HistType": null, "HistRemark": null }, "geometry": { "type": "Point", "coordinates": [ 127.099648325772677, 37.410253662277512, 84.16 ] } },
{ "type": "Feature", "properties": { "ID": "C119AS305270", "AdminCode": "206", "Type": "2", "LinkID": "A219AS305614", "Ref_Lane": 4, "Maker": "새한항업컨소시엄", "PostID": "C619AS305033", "UpdateDate": "20181001", "Version": "2020", "Remark": null, "HistType": null, "HistRemark": null }, "geometry": { "type": "Point", "coordinates": [ 127.109892895698437, 37.403154000704617, 79.295 ] } },
{ "type": "Feature", "properties": { "ID": "C119AS305271", "AdminCode": "206", "Type": "2", "LinkID": "A219AS305614", "Ref_Lane": 4, "Maker": "새한항업컨소시엄", "PostID": "C619AS305033", "UpdateDate": "20181001", "Version": "2020", "Remark": null, "HistType": null, "HistRemark": null }, "geometry": { "type": "Point", "coordinates": [ 127.109890126916454, 37.403122565830245, 79.218 ] } },
{ "type": "Feature", "properties": { "ID": "C119AS305272", "AdminCode": "206", "Type": "11", "LinkID": "A219AS305655", "Ref_Lane": 2, "Maker": "새한항업컨소시엄", "PostID": "C619AS305040", "UpdateDate": "20181001", "Version": "2020", "Remark": null, "HistType": null, "HistRemark": null }, "geometry": { "type": "Point", "coordinates": [ 127.113095505833058, 37.403111269695401, 71.853 ] } },
{ "type": "Feature", "properties": { "ID": "C119AS305273", "AdminCode": "206", "Type": "1", "LinkID": "A219AS305168", "Ref_Lane": 1, "Maker": "새한항업컨소시엄", "PostID": "C619AS305012", "UpdateDate": "20181001", "Version": "2020", "Remark": null, "HistType": null, "HistRemark": null }, "geometry": { "type": "Point", "coordinates": [ 127.099670215351765, 37.410473008819018, 87.219 ] } },
{ "type": "Feature", "properties": { "ID": "C119AS305274", "AdminCode": "206", "Type": "1", "LinkID": "A219AS305931", "Ref_Lane": 1, "Maker": "새한항업컨소시엄", "PostID": "C619AS305004", "UpdateDate": "20181001", "Version": "2020", "Remark": null, "HistType": null, "HistRemark": null }, "geometry": { "type": "Point", "coordinates": [ 127.0999259336553, 37.412102829681032, 83.484 ] } },
{ "type": "Feature", "properties": { "ID": "C119AS305275", "AdminCode": "206", "Type": "1", "LinkID": "A219AS305930", "Ref_Lane": 1, "Maker": "새한항업컨소시엄", "PostID": "C619AS305004", "UpdateDate": "20181001", "Version": "2020", "Remark": null, "HistType": null, "HistRemark": null }, "geometry": { "type": "Point", "coordinates": [ 127.099952022927312, 37.412220402491883, 82.83 ] } },
{ "type": "Feature", "properties": { "ID": "C119AS305276", "AdminCode": "206", "Type": "9", "LinkID": "A219AS305903", "Ref_Lane": 1, "Maker": "새한항업컨소시엄", "PostID": null, "UpdateDate": "20181001", "Version": "2020", "Remark": null, "HistType": null, "HistRemark": null }, "geometry": { "type": "Point", "coordinates": [ 127.103761425843842, 37.404761778124154, 70.328 ] } },
{ "type": "Feature", "properties": { "ID": "C119AS305277", "AdminCode": "206", "Type": "9", "LinkID": "A219AS305902", "Ref_Lane": 1, "Maker": "새한항업컨소시엄", "PostID": null, "UpdateDate": "20181001", "Version": "2020", "Remark": null, "HistType": null, "HistRemark": null }, "geometry": { "type": "Point", "coordinates": [ 127.103732749088977, 37.404739516793065, 70.309 ] } },
{ "type": "Feature", "properties": { "ID": "C119AS305278", "AdminCode": "206", "Type": "9", "LinkID": "A219AS305901", "Ref_Lane": 1, "Maker": "새한항업컨소시엄", "PostID": null, "UpdateDate": "20181001", "Version": "2020", "Remark": null, "HistType": null, "HistRemark": null }, "geometry": { "type": "Point", "coordinates": [ 127.10370683160177, 37.404719390626134, 70.295 ] } }
]
}
