{
"type": "FeatureCollection",
"name": "safetysign",
"crs": { "type": "name", "properties": { "name": "urn:ogc:def:crs:OGC:1.3:CRS84" } },
"features": [
{ "type": "Feature", "properties": { "ID": "B119AS300864", "AdminCode": "413", "Type": "3", "SubType": "312", "LinkID": "A219AS300002", "Ref_Lane": 2, "PostID": "C619AS300259", "Maker": "而⑥", "UpdateDate": "20190620", "Version": "2019", "Remark": "痢〓갑듯", "HistType": null, "HistRemark": null }, "geometry": { "type": "Point", "coordinates": [ 127.268271885723422, 36.472201025770048, 59.27906 ] } },
{ "type": "Feature", "properties": { "ID": "B119AS300863", "AdminCode": "413", "Type": "1", "SubType": "126", "LinkID": "A219AS300002", "Ref_Lane": 2, "PostID": "C619AS300260", "Maker": "而⑥", "UpdateDate": "20190620", "Version": "2019", "Remark": "誘몃ъ대濡", "HistType": null, "HistRemark": null }, "geometry": { "type": "Point", "coordinates": [ 127.268290004790757, 36.472330529425633, 59.726653691674755 ] } },
{ "type": "Feature", "properties": { "ID": "B119AS300862", "AdminCode": "413", "Type": "4", "SubType": "499", "LinkID": "A219AS300002", "Ref_Lane": 2, "PostID": "C619AS300260", "Maker": "而⑥", "UpdateDate": "20190620", "Version": "2019", "Remark": "몃㈃", "HistType": null, "HistRemark": null }, "geometry": { "type": "Point", "coordinates": [ 127.268289882831098, 36.47233059228541, 59.347608590376566 ] } },
{ "type": "Feature", "properties": { "ID": "B119AS300861", "AdminCode": "413", "Type": "2", "SubType": "224", "LinkID": "A219AS300002", "Ref_Lane": 2, "PostID": "C619AS300261", "Maker": "而⑥", "UpdateDate": "20190620", "Version": "2019", "Remark": "50", "HistType": null, "HistRemark": null }, "geometry": { "type": "Point", "coordinates": [ 127.268140341263134, 36.472524535120932, 60.370866015820567 ] } },
{ "type": "Feature", "properties": { "ID": "B119AS300860", "AdminCode": "413", "Type": "4", "SubType": "499", "LinkID": "A219AS300002", "Ref_Lane": 2, "PostID": "C619AS300261", "Maker": "而⑥", "UpdateDate": "20190620", "Version": "2019", "Remark": "媛吏", "HistType": null, "HistRemark": null }, "geometry": { "type": "Point", "coordinates": [ 127.268140059670301, 36.472524866392078, 59.681693104369316 ] } },
{ "type": "Feature", "properties": { "ID": "B119AS300859", "AdminCode": "413", "Type": "3", "SubType": "399", "LinkID": "A219AS301747", "Ref_Lane": 4, "PostID": "C619AS300269", "Maker": "而⑥", "UpdateDate": "20190620", "Version": "2019", "Remark": "嫄곕蹂댄듯援щ", "HistType": null, "HistRemark": null }, "geometry": { "type": "Point", "coordinates": [ 127.263658912329575, 36.478833210058966, 59.146571210867442 ] } },
{ "type": "Feature", "properties": { "ID": "B119AS300858", "AdminCode": "413", "Type": "1", "SubType": "199", "LinkID": "A219AS301745", "Ref_Lane": 3, "PostID": "C619AS300270", "Maker": "而⑥", "UpdateDate": "20190620", "Version": "2019", "Remark": "", "HistType": null, "HistRemark": null }, "geometry": { "type": "Point", "coordinates": [ 127.263208962250928, 36.47883610762787, 60.105365095100659 ] } },
{ "type": "Feature", "properties": { "ID": "B119AS300857", "AdminCode": "413", "Type": "4", "SubType": "499", "LinkID": "A219AS301745", "Ref_Lane": 3, "PostID": "C619AS300270", "Maker": "而⑥", "UpdateDate": "20190620", "Version": "2019", "Remark": "媛吏", "HistType": null, "HistRemark": null }, "geometry": { "type": "Point", "coordinates": [ 127.263208666252581, 36.478835981967592, 59.896474335758519 ] } },
{ "type": "Feature", "properties": { "ID": "B119AS300856", "AdminCode": "413", "Type": "2", "SubType": "217", "LinkID": "A219AS301745", "Ref_Lane": 3, "PostID": "C619AS300270", "Maker": "而⑥", "UpdateDate": "20190620", "Version": "2019", "Remark": "吏瑜닿린湲吏", "HistType": null, "HistRemark": null }, "geometry": { "type": "Point", "coordinates": [ 127.263208031638442, 36.478835703200076, 59.152121568958854 ] } },
{ "type": "Feature", "properties": { "ID": "B119AS300855", "AdminCode": "413", "Type": "4", "SubType": "499", "LinkID": "A219AS301745", "Ref_Lane": 3, "PostID": "C619AS300270", "Maker": "而⑥", "UpdateDate": "20190620", "Version": "2019", "Remark": "援援ш880m", "HistType": null, "HistRemark": null }, "geometry": { "type": "Point", "coordinates": [ 127.263208509475533, 36.478835513991037, 58.55474620573677 ] } },
{ "type": "Feature", "properties": { "ID": "B119AS300854", "AdminCode": "413", "Type": "3", "SubType": "399", "LinkID": "A219AS301745", "Ref_Lane": 3, "PostID": "C619AS300268", "Maker": "而⑥", "UpdateDate": "20190620", "Version": "2019", "Remark": "嫄곕蹂댄듯援щ", "HistType": null, "HistRemark": null }, "geometry": { "type": "Point", "coordinates": [ 127.2633226084521, 36.478672443967056, 59.11249928371349 ] } },
{ "type": "Feature", "properties": { "ID": "B119AS300853", "AdminCode": "413", "Type": "2", "SubType": "228", "LinkID": "A219AS301745", "Ref_Lane": 3, "PostID": "C619AS300267", "Maker": "而⑥", "UpdateDate": "20190620", "Version": "2019", "Remark": "蹂", "HistType": null, "HistRemark": null }, "geometry": { "type": "Point", "coordinates": [ 127.263467231168406, 36.478477893081788, 59.706750556791562 ] } },
{ "type": "Feature", "properties": { "ID": "B119AS300852", "AdminCode": "413", "Type": "1", "SubType": "126", "LinkID": "A219AS301745", "Ref_Lane": 3, "PostID": "C619AS300266", "Maker": "而⑥", "UpdateDate": "20190620", "Version": "2019", "Remark": "誘몃ъ대濡", "HistType": null, "HistRemark": null }, "geometry": { "type": "Point", "coordinates": [ 127.263640588117653, 36.47827824013676, 60.634409034543935 ] } },
{ "type": "Feature", "properties": { "ID": "B119AS300851", "AdminCode": "413", "Type": "4", "SubType": "499", "LinkID": "A219AS301745", "Ref_Lane": 3, "PostID": "C619AS300266", "Maker": "而⑥", "UpdateDate": "20190620", "Version": "2019", "Remark": "몃㈃", "HistType": null, "HistRemark": null }, "geometry": { "type": "Point", "coordinates": [ 127.263640832499945, 36.478278208949831, 60.210793450419388 ] } },
{ "type": "Feature", "properties": { "ID": "B119AS300850", "AdminCode": "413", "Type": "2", "SubType": "224", "LinkID": "A219AS300001", "Ref_Lane": 2, "PostID": "C619AS300265", "Maker": "而⑥", "UpdateDate": "20190620", "Version": "2019", "Remark": "50", "HistType": null, "HistRemark": null }, "geometry": { "type": "Point", "coordinates": [ 127.263807733878735, 36.478076164241727, 61.23735805785109 ] } },
{ "type": "Feature", "properties": { "ID": "B119AS300849", "AdminCode": "413", "Type": "4", "SubType": "499", "LinkID": "A219AS300001", "Ref_Lane": 2, "PostID": "C619AS300265", "Maker": "而⑥", "UpdateDate": "20190620", "Version": "2019", "Remark": "媛吏", "HistType": null, "HistRemark": null }, "geometry": { "type": "Point", "coordinates": [ 127.263808189899024, 36.478076098808835, 60.60466759124899 ] } },
{ "type": "Feature", "properties": { "ID": "B119AS300848", "AdminCode": "413", "Type": "1", "SubType": "199", "LinkID": "A219AS300001", "Ref_Lane": 2, "PostID": "C619AS300264", "Maker": "而⑥", "UpdateDate": "20190620", "Version": "2019", "Remark": "醫濡援쎌濡", "HistType": null, "HistRemark": null }, "geometry": { "type": "Point", "coordinates": [ 127.266830395107974, 36.473876201613486, 63.829917568079864 ] } },
{ "type": "Feature", "properties": { "ID": "B119AS300847", "AdminCode": "413", "Type": "4", "SubType": "499", "LinkID": "A219AS300001", "Ref_Lane": 2, "PostID": "C619AS300264", "Maker": "而⑥", "UpdateDate": "20190620", "Version": "2019", "Remark": "瑜쇱댁", "HistType": null, "HistRemark": null }, "geometry": { "type": "Point", "coordinates": [ 127.266830298468648, 36.473876230763821, 63.562833388624966 ] } },
{ "type": "Feature", "properties": { "ID": "B119AS300846", "AdminCode": "413", "Type": "1", "SubType": "126", "LinkID": "A219AS300001", "Ref_Lane": 2, "PostID": "C619AS300262", "Maker": "而⑥", "UpdateDate": "20190620", "Version": "2019", "Remark": "誘몃ъ대濡", "HistType": null, "HistRemark": null }, "geometry": { "type": "Point", "coordinates": [ 127.267883928106087, 36.472411753067639, 60.195916429310138 ] } },
{ "type": "Feature", "properties": { "ID": "B119AS300845", "AdminCode": "413", "Type": "4", "SubType": "499", "LinkID": "A219AS300001", "Ref_Lane": 2, "PostID": "C619AS300262", "Maker": "而⑥", "UpdateDate": "20190620", "Version": "2019", "Remark": "몃㈃", "HistType": null, "HistRemark": null }, "geometry": { "type": "Point", "coordinates": [ 127.267884000783866, 36.472411879781063, 59.61640690942626 ] } },
{ "type": "Feature", "properties": { "ID": "B119AS300844", "AdminCode": "413", "Type": "1", "SubType": "199", "LinkID": "A219AS300001", "Ref_Lane": 2, "PostID": "C619AS300263", "Maker": "而⑥", "UpdateDate": "20190620", "Version": "2019", "Remark": "醫濡援쎌濡", "HistType": null, "HistRemark": null }, "geometry": { "type": "Point", "coordinates": [ 127.267737454722962, 36.472615063129744, 60.660935695882088 ] } },
{ "type": "Feature", "properties": { "ID": "B119AS300843", "AdminCode": "413", "Type": "4", "SubType": "499", "LinkID": "A219AS300001", "Ref_Lane": 2, "PostID": "C619AS300263", "Maker": "而⑥", "UpdateDate": "20190620", "Version": "2019", "Remark": "瑜쇱댁", "HistType": null, "HistRemark": null }, "geometry": { "type": "Point", "coordinates": [ 127.267737719889752, 36.472614927209044, 60.278593084120857 ] } },
{ "type": "Feature", "properties": { "ID": "B119AS300842", "AdminCode": "413", "Type": "4", "SubType": "499", "LinkID": "A219AS301746", "Ref_Lane": 1, "PostID": "C619AS300524", "Maker": "而⑥", "UpdateDate": "20190620", "Version": "2019", "Remark": "以李⑤", "HistType": null, "HistRemark": null }, "geometry": { "type": "Point", "coordinates": [ 127.263346262354176, 36.479165018464407, 62.223701846532364 ] } },
{ "type": "Feature", "properties": { "ID": "B119AS300841", "AdminCode": "413", "Type": "3", "SubType": "399", "LinkID": "A219AS302874", "Ref_Lane": 2, "PostID": "C619AS300525", "Maker": "而⑥", "UpdateDate": "20190620", "Version": "2019", "Remark": "嫄고〓", "HistType": null, "HistRemark": null }, "geometry": { "type": "Point", "coordinates": [ 127.263517458796954, 36.479330481082663, 57.130913333333389 ] } },
{ "type": "Feature", "properties": { "ID": "B119AS300840", "AdminCode": "413", "Type": "3", "SubType": "309", "LinkID": "A219AS302874", "Ref_Lane": 2, "PostID": "C619AS300526", "Maker": "而⑥", "UpdateDate": "20190620", "Version": "2019", "Remark": "吏吏諛醫", "HistType": null, "HistRemark": null }, "geometry": { "type": "Point", "coordinates": [ 127.263340527880786, 36.47936680968823, 61.367242954368557 ] } },
{ "type": "Feature", "properties": { "ID": "B119AS300839", "AdminCode": "413", "Type": "4", "SubType": "499", "LinkID": "A219AS302874", "Ref_Lane": 2, "PostID": "C619AS300526", "Maker": "而⑥", "UpdateDate": "20190620", "Version": "2019", "Remark": "", "HistType": null, "HistRemark": null }, "geometry": { "type": "Point", "coordinates": [ 127.263340527604939, 36.479366810064164, 60.732790634502884 ] } },
{ "type": "Feature", "properties": { "ID": "B119AS300838", "AdminCode": "413", "Type": "4", "SubType": "499", "LinkID": "A219AS302874", "Ref_Lane": 2, "PostID": "C619AS300526", "Maker": "而⑥", "UpdateDate": "20190620", "Version": "2019", "Remark": "湲踰ㅼ", "HistType": null, "HistRemark": null }, "geometry": { "type": "Point", "coordinates": [ 127.263333565811593, 36.479376838033545, 61.216328493697205 ] } },
{ "type": "Feature", "properties": { "ID": "B119AS300837", "AdminCode": "413", "Type": "3", "SubType": "309", "LinkID": "A219AS302874", "Ref_Lane": 2, "PostID": "C619AS300143", "Maker": "而⑥", "UpdateDate": "20190620", "Version": "2019", "Remark": "吏吏諛醫", "HistType": null, "HistRemark": null }, "geometry": { "type": "Point", "coordinates": [ 127.263306751050607, 36.479417596535477, 61.279740881572096 ] } },
{ "type": "Feature", "properties": { "ID": "B119AS300836", "AdminCode": "413", "Type": "4", "SubType": "499", "LinkID": "A219AS302874", "Ref_Lane": 2, "PostID": "C619AS300526", "Maker": "而⑥", "UpdateDate": "20190620", "Version": "2019", "Remark": "", "HistType": null, "HistRemark": null }, "geometry": { "type": "Point", "coordinates": [ 127.263306729254083, 36.479417301857147, 60.709779008613332 ] } },
{ "type": "Feature", "properties": { "ID": "B119AS300835", "AdminCode": "413", "Type": "3", "SubType": "311", "LinkID": "A219AS302874", "Ref_Lane": 2, "PostID": "C619AS300526", "Maker": "而⑥", "UpdateDate": "20190620", "Version": "2019", "Remark": "", "HistType": null, "HistRemark": null }, "geometry": { "type": "Point", "coordinates": [ 127.263287526896022, 36.479444047695459, 61.364412508357979 ] } },
{ "type": "Feature", "properties": { "ID": "B119AS300834", "AdminCode": "413", "Type": "4", "SubType": "499", "LinkID": "A219AS302874", "Ref_Lane": 2, "PostID": "C619AS300526", "Maker": "而⑥", "UpdateDate": "20190620", "Version": "2019", "Remark": "醫", "HistType": null, "HistRemark": null }, "geometry": { "type": "Point", "coordinates": [ 127.263287507024629, 36.479443945331766, 60.723205401279365 ] } },
{ "type": "Feature", "properties": { "ID": "B119AS300833", "AdminCode": "413", "Type": "3", "SubType": "399", "LinkID": "A219AS301774", "Ref_Lane": 3, "PostID": "C619AS300527", "Maker": "而⑥", "UpdateDate": "20190620", "Version": "2019", "Remark": "嫄고〓", "HistType": null, "HistRemark": null }, "geometry": { "type": "Point", "coordinates": [ 127.263188773580339, 36.479531663881517, 57.368383572490508 ] } },
{ "type": "Feature", "properties": { "ID": "B119AS300832", "AdminCode": "413", "Type": "3", "SubType": "399", "LinkID": "A219AS301774", "Ref_Lane": 3, "PostID": "C619AS300527", "Maker": "而⑥", "UpdateDate": "20190620", "Version": "2019", "Remark": "嫄고〓", "HistType": null, "HistRemark": null }, "geometry": { "type": "Point", "coordinates": [ 127.263184489719023, 36.479536555820793, 58.978333418707031 ] } },
{ "type": "Feature", "properties": { "ID": "B119AS300831", "AdminCode": "413", "Type": "4", "SubType": "499", "LinkID": "A219AS301825", "Ref_Lane": 1, "PostID": "C619AS300527", "Maker": "而⑥", "UpdateDate": "20190620", "Version": "2019", "Remark": "以李⑤", "HistType": null, "HistRemark": null }, "geometry": { "type": "Point", "coordinates": [ 127.26311339685617, 36.479493676048001, 61.39816 ] } },
{ "type": "Feature", "properties": { "ID": "B119AS300830", "AdminCode": "413", "Type": "4", "SubType": "499", "LinkID": "A219AS301825", "Ref_Lane": 1, "PostID": "C619AS300527", "Maker": "而⑥", "UpdateDate": "20190620", "Version": "2019", "Remark": "湲踰ㅼ", "HistType": null, "HistRemark": null }, "geometry": { "type": "Point", "coordinates": [ 127.263163609622595, 36.479519173744656, 60.831487265204757 ] } },
{ "type": "Feature", "properties": { "ID": "B119AS300829", "AdminCode": "413", "Type": "4", "SubType": "499", "LinkID": "A219AS301826", "Ref_Lane": 1, "PostID": "C619AS300528", "Maker": "而⑥", "UpdateDate": "20190620", "Version": "2019", "Remark": "以李⑤", "HistType": null, "HistRemark": null }, "geometry": { "type": "Point", "coordinates": [ 127.262929298701081, 36.479376161143094, 61.3184439644143 ] } },
{ "type": "Feature", "properties": { "ID": "B119AS300828", "AdminCode": "413", "Type": "3", "SubType": "399", "LinkID": "A219AS302876", "Ref_Lane": 2, "PostID": "C619AS300528", "Maker": "而⑥", "UpdateDate": "20190620", "Version": "2019", "Remark": "嫄고〓", "HistType": null, "HistRemark": null }, "geometry": { "type": "Point", "coordinates": [ 127.262833919843487, 36.479330997010663, 59.047997245532621 ] } },
{ "type": "Feature", "properties": { "ID": "B119AS300827", "AdminCode": "413", "Type": "3", "SubType": "313", "LinkID": "A219AS302876", "Ref_Lane": 2, "PostID": "C619AS300529", "Maker": "而⑥", "UpdateDate": "20190620", "Version": "2019", "Remark": "곗륫硫댄듯", "HistType": null, "HistRemark": null }, "geometry": { "type": "Point", "coordinates": [ 127.262913531960962, 36.479154126910579, 57.831170399605348 ] } },
{ "type": "Feature", "properties": { "ID": "B119AS300826", "AdminCode": "413", "Type": "3", "SubType": "309", "LinkID": "A219AS302876", "Ref_Lane": 2, "PostID": "C619AS300529", "Maker": "而⑥", "UpdateDate": "20190620", "Version": "2019", "Remark": "吏吏諛醫", "HistType": null, "HistRemark": null }, "geometry": { "type": "Point", "coordinates": [ 127.262887233866891, 36.479176642199015, 61.437143153286534 ] } },
{ "type": "Feature", "properties": { "ID": "B119AS300825", "AdminCode": "413", "Type": "4", "SubType": "499", "LinkID": "A219AS302876", "Ref_Lane": 2, "PostID": "C619AS300529", "Maker": "而⑥", "UpdateDate": "20190620", "Version": "2019", "Remark": "", "HistType": null, "HistRemark": null }, "geometry": { "type": "Point", "coordinates": [ 127.262887016106546, 36.479176612001432, 60.779268747783291 ] } },
{ "type": "Feature", "properties": { "ID": "B119AS300824", "AdminCode": "413", "Type": "4", "SubType": "499", "LinkID": "A219AS302876", "Ref_Lane": 2, "PostID": "C619AS300529", "Maker": "而⑥", "UpdateDate": "20190620", "Version": "2019", "Remark": "湲踰ㅼ", "HistType": null, "HistRemark": null }, "geometry": { "type": "Point", "coordinates": [ 127.262895374885971, 36.479167506562852, 61.270092765115187 ] } },
{ "type": "Feature", "properties": { "ID": "B119AS300823", "AdminCode": "413", "Type": "3", "SubType": "309", "LinkID": "A219AS302876", "Ref_Lane": 2, "PostID": "C619AS300529", "Maker": "而⑥", "UpdateDate": "20190620", "Version": "2019", "Remark": "吏吏諛醫", "HistType": null, "HistRemark": null }, "geometry": { "type": "Point", "coordinates": [ 127.262928729601938, 36.479127837521389, 61.387106827473261 ] } },
{ "type": "Feature", "properties": { "ID": "B119AS300822", "AdminCode": "413", "Type": "4", "SubType": "499", "LinkID": "A219AS302876", "Ref_Lane": 2, "PostID": "C619AS300529", "Maker": "而⑥", "UpdateDate": "20190620", "Version": "2019", "Remark": "", "HistType": null, "HistRemark": null }, "geometry": { "type": "Point", "coordinates": [ 127.262928626129948, 36.479127954033075, 60.814388646133921 ] } },
{ "type": "Feature", "properties": { "ID": "B119AS300821", "AdminCode": "413", "Type": "3", "SubType": "311", "LinkID": "A219AS302876", "Ref_Lane": 2, "PostID": "C619AS300529", "Maker": "而⑥", "UpdateDate": "20190620", "Version": "2019", "Remark": "", "HistType": null, "HistRemark": null }, "geometry": { "type": "Point", "coordinates": [ 127.262950725174079, 36.479104515215717, 61.40532161629465 ] } },
{ "type": "Feature", "properties": { "ID": "B119AS300820", "AdminCode": "413", "Type": "4", "SubType": "499", "LinkID": "A219AS302876", "Ref_Lane": 2, "PostID": "C619AS300529", "Maker": "而⑥", "UpdateDate": "20190620", "Version": "2019", "Remark": "醫", "HistType": null, "HistRemark": null }, "geometry": { "type": "Point", "coordinates": [ 127.262950414758336, 36.479104864750724, 60.816694596584767 ] } },
{ "type": "Feature", "properties": { "ID": "B119AS300819", "AdminCode": "413", "Type": "4", "SubType": "499", "LinkID": "A219AS301826", "Ref_Lane": 1, "PostID": "C619AS300530", "Maker": "而⑥", "UpdateDate": "20190620", "Version": "2019", "Remark": "湲踰ㅼ", "HistType": null, "HistRemark": null }, "geometry": { "type": "Point", "coordinates": [ 127.263055441078961, 36.478996503445842, 61.687101341570646 ] } },
{ "type": "Feature", "properties": { "ID": "B119AS300818", "AdminCode": "413", "Type": "2", "SubType": "224", "LinkID": "A219AS301774", "Ref_Lane": 3, "PostID": "C619AS300271", "Maker": "而⑥", "UpdateDate": "20190620", "Version": "2019", "Remark": "50", "HistType": null, "HistRemark": null }, "geometry": { "type": "Point", "coordinates": [ 127.262965725380909, 36.479780721805291, 59.789439325893866 ] } },
{ "type": "Feature", "properties": { "ID": "B119AS300817", "AdminCode": "413", "Type": "2", "SubType": "218", "LinkID": "A219AS301774", "Ref_Lane": 3, "PostID": "C619AS300273", "Maker": "而⑥", "UpdateDate": "20190620", "Version": "2019", "Remark": "李⑥＜李④吏", "HistType": null, "HistRemark": null }, "geometry": { "type": "Point", "coordinates": [ 127.262813122642186, 36.479993442429951, 56.385599486295327 ] } },
{ "type": "Feature", "properties": { "ID": "B119AS300816", "AdminCode": "413", "Type": "3", "SubType": "399", "LinkID": "A219AS301774", "Ref_Lane": 3, "PostID": "C619AS300276", "Maker": "而⑥", "UpdateDate": "20190620", "Version": "2019", "Remark": "嫄곕蹂댄듯援щ", "HistType": null, "HistRemark": null }, "geometry": { "type": "Point", "coordinates": [ 127.262682447787483, 36.480183835347354, 55.778945691316117 ] } },
{ "type": "Feature", "properties": { "ID": "B119AS300815", "AdminCode": "413", "Type": "3", "SubType": "313", "LinkID": "A219AS301774", "Ref_Lane": 3, "PostID": "C619AS300275", "Maker": "而⑥", "UpdateDate": "20190620", "Version": "2019", "Remark": "곗륫硫댄듯", "HistType": null, "HistRemark": null }, "geometry": { "type": "Point", "coordinates": [ 127.262538376815684, 36.480144132069768, 55.54515140601444 ] } },
{ "type": "Feature", "properties": { "ID": "B119AS300814", "AdminCode": "413", "Type": "3", "SubType": "314", "LinkID": "A219AS301803", "Ref_Lane": 1, "PostID": "C619AS300274", "Maker": "而⑥", "UpdateDate": "20190620", "Version": "2019", "Remark": "醫痢〓㈃듯", "HistType": null, "HistRemark": null }, "geometry": { "type": "Point", "coordinates": [ 127.262525295167137, 36.480138682583281, 55.444008120288643 ] } },
{ "type": "Feature", "properties": { "ID": "B119AS300813", "AdminCode": "413", "Type": "2", "SubType": "228", "LinkID": "A219AS301772", "Ref_Lane": 1, "PostID": "C619AS300278", "Maker": "而⑥", "UpdateDate": "20190620", "Version": "2019", "Remark": "蹂", "HistType": null, "HistRemark": null }, "geometry": { "type": "Point", "coordinates": [ 127.2625439650391, 36.480366140632498, 55.564635293625074 ] } },
{ "type": "Feature", "properties": { "ID": "B119AS300812", "AdminCode": "413", "Type": "3", "SubType": "399", "LinkID": "A219AS301801", "Ref_Lane": 1, "PostID": "C619AS300532", "Maker": "而⑥", "UpdateDate": "20190620", "Version": "2019", "Remark": "踰ㅼ⑹감濡", "HistType": null, "HistRemark": null }, "geometry": { "type": "Point", "coordinates": [ 127.262161130823586, 36.480590761093204, 58.519169306649331 ] } },
{ "type": "Feature", "properties": { "ID": "B119AS300811", "AdminCode": "413", "Type": "1", "SubType": "199", "LinkID": "A219AS301732", "Ref_Lane": 3, "PostID": "C619AS300279", "Maker": "而⑥", "UpdateDate": "20190620", "Version": "2019", "Remark": "", "HistType": null, "HistRemark": null }, "geometry": { "type": "Point", "coordinates": [ 127.262114915333498, 36.480424274884079, 60.283705677388049 ] } },
{ "type": "Feature", "properties": { "ID": "B119AS300810", "AdminCode": "413", "Type": "4", "SubType": "499", "LinkID": "A219AS301732", "Ref_Lane": 3, "PostID": "C619AS300279", "Maker": "而⑥", "UpdateDate": "20190620", "Version": "2019", "Remark": "媛吏", "HistType": null, "HistRemark": null }, "geometry": { "type": "Point", "coordinates": [ 127.262114966478876, 36.480424264902858, 59.812626362580978 ] } },
{ "type": "Feature", "properties": { "ID": "B119AS300809", "AdminCode": "413", "Type": "2", "SubType": "224", "LinkID": "A219AS301732", "Ref_Lane": 3, "PostID": "C619AS300277", "Maker": "而⑥", "UpdateDate": "20190620", "Version": "2019", "Remark": "50", "HistType": null, "HistRemark": null }, "geometry": { "type": "Point", "coordinates": [ 127.262222208797468, 36.480213636072754, 58.556168642260687 ] } },
{ "type": "Feature", "properties": { "ID": "B119AS300808", "AdminCode": "413", "Type": "2", "SubType": "218", "LinkID": "A219AS301732", "Ref_Lane": 3, "PostID": "C619AS300272", "Maker": "而⑥", "UpdateDate": "20190620", "Version": "2019", "Remark": "李⑥＜李④吏", "HistType": null, "HistRemark": null }, "geometry": { "type": "Point", "coordinates": [ 127.262491638323425, 36.479839149069747, 56.494873731960077 ] } },
{ "type": "Feature", "properties": { "ID": "B119AS300807", "AdminCode": "413", "Type": "3", "SubType": "399", "LinkID": "A219AS301780", "Ref_Lane": 1, "PostID": "C619AS300533", "Maker": "而⑥", "UpdateDate": "20190620", "Version": "2019", "Remark": "嫄고〓", "HistType": null, "HistRemark": null }, "geometry": { "type": "Point", "coordinates": [ 127.262013761742807, 36.480514620817026, 55.385825452114993 ] } },
{ "type": "Feature", "properties": { "ID": "B119AS300806", "AdminCode": "413", "Type": "3", "SubType": "399", "LinkID": "A219AS301780", "Ref_Lane": 1, "PostID": "C619AS300866", "Maker": "而⑥", "UpdateDate": "20190620", "Version": "2019", "Remark": "嫄고〓", "HistType": null, "HistRemark": null }, "geometry": { "type": "Point", "coordinates": [ 127.261975716378259, 36.480534073491619, 55.458008242355433 ] } },
{ "type": "Feature", "properties": { "ID": "B119AS300805", "AdminCode": "413", "Type": "3", "SubType": "399", "LinkID": "A219AS301780", "Ref_Lane": 1, "PostID": "C619AS300535", "Maker": "而⑥", "UpdateDate": "20190620", "Version": "2019", "Remark": "嫄고〓", "HistType": null, "HistRemark": null }, "geometry": { "type": "Point", "coordinates": [ 127.261843842000332, 36.480714003744424, 55.462534691740231 ] } },
{ "type": "Feature", "properties": { "ID": "B119AS300804", "AdminCode": "413", "Type": "3", "SubType": "399", "LinkID": "A219AS301731", "Ref_Lane": 2, "PostID": "C619AS300536", "Maker": "而⑥", "UpdateDate": "20190620", "Version": "2019", "Remark": "嫄고〓", "HistType": null, "HistRemark": null }, "geometry": { "type": "Point", "coordinates": [ 127.26180226313349, 36.480856766607666, 55.611032031641159 ] } },
{ "type": "Feature", "properties": { "ID": "B119AS300803", "AdminCode": "413", "Type": "3", "SubType": "399", "LinkID": "A219AS301801", "Ref_Lane": 1, "PostID": "C619AS300537", "Maker": "而⑥", "UpdateDate": "20190620", "Version": "2019", "Remark": "踰ㅼ⑹감濡", "HistType": null, "HistRemark": null }, "geometry": { "type": "Point", "coordinates": [ 127.261996176378801, 36.480830431071013, 58.696277741623966 ] } },
{ "type": "Feature", "properties": { "ID": "B119AS300802", "AdminCode": "413", "Type": "3", "SubType": "399", "LinkID": "A219AS301771", "Ref_Lane": 1, "PostID": "C619AS300538", "Maker": "而⑥", "UpdateDate": "20190620", "Version": "2019", "Remark": "嫄고〓", "HistType": null, "HistRemark": null }, "geometry": { "type": "Point", "coordinates": [ 127.262122010182239, 36.480919570588014, 55.500703692770884 ] } },
{ "type": "Feature", "properties": { "ID": "B119AS300801", "AdminCode": "413", "Type": "3", "SubType": "399", "LinkID": "A219AS301771", "Ref_Lane": 1, "PostID": "C619AS300281", "Maker": "而⑥", "UpdateDate": "20190620", "Version": "2019", "Remark": "嫄고〓", "HistType": null, "HistRemark": null }, "geometry": { "type": "Point", "coordinates": [ 127.26215295720489, 36.480897549672534, 55.683873705424148 ] } },
{ "type": "Feature", "properties": { "ID": "B119AS300800", "AdminCode": "413", "Type": "3", "SubType": "399", "LinkID": "A219AS301774", "Ref_Lane": 2, "PostID": "C619AS300280", "Maker": "而⑥", "UpdateDate": "20190620", "Version": "2019", "Remark": "嫄고〓", "HistType": null, "HistRemark": null }, "geometry": { "type": "Point", "coordinates": [ 127.262311118282284, 36.480661990685569, 55.412863086400669 ] } },
{ "type": "Feature", "properties": { "ID": "B119AS300799", "AdminCode": "413", "Type": "3", "SubType": "399", "LinkID": "A219AS301774", "Ref_Lane": 2, "PostID": "C619AS300280", "Maker": "而⑥", "UpdateDate": "20190620", "Version": "2019", "Remark": "嫄고〓", "HistType": null, "HistRemark": null }, "geometry": { "type": "Point", "coordinates": [ 127.262311895635065, 36.480666106273191, 55.395812415615346 ] } },
{ "type": "Feature", "properties": { "ID": "B119AS300798", "AdminCode": "413", "Type": "2", "SubType": "224", "LinkID": "A219AS301727", "Ref_Lane": 2, "PostID": "C619AS300283", "Maker": "而⑥", "UpdateDate": "20190620", "Version": "2019", "Remark": "50", "HistType": null, "HistRemark": null }, "geometry": { "type": "Point", "coordinates": [ 127.261982081713356, 36.481141754584158, 58.648425383377955 ] } },
{ "type": "Feature", "properties": { "ID": "B119AS300797", "AdminCode": "413", "Type": "2", "SubType": "218", "LinkID": "A219AS301727", "Ref_Lane": 2, "PostID": "C619AS300286", "Maker": "而⑥", "UpdateDate": "20190620", "Version": "2019", "Remark": "李⑥＜李④吏", "HistType": null, "HistRemark": null }, "geometry": { "type": "Point", "coordinates": [ 127.261712078795412, 36.481496636170036, 55.99880604473244 ] } },
{ "type": "Feature", "properties": { "ID": "B119AS300796", "AdminCode": "413", "Type": "3", "SubType": "312", "LinkID": "A219AS301727", "Ref_Lane": 2, "PostID": "C619AS300287", "Maker": "而⑥", "UpdateDate": "20190620", "Version": "2019", "Remark": "痢〓갑듯", "HistType": null, "HistRemark": null }, "geometry": { "type": "Point", "coordinates": [ 127.261477018952021, 36.481637239923913, 55.385628119651031 ] } },
{ "type": "Feature", "properties": { "ID": "B119AS300795", "AdminCode": "413", "Type": "3", "SubType": "322", "LinkID": "A219AS301726", "Ref_Lane": 2, "PostID": "C619AS300292", "Maker": "而⑥", "UpdateDate": "20190620", "Version": "2019", "Remark": "〓⑤낫", "HistType": null, "HistRemark": null }, "geometry": { "type": "Point", "coordinates": [ 127.260965840030394, 36.482515329573381, 57.20476041296773 ] } },
{ "type": "Feature", "properties": { "ID": "B119AS300794", "AdminCode": "413", "Type": "3", "SubType": "399", "LinkID": "A219AS301726", "Ref_Lane": 2, "PostID": "C619AS300292", "Maker": "而⑥", "UpdateDate": "20190620", "Version": "2019", "Remark": "嫄고〓", "HistType": null, "HistRemark": null }, "geometry": { "type": "Point", "coordinates": [ 127.260967026972665, 36.482515590819148, 56.622538669326126 ] } },
{ "type": "Feature", "properties": { "ID": "B119AS300793", "AdminCode": "413", "Type": "3", "SubType": "399", "LinkID": "A219AS301726", "Ref_Lane": 2, "PostID": "C619AS300294", "Maker": "而⑥", "UpdateDate": "20190620", "Version": "2019", "Remark": "嫄고〓", "HistType": null, "HistRemark": null }, "geometry": { "type": "Point", "coordinates": [ 127.260814960031865, 36.482792156739379, 56.387898440261722 ] } },
{ "type": "Feature", "properties": { "ID": "B119AS300792", "AdminCode": "413", "Type": "3", "SubType": "322", "LinkID": "A219AS301726", "Ref_Lane": 2, "PostID": "C619AS300541", "Maker": "而⑥", "UpdateDate": "20190620", "Version": "2019", "Remark": "〓⑤낫", "HistType": null, "HistRemark": null }, "geometry": { "type": "Point", "coordinates": [ 127.26066093814444, 36.482980270164013, 56.806740344779492 ] } },
{ "type": "Feature", "properties": { "ID": "B119AS300791", "AdminCode": "413", "Type": "2", "SubType": "224", "LinkID": "A219AS301220", "Ref_Lane": 3, "PostID": "C619AS300295", "Maker": "而⑥", "UpdateDate": "20190620", "Version": "2019", "Remark": "50", "HistType": null, "HistRemark": null }, "geometry": { "type": "Point", "coordinates": [ 127.260575927870349, 36.483095637955458, 59.526744567803746 ] } },
{ "type": "Feature", "properties": { "ID": "B119AS300790", "AdminCode": "413", "Type": "3", "SubType": "399", "LinkID": "A219AS301705", "Ref_Lane": 4, "PostID": "C619AS300296", "Maker": "而⑥", "UpdateDate": "20190620", "Version": "2019", "Remark": "嫄곕蹂댄듯援щ", "HistType": null, "HistRemark": null }, "geometry": { "type": "Point", "coordinates": [ 127.260388476409233, 36.483306692649613, 56.906104115823965 ] } },
{ "type": "Feature", "properties": { "ID": "B119AS300789", "AdminCode": "413", "Type": "2", "SubType": "218", "LinkID": "A219AS301689", "Ref_Lane": 5, "PostID": "C619AS300299", "Maker": "而⑥", "UpdateDate": "20190620", "Version": "2019", "Remark": "李⑥＜李④吏", "HistType": null, "HistRemark": null }, "geometry": { "type": "Point", "coordinates": [ 127.260229299539361, 36.483523392200446, 56.910911743247418 ] } },
{ "type": "Feature", "properties": { "ID": "B119AS300788", "AdminCode": "413", "Type": "3", "SubType": "399", "LinkID": "A219AS301702", "Ref_Lane": 5, "PostID": "C619AS300542", "Maker": "而⑥", "UpdateDate": "20190620", "Version": "2019", "Remark": "嫄고〓", "HistType": null, "HistRemark": null }, "geometry": { "type": "Point", "coordinates": [ 127.260009419829785, 36.483888681040057, 56.528631846578797 ] } },
{ "type": "Feature", "properties": { "ID": "B119AS300787", "AdminCode": "413", "Type": "2", "SubType": "218", "LinkID": "A219AS301713", "Ref_Lane": 3, "PostID": "C619AS300298", "Maker": "而⑥", "UpdateDate": "20190620", "Version": "2019", "Remark": "李⑥＜李④吏", "HistType": null, "HistRemark": null }, "geometry": { "type": "Point", "coordinates": [ 127.259925902326444, 36.483409388352392, 56.860871168880323 ] } },
{ "type": "Feature", "properties": { "ID": "B119AS300786", "AdminCode": "413", "Type": "4", "SubType": "499", "LinkID": "A219AS301713", "Ref_Lane": 3, "PostID": "C619AS300298", "Maker": "而⑥", "UpdateDate": "20190620", "Version": "2019", "Remark": "利⑥以", "HistType": null, "HistRemark": null }, "geometry": { "type": "Point", "coordinates": [ 127.259925850636407, 36.483409971885791, 56.452148509982187 ] } },
{ "type": "Feature", "properties": { "ID": "B119AS300785", "AdminCode": "413", "Type": "2", "SubType": "224", "LinkID": "A219AS301715", "Ref_Lane": 2, "PostID": "C619AS300297", "Maker": "而⑥", "UpdateDate": "20190620", "Version": "2019", "Remark": "50", "HistType": null, "HistRemark": null }, "geometry": { "type": "Point", "coordinates": [ 127.26012133946324, 36.483191269575983, 59.636691976899435 ] } },
{ "type": "Feature", "properties": { "ID": "B119AS300784", "AdminCode": "413", "Type": "2", "SubType": "228", "LinkID": "A219AS301715", "Ref_Lane": 2, "PostID": "C619AS300297", "Maker": "而⑥", "UpdateDate": "20190620", "Version": "2019", "Remark": "蹂", "HistType": null, "HistRemark": null }, "geometry": { "type": "Point", "coordinates": [ 127.260120744087175, 36.483191757892357, 56.891938079534114 ] } },
{ "type": "Feature", "properties": { "ID": "B119AS300783", "AdminCode": "413", "Type": "3", "SubType": "399", "LinkID": "A219AS301715", "Ref_Lane": 2, "PostID": "C619AS300543", "Maker": "而⑥", "UpdateDate": "20190620", "Version": "2019", "Remark": "嫄고〓", "HistType": null, "HistRemark": null }, "geometry": { "type": "Point", "coordinates": [ 127.260341792765317, 36.482884137499695, 56.619604970012475 ] } },
{ "type": "Feature", "properties": { "ID": "B119AS300782", "AdminCode": "413", "Type": "3", "SubType": "322", "LinkID": "A219AS301730", "Ref_Lane": 2, "PostID": "C619AS300504", "Maker": "而⑥", "UpdateDate": "20190620", "Version": "2019", "Remark": "〓⑤낫", "HistType": null, "HistRemark": null }, "geometry": { "type": "Point", "coordinates": [ 127.260508565683267, 36.482618146286441, 57.102444727666068 ] } },
{ "type": "Feature", "properties": { "ID": "B119AS300781", "AdminCode": "413", "Type": "3", "SubType": "399", "LinkID": "A219AS301730", "Ref_Lane": 2, "PostID": "C619AS300504", "Maker": "而⑥", "UpdateDate": "20190620", "Version": "2019", "Remark": "嫄고〓", "HistType": null, "HistRemark": null }, "geometry": { "type": "Point", "coordinates": [ 127.260507720254438, 36.482616619483991, 56.420806172372323 ] } },
{ "type": "Feature", "properties": { "ID": "B119AS300780", "AdminCode": "413", "Type": "3", "SubType": "399", "LinkID": "A219AS301730", "Ref_Lane": 2, "PostID": "C619AS300293", "Maker": "而⑥", "UpdateDate": "20190620", "Version": "2019", "Remark": "嫄고〓", "HistType": null, "HistRemark": null }, "geometry": { "type": "Point", "coordinates": [ 127.260668591508363, 36.482376232594717, 56.779389030744113 ] } },
{ "type": "Feature", "properties": { "ID": "B119AS300779", "AdminCode": "413", "Type": "2", "SubType": "224", "LinkID": "A219AS301730", "Ref_Lane": 2, "PostID": "C619AS300291", "Maker": "而⑥", "UpdateDate": "20190620", "Version": "2019", "Remark": "50", "HistType": null, "HistRemark": null }, "geometry": { "type": "Point", "coordinates": [ 127.260804840285957, 36.482241057258953, 59.28112894660228 ] } },
{ "type": "Feature", "properties": { "ID": "B119AS300778", "AdminCode": "413", "Type": "2", "SubType": "218", "LinkID": "A219AS301730", "Ref_Lane": 2, "PostID": "C619AS300289", "Maker": "而⑥", "UpdateDate": "20190620", "Version": "2019", "Remark": "李⑥＜李④吏", "HistType": null, "HistRemark": null }, "geometry": { "type": "Point", "coordinates": [ 127.261139932195789, 36.481776564241656, 56.035979082293892 ] } },
{ "type": "Feature", "properties": { "ID": "B119AS300777", "AdminCode": "413", "Type": "3", "SubType": "399", "LinkID": "A219AS301730", "Ref_Lane": 2, "PostID": "C619AS300290", "Maker": "而⑥", "UpdateDate": "20190620", "Version": "2019", "Remark": "嫄곕蹂댄듯援щ", "HistType": null, "HistRemark": null }, "geometry": { "type": "Point", "coordinates": [ 127.260969221126501, 36.482004136251014, 56.063758123956092 ] } },
{ "type": "Feature", "properties": { "ID": "B119AS300776", "AdminCode": "413", "Type": "3", "SubType": "314", "LinkID": "A219AS301723", "Ref_Lane": 1, "PostID": "C619AS300284", "Maker": "而⑥", "UpdateDate": "20190620", "Version": "2019", "Remark": "醫痢〓㈃듯", "HistType": null, "HistRemark": null }, "geometry": { "type": "Point", "coordinates": [ 127.261602757771556, 36.481325856671141, 55.418268294722282 ] } },
{ "type": "Feature", "properties": { "ID": "B119AS300775", "AdminCode": "413", "Type": "3", "SubType": "313", "LinkID": "A219AS301731", "Ref_Lane": 2, "PostID": "C619AS300285", "Maker": "而⑥", "UpdateDate": "20190620", "Version": "2019", "Remark": "곗륫硫댄듯", "HistType": null, "HistRemark": null }, "geometry": { "type": "Point", "coordinates": [ 127.261592829670676, 36.481321248538571, 55.359481965000469 ] } },
{ "type": "Feature", "properties": { "ID": "B119AS300774", "AdminCode": "413", "Type": "3", "SubType": "399", "LinkID": "A219AS302889", "Ref_Lane": 2, "PostID": "C619AS300545", "Maker": "而⑥", "UpdateDate": "20190620", "Version": "2019", "Remark": "嫄고〓", "HistType": null, "HistRemark": null }, "geometry": { "type": "Point", "coordinates": [ 127.259421689390848, 36.484084505344399, 56.966583043672955 ] } },
{ "type": "Feature", "properties": { "ID": "B119AS300773", "AdminCode": "413", "Type": "3", "SubType": "399", "LinkID": "A219AS301660", "Ref_Lane": 3, "PostID": "C619AS300546", "Maker": "而⑥", "UpdateDate": "20190620", "Version": "2019", "Remark": "嫄고〓", "HistType": null, "HistRemark": null }, "geometry": { "type": "Point", "coordinates": [ 127.259696645743958, 36.484319351726697, 56.937195629951887 ] } },
{ "type": "Feature", "properties": { "ID": "B119AS300772", "AdminCode": "413", "Type": "3", "SubType": "399", "LinkID": "A219AS302889", "Ref_Lane": 2, "PostID": "C619AS300548", "Maker": "而⑥", "UpdateDate": "20190620", "Version": "2019", "Remark": "嫄고〓", "HistType": null, "HistRemark": null }, "geometry": { "type": "Point", "coordinates": [ 127.259557001407103, 36.483787122469494, 56.5702406080526 ] } },
{ "type": "Feature", "properties": { "ID": "B119AS300771", "AdminCode": "413", "Type": "3", "SubType": "399", "LinkID": "A219AS302889", "Ref_Lane": 2, "PostID": "C619AS300548", "Maker": "而⑥", "UpdateDate": "20190620", "Version": "2019", "Remark": "嫄고〓", "HistType": null, "HistRemark": null }, "geometry": { "type": "Point", "coordinates": [ 127.259563122032418, 36.483784592317313, 56.578423298666237 ] } },
{ "type": "Feature", "properties": { "ID": "B119AS300770", "AdminCode": "413", "Type": "3", "SubType": "399", "LinkID": "A219AS301660", "Ref_Lane": 3, "PostID": "C619AS300300", "Maker": "而⑥", "UpdateDate": "20190620", "Version": "2019", "Remark": "嫄곕蹂댄듯援щ", "HistType": null, "HistRemark": null }, "geometry": { "type": "Point", "coordinates": [ 127.259570726216154, 36.484500383562491, 57.059140625 ] } },
{ "type": "Feature", "properties": { "ID": "B119AS300769", "AdminCode": "413", "Type": "2", "SubType": "228", "LinkID": "A219AS301661", "Ref_Lane": 3, "PostID": "C619AS300302", "Maker": "而⑥", "UpdateDate": "20190620", "Version": "2019", "Remark": "蹂", "HistType": null, "HistRemark": null }, "geometry": { "type": "Point", "coordinates": [ 127.259423402618026, 36.484701148461461, 57.111015383750328 ] } },
{ "type": "Feature", "properties": { "ID": "B119AS300768", "AdminCode": "413", "Type": "2", "SubType": "224", "LinkID": "A219AS301836", "Ref_Lane": 2, "PostID": "C619AS300303", "Maker": "而⑥", "UpdateDate": "20190620", "Version": "2019", "Remark": "50", "HistType": null, "HistRemark": null }, "geometry": { "type": "Point", "coordinates": [ 127.259239295670454, 36.484897305695149, 60.13819134892897 ] } },
{ "type": "Feature", "properties": { "ID": "B119AS300767", "AdminCode": "413", "Type": "2", "SubType": "218", "LinkID": "A219AS301836", "Ref_Lane": 2, "PostID": "C619AS300304", "Maker": "而⑥", "UpdateDate": "20190620", "Version": "2019", "Remark": "李⑥＜李④吏", "HistType": null, "HistRemark": null }, "geometry": { "type": "Point", "coordinates": [ 127.259089618694588, 36.485105932298623, 57.6956988504582 ] } },
{ "type": "Feature", "properties": { "ID": "B119AS300766", "AdminCode": "413", "Type": "3", "SubType": "399", "LinkID": "A219AS301651", "Ref_Lane": 2, "PostID": "C619AS300305", "Maker": "而⑥", "UpdateDate": "20190620", "Version": "2019", "Remark": "嫄고〓", "HistType": null, "HistRemark": null }, "geometry": { "type": "Point", "coordinates": [ 127.258936982925661, 36.485313827609858, 57.454189161172955 ] } },
{ "type": "Feature", "properties": { "ID": "B119AS300765", "AdminCode": "413", "Type": "3", "SubType": "399", "LinkID": "A219AS301651", "Ref_Lane": 2, "PostID": "C619AS300306", "Maker": "而⑥", "UpdateDate": "20190620", "Version": "2019", "Remark": "嫄곕蹂댄듯援щ", "HistType": null, "HistRemark": null }, "geometry": { "type": "Point", "coordinates": [ 127.258642220296565, 36.485736268405176, 57.65855972063855 ] } },
{ "type": "Feature", "properties": { "ID": "B119AS300764", "AdminCode": "413", "Type": "3", "SubType": "399", "LinkID": "A219AS301651", "Ref_Lane": 2, "PostID": "C619AS300310", "Maker": "而⑥", "UpdateDate": "20190620", "Version": "2019", "Remark": "嫄고〓", "HistType": null, "HistRemark": null }, "geometry": { "type": "Point", "coordinates": [ 127.258515795219353, 36.485923588778114, 58.109995369948614 ] } },
{ "type": "Feature", "properties": { "ID": "B119AS300763", "AdminCode": "413", "Type": "3", "SubType": "399", "LinkID": "A219AS301651", "Ref_Lane": 2, "PostID": "C619AS300310", "Maker": "而⑥", "UpdateDate": "20190620", "Version": "2019", "Remark": "嫄고〓", "HistType": null, "HistRemark": null }, "geometry": { "type": "Point", "coordinates": [ 127.258514660505512, 36.485923123485428, 58.77222 ] } },
{ "type": "Feature", "properties": { "ID": "B119AS300762", "AdminCode": "413", "Type": "3", "SubType": "399", "LinkID": "A219AS301651", "Ref_Lane": 2, "PostID": "C619AS300313", "Maker": "而⑥", "UpdateDate": "20190620", "Version": "2019", "Remark": "嫄고〓", "HistType": null, "HistRemark": null }, "geometry": { "type": "Point", "coordinates": [ 127.258366369765255, 36.486153063271125, 57.914797691688968 ] } },
{ "type": "Feature", "properties": { "ID": "B119AS300761", "AdminCode": "413", "Type": "2", "SubType": "224", "LinkID": "A219AS301651", "Ref_Lane": 2, "PostID": "C619AS300314", "Maker": "而⑥", "UpdateDate": "20190620", "Version": "2019", "Remark": "50", "HistType": null, "HistRemark": null }, "geometry": { "type": "Point", "coordinates": [ 127.258244973636437, 36.48632417714736, 61.05724 ] } },
{ "type": "Feature", "properties": { "ID": "B119AS300760", "AdminCode": "413", "Type": "3", "SubType": "399", "LinkID": "A219AS301651", "Ref_Lane": 2, "PostID": "C619AS300315", "Maker": "而⑥", "UpdateDate": "20190620", "Version": "2019", "Remark": "嫄곕蹂댄듯援щ", "HistType": null, "HistRemark": null }, "geometry": { "type": "Point", "coordinates": [ 127.258115453518116, 36.486543492718418, 58.04408386595307 ] } },
{ "type": "Feature", "properties": { "ID": "B119AS300759", "AdminCode": "413", "Type": "2", "SubType": "218", "LinkID": "A219AS301652", "Ref_Lane": 2, "PostID": "C619AS300319", "Maker": "而⑥", "UpdateDate": "20190620", "Version": "2019", "Remark": "李⑥＜李④吏", "HistType": null, "HistRemark": null }, "geometry": { "type": "Point", "coordinates": [ 127.258032036593249, 36.486742869215725, 58.456661721812367 ] } },
{ "type": "Feature", "properties": { "ID": "B119AS300758", "AdminCode": "413", "Type": "3", "SubType": "313", "LinkID": "A219AS301652", "Ref_Lane": 2, "PostID": "C619AS300318", "Maker": "而⑥", "UpdateDate": "20190620", "Version": "2019", "Remark": "곗륫硫댄듯", "HistType": null, "HistRemark": null }, "geometry": { "type": "Point", "coordinates": [ 127.257886490333689, 36.486732741518331, 57.556374288813252 ] } },
{ "type": "Feature", "properties": { "ID": "B119AS300757", "AdminCode": "413", "Type": "3", "SubType": "314", "LinkID": "A219AS301647", "Ref_Lane": 1, "PostID": "C619AS300317", "Maker": "而⑥", "UpdateDate": "20190620", "Version": "2019", "Remark": "醫痢〓㈃듯", "HistType": null, "HistRemark": null }, "geometry": { "type": "Point", "coordinates": [ 127.25786927029101, 36.48672701755401, 57.733996919966984 ] } },
{ "type": "Feature", "properties": { "ID": "B119AS300756", "AdminCode": "413", "Type": "3", "SubType": "399", "LinkID": "A219AS301652", "Ref_Lane": 2, "PostID": "C619AS300550", "Maker": "而⑥", "UpdateDate": "20190620", "Version": "2019", "Remark": "嫄고〓", "HistType": null, "HistRemark": null }, "geometry": { "type": "Point", "coordinates": [ 127.257760255153229, 36.487175263934823, 58.257428734675933 ] } },
{ "type": "Feature", "properties": { "ID": "B119AS300755", "AdminCode": "413", "Type": "3", "SubType": "399", "LinkID": "A219AS301640", "Ref_Lane": 2, "PostID": "C619AS300552", "Maker": "而⑥", "UpdateDate": "20190620", "Version": "2019", "Remark": "嫄고〓", "HistType": null, "HistRemark": null }, "geometry": { "type": "Point", "coordinates": [ 127.257585409846627, 36.487529285844069, 58.592418791081641 ] } },
{ "type": "Feature", "properties": { "ID": "B119AS300754", "AdminCode": "413", "Type": "3", "SubType": "312", "LinkID": "A219AS301640", "Ref_Lane": 2, "PostID": "C619AS300323", "Maker": "而⑥", "UpdateDate": "20190620", "Version": "2019", "Remark": "痢〓갑듯", "HistType": null, "HistRemark": null }, "geometry": { "type": "Point", "coordinates": [ 127.257158868596846, 36.488274034376801, 58.041328668670822 ] } },
{ "type": "Feature", "properties": { "ID": "B119AS300753", "AdminCode": "413", "Type": "2", "SubType": "218", "LinkID": "A219AS301639", "Ref_Lane": 2, "PostID": "C619AS300324", "Maker": "而⑥", "UpdateDate": "20190620", "Version": "2019", "Remark": "李⑥＜李④吏", "HistType": null, "HistRemark": null }, "geometry": { "type": "Point", "coordinates": [ 127.257190707776445, 36.488459151913517, 58.78300598650204 ] } },
{ "type": "Feature", "properties": { "ID": "B119AS300752", "AdminCode": "413", "Type": "3", "SubType": "399", "LinkID": "A219AS301639", "Ref_Lane": 2, "PostID": "C619AS300327", "Maker": "而⑥", "UpdateDate": "20190620", "Version": "2019", "Remark": "嫄곕蹂댄듯援щ", "HistType": null, "HistRemark": null }, "geometry": { "type": "Point", "coordinates": [ 127.257117419491323, 36.488678462133088, 58.789574881030227 ] } },
{ "type": "Feature", "properties": { "ID": "B119AS300751", "AdminCode": "413", "Type": "3", "SubType": "399", "LinkID": "A219AS301639", "Ref_Lane": 2, "PostID": "C619AS300330", "Maker": "而⑥", "UpdateDate": "20190620", "Version": "2019", "Remark": "嫄고〓", "HistType": null, "HistRemark": null }, "geometry": { "type": "Point", "coordinates": [ 127.256997304324941, 36.489067824864904, 59.949404631689134 ] } },
{ "type": "Feature", "properties": { "ID": "B119AS300750", "AdminCode": "413", "Type": "3", "SubType": "399", "LinkID": "A219AS301639", "Ref_Lane": 2, "PostID": "C619AS300330", "Maker": "而⑥", "UpdateDate": "20190620", "Version": "2019", "Remark": "嫄고〓", "HistType": null, "HistRemark": null }, "geometry": { "type": "Point", "coordinates": [ 127.25699727613592, 36.489067466292987, 59.22665 ] } },
{ "type": "Feature", "properties": { "ID": "B119AS300749", "AdminCode": "413", "Type": "3", "SubType": "399", "LinkID": "A219AS301639", "Ref_Lane": 2, "PostID": "C619AS300331", "Maker": "而⑥", "UpdateDate": "20190620", "Version": "2019", "Remark": "嫄고〓", "HistType": null, "HistRemark": null }, "geometry": { "type": "Point", "coordinates": [ 127.256926604621896, 36.48933427977218, 59.088672532478121 ] } },
{ "type": "Feature", "properties": { "ID": "B119AS300748", "AdminCode": "413", "Type": "2", "SubType": "224", "LinkID": "A219AS301639", "Ref_Lane": 2, "PostID": "C619AS300333", "Maker": "而⑥", "UpdateDate": "20190620", "Version": "2019", "Remark": "50", "HistType": null, "HistRemark": null }, "geometry": { "type": "Point", "coordinates": [ 127.256874543422484, 36.489461978596758, 62.20288410350846 ] } },
{ "type": "Feature", "properties": { "ID": "B119AS300747", "AdminCode": "413", "Type": "3", "SubType": "399", "LinkID": "A219AS301639", "Ref_Lane": 2, "PostID": "C619AS300553", "Maker": "而⑥", "UpdateDate": "20190620", "Version": "2019", "Remark": "嫄고〓", "HistType": null, "HistRemark": null }, "geometry": { "type": "Point", "coordinates": [ 127.256848491343973, 36.489584254261715, 59.264380585978721 ] } },
{ "type": "Feature", "properties": { "ID": "B119AS300746", "AdminCode": "413", "Type": "2", "SubType": "218", "LinkID": "A219AS301609", "Ref_Lane": 4, "PostID": "C619AS300334", "Maker": "而⑥", "UpdateDate": "20190620", "Version": "2019", "Remark": "李⑥＜李④吏", "HistType": null, "HistRemark": null }, "geometry": { "type": "Point", "coordinates": [ 127.256764991278345, 36.48993209859956, 59.374953066493042 ] } },
{ "type": "Feature", "properties": { "ID": "B119AS300745", "AdminCode": "413", "Type": "3", "SubType": "399", "LinkID": "A219AS301605", "Ref_Lane": 5, "PostID": "C619AS300336", "Maker": "而⑥", "UpdateDate": "20190620", "Version": "2019", "Remark": "嫄곕蹂댄듯援щ", "HistType": null, "HistRemark": null }, "geometry": { "type": "Point", "coordinates": [ 127.256678029840103, 36.490418075386344, 59.097336955196056 ] } },
{ "type": "Feature", "properties": { "ID": "B119AS300744", "AdminCode": "413", "Type": "3", "SubType": "311", "LinkID": "A219AS302912", "Ref_Lane": 2, "PostID": "C619AS300556", "Maker": "而⑥", "UpdateDate": "20190620", "Version": "2019", "Remark": "", "HistType": null, "HistRemark": null }, "geometry": { "type": "Point", "coordinates": [ 127.256169076724888, 36.491013577527347, 61.862856941019999 ] } },
{ "type": "Feature", "properties": { "ID": "B119AS300743", "AdminCode": "413", "Type": "4", "SubType": "499", "LinkID": "A219AS302912", "Ref_Lane": 2, "PostID": "C619AS300556", "Maker": "而⑥", "UpdateDate": "20190620", "Version": "2019", "Remark": "醫", "HistType": null, "HistRemark": null }, "geometry": { "type": "Point", "coordinates": [ 127.256169442120296, 36.491013482537689, 61.190779600862442 ] } },
{ "type": "Feature", "properties": { "ID": "B119AS300742", "AdminCode": "413", "Type": "3", "SubType": "399", "LinkID": "A219AS302912", "Ref_Lane": 2, "PostID": "C619AS300556", "Maker": "而⑥", "UpdateDate": "20190620", "Version": "2019", "Remark": "嫄고〓", "HistType": null, "HistRemark": null }, "geometry": { "type": "Point", "coordinates": [ 127.256187057628935, 36.490949138971445, 58.819620016748104 ] } },
{ "type": "Feature", "properties": { "ID": "B119AS300741", "AdminCode": "413", "Type": "3", "SubType": "399", "LinkID": "A219AS302912", "Ref_Lane": 2, "PostID": "C619AS300556", "Maker": "而⑥", "UpdateDate": "20190620", "Version": "2019", "Remark": "嫄고〓", "HistType": null, "HistRemark": null }, "geometry": { "type": "Point", "coordinates": [ 127.256191967061369, 36.490944163376469, 58.87873 ] } },
{ "type": "Feature", "properties": { "ID": "B119AS300740", "AdminCode": "413", "Type": "3", "SubType": "399", "LinkID": "A219AS301634", "Ref_Lane": 3, "PostID": "C619AS300338", "Maker": "而⑥", "UpdateDate": "20190620", "Version": "2019", "Remark": "嫄곕蹂댄듯援щ", "HistType": null, "HistRemark": null }, "geometry": { "type": "Point", "coordinates": [ 127.256297770917897, 36.490625546918039, 58.983240458629922 ] } },
{ "type": "Feature", "properties": { "ID": "B119AS300739", "AdminCode": "413", "Type": "2", "SubType": "228", "LinkID": "A219AS301633", "Ref_Lane": 3, "PostID": "C619AS300337", "Maker": "而⑥", "UpdateDate": "20190620", "Version": "2019", "Remark": "蹂", "HistType": null, "HistRemark": null }, "geometry": { "type": "Point", "coordinates": [ 127.256334486174936, 36.490414462249689, 58.911403659260273 ] } },
{ "type": "Feature", "properties": { "ID": "B119AS300738", "AdminCode": "413", "Type": "2", "SubType": "224", "LinkID": "A219AS301632", "Ref_Lane": 2, "PostID": "C619AS300505", "Maker": "而⑥", "UpdateDate": "20190620", "Version": "2019", "Remark": "50", "HistType": null, "HistRemark": null }, "geometry": { "type": "Point", "coordinates": [ 127.256415126929113, 36.490152767560424, 62.211107715819267 ] } },
{ "type": "Feature", "properties": { "ID": "B119AS300737", "AdminCode": "413", "Type": "2", "SubType": "218", "LinkID": "A219AS301632", "Ref_Lane": 2, "PostID": "C619AS300335", "Maker": "而⑥", "UpdateDate": "20190620", "Version": "2019", "Remark": "李⑥＜李④吏", "HistType": null, "HistRemark": null }, "geometry": { "type": "Point", "coordinates": [ 127.256461166379239, 36.489920335755457, 59.420483498335571 ] } },
{ "type": "Feature", "properties": { "ID": "B119AS300736", "AdminCode": "413", "Type": "3", "SubType": "399", "LinkID": "A219AS301632", "Ref_Lane": 2, "PostID": "C619AS300557", "Maker": "而⑥", "UpdateDate": "20190620", "Version": "2019", "Remark": "嫄고〓", "HistType": null, "HistRemark": null }, "geometry": { "type": "Point", "coordinates": [ 127.256525925577293, 36.489616607211879, 59.28661 ] } },
{ "type": "Feature", "properties": { "ID": "B119AS300735", "AdminCode": "413", "Type": "3", "SubType": "399", "LinkID": "A219AS301643", "Ref_Lane": 2, "PostID": "C619AS300332", "Maker": "而⑥", "UpdateDate": "20190620", "Version": "2019", "Remark": "嫄고〓", "HistType": null, "HistRemark": null }, "geometry": { "type": "Point", "coordinates": [ 127.256599641249608, 36.489296488625811, 59.925319723376155 ] } },
{ "type": "Feature", "properties": { "ID": "B119AS300734", "AdminCode": "413", "Type": "3", "SubType": "399", "LinkID": "A219AS301643", "Ref_Lane": 2, "PostID": "C619AS300332", "Maker": "而⑥", "UpdateDate": "20190620", "Version": "2019", "Remark": "嫄고〓", "HistType": null, "HistRemark": null }, "geometry": { "type": "Point", "coordinates": [ 127.256599774310018, 36.489296424065948, 59.247921893724232 ] } },
{ "type": "Feature", "properties": { "ID": "B119AS300733", "AdminCode": "413", "Type": "3", "SubType": "399", "LinkID": "A219AS301643", "Ref_Lane": 2, "PostID": "C619AS300329", "Maker": "而⑥", "UpdateDate": "20190620", "Version": "2019", "Remark": "嫄고〓", "HistType": null, "HistRemark": null }, "geometry": { "type": "Point", "coordinates": [ 127.256675937762452, 36.489012847051178, 59.115368413554449 ] } },
{ "type": "Feature", "properties": { "ID": "B119AS300732", "AdminCode": "413", "Type": "2", "SubType": "224", "LinkID": "A219AS301643", "Ref_Lane": 2, "PostID": "C619AS300328", "Maker": "而⑥", "UpdateDate": "20190620", "Version": "2019", "Remark": "50", "HistType": null, "HistRemark": null }, "geometry": { "type": "Point", "coordinates": [ 127.256746590124806, 36.488841423884459, 61.931323667289128 ] } },
{ "type": "Feature", "properties": { "ID": "B119AS300731", "AdminCode": "413", "Type": "3", "SubType": "399", "LinkID": "A219AS301643", "Ref_Lane": 2, "PostID": "C619AS300326", "Maker": "而⑥", "UpdateDate": "20190620", "Version": "2019", "Remark": "嫄곕蹂댄듯援щ", "HistType": null, "HistRemark": null }, "geometry": { "type": "Point", "coordinates": [ 127.256816209634408, 36.488622705254123, 59.062180122030497 ] } },
{ "type": "Feature", "properties": { "ID": "B119AS300730", "AdminCode": "413", "Type": "2", "SubType": "218", "LinkID": "A219AS301643", "Ref_Lane": 2, "PostID": "C619AS300325", "Maker": "而⑥", "UpdateDate": "20190620", "Version": "2019", "Remark": "李⑥＜李④吏", "HistType": null, "HistRemark": null }, "geometry": { "type": "Point", "coordinates": [ 127.256896950688414, 36.488403930027602, 58.809152143197494 ] } },
{ "type": "Feature", "properties": { "ID": "B119AS300729", "AdminCode": "413", "Type": "3", "SubType": "313", "LinkID": "A219AS301644", "Ref_Lane": 2, "PostID": "C619AS300322", "Maker": "而⑥", "UpdateDate": "20190620", "Version": "2019", "Remark": "곗륫硫댄듯", "HistType": null, "HistRemark": null }, "geometry": { "type": "Point", "coordinates": [ 127.257210243516781, 36.487884184069735, 58.169793282806751 ] } },
{ "type": "Feature", "properties": { "ID": "B119AS300728", "AdminCode": "413", "Type": "3", "SubType": "314", "LinkID": "A219AS301646", "Ref_Lane": 1, "PostID": "C619AS300321", "Maker": "而⑥", "UpdateDate": "20190620", "Version": "2019", "Remark": "醫痢〓㈃듯", "HistType": null, "HistRemark": null }, "geometry": { "type": "Point", "coordinates": [ 127.257226653983153, 36.487889415807039, 58.223841983782933 ] } },
{ "type": "Feature", "properties": { "ID": "B119AS300727", "AdminCode": "413", "Type": "3", "SubType": "399", "LinkID": "A219AS301644", "Ref_Lane": 2, "PostID": "C619AS300558", "Maker": "而⑥", "UpdateDate": "20190620", "Version": "2019", "Remark": "嫄고〓", "HistType": null, "HistRemark": null }, "geometry": { "type": "Point", "coordinates": [ 127.257294312828535, 36.487436261754752, 58.424237407629661 ] } },
{ "type": "Feature", "properties": { "ID": "B119AS300726", "AdminCode": "413", "Type": "3", "SubType": "399", "LinkID": "A219AS301654", "Ref_Lane": 2, "PostID": "C619AS300560", "Maker": "而⑥", "UpdateDate": "20190620", "Version": "2019", "Remark": "嫄고〓", "HistType": null, "HistRemark": null }, "geometry": { "type": "Point", "coordinates": [ 127.257475767026861, 36.487074135919762, 58.33414 ] } },
{ "type": "Feature", "properties": { "ID": "B119AS300725", "AdminCode": "413", "Type": "3", "SubType": "399", "LinkID": "A219AS301654", "Ref_Lane": 2, "PostID": "C619AS300320", "Maker": "而⑥", "UpdateDate": "20190620", "Version": "2019", "Remark": "嫄곕蹂댄듯援щ", "HistType": null, "HistRemark": null }, "geometry": { "type": "Point", "coordinates": [ 127.257579112493033, 36.486816389775825, 57.777017543859635 ] } },
{ "type": "Feature", "properties": { "ID": "B119AS300724", "AdminCode": "413", "Type": "2", "SubType": "218", "LinkID": "A219AS301654", "Ref_Lane": 2, "PostID": "C619AS300316", "Maker": "而⑥", "UpdateDate": "20190620", "Version": "2019", "Remark": "李⑥＜李④吏", "HistType": null, "HistRemark": null }, "geometry": { "type": "Point", "coordinates": [ 127.257688981072434, 36.48662301511451, 58.407570898914003 ] } },
{ "type": "Feature", "properties": { "ID": "B119AS300723", "AdminCode": "413", "Type": "3", "SubType": "399", "LinkID": "A219AS301834", "Ref_Lane": 2, "PostID": "C619AS300312", "Maker": "而⑥", "UpdateDate": "20190620", "Version": "2019", "Remark": "嫄고〓", "HistType": null, "HistRemark": null }, "geometry": { "type": "Point", "coordinates": [ 127.258052643167161, 36.486074041824303, 58.01233161664782 ] } },
{ "type": "Feature", "properties": { "ID": "B119AS300722", "AdminCode": "413", "Type": "3", "SubType": "399", "LinkID": "A219AS301834", "Ref_Lane": 2, "PostID": "C619AS300312", "Maker": "而⑥", "UpdateDate": "20190620", "Version": "2019", "Remark": "嫄고〓", "HistType": null, "HistRemark": null }, "geometry": { "type": "Point", "coordinates": [ 127.258054861139243, 36.486068517512884, 57.980315792133155 ] } },
{ "type": "Feature", "properties": { "ID": "B119AS300721", "AdminCode": "413", "Type": "3", "SubType": "399", "LinkID": "A219AS301834", "Ref_Lane": 2, "PostID": "C619AS300311", "Maker": "而⑥", "UpdateDate": "20190620", "Version": "2019", "Remark": "嫄고〓", "HistType": null, "HistRemark": null }, "geometry": { "type": "Point", "coordinates": [ 127.258208560693987, 36.485821060534782, 57.891802912782161 ] } },
{ "type": "Feature", "properties": { "ID": "B119AS300720", "AdminCode": "413", "Type": "2", "SubType": "224", "LinkID": "A219AS301834", "Ref_Lane": 2, "PostID": "C619AS300307", "Maker": "而⑥", "UpdateDate": "20190620", "Version": "2019", "Remark": "50", "HistType": null, "HistRemark": null }, "geometry": { "type": "Point", "coordinates": [ 127.25837602810391, 36.485617479992193, 60.720259487476156 ] } },
{ "type": "Feature", "properties": { "ID": "B119AS300719", "AdminCode": "413", "Type": "3", "SubType": "399", "LinkID": "A219AS301834", "Ref_Lane": 2, "PostID": "C619AS300309", "Maker": "而⑥", "UpdateDate": "20190620", "Version": "2019", "Remark": "嫄곕蹂댄듯援щ", "HistType": null, "HistRemark": null }, "geometry": { "type": "Point", "coordinates": [ 127.258523530149901, 36.485402609306078, 57.553063932266426 ] } },
{ "type": "Feature", "properties": { "ID": "B119AS300718", "AdminCode": "413", "Type": "3", "SubType": "399", "LinkID": "A219AS301834", "Ref_Lane": 2, "PostID": "C619AS300561", "Maker": "而⑥", "UpdateDate": "20190620", "Version": "2019", "Remark": "嫄고〓", "HistType": null, "HistRemark": null }, "geometry": { "type": "Point", "coordinates": [ 127.258689231305027, 36.485176496832075, 57.60854 ] } },
{ "type": "Feature", "properties": { "ID": "B119AS300717", "AdminCode": "413", "Type": "2", "SubType": "218", "LinkID": "A219AS301684", "Ref_Lane": 3, "PostID": "C619AS300308", "Maker": "而⑥", "UpdateDate": "20190620", "Version": "2019", "Remark": "李⑥＜李④吏", "HistType": null, "HistRemark": null }, "geometry": { "type": "Point", "coordinates": [ 127.258820613562875, 36.484996610010789, 57.505194857569677 ] } },
{ "type": "Feature", "properties": { "ID": "B119AS300716", "AdminCode": "413", "Type": "3", "SubType": "399", "LinkID": "A219AS301678", "Ref_Lane": 4, "PostID": "C619AS300301", "Maker": "而⑥", "UpdateDate": "20190620", "Version": "2019", "Remark": "嫄곕蹂댄듯援щ", "HistType": null, "HistRemark": null }, "geometry": { "type": "Point", "coordinates": [ 127.259129468853487, 36.484562157712496, 57.097481662766896 ] } },
{ "type": "Feature", "properties": { "ID": "B119AS300715", "AdminCode": "413", "Type": "3", "SubType": "399", "LinkID": "A219AS302912", "Ref_Lane": 2, "PostID": "C619AS300563", "Maker": "而⑥", "UpdateDate": "20190620", "Version": "2019", "Remark": "嫄고〓", "HistType": null, "HistRemark": null }, "geometry": { "type": "Point", "coordinates": [ 127.256193859642011, 36.491241459776234, 58.783892501747133 ] } },
{ "type": "Feature", "properties": { "ID": "B119AS300714", "AdminCode": "413", "Type": "3", "SubType": "399", "LinkID": "A219AS302912", "Ref_Lane": 2, "PostID": "C619AS300563", "Maker": "而⑥", "UpdateDate": "20190620", "Version": "2019", "Remark": "嫄고〓", "HistType": null, "HistRemark": null }, "geometry": { "type": "Point", "coordinates": [ 127.256199093722756, 36.491246883110961, 58.80348 ] } },
{ "type": "Feature", "properties": { "ID": "B119AS300713", "AdminCode": "413", "Type": "3", "SubType": "399", "LinkID": "A219AS302910", "Ref_Lane": 2, "PostID": "C619AS300564", "Maker": "而⑥", "UpdateDate": "20190620", "Version": "2019", "Remark": "嫄고〓", "HistType": null, "HistRemark": null }, "geometry": { "type": "Point", "coordinates": [ 127.25666287135715, 36.49130040905758, 58.938496757228933 ] } },
{ "type": "Feature", "properties": { "ID": "B119AS300712", "AdminCode": "413", "Type": "3", "SubType": "399", "LinkID": "A219AS302910", "Ref_Lane": 2, "PostID": "C619AS300564", "Maker": "而⑥", "UpdateDate": "20190620", "Version": "2019", "Remark": "嫄고〓", "HistType": null, "HistRemark": null }, "geometry": { "type": "Point", "coordinates": [ 127.256669539805344, 36.491295901055786, 58.890767768453955 ] } },
{ "type": "Feature", "properties": { "ID": "B119AS300711", "AdminCode": "413", "Type": "3", "SubType": "399", "LinkID": "A219AS302910", "Ref_Lane": 2, "PostID": "C619AS300565", "Maker": "而⑥", "UpdateDate": "20190620", "Version": "2019", "Remark": "嫄고〓", "HistType": null, "HistRemark": null }, "geometry": { "type": "Point", "coordinates": [ 127.256689757240011, 36.491062959384323, 58.865994152769218 ] } },
{ "type": "Feature", "properties": { "ID": "B119AS300710", "AdminCode": "413", "Type": "3", "SubType": "399", "LinkID": "A219AS302910", "Ref_Lane": 2, "PostID": "C619AS300565", "Maker": "而⑥", "UpdateDate": "20190620", "Version": "2019", "Remark": "嫄고〓", "HistType": null, "HistRemark": null }, "geometry": { "type": "Point", "coordinates": [ 127.256683637448532, 36.491057836118571, 58.880022257522185 ] } },
{ "type": "Feature", "properties": { "ID": "B119AS300709", "AdminCode": "413", "Type": "3", "SubType": "399", "LinkID": "A219AS301584", "Ref_Lane": 3, "PostID": "C619AS300339", "Maker": "而⑥", "UpdateDate": "20190620", "Version": "2019", "Remark": "嫄곕蹂댄듯援щ", "HistType": null, "HistRemark": null }, "geometry": { "type": "Point", "coordinates": [ 127.256585167471826, 36.491566563223131, 58.667135167447391 ] } },
{ "type": "Feature", "properties": { "ID": "B119AS300708", "AdminCode": "413", "Type": "2", "SubType": "228", "LinkID": "A219AS301585", "Ref_Lane": 3, "PostID": "C619AS300340", "Maker": "而⑥", "UpdateDate": "20190620", "Version": "2019", "Remark": "蹂", "HistType": null, "HistRemark": null }, "geometry": { "type": "Point", "coordinates": [ 127.256561272164078, 36.491778944945892, 58.444435089339393 ] } },
{ "type": "Feature", "properties": { "ID": "B119AS300707", "AdminCode": "413", "Type": "2", "SubType": "224", "LinkID": "A219AS301567", "Ref_Lane": 2, "PostID": "C619AS300342", "Maker": "而⑥", "UpdateDate": "20190620", "Version": "2019", "Remark": "50", "HistType": null, "HistRemark": null }, "geometry": { "type": "Point", "coordinates": [ 127.256503461161969, 36.492049610964798, 61.531330188511291 ] } },
{ "type": "Feature", "properties": { "ID": "B119AS300706", "AdminCode": "413", "Type": "2", "SubType": "218", "LinkID": "A219AS301567", "Ref_Lane": 2, "PostID": "C619AS300506", "Maker": "而⑥", "UpdateDate": "20190620", "Version": "2019", "Remark": "李⑥＜李④吏", "HistType": null, "HistRemark": null }, "geometry": { "type": "Point", "coordinates": [ 127.256464095513721, 36.492700221967397, 58.093231063938077 ] } },
{ "type": "Feature", "properties": { "ID": "B119AS300705", "AdminCode": "413", "Type": "3", "SubType": "399", "LinkID": "A219AS301567", "Ref_Lane": 2, "PostID": "C619AS300507", "Maker": "而⑥", "UpdateDate": "20190620", "Version": "2019", "Remark": "嫄고〓", "HistType": null, "HistRemark": null }, "geometry": { "type": "Point", "coordinates": [ 127.256468174188797, 36.492963844526365, 58.965435522972271 ] } },
{ "type": "Feature", "properties": { "ID": "B119AS300704", "AdminCode": "413", "Type": "3", "SubType": "399", "LinkID": "A219AS301567", "Ref_Lane": 2, "PostID": "C619AS300507", "Maker": "而⑥", "UpdateDate": "20190620", "Version": "2019", "Remark": "嫄고〓", "HistType": null, "HistRemark": null }, "geometry": { "type": "Point", "coordinates": [ 127.256469235506088, 36.492965138443587, 58.230565422645867 ] } },
{ "type": "Feature", "properties": { "ID": "B119AS300703", "AdminCode": "413", "Type": "3", "SubType": "399", "LinkID": "A219AS301567", "Ref_Lane": 1, "PostID": "C619AS300508", "Maker": "而⑥", "UpdateDate": "20190620", "Version": "2019", "Remark": "嫄고〓", "HistType": null, "HistRemark": null }, "geometry": { "type": "Point", "coordinates": [ 127.256477273630438, 36.493230627081992, 58.19453858010651 ] } },
{ "type": "Feature", "properties": { "ID": "B119AS300702", "AdminCode": "413", "Type": "3", "SubType": "399", "LinkID": "A219AS301568", "Ref_Lane": 1, "PostID": "C619AS300566", "Maker": "而⑥", "UpdateDate": "20190620", "Version": "2019", "Remark": "嫄고〓", "HistType": null, "HistRemark": null }, "geometry": { "type": "Point", "coordinates": [ 127.256556779623025, 36.494121311110632, 57.821965887158797 ] } },
{ "type": "Feature", "properties": { "ID": "B119AS300701", "AdminCode": "413", "Type": "4", "SubType": "499", "LinkID": "A219AS301796", "Ref_Lane": 1, "PostID": "C619AS300567", "Maker": "而⑥", "UpdateDate": "20190620", "Version": "2019", "Remark": "湲踰ㅼ", "HistType": null, "HistRemark": null }, "geometry": { "type": "Point", "coordinates": [ 127.256421828103058, 36.494231766808511, 60.719078556977621 ] } },
{ "type": "Feature", "properties": { "ID": "B119AS300700", "AdminCode": "413", "Type": "3", "SubType": "399", "LinkID": "A219AS301568", "Ref_Lane": 2, "PostID": "C619AS300568", "Maker": "而⑥", "UpdateDate": "20190620", "Version": "2019", "Remark": "嫄고〓", "HistType": null, "HistRemark": null }, "geometry": { "type": "Point", "coordinates": [ 127.256599701556794, 36.494427292763831, 57.522940320671665 ] } },
{ "type": "Feature", "properties": { "ID": "B119AS300699", "AdminCode": "413", "Type": "2", "SubType": "226", "LinkID": "A219AS301542", "Ref_Lane": 3, "PostID": "C619AS300349", "Maker": "而⑥", "UpdateDate": "20190620", "Version": "2019", "Remark": "泥泥", "HistType": null, "HistRemark": null }, "geometry": { "type": "Point", "coordinates": [ 127.256769373033592, 36.495113622386874, 58.048670355781184 ] } },
{ "type": "Feature", "properties": { "ID": "B119AS300698", "AdminCode": "413", "Type": "2", "SubType": "226", "LinkID": "A219AS301542", "Ref_Lane": 3, "PostID": "C619AS300350", "Maker": "而⑥", "UpdateDate": "20190620", "Version": "2019", "Remark": "泥泥", "HistType": null, "HistRemark": null }, "geometry": { "type": "Point", "coordinates": [ 127.256842888012685, 36.49531586277142, 57.476772606513038 ] } },
{ "type": "Feature", "properties": { "ID": "B119AS300697", "AdminCode": "413", "Type": "2", "SubType": "218", "LinkID": "A219AS301542", "Ref_Lane": 3, "PostID": "C619AS300352", "Maker": "而⑥", "UpdateDate": "20190620", "Version": "2019", "Remark": "李⑥＜李④吏", "HistType": null, "HistRemark": null }, "geometry": { "type": "Point", "coordinates": [ 127.25686394538981, 36.495386669899666, 57.262093272043131 ] } },
{ "type": "Feature", "properties": { "ID": "B119AS300696", "AdminCode": "413", "Type": "3", "SubType": "399", "LinkID": "A219AS301542", "Ref_Lane": 3, "PostID": "C619AS300353", "Maker": "而⑥", "UpdateDate": "20190620", "Version": "2019", "Remark": "嫄고〓", "HistType": null, "HistRemark": null }, "geometry": { "type": "Point", "coordinates": [ 127.257002460513434, 36.495791098294646, 57.968434408660229 ] } },
{ "type": "Feature", "properties": { "ID": "B119AS300695", "AdminCode": "413", "Type": "3", "SubType": "322", "LinkID": "A219AS301542", "Ref_Lane": 3, "PostID": "C619AS300353", "Maker": "而⑥", "UpdateDate": "20190620", "Version": "2019", "Remark": "〓⑤낫", "HistType": null, "HistRemark": null }, "geometry": { "type": "Point", "coordinates": [ 127.257001142369518, 36.495791618397433, 57.295090922442583 ] } },
{ "type": "Feature", "properties": { "ID": "B119AS300694", "AdminCode": "413", "Type": "3", "SubType": "399", "LinkID": "A219AS301542", "Ref_Lane": 3, "PostID": "C619AS300353", "Maker": "而⑥", "UpdateDate": "20190620", "Version": "2019", "Remark": "嫄곕蹂댄듯援щ", "HistType": null, "HistRemark": null }, "geometry": { "type": "Point", "coordinates": [ 127.257005831804136, 36.495798901151716, 57.662085370313285 ] } },
{ "type": "Feature", "properties": { "ID": "B119AS300693", "AdminCode": "413", "Type": "2", "SubType": "228", "LinkID": "A219AS301542", "Ref_Lane": 3, "PostID": "C619AS300355", "Maker": "而⑥", "UpdateDate": "20190620", "Version": "2019", "Remark": "蹂", "HistType": null, "HistRemark": null }, "geometry": { "type": "Point", "coordinates": [ 127.257082224753148, 36.496032616050904, 57.674794902878553 ] } },
{ "type": "Feature", "properties": { "ID": "B119AS300692", "AdminCode": "413", "Type": "2", "SubType": "226", "LinkID": "A219AS301542", "Ref_Lane": 3, "PostID": "C619AS300356", "Maker": "而⑥", "UpdateDate": "20190620", "Version": "2019", "Remark": "泥泥", "HistType": null, "HistRemark": null }, "geometry": { "type": "Point", "coordinates": [ 127.257108849054887, 36.496103346655929, 57.187849180860816 ] } },
{ "type": "Feature", "properties": { "ID": "B119AS300691", "AdminCode": "413", "Type": "3", "SubType": "399", "LinkID": "A219AS301542", "Ref_Lane": 3, "PostID": "C619AS300357", "Maker": "而⑥", "UpdateDate": "20190620", "Version": "2019", "Remark": "嫄고〓", "HistType": null, "HistRemark": null }, "geometry": { "type": "Point", "coordinates": [ 127.257131040102266, 36.496137305316076, 57.997281859218489 ] } },
{ "type": "Feature", "properties": { "ID": "B119AS300690", "AdminCode": "413", "Type": "3", "SubType": "322", "LinkID": "A219AS301542", "Ref_Lane": 3, "PostID": "C619AS300357", "Maker": "而⑥", "UpdateDate": "20190620", "Version": "2019", "Remark": "〓⑤낫", "HistType": null, "HistRemark": null }, "geometry": { "type": "Point", "coordinates": [ 127.257131001177029, 36.49613655861409, 57.234223134207085 ] } },
{ "type": "Feature", "properties": { "ID": "B119AS300689", "AdminCode": "413", "Type": "3", "SubType": "322", "LinkID": "A219AS301542", "Ref_Lane": 3, "PostID": "C619AS300360", "Maker": "而⑥", "UpdateDate": "20190620", "Version": "2019", "Remark": "〓⑤낫", "HistType": null, "HistRemark": null }, "geometry": { "type": "Point", "coordinates": [ 127.25723154917047, 36.496378007771597, 57.161129387830051 ] } },
{ "type": "Feature", "properties": { "ID": "B119AS300688", "AdminCode": "413", "Type": "2", "SubType": "218", "LinkID": "A219AS301540", "Ref_Lane": 2, "PostID": "C619AS300361", "Maker": "而⑥", "UpdateDate": "20190620", "Version": "2019", "Remark": "李⑥＜李④吏", "HistType": null, "HistRemark": null }, "geometry": { "type": "Point", "coordinates": [ 127.257493957262568, 36.497022925783355, 57.238553960780663 ] } },
{ "type": "Feature", "properties": { "ID": "B119AS300687", "AdminCode": "413", "Type": "3", "SubType": "399", "LinkID": "A219AS301530", "Ref_Lane": 4, "PostID": "C619AS300365", "Maker": "而⑥", "UpdateDate": "20190620", "Version": "2019", "Remark": "嫄곕蹂댄듯援щ", "HistType": null, "HistRemark": null }, "geometry": { "type": "Point", "coordinates": [ 127.257938992353147, 36.497748933558633, 57.91673 ] } },
{ "type": "Feature", "properties": { "ID": "B119AS300686", "AdminCode": "413", "Type": "3", "SubType": "311", "LinkID": "A219AS301757", "Ref_Lane": 1, "PostID": "C619AS300863", "Maker": "而⑥", "UpdateDate": "20190620", "Version": "2019", "Remark": "", "HistType": null, "HistRemark": null }, "geometry": { "type": "Point", "coordinates": [ 127.257886742233183, 36.497929975459883, 57.693774629411195 ] } },
{ "type": "Feature", "properties": { "ID": "B119AS300685", "AdminCode": "413", "Type": "4", "SubType": "499", "LinkID": "A219AS301757", "Ref_Lane": 1, "PostID": "C619AS300863", "Maker": "而⑥", "UpdateDate": "20190620", "Version": "2019", "Remark": "醫", "HistType": null, "HistRemark": null }, "geometry": { "type": "Point", "coordinates": [ 127.257886642984076, 36.497930014380209, 57.355490874163884 ] } },
{ "type": "Feature", "properties": { "ID": "B119AS300684", "AdminCode": "413", "Type": "3", "SubType": "399", "LinkID": "A219AS301529", "Ref_Lane": 4, "PostID": "C619AS300569", "Maker": "而⑥", "UpdateDate": "20190620", "Version": "2019", "Remark": "嫄고〓", "HistType": null, "HistRemark": null }, "geometry": { "type": "Point", "coordinates": [ 127.258107601355277, 36.497979945022138, 59.223200179257354 ] } },
{ "type": "Feature", "properties": { "ID": "B119AS300683", "AdminCode": "413", "Type": "3", "SubType": "399", "LinkID": "A219AS301514", "Ref_Lane": 3, "PostID": "C619AS300571", "Maker": "而⑥", "UpdateDate": "20190620", "Version": "2019", "Remark": "嫄고〓", "HistType": null, "HistRemark": null }, "geometry": { "type": "Point", "coordinates": [ 127.257815663028055, 36.498184187660975, 57.569252637311493 ] } },
{ "type": "Feature", "properties": { "ID": "B119AS300682", "AdminCode": "413", "Type": "3", "SubType": "399", "LinkID": "A219AS301515", "Ref_Lane": 3, "PostID": "C619AS300366", "Maker": "而⑥", "UpdateDate": "20190620", "Version": "2019", "Remark": "嫄곕蹂댄듯援щ", "HistType": null, "HistRemark": null }, "geometry": { "type": "Point", "coordinates": [ 127.257614833495253, 36.497866486884909, 57.910466073662157 ] } },
{ "type": "Feature", "properties": { "ID": "B119AS300681", "AdminCode": "413", "Type": "2", "SubType": "228", "LinkID": "A219AS301516", "Ref_Lane": 3, "PostID": "C619AS300364", "Maker": "而⑥", "UpdateDate": "20190620", "Version": "2019", "Remark": "蹂", "HistType": null, "HistRemark": null }, "geometry": { "type": "Point", "coordinates": [ 127.25747172784861, 36.497626252697913, 57.709772699068893 ] } },
{ "type": "Feature", "properties": { "ID": "B119AS300680", "AdminCode": "413", "Type": "2", "SubType": "224", "LinkID": "A219AS301537", "Ref_Lane": 2, "PostID": "C619AS300363", "Maker": "而⑥", "UpdateDate": "20190620", "Version": "2019", "Remark": "50", "HistType": null, "HistRemark": null }, "geometry": { "type": "Point", "coordinates": [ 127.257359112198941, 36.497353257286839, 60.506101288606942 ] } },
{ "type": "Feature", "properties": { "ID": "B119AS300679", "AdminCode": "413", "Type": "2", "SubType": "218", "LinkID": "A219AS301537", "Ref_Lane": 2, "PostID": "C619AS300362", "Maker": "而⑥", "UpdateDate": "20190620", "Version": "2019", "Remark": "李⑥＜李④吏", "HistType": null, "HistRemark": null }, "geometry": { "type": "Point", "coordinates": [ 127.257220016763753, 36.497123653130544, 57.31893 ] } },
{ "type": "Feature", "properties": { "ID": "B119AS300678", "AdminCode": "413", "Type": "3", "SubType": "322", "LinkID": "A219AS301537", "Ref_Lane": 2, "PostID": "C619AS300359", "Maker": "而⑥", "UpdateDate": "20190620", "Version": "2019", "Remark": "〓⑤낫", "HistType": null, "HistRemark": null }, "geometry": { "type": "Point", "coordinates": [ 127.256866675164048, 36.496493837428474, 56.928778719072739 ] } },
{ "type": "Feature", "properties": { "ID": "B119AS300677", "AdminCode": "413", "Type": "3", "SubType": "399", "LinkID": "A219AS301537", "Ref_Lane": 2, "PostID": "C619AS300359", "Maker": "而⑥", "UpdateDate": "20190620", "Version": "2019", "Remark": "嫄고〓", "HistType": null, "HistRemark": null }, "geometry": { "type": "Point", "coordinates": [ 127.256867005895344, 36.496494080997344, 57.623824660424731 ] } },
{ "type": "Feature", "properties": { "ID": "B119AS300676", "AdminCode": "413", "Type": "3", "SubType": "399", "LinkID": "A219AS301537", "Ref_Lane": 2, "PostID": "C619AS300358", "Maker": "而⑥", "UpdateDate": "20190620", "Version": "2019", "Remark": "嫄고〓", "HistType": null, "HistRemark": null }, "geometry": { "type": "Point", "coordinates": [ 127.256818129339834, 36.496307496021828, 57.089390234836877 ] } },
{ "type": "Feature", "properties": { "ID": "B119AS300675", "AdminCode": "413", "Type": "3", "SubType": "399", "LinkID": "A219AS301546", "Ref_Lane": 2, "PostID": "C619AS300354", "Maker": "而⑥", "UpdateDate": "20190620", "Version": "2019", "Remark": "嫄곕蹂댄듯援щ", "HistType": null, "HistRemark": null }, "geometry": { "type": "Point", "coordinates": [ 127.256699950724382, 36.495957650145392, 57.44846 ] } },
{ "type": "Feature", "properties": { "ID": "B119AS300674", "AdminCode": "413", "Type": "2", "SubType": "218", "LinkID": "A219AS301546", "Ref_Lane": 2, "PostID": "C619AS300351", "Maker": "而⑥", "UpdateDate": "20190620", "Version": "2019", "Remark": "李⑥＜李④吏", "HistType": null, "HistRemark": null }, "geometry": { "type": "Point", "coordinates": [ 127.256531849702228, 36.495436905945681, 57.49723398673548 ] } },
{ "type": "Feature", "properties": { "ID": "B119AS300673", "AdminCode": "413", "Type": "3", "SubType": "314", "LinkID": "A219AS301558", "Ref_Lane": 1, "PostID": "C619AS300348", "Maker": "而⑥", "UpdateDate": "20190620", "Version": "2019", "Remark": "醫痢〓㈃듯", "HistType": null, "HistRemark": null }, "geometry": { "type": "Point", "coordinates": [ 127.256537660212558, 36.49500614794988, 57.283259732053587 ] } },
{ "type": "Feature", "properties": { "ID": "B119AS300672", "AdminCode": "413", "Type": "3", "SubType": "399", "LinkID": "A219AS301562", "Ref_Lane": 2, "PostID": "C619AS300572", "Maker": "而⑥", "UpdateDate": "20190620", "Version": "2019", "Remark": "嫄고〓", "HistType": null, "HistRemark": null }, "geometry": { "type": "Point", "coordinates": [ 127.256319768776805, 36.494581623079284, 57.620843674828087 ] } },
{ "type": "Feature", "properties": { "ID": "B119AS300671", "AdminCode": "413", "Type": "4", "SubType": "499", "LinkID": "A219AS301797", "Ref_Lane": 1, "PostID": "C619AS300573", "Maker": "而⑥", "UpdateDate": "20190620", "Version": "2019", "Remark": "湲踰ㅼ", "HistType": null, "HistRemark": null }, "geometry": { "type": "Point", "coordinates": [ 127.2564415257783, 36.494475751619255, 60.784184250403612 ] } },
{ "type": "Feature", "properties": { "ID": "B119AS300670", "AdminCode": "413", "Type": "3", "SubType": "399", "LinkID": "A219AS302918", "Ref_Lane": 2, "PostID": "C619AS300574", "Maker": "而⑥", "UpdateDate": "20190620", "Version": "2019", "Remark": "嫄고〓", "HistType": null, "HistRemark": null }, "geometry": { "type": "Point", "coordinates": [ 127.256210539323646, 36.49425536891269, 58.096597567715513 ] } },
{ "type": "Feature", "properties": { "ID": "B119AS300669", "AdminCode": "413", "Type": "3", "SubType": "399", "LinkID": "A219AS301572", "Ref_Lane": 2, "PostID": "C619AS300575", "Maker": "而⑥", "UpdateDate": "20190620", "Version": "2019", "Remark": "嫄고〓", "HistType": null, "HistRemark": null }, "geometry": { "type": "Point", "coordinates": [ 127.25624102653633, 36.494159349776737, 57.742579392248061 ] } },
{ "type": "Feature", "properties": { "ID": "B119AS300668", "AdminCode": "413", "Type": "2", "SubType": "224", "LinkID": "A219AS301572", "Ref_Lane": 2, "PostID": "C619AS300347", "Maker": "而⑥", "UpdateDate": "20190620", "Version": "2019", "Remark": "50", "HistType": null, "HistRemark": null }, "geometry": { "type": "Point", "coordinates": [ 127.256176212508166, 36.49394553457158, 60.869259392799513 ] } },
{ "type": "Feature", "properties": { "ID": "B119AS300667", "AdminCode": "413", "Type": "3", "SubType": "312", "LinkID": "A219AS301571", "Ref_Lane": 2, "PostID": "C619AS300346", "Maker": "而⑥", "UpdateDate": "20190620", "Version": "2019", "Remark": "痢〓갑듯", "HistType": null, "HistRemark": null }, "geometry": { "type": "Point", "coordinates": [ 127.256284344022447, 36.493726488718629, 57.3113368765462 ] } },
{ "type": "Feature", "properties": { "ID": "B119AS300666", "AdminCode": "413", "Type": "3", "SubType": "399", "LinkID": "A219AS301571", "Ref_Lane": 2, "PostID": "C619AS300345", "Maker": "而⑥", "UpdateDate": "20190620", "Version": "2019", "Remark": "嫄곕蹂댄듯援щ", "HistType": null, "HistRemark": null }, "geometry": { "type": "Point", "coordinates": [ 127.256168468843086, 36.493521062434226, 58.15104018354122 ] } },
{ "type": "Feature", "properties": { "ID": "B119AS300665", "AdminCode": "413", "Type": "3", "SubType": "322", "LinkID": "A219AS301571", "Ref_Lane": 2, "PostID": "C619AS300344", "Maker": "而⑥", "UpdateDate": "20190620", "Version": "2019", "Remark": "〓⑤낫", "HistType": null, "HistRemark": null }, "geometry": { "type": "Point", "coordinates": [ 127.256143398009385, 36.492577689461697, 58.76778 ] } },
{ "type": "Feature", "properties": { "ID": "B119AS300664", "AdminCode": "413", "Type": "3", "SubType": "399", "LinkID": "A219AS301571", "Ref_Lane": 2, "PostID": "C619AS300344", "Maker": "而⑥", "UpdateDate": "20190620", "Version": "2019", "Remark": "嫄고〓", "HistType": null, "HistRemark": null }, "geometry": { "type": "Point", "coordinates": [ 127.256143383315063, 36.492578453814637, 58.053231063938085 ] } },
{ "type": "Feature", "properties": { "ID": "B119AS300663", "AdminCode": "413", "Type": "3", "SubType": "399", "LinkID": "A219AS301571", "Ref_Lane": 2, "PostID": "C619AS300343", "Maker": "而⑥", "UpdateDate": "20190620", "Version": "2019", "Remark": "嫄고〓", "HistType": null, "HistRemark": null }, "geometry": { "type": "Point", "coordinates": [ 127.256152259174996, 36.492311411889766, 58.437471563913384 ] } },
{ "type": "Feature", "properties": { "ID": "B119AS300662", "AdminCode": "413", "Type": "3", "SubType": "399", "LinkID": "A219AS301602", "Ref_Lane": 4, "PostID": "C619AS300341", "Maker": "而⑥", "UpdateDate": "20190620", "Version": "2019", "Remark": "嫄곕蹂댄듯援щ", "HistType": null, "HistRemark": null }, "geometry": { "type": "Point", "coordinates": [ 127.256200913487959, 36.492030694584635, 58.763807239723292 ] } },
{ "type": "Feature", "properties": { "ID": "B119AS300661", "AdminCode": "413", "Type": "3", "SubType": "399", "LinkID": "A219AS301529", "Ref_Lane": 4, "PostID": "C619AS300576", "Maker": "而⑥", "UpdateDate": "20190620", "Version": "2019", "Remark": "嫄고〓", "HistType": null, "HistRemark": null }, "geometry": { "type": "Point", "coordinates": [ 127.258307435665969, 36.49815757197063, 57.591999987678555 ] } },
{ "type": "Feature", "properties": { "ID": "B119AS300660", "AdminCode": "413", "Type": "3", "SubType": "311", "LinkID": "A219AS302920", "Ref_Lane": 3, "PostID": "C619AS300367", "Maker": "而⑥", "UpdateDate": "20190620", "Version": "2019", "Remark": "", "HistType": null, "HistRemark": null }, "geometry": { "type": "Point", "coordinates": [ 127.258548755054292, 36.498315340606048, 60.869544131762879 ] } },
{ "type": "Feature", "properties": { "ID": "B119AS300659", "AdminCode": "413", "Type": "4", "SubType": "499", "LinkID": "A219AS302920", "Ref_Lane": 3, "PostID": "C619AS300367", "Maker": "而⑥", "UpdateDate": "20190620", "Version": "2019", "Remark": "醫", "HistType": null, "HistRemark": null }, "geometry": { "type": "Point", "coordinates": [ 127.258548659271568, 36.498315150868372, 60.386441792845162 ] } },
{ "type": "Feature", "properties": { "ID": "B119AS300658", "AdminCode": "413", "Type": "3", "SubType": "399", "LinkID": "A219AS302920", "Ref_Lane": 3, "PostID": "C619AS300367", "Maker": "而⑥", "UpdateDate": "20190620", "Version": "2019", "Remark": "嫄고〓", "HistType": null, "HistRemark": null }, "geometry": { "type": "Point", "coordinates": [ 127.258580238909076, 36.498379136939981, 57.346934961036766 ] } },
{ "type": "Feature", "properties": { "ID": "B119AS300657", "AdminCode": "413", "Type": "3", "SubType": "399", "LinkID": "A219AS301498", "Ref_Lane": 3, "PostID": "C619AS300577", "Maker": "而⑥", "UpdateDate": "20190620", "Version": "2019", "Remark": "嫄고〓", "HistType": null, "HistRemark": null }, "geometry": { "type": "Point", "coordinates": [ 127.258477250821372, 36.498530457059459, 57.850860661435902 ] } },
{ "type": "Feature", "properties": { "ID": "B119AS300656", "AdminCode": "413", "Type": "2", "SubType": "228", "LinkID": "A219AS301499", "Ref_Lane": 3, "PostID": "C619AS300368", "Maker": "而⑥", "UpdateDate": "20190620", "Version": "2019", "Remark": "蹂", "HistType": null, "HistRemark": null }, "geometry": { "type": "Point", "coordinates": [ 127.258704591320338, 36.498891400814138, 57.77425 ] } },
{ "type": "Feature", "properties": { "ID": "B119AS300655", "AdminCode": "413", "Type": "2", "SubType": "224", "LinkID": "A219AS301493", "Ref_Lane": 2, "PostID": "C619AS300369", "Maker": "而⑥", "UpdateDate": "20190620", "Version": "2019", "Remark": "50", "HistType": null, "HistRemark": null }, "geometry": { "type": "Point", "coordinates": [ 127.258813102029208, 36.499139876238651, 61.071676758066829 ] } },
{ "type": "Feature", "properties": { "ID": "B119AS300654", "AdminCode": "413", "Type": "2", "SubType": "218", "LinkID": "A219AS301493", "Ref_Lane": 2, "PostID": "C619AS300371", "Maker": "而⑥", "UpdateDate": "20190620", "Version": "2019", "Remark": "李⑥＜李④吏", "HistType": null, "HistRemark": null }, "geometry": { "type": "Point", "coordinates": [ 127.258987562906256, 36.499382718178957, 57.965170137655925 ] } },
{ "type": "Feature", "properties": { "ID": "B119AS300653", "AdminCode": "413", "Type": "3", "SubType": "399", "LinkID": "A219AS301493", "Ref_Lane": 2, "PostID": "C619AS300373", "Maker": "而⑥", "UpdateDate": "20190620", "Version": "2019", "Remark": "嫄고〓", "HistType": null, "HistRemark": null }, "geometry": { "type": "Point", "coordinates": [ 127.259119324520697, 36.499517029854132, 58.421764520325361 ] } },
{ "type": "Feature", "properties": { "ID": "B119AS300652", "AdminCode": "413", "Type": "3", "SubType": "322", "LinkID": "A219AS301493", "Ref_Lane": 2, "PostID": "C619AS300373", "Maker": "而⑥", "UpdateDate": "20190620", "Version": "2019", "Remark": "〓⑤낫", "HistType": null, "HistRemark": null }, "geometry": { "type": "Point", "coordinates": [ 127.259119208354832, 36.499517076973284, 57.69971553670505 ] } },
{ "type": "Feature", "properties": { "ID": "B119AS300651", "AdminCode": "413", "Type": "3", "SubType": "322", "LinkID": "A219AS301493", "Ref_Lane": 2, "PostID": "C619AS300378", "Maker": "而⑥", "UpdateDate": "20190620", "Version": "2019", "Remark": "〓⑤낫", "HistType": null, "HistRemark": null }, "geometry": { "type": "Point", "coordinates": [ 127.25947591452578, 36.500239611891821, 57.768895705351319 ] } },
{ "type": "Feature", "properties": { "ID": "B119AS300650", "AdminCode": "413", "Type": "3", "SubType": "399", "LinkID": "A219AS301493", "Ref_Lane": 2, "PostID": "C619AS300378", "Maker": "而⑥", "UpdateDate": "20190620", "Version": "2019", "Remark": "嫄고〓", "HistType": null, "HistRemark": null }, "geometry": { "type": "Point", "coordinates": [ 127.25947597631847, 36.500239817293618, 58.4411069427318 ] } },
{ "type": "Feature", "properties": { "ID": "B119AS300649", "AdminCode": "413", "Type": "3", "SubType": "399", "LinkID": "A219AS301217", "Ref_Lane": 1, "PostID": "C619AS300380", "Maker": "而⑥", "UpdateDate": "20190620", "Version": "2019", "Remark": "嫄고〓", "HistType": null, "HistRemark": null }, "geometry": { "type": "Point", "coordinates": [ 127.259614826293799, 36.500471377741825, 58.11013343682567 ] } },
{ "type": "Feature", "properties": { "ID": "B119AS300648", "AdminCode": "413", "Type": "3", "SubType": "314", "LinkID": "A219AS301489", "Ref_Lane": 1, "PostID": "C619AS300382", "Maker": "而⑥", "UpdateDate": "20190620", "Version": "2019", "Remark": "醫痢〓㈃듯", "HistType": null, "HistRemark": null }, "geometry": { "type": "Point", "coordinates": [ 127.259537148387864, 36.500680236684076, 57.551946489827181 ] } },
{ "type": "Feature", "properties": { "ID": "B119AS300647", "AdminCode": "413", "Type": "2", "SubType": "224", "LinkID": "A219AS301480", "Ref_Lane": 3, "PostID": "C619AS300579", "Maker": "而⑥", "UpdateDate": "20190620", "Version": "2019", "Remark": "50", "HistType": null, "HistRemark": null }, "geometry": { "type": "Point", "coordinates": [ 127.25982785117921, 36.501136122835383, 61.645689887653191 ] } },
{ "type": "Feature", "properties": { "ID": "B119AS300646", "AdminCode": "413", "Type": "3", "SubType": "399", "LinkID": "A219AS301480", "Ref_Lane": 3, "PostID": "C619AS300384", "Maker": "而⑥", "UpdateDate": "20190620", "Version": "2019", "Remark": "嫄고〓", "HistType": null, "HistRemark": null }, "geometry": { "type": "Point", "coordinates": [ 127.259944600711293, 36.501102242810212, 58.258144653230296 ] } },
{ "type": "Feature", "properties": { "ID": "B119AS300645", "AdminCode": "413", "Type": "3", "SubType": "399", "LinkID": "A219AS301480", "Ref_Lane": 3, "PostID": "C619AS300384", "Maker": "而⑥", "UpdateDate": "20190620", "Version": "2019", "Remark": "嫄고〓", "HistType": null, "HistRemark": null }, "geometry": { "type": "Point", "coordinates": [ 127.259940169686956, 36.501101741056964, 58.480552608622645 ] } },
{ "type": "Feature", "properties": { "ID": "B119AS300644", "AdminCode": "413", "Type": "3", "SubType": "399", "LinkID": "A219AS301480", "Ref_Lane": 3, "PostID": "C619AS300864", "Maker": "而⑥", "UpdateDate": "20190620", "Version": "2019", "Remark": "嫄고〓", "HistType": null, "HistRemark": null }, "geometry": { "type": "Point", "coordinates": [ 127.259996354246368, 36.501321626615081, 58.254585975463677 ] } },
{ "type": "Feature", "properties": { "ID": "B119AS300643", "AdminCode": "413", "Type": "3", "SubType": "399", "LinkID": "A219AS301480", "Ref_Lane": 3, "PostID": "C619AS300580", "Maker": "而⑥", "UpdateDate": "20190620", "Version": "2019", "Remark": "嫄고〓", "HistType": null, "HistRemark": null }, "geometry": { "type": "Point", "coordinates": [ 127.260013813951062, 36.501365043424386, 57.995534508604472 ] } },
{ "type": "Feature", "properties": { "ID": "B119AS300642", "AdminCode": "413", "Type": "3", "SubType": "399", "LinkID": "A219AS301764", "Ref_Lane": 3, "PostID": "C619AS300386", "Maker": "而⑥", "UpdateDate": "20190620", "Version": "2019", "Remark": "嫄곕蹂댄듯援щ", "HistType": null, "HistRemark": null }, "geometry": { "type": "Point", "coordinates": [ 127.260142679422302, 36.501643057095151, 57.957378776390897 ] } },
{ "type": "Feature", "properties": { "ID": "B119AS300641", "AdminCode": "413", "Type": "2", "SubType": "214", "LinkID": "A219AS301764", "Ref_Lane": 3, "PostID": "C619AS300581", "Maker": "而⑥", "UpdateDate": "20190620", "Version": "2019", "Remark": "醫湲吏", "HistType": null, "HistRemark": null }, "geometry": { "type": "Point", "coordinates": [ 127.260367882882463, 36.502307783796375, 61.176104766802048 ] } },
{ "type": "Feature", "properties": { "ID": "B119AS300640", "AdminCode": "413", "Type": "3", "SubType": "399", "LinkID": "A219AS302936", "Ref_Lane": 2, "PostID": "C619AS300581", "Maker": "而⑥", "UpdateDate": "20190620", "Version": "2019", "Remark": "嫄고〓", "HistType": null, "HistRemark": null }, "geometry": { "type": "Point", "coordinates": [ 127.260456503280821, 36.502288897019952, 58.229628707190379 ] } },
{ "type": "Feature", "properties": { "ID": "B119AS300639", "AdminCode": "413", "Type": "2", "SubType": "224", "LinkID": "A219AS302936", "Ref_Lane": 2, "PostID": "C619AS300390", "Maker": "而⑥", "UpdateDate": "20190620", "Version": "2019", "Remark": "40", "HistType": null, "HistRemark": null }, "geometry": { "type": "Point", "coordinates": [ 127.260632022664097, 36.5023643899831, 61.039952062866369 ] } },
{ "type": "Feature", "properties": { "ID": "B119AS300638", "AdminCode": "413", "Type": "3", "SubType": "399", "LinkID": "A219AS302936", "Ref_Lane": 2, "PostID": "C619AS300390", "Maker": "而⑥", "UpdateDate": "20190620", "Version": "2019", "Remark": "嫄고〓", "HistType": null, "HistRemark": null }, "geometry": { "type": "Point", "coordinates": [ 127.260611021739322, 36.50234522859035, 57.978050398421082 ] } },
{ "type": "Feature", "properties": { "ID": "B119AS300637", "AdminCode": "413", "Type": "3", "SubType": "399", "LinkID": "A219AS302936", "Ref_Lane": 2, "PostID": "C619AS300509", "Maker": "而⑥", "UpdateDate": "20190620", "Version": "2019", "Remark": "嫄고〓", "HistType": null, "HistRemark": null }, "geometry": { "type": "Point", "coordinates": [ 127.260667830128725, 36.502478827347026, 58.34581474669173 ] } },
{ "type": "Feature", "properties": { "ID": "B119AS300636", "AdminCode": "413", "Type": "3", "SubType": "399", "LinkID": "A219AS301472", "Ref_Lane": 3, "PostID": "C619AS300582", "Maker": "而⑥", "UpdateDate": "20190620", "Version": "2019", "Remark": "嫄고〓", "HistType": null, "HistRemark": null }, "geometry": { "type": "Point", "coordinates": [ 127.260618315621528, 36.502652818336713, 58.502252605349014 ] } },
{ "type": "Feature", "properties": { "ID": "B119AS300635", "AdminCode": "413", "Type": "2", "SubType": "214", "LinkID": "A219AS301764", "Ref_Lane": 3, "PostID": "C619AS300583", "Maker": "而⑥", "UpdateDate": "20190620", "Version": "2019", "Remark": "醫湲吏", "HistType": null, "HistRemark": null }, "geometry": { "type": "Point", "coordinates": [ 127.260523679773016, 36.502689606638945, 61.837105217805053 ] } },
{ "type": "Feature", "properties": { "ID": "B119AS300634", "AdminCode": "413", "Type": "4", "SubType": "499", "LinkID": "A219AS301764", "Ref_Lane": 3, "PostID": "C619AS300583", "Maker": "而⑥", "UpdateDate": "20190620", "Version": "2019", "Remark": "湲踰ㅼ", "HistType": null, "HistRemark": null }, "geometry": { "type": "Point", "coordinates": [ 127.260509303546158, 36.502694096159161, 61.801659384473766 ] } },
{ "type": "Feature", "properties": { "ID": "B119AS300633", "AdminCode": "413", "Type": "3", "SubType": "313", "LinkID": "A219AS301472", "Ref_Lane": 3, "PostID": "C619AS300583", "Maker": "而⑥", "UpdateDate": "20190620", "Version": "2019", "Remark": "곗륫硫댄듯", "HistType": null, "HistRemark": null }, "geometry": { "type": "Point", "coordinates": [ 127.26049722929227, 36.502697522469042, 57.290195653752868 ] } },
{ "type": "Feature", "properties": { "ID": "B119AS300632", "AdminCode": "413", "Type": "3", "SubType": "399", "LinkID": "A219AS301472", "Ref_Lane": 3, "PostID": "C619AS300393", "Maker": "而⑥", "UpdateDate": "20190620", "Version": "2019", "Remark": "嫄곕蹂댄듯援щ", "HistType": null, "HistRemark": null }, "geometry": { "type": "Point", "coordinates": [ 127.260719325281457, 36.5028714561304, 58.118145895901293 ] } },
{ "type": "Feature", "properties": { "ID": "B119AS300631", "AdminCode": "413", "Type": "2", "SubType": "218", "LinkID": "A219AS301466", "Ref_Lane": 2, "PostID": "C619AS300394", "Maker": "而⑥", "UpdateDate": "20190620", "Version": "2019", "Remark": "李⑥＜李④吏", "HistType": null, "HistRemark": null }, "geometry": { "type": "Point", "coordinates": [ 127.260929851001222, 36.503395931442292, 58.753073464742961 ] } },
{ "type": "Feature", "properties": { "ID": "B119AS300630", "AdminCode": "413", "Type": "3", "SubType": "322", "LinkID": "A219AS301466", "Ref_Lane": 2, "PostID": "C619AS300395", "Maker": "而⑥", "UpdateDate": "20190620", "Version": "2019", "Remark": "〓⑤낫", "HistType": null, "HistRemark": null }, "geometry": { "type": "Point", "coordinates": [ 127.261045827120554, 36.50360707596974, 59.416688178388036 ] } },
{ "type": "Feature", "properties": { "ID": "B119AS300629", "AdminCode": "413", "Type": "3", "SubType": "399", "LinkID": "A219AS301466", "Ref_Lane": 2, "PostID": "C619AS300395", "Maker": "而⑥", "UpdateDate": "20190620", "Version": "2019", "Remark": "嫄고〓", "HistType": null, "HistRemark": null }, "geometry": { "type": "Point", "coordinates": [ 127.261046736354629, 36.503607059769038, 58.818337084941838 ] } },
{ "type": "Feature", "properties": { "ID": "B119AS300628", "AdminCode": "413", "Type": "3", "SubType": "399", "LinkID": "A219AS301467", "Ref_Lane": 3, "PostID": "C619AS300398", "Maker": "而⑥", "UpdateDate": "20190620", "Version": "2019", "Remark": "嫄고〓", "HistType": null, "HistRemark": null }, "geometry": { "type": "Point", "coordinates": [ 127.261185254344738, 36.503858650625837, 58.76611 ] } },
{ "type": "Feature", "properties": { "ID": "B119AS300627", "AdminCode": "413", "Type": "3", "SubType": "314", "LinkID": "A219AS301814", "Ref_Lane": 1, "PostID": "C619AS300397", "Maker": "而⑥", "UpdateDate": "20190620", "Version": "2019", "Remark": "醫痢〓㈃듯", "HistType": null, "HistRemark": null }, "geometry": { "type": "Point", "coordinates": [ 127.26107160075567, 36.503969713069559, 58.352590923890112 ] } },
{ "type": "Feature", "properties": { "ID": "B119AS300626", "AdminCode": "413", "Type": "3", "SubType": "399", "LinkID": "A219AS301467", "Ref_Lane": 3, "PostID": "C619AS300399", "Maker": "而⑥", "UpdateDate": "20190620", "Version": "2019", "Remark": "嫄고〓", "HistType": null, "HistRemark": null }, "geometry": { "type": "Point", "coordinates": [ 127.261403038306753, 36.504404424374229, 58.977985192515668 ] } },
{ "type": "Feature", "properties": { "ID": "B119AS300625", "AdminCode": "413", "Type": "3", "SubType": "399", "LinkID": "A219AS301467", "Ref_Lane": 3, "PostID": "C619AS300585", "Maker": "而⑥", "UpdateDate": "20190620", "Version": "2019", "Remark": "嫄고〓", "HistType": null, "HistRemark": null }, "geometry": { "type": "Point", "coordinates": [ 127.261497144042977, 36.504460748989587, 60.152191941289608 ] } },
{ "type": "Feature", "properties": { "ID": "B119AS300624", "AdminCode": "413", "Type": "3", "SubType": "399", "LinkID": "A219AS301460", "Ref_Lane": 2, "PostID": "C619AS300587", "Maker": "而⑥", "UpdateDate": "20190620", "Version": "2019", "Remark": "嫄고〓", "HistType": null, "HistRemark": null }, "geometry": { "type": "Point", "coordinates": [ 127.261124031660302, 36.504541750312043, 58.817421889704953 ] } },
{ "type": "Feature", "properties": { "ID": "B119AS300623", "AdminCode": "413", "Type": "3", "SubType": "399", "LinkID": "A219AS301460", "Ref_Lane": 2, "PostID": "C619AS300587", "Maker": "而⑥", "UpdateDate": "20190620", "Version": "2019", "Remark": "嫄고〓", "HistType": null, "HistRemark": null }, "geometry": { "type": "Point", "coordinates": [ 127.261123329798139, 36.504548888873259, 58.818547679692657 ] } },
{ "type": "Feature", "properties": { "ID": "B119AS300622", "AdminCode": "413", "Type": "2", "SubType": "218", "LinkID": "A219AS301790", "Ref_Lane": 2, "PostID": "C619AS300396", "Maker": "而⑥", "UpdateDate": "20190620", "Version": "2019", "Remark": "李⑥＜李④吏", "HistType": null, "HistRemark": null }, "geometry": { "type": "Point", "coordinates": [ 127.260768953415933, 36.503739437703089, 59.081368659477064 ] } },
{ "type": "Feature", "properties": { "ID": "B119AS300621", "AdminCode": "413", "Type": "2", "SubType": "214", "LinkID": "A219AS301790", "Ref_Lane": 2, "PostID": "C619AS300589", "Maker": "而⑥", "UpdateDate": "20190620", "Version": "2019", "Remark": "醫湲吏", "HistType": null, "HistRemark": null }, "geometry": { "type": "Point", "coordinates": [ 127.260354381284685, 36.50274555875481, 61.757743687470708 ] } },
{ "type": "Feature", "properties": { "ID": "B119AS300620", "AdminCode": "413", "Type": "3", "SubType": "399", "LinkID": "A219AS301790", "Ref_Lane": 2, "PostID": "C619AS300392", "Maker": "而⑥", "UpdateDate": "20190620", "Version": "2019", "Remark": "嫄고〓", "HistType": null, "HistRemark": null }, "geometry": { "type": "Point", "coordinates": [ 127.260220487486649, 36.502661107982803, 58.241731665015614 ] } },
{ "type": "Feature", "properties": { "ID": "B119AS300619", "AdminCode": "413", "Type": "3", "SubType": "399", "LinkID": "A219AS301790", "Ref_Lane": 2, "PostID": "C619AS300392", "Maker": "而⑥", "UpdateDate": "20190620", "Version": "2019", "Remark": "嫄고〓", "HistType": null, "HistRemark": null }, "geometry": { "type": "Point", "coordinates": [ 127.260215134983184, 36.502659414750639, 58.19588047369686 ] } },
{ "type": "Feature", "properties": { "ID": "B119AS300618", "AdminCode": "413", "Type": "2", "SubType": "224", "LinkID": "A219AS302941", "Ref_Lane": 2, "PostID": "C619AS300391", "Maker": "而⑥", "UpdateDate": "20190620", "Version": "2019", "Remark": "50", "HistType": null, "HistRemark": null }, "geometry": { "type": "Point", "coordinates": [ 127.260109321078289, 36.50263245956436, 61.262720042941716 ] } },
{ "type": "Feature", "properties": { "ID": "B119AS300617", "AdminCode": "413", "Type": "3", "SubType": "399", "LinkID": "A219AS301790", "Ref_Lane": 2, "PostID": "C619AS300389", "Maker": "而⑥", "UpdateDate": "20190620", "Version": "2019", "Remark": "嫄고〓", "HistType": null, "HistRemark": null }, "geometry": { "type": "Point", "coordinates": [ 127.260123015575843, 36.50244826899074, 58.950626666666686 ] } },
{ "type": "Feature", "properties": { "ID": "B119AS300616", "AdminCode": "413", "Type": "3", "SubType": "399", "LinkID": "A219AS301790", "Ref_Lane": 2, "PostID": "C619AS300389", "Maker": "而⑥", "UpdateDate": "20190620", "Version": "2019", "Remark": "嫄고〓", "HistType": null, "HistRemark": null }, "geometry": { "type": "Point", "coordinates": [ 127.260121071380183, 36.502452387235664, 58.99705887764928 ] } },
{ "type": "Feature", "properties": { "ID": "B119AS300615", "AdminCode": "413", "Type": "2", "SubType": "214", "LinkID": "A219AS301790", "Ref_Lane": 2, "PostID": "C619AS300591", "Maker": "而⑥", "UpdateDate": "20190620", "Version": "2019", "Remark": "醫湲吏", "HistType": null, "HistRemark": null }, "geometry": { "type": "Point", "coordinates": [ 127.260200618719921, 36.502342190206761, 61.63213127997799 ] } },
{ "type": "Feature", "properties": { "ID": "B119AS300614", "AdminCode": "413", "Type": "2", "SubType": "224", "LinkID": "A219AS301790", "Ref_Lane": 2, "PostID": "C619AS300591", "Maker": "而⑥", "UpdateDate": "20190620", "Version": "2019", "Remark": "50", "HistType": null, "HistRemark": null }, "geometry": { "type": "Point", "coordinates": [ 127.260190117223075, 36.502345762281273, 61.574255639988984 ] } },
{ "type": "Feature", "properties": { "ID": "B119AS300613", "AdminCode": "413", "Type": "4", "SubType": "499", "LinkID": "A219AS301790", "Ref_Lane": 2, "PostID": "C619AS300591", "Maker": "而⑥", "UpdateDate": "20190620", "Version": "2019", "Remark": "湲踰ㅼ", "HistType": null, "HistRemark": null }, "geometry": { "type": "Point", "coordinates": [ 127.260150236691928, 36.502359175507948, 61.518628199944963 ] } },
{ "type": "Feature", "properties": { "ID": "B119AS300612", "AdminCode": "413", "Type": "3", "SubType": "399", "LinkID": "A219AS301475", "Ref_Lane": 2, "PostID": "C619AS300591", "Maker": "而⑥", "UpdateDate": "20190620", "Version": "2019", "Remark": "嫄고〓", "HistType": null, "HistRemark": null }, "geometry": { "type": "Point", "coordinates": [ 127.260117172690173, 36.502364426476298, 58.387311279977993 ] } },
{ "type": "Feature", "properties": { "ID": "B119AS300611", "AdminCode": "413", "Type": "3", "SubType": "399", "LinkID": "A219AS301475", "Ref_Lane": 2, "PostID": "C619AS300388", "Maker": "而⑥", "UpdateDate": "20190620", "Version": "2019", "Remark": "嫄곕蹂댄듯援щ", "HistType": null, "HistRemark": null }, "geometry": { "type": "Point", "coordinates": [ 127.260049428026065, 36.502225685847989, 58.321272203334026 ] } },
{ "type": "Feature", "properties": { "ID": "B119AS300610", "AdminCode": "413", "Type": "3", "SubType": "314", "LinkID": "A219AS301817", "Ref_Lane": 1, "PostID": "C619AS300387", "Maker": "而⑥", "UpdateDate": "20190620", "Version": "2019", "Remark": "醫痢〓㈃듯", "HistType": null, "HistRemark": null }, "geometry": { "type": "Point", "coordinates": [ 127.260032844618124, 36.501902854197482, 57.759528768947483 ] } },
{ "type": "Feature", "properties": { "ID": "B119AS300609", "AdminCode": "413", "Type": "2", "SubType": "224", "LinkID": "A219AS301474", "Ref_Lane": 2, "PostID": "C619AS300593", "Maker": "而⑥", "UpdateDate": "20190620", "Version": "2019", "Remark": "50", "HistType": null, "HistRemark": null }, "geometry": { "type": "Point", "coordinates": [ 127.259747935067949, 36.501451794550036, 61.717746526061411 ] } },
{ "type": "Feature", "properties": { "ID": "B119AS300608", "AdminCode": "413", "Type": "3", "SubType": "399", "LinkID": "A219AS301474", "Ref_Lane": 2, "PostID": "C619AS300385", "Maker": "而⑥", "UpdateDate": "20190620", "Version": "2019", "Remark": "嫄고〓", "HistType": null, "HistRemark": null }, "geometry": { "type": "Point", "coordinates": [ 127.259639276698252, 36.50146356653579, 57.924558016217112 ] } },
{ "type": "Feature", "properties": { "ID": "B119AS300607", "AdminCode": "413", "Type": "3", "SubType": "399", "LinkID": "A219AS301474", "Ref_Lane": 2, "PostID": "C619AS300385", "Maker": "而⑥", "UpdateDate": "20190620", "Version": "2019", "Remark": "嫄고〓", "HistType": null, "HistRemark": null }, "geometry": { "type": "Point", "coordinates": [ 127.259634445506634, 36.501461287765771, 58.08812 ] } },
{ "type": "Feature", "properties": { "ID": "B119AS300606", "AdminCode": "413", "Type": "3", "SubType": "399", "LinkID": "A219AS301487", "Ref_Lane": 2, "PostID": "C619AS300383", "Maker": "而⑥", "UpdateDate": "20190620", "Version": "2019", "Remark": "嫄고〓", "HistType": null, "HistRemark": null }, "geometry": { "type": "Point", "coordinates": [ 127.259585306473269, 36.501247820683488, 58.185166851039611 ] } },
{ "type": "Feature", "properties": { "ID": "B119AS300605", "AdminCode": "413", "Type": "3", "SubType": "399", "LinkID": "A219AS301487", "Ref_Lane": 2, "PostID": "C619AS300594", "Maker": "而⑥", "UpdateDate": "20190620", "Version": "2019", "Remark": "嫄고〓", "HistType": null, "HistRemark": null }, "geometry": { "type": "Point", "coordinates": [ 127.259561210854741, 36.501190085943406, 58.000878814133145 ] } },
{ "type": "Feature", "properties": { "ID": "B119AS300604", "AdminCode": "413", "Type": "3", "SubType": "313", "LinkID": "A219AS301486", "Ref_Lane": 2, "PostID": "C619AS300381", "Maker": "而⑥", "UpdateDate": "20190620", "Version": "2019", "Remark": "곗륫硫댄듯", "HistType": null, "HistRemark": null }, "geometry": { "type": "Point", "coordinates": [ 127.259421993311733, 36.500666222435946, 57.535298518131682 ] } },
{ "type": "Feature", "properties": { "ID": "B119AS300603", "AdminCode": "413", "Type": "3", "SubType": "399", "LinkID": "A219AS301486", "Ref_Lane": 2, "PostID": "C619AS300379", "Maker": "而⑥", "UpdateDate": "20190620", "Version": "2019", "Remark": "嫄고〓", "HistType": null, "HistRemark": null }, "geometry": { "type": "Point", "coordinates": [ 127.259217881143883, 36.500585606222721, 58.358239911986942 ] } },
{ "type": "Feature", "properties": { "ID": "B119AS300602", "AdminCode": "413", "Type": "3", "SubType": "322", "LinkID": "A219AS301486", "Ref_Lane": 2, "PostID": "C619AS300379", "Maker": "而⑥", "UpdateDate": "20190620", "Version": "2019", "Remark": "〓⑤낫", "HistType": null, "HistRemark": null }, "geometry": { "type": "Point", "coordinates": [ 127.259218447167726, 36.500586734195743, 57.619560519100673 ] } },
{ "type": "Feature", "properties": { "ID": "B119AS300601", "AdminCode": "413", "Type": "3", "SubType": "399", "LinkID": "A219AS301486", "Ref_Lane": 2, "PostID": "C619AS300377", "Maker": "而⑥", "UpdateDate": "20190620", "Version": "2019", "Remark": "嫄고〓", "HistType": null, "HistRemark": null }, "geometry": { "type": "Point", "coordinates": [ 127.259130471205168, 36.500333862315323, 58.076079130459107 ] } },
{ "type": "Feature", "properties": { "ID": "B119AS300600", "AdminCode": "413", "Type": "2", "SubType": "224", "LinkID": "A219AS301486", "Ref_Lane": 2, "PostID": "C619AS300376", "Maker": "而⑥", "UpdateDate": "20190620", "Version": "2019", "Remark": "50", "HistType": null, "HistRemark": null }, "geometry": { "type": "Point", "coordinates": [ 127.259108434203398, 36.500191815173928, 61.013502354862794 ] } },
{ "type": "Feature", "properties": { "ID": "B119AS300599", "AdminCode": "413", "Type": "3", "SubType": "399", "LinkID": "A219AS301486", "Ref_Lane": 2, "PostID": "C619AS300375", "Maker": "而⑥", "UpdateDate": "20190620", "Version": "2019", "Remark": "嫄곕蹂댄듯援щ", "HistType": null, "HistRemark": null }, "geometry": { "type": "Point", "coordinates": [ 127.259005113594029, 36.500013129177056, 57.457333333333331 ] } },
{ "type": "Feature", "properties": { "ID": "B119AS300598", "AdminCode": "413", "Type": "3", "SubType": "399", "LinkID": "A219AS301486", "Ref_Lane": 2, "PostID": "C619AS300374", "Maker": "而⑥", "UpdateDate": "20190620", "Version": "2019", "Remark": "嫄고〓", "HistType": null, "HistRemark": null }, "geometry": { "type": "Point", "coordinates": [ 127.258913871768939, 36.49987647591292, 58.335257716144525 ] } },
{ "type": "Feature", "properties": { "ID": "B119AS300597", "AdminCode": "413", "Type": "3", "SubType": "322", "LinkID": "A219AS301486", "Ref_Lane": 2, "PostID": "C619AS300374", "Maker": "而⑥", "UpdateDate": "20190620", "Version": "2019", "Remark": "〓⑤낫", "HistType": null, "HistRemark": null }, "geometry": { "type": "Point", "coordinates": [ 127.258914353644556, 36.499876792549991, 57.69730612918115 ] } },
{ "type": "Feature", "properties": { "ID": "B119AS300596", "AdminCode": "413", "Type": "3", "SubType": "399", "LinkID": "A219AS301486", "Ref_Lane": 2, "PostID": "C619AS300372", "Maker": "而⑥", "UpdateDate": "20190620", "Version": "2019", "Remark": "嫄고〓", "HistType": null, "HistRemark": null }, "geometry": { "type": "Point", "coordinates": [ 127.258808349243751, 36.499673307111252, 58.06168122787242 ] } },
{ "type": "Feature", "properties": { "ID": "B119AS300595", "AdminCode": "413", "Type": "3", "SubType": "399", "LinkID": "A219AS301500", "Ref_Lane": 4, "PostID": "C619AS300370", "Maker": "而⑥", "UpdateDate": "20190620", "Version": "2019", "Remark": "嫄곕蹂댄듯援щ", "HistType": null, "HistRemark": null }, "geometry": { "type": "Point", "coordinates": [ 127.258533380994947, 36.49927414064453, 57.58508085370778 ] } },
{ "type": "Feature", "properties": { "ID": "B119AS300594", "AdminCode": "413", "Type": "3", "SubType": "399", "LinkID": "A219AS301501", "Ref_Lane": 4, "PostID": "C619AS300595", "Maker": "而⑥", "UpdateDate": "20190620", "Version": "2019", "Remark": "嫄고〓", "HistType": null, "HistRemark": null }, "geometry": { "type": "Point", "coordinates": [ 127.258203256190441, 36.498766227188014, 59.438518790136065 ] } },
{ "type": "Feature", "properties": { "ID": "B119AS300593", "AdminCode": "413", "Type": "3", "SubType": "311", "LinkID": "A219AS301501", "Ref_Lane": 4, "PostID": "C619AS300596", "Maker": "而⑥", "UpdateDate": "20190620", "Version": "2019", "Remark": "댁遺몄泥", "HistType": null, "HistRemark": null }, "geometry": { "type": "Point", "coordinates": [ 127.258195443827077, 36.498595506945207, 60.63357250683076 ] } },
{ "type": "Feature", "properties": { "ID": "B119AS300592", "AdminCode": "413", "Type": "3", "SubType": "399", "LinkID": "A219AS301501", "Ref_Lane": 4, "PostID": "C619AS300597", "Maker": "而⑥", "UpdateDate": "20190620", "Version": "2019", "Remark": "嫄고〓", "HistType": null, "HistRemark": null }, "geometry": { "type": "Point", "coordinates": [ 127.258038392332253, 36.498580199362017, 57.037712832172993 ] } },
{ "type": "Feature", "properties": { "ID": "B119AS300591", "AdminCode": "413", "Type": "3", "SubType": "399", "LinkID": "A219AS302923", "Ref_Lane": 2, "PostID": "C619AS300598", "Maker": "而⑥", "UpdateDate": "20190620", "Version": "2019", "Remark": "嫄고〓", "HistType": null, "HistRemark": null }, "geometry": { "type": "Point", "coordinates": [ 127.257734772759775, 36.49833327123978, 57.186144354863536 ] } },
{ "type": "Feature", "properties": { "ID": "B119AS300590", "AdminCode": "413", "Type": "3", "SubType": "311", "LinkID": "A219AS302923", "Ref_Lane": 2, "PostID": "C619AS300598", "Maker": "而⑥", "UpdateDate": "20190620", "Version": "2019", "Remark": "", "HistType": null, "HistRemark": null }, "geometry": { "type": "Point", "coordinates": [ 127.257770487726233, 36.498397367099443, 60.490288733729173 ] } },
{ "type": "Feature", "properties": { "ID": "B119AS300589", "AdminCode": "413", "Type": "4", "SubType": "499", "LinkID": "A219AS302923", "Ref_Lane": 2, "PostID": "C619AS300598", "Maker": "而⑥", "UpdateDate": "20190620", "Version": "2019", "Remark": "醫", "HistType": null, "HistRemark": null }, "geometry": { "type": "Point", "coordinates": [ 127.25777082003448, 36.49839799386347, 59.836967056258999 ] } },
{ "type": "Feature", "properties": { "ID": "B119AS300588", "AdminCode": "413", "Type": "3", "SubType": "399", "LinkID": "A219AS301467", "Ref_Lane": 3, "PostID": "C619AS300400", "Maker": "而⑥", "UpdateDate": "20190620", "Version": "2019", "Remark": "嫄고〓", "HistType": null, "HistRemark": null }, "geometry": { "type": "Point", "coordinates": [ 127.261570926836555, 36.504660493684064, 59.112193556928474 ] } },
{ "type": "Feature", "properties": { "ID": "B119AS300587", "AdminCode": "413", "Type": "2", "SubType": "224", "LinkID": "A219AS301815", "Ref_Lane": 1, "PostID": "C619AS300599", "Maker": "而⑥", "UpdateDate": "20190620", "Version": "2019", "Remark": "50", "HistType": null, "HistRemark": null }, "geometry": { "type": "Point", "coordinates": [ 127.261465254406147, 36.504751580601294, 62.512725154436197 ] } },
{ "type": "Feature", "properties": { "ID": "B119AS300586", "AdminCode": "413", "Type": "2", "SubType": "224", "LinkID": "A219AS301460", "Ref_Lane": 2, "PostID": "C619AS300599", "Maker": "而⑥", "UpdateDate": "20190620", "Version": "2019", "Remark": "50", "HistType": null, "HistRemark": null }, "geometry": { "type": "Point", "coordinates": [ 127.261344724260354, 36.504783711848376, 62.627670278775554 ] } },
{ "type": "Feature", "properties": { "ID": "B119AS300585", "AdminCode": "413", "Type": "3", "SubType": "399", "LinkID": "A219AS301459", "Ref_Lane": 2, "PostID": "C619AS300402", "Maker": "而⑥", "UpdateDate": "20190620", "Version": "2019", "Remark": "嫄고〓", "HistType": null, "HistRemark": null }, "geometry": { "type": "Point", "coordinates": [ 127.261598139927841, 36.504807336420598, 59.038959654745994 ] } },
{ "type": "Feature", "properties": { "ID": "B119AS300584", "AdminCode": "413", "Type": "3", "SubType": "313", "LinkID": "A219AS301459", "Ref_Lane": 2, "PostID": "C619AS300404", "Maker": "而⑥", "UpdateDate": "20190620", "Version": "2019", "Remark": "곗륫硫댄듯", "HistType": null, "HistRemark": null }, "geometry": { "type": "Point", "coordinates": [ 127.261763886856784, 36.505538674644612, 58.744789197397708 ] } },
{ "type": "Feature", "properties": { "ID": "B119AS300583", "AdminCode": "413", "Type": "3", "SubType": "399", "LinkID": "A219AS301459", "Ref_Lane": 2, "PostID": "C619AS300405", "Maker": "而⑥", "UpdateDate": "20190620", "Version": "2019", "Remark": "嫄곕蹂댄듯援щ", "HistType": null, "HistRemark": null }, "geometry": { "type": "Point", "coordinates": [ 127.261859017758766, 36.505514742069863, 59.532756628558708 ] } },
{ "type": "Feature", "properties": { "ID": "B119AS300582", "AdminCode": "413", "Type": "2", "SubType": "218", "LinkID": "A219AS301438", "Ref_Lane": 2, "PostID": "C619AS300407", "Maker": "而⑥", "UpdateDate": "20190620", "Version": "2019", "Remark": "李⑥＜李④吏", "HistType": null, "HistRemark": null }, "geometry": { "type": "Point", "coordinates": [ 127.26195736609813, 36.505964850619129, 59.475771541555197 ] } },
{ "type": "Feature", "properties": { "ID": "B119AS300581", "AdminCode": "413", "Type": "3", "SubType": "399", "LinkID": "A219AS301438", "Ref_Lane": 2, "PostID": "C619AS300409", "Maker": "而⑥", "UpdateDate": "20190620", "Version": "2019", "Remark": "嫄고〓", "HistType": null, "HistRemark": null }, "geometry": { "type": "Point", "coordinates": [ 127.262080695786722, 36.506613354113647, 60.226799960448609 ] } },
{ "type": "Feature", "properties": { "ID": "B119AS300580", "AdminCode": "413", "Type": "3", "SubType": "322", "LinkID": "A219AS301438", "Ref_Lane": 2, "PostID": "C619AS300409", "Maker": "而⑥", "UpdateDate": "20190620", "Version": "2019", "Remark": "〓⑤낫", "HistType": null, "HistRemark": null }, "geometry": { "type": "Point", "coordinates": [ 127.262080806843414, 36.506613270477928, 59.486593236832313 ] } },
{ "type": "Feature", "properties": { "ID": "B119AS300579", "AdminCode": "413", "Type": "3", "SubType": "399", "LinkID": "A219AS301438", "Ref_Lane": 2, "PostID": "C619AS300411", "Maker": "而⑥", "UpdateDate": "20190620", "Version": "2019", "Remark": "嫄고〓", "HistType": null, "HistRemark": null }, "geometry": { "type": "Point", "coordinates": [ 127.262043306151682, 36.506927727564225, 59.888251571533438 ] } },
{ "type": "Feature", "properties": { "ID": "B119AS300578", "AdminCode": "413", "Type": "3", "SubType": "399", "LinkID": "A219AS301447", "Ref_Lane": 4, "PostID": "C619AS300413", "Maker": "而⑥", "UpdateDate": "20190620", "Version": "2019", "Remark": "嫄곕蹂댄듯援щ", "HistType": null, "HistRemark": null }, "geometry": { "type": "Point", "coordinates": [ 127.261989228575601, 36.507400316260274, 59.899446525052547 ] } },
{ "type": "Feature", "properties": { "ID": "B119AS300577", "AdminCode": "413", "Type": "2", "SubType": "218", "LinkID": "A219AS301426", "Ref_Lane": 5, "PostID": "C619AS300414", "Maker": "而⑥", "UpdateDate": "20190620", "Version": "2019", "Remark": "李⑥＜李④吏", "HistType": null, "HistRemark": null }, "geometry": { "type": "Point", "coordinates": [ 127.261939197112383, 36.507668547198101, 59.72618639929653 ] } },
{ "type": "Feature", "properties": { "ID": "B119AS300576", "AdminCode": "413", "Type": "3", "SubType": "399", "LinkID": "A219AS301448", "Ref_Lane": 5, "PostID": "C619AS300865", "Maker": "而⑥", "UpdateDate": "20190620", "Version": "2019", "Remark": "嫄고〓", "HistType": null, "HistRemark": null }, "geometry": { "type": "Point", "coordinates": [ 127.261792471186183, 36.508354266233574, 60.023724686186263 ] } },
{ "type": "Feature", "properties": { "ID": "B119AS300575", "AdminCode": "413", "Type": "3", "SubType": "311", "LinkID": "A219AS301448", "Ref_Lane": 5, "PostID": "C619AS300601", "Maker": "而⑥", "UpdateDate": "20190620", "Version": "2019", "Remark": "", "HistType": null, "HistRemark": null }, "geometry": { "type": "Point", "coordinates": [ 127.261670254689918, 36.508341490275015, 63.711635307910825 ] } },
{ "type": "Feature", "properties": { "ID": "B119AS300574", "AdminCode": "413", "Type": "3", "SubType": "399", "LinkID": "A219AS302951", "Ref_Lane": 2, "PostID": "C619AS300420", "Maker": "而⑥", "UpdateDate": "20190620", "Version": "2019", "Remark": "嫄고〓", "HistType": null, "HistRemark": null }, "geometry": { "type": "Point", "coordinates": [ 127.26179370629842, 36.508699652419622, 59.942892563398289 ] } },
{ "type": "Feature", "properties": { "ID": "B119AS300573", "AdminCode": "413", "Type": "3", "SubType": "311", "LinkID": "A219AS302951", "Ref_Lane": 2, "PostID": "C619AS300420", "Maker": "而⑥", "UpdateDate": "20190620", "Version": "2019", "Remark": "", "HistType": null, "HistRemark": null }, "geometry": { "type": "Point", "coordinates": [ 127.261820601780983, 36.508629143275854, 62.909284835191293 ] } },
{ "type": "Feature", "properties": { "ID": "B119AS300572", "AdminCode": "413", "Type": "3", "SubType": "329", "LinkID": "A219AS301404", "Ref_Lane": 5, "PostID": "C619AS300602", "Maker": "而⑥", "UpdateDate": "20190620", "Version": "2019", "Remark": "鍮蹂댄몄", "HistType": null, "HistRemark": null }, "geometry": { "type": "Point", "coordinates": [ 127.26140711586541, 36.508768620400176, 63.314955351852717 ] } },
{ "type": "Feature", "properties": { "ID": "B119AS300571", "AdminCode": "413", "Type": "3", "SubType": "399", "LinkID": "A219AS301402", "Ref_Lane": 3, "PostID": "C619AS300603", "Maker": "而⑥", "UpdateDate": "20190620", "Version": "2019", "Remark": "嫄고〓", "HistType": null, "HistRemark": null }, "geometry": { "type": "Point", "coordinates": [ 127.261645225686877, 36.508777408961549, 59.959392187179958 ] } },
{ "type": "Feature", "properties": { "ID": "B119AS300570", "AdminCode": "413", "Type": "3", "SubType": "399", "LinkID": "A219AS301402", "Ref_Lane": 3, "PostID": "C619AS300421", "Maker": "而⑥", "UpdateDate": "20190620", "Version": "2019", "Remark": "嫄곕蹂댄듯援щ", "HistType": null, "HistRemark": null }, "geometry": { "type": "Point", "coordinates": [ 127.261598723399644, 36.508929461906256, 60.547014925373155 ] } },
{ "type": "Feature", "properties": { "ID": "B119AS300569", "AdminCode": "413", "Type": "2", "SubType": "228", "LinkID": "A219AS301401", "Ref_Lane": 3, "PostID": "C619AS300423", "Maker": "而⑥", "UpdateDate": "20190620", "Version": "2019", "Remark": "蹂", "HistType": null, "HistRemark": null }, "geometry": { "type": "Point", "coordinates": [ 127.261506604261314, 36.509180571190015, 60.392607713992767 ] } },
{ "type": "Feature", "properties": { "ID": "B119AS300568", "AdminCode": "413", "Type": "2", "SubType": "218", "LinkID": "A219AS301389", "Ref_Lane": 2, "PostID": "C619AS300425", "Maker": "而⑥", "UpdateDate": "20190620", "Version": "2019", "Remark": "李⑥＜李④吏", "HistType": null, "HistRemark": null }, "geometry": { "type": "Point", "coordinates": [ 127.26126352175018, 36.509657756640024, 60.554202821405298 ] } },
{ "type": "Feature", "properties": { "ID": "B119AS300567", "AdminCode": "413", "Type": "3", "SubType": "323", "LinkID": "A219AS301389", "Ref_Lane": 2, "PostID": "C619AS300426", "Maker": "而⑥", "UpdateDate": "20190620", "Version": "2019", "Remark": "몄몃낫멸뎄", "HistType": null, "HistRemark": null }, "geometry": { "type": "Point", "coordinates": [ 127.261198108168983, 36.509792954350111, 60.845053679035978 ] } },
{ "type": "Feature", "properties": { "ID": "B119AS300566", "AdminCode": "413", "Type": "3", "SubType": "322", "LinkID": "A219AS301389", "Ref_Lane": 2, "PostID": "C619AS300430", "Maker": "而⑥", "UpdateDate": "20190620", "Version": "2019", "Remark": "〓⑤낫", "HistType": null, "HistRemark": null }, "geometry": { "type": "Point", "coordinates": [ 127.260848790427502, 36.510359483292419, 61.526687326265794 ] } },
{ "type": "Feature", "properties": { "ID": "B119AS300565", "AdminCode": "413", "Type": "4", "SubType": "499", "LinkID": "A219AS301389", "Ref_Lane": 2, "PostID": "C619AS300431", "Maker": "而⑥", "UpdateDate": "20190620", "Version": "2019", "Remark": "대┛대낫명댁", "HistType": null, "HistRemark": null }, "geometry": { "type": "Point", "coordinates": [ 127.260683374732082, 36.510602061913801, 62.460547673240576 ] } },
{ "type": "Feature", "properties": { "ID": "B119AS300564", "AdminCode": "413", "Type": "4", "SubType": "499", "LinkID": "A219AS301389", "Ref_Lane": 2, "PostID": "C619AS300431", "Maker": "而⑥", "UpdateDate": "20190620", "Version": "2019", "Remark": "30댁", "HistType": null, "HistRemark": null }, "geometry": { "type": "Point", "coordinates": [ 127.260683184739392, 36.510602238155187, 61.645380072206592 ] } },
{ "type": "Feature", "properties": { "ID": "B119AS300563", "AdminCode": "413", "Type": "3", "SubType": "399", "LinkID": "A219AS301389", "Ref_Lane": 2, "PostID": "C619AS300431", "Maker": "而⑥", "UpdateDate": "20190620", "Version": "2019", "Remark": "嫄고〓", "HistType": null, "HistRemark": null }, "geometry": { "type": "Point", "coordinates": [ 127.260681443387327, 36.510599958876774, 60.85239 ] } },
{ "type": "Feature", "properties": { "ID": "B119AS300562", "AdminCode": "413", "Type": "3", "SubType": "323", "LinkID": "A219AS301389", "Ref_Lane": 2, "PostID": "C619AS300432", "Maker": "而⑥", "UpdateDate": "20190620", "Version": "2019", "Remark": "몄몃낫", "HistType": null, "HistRemark": null }, "geometry": { "type": "Point", "coordinates": [ 127.260598272088032, 36.5107190550426, 60.815752481541374 ] } },
{ "type": "Feature", "properties": { "ID": "B119AS300561", "AdminCode": "413", "Type": "3", "SubType": "399", "LinkID": "A219AS301389", "Ref_Lane": 2, "PostID": "C619AS300435", "Maker": "而⑥", "UpdateDate": "20190620", "Version": "2019", "Remark": "嫄곕蹂댄듯援щ", "HistType": null, "HistRemark": null }, "geometry": { "type": "Point", "coordinates": [ 127.26052074771367, 36.51084341369117, 61.163749697057575 ] } },
{ "type": "Feature", "properties": { "ID": "B119AS300560", "AdminCode": "413", "Type": "3", "SubType": "323", "LinkID": "A219AS301386", "Ref_Lane": 2, "PostID": "C619AS300437", "Maker": "而⑥", "UpdateDate": "20190620", "Version": "2019", "Remark": "몄몃낫", "HistType": null, "HistRemark": null }, "geometry": { "type": "Point", "coordinates": [ 127.260134657686535, 36.511510487383028, 61.099138119221422 ] } },
{ "type": "Feature", "properties": { "ID": "B119AS300559", "AdminCode": "413", "Type": "2", "SubType": "218", "LinkID": "A219AS301387", "Ref_Lane": 3, "PostID": "C619AS300440", "Maker": "而⑥", "UpdateDate": "20190620", "Version": "2019", "Remark": "李⑥＜李④吏", "HistType": null, "HistRemark": null }, "geometry": { "type": "Point", "coordinates": [ 127.259904624592821, 36.512084557003064, 63.360950209946601 ] } },
{ "type": "Feature", "properties": { "ID": "B119AS300558", "AdminCode": "413", "Type": "4", "SubType": "499", "LinkID": "A219AS301387", "Ref_Lane": 3, "PostID": "C619AS300440", "Maker": "而⑥", "UpdateDate": "20190620", "Version": "2019", "Remark": "寃ъ몄", "HistType": null, "HistRemark": null }, "geometry": { "type": "Point", "coordinates": [ 127.259904320849216, 36.512084639807718, 62.772022324302256 ] } },
{ "type": "Feature", "properties": { "ID": "B119AS300557", "AdminCode": "413", "Type": "1", "SubType": "199", "LinkID": "A219AS301387", "Ref_Lane": 3, "PostID": "C619AS300440", "Maker": "而⑥", "UpdateDate": "20190620", "Version": "2019", "Remark": "怨쇱諛⑹", "HistType": null, "HistRemark": null }, "geometry": { "type": "Point", "coordinates": [ 127.259902091097572, 36.512083986721322, 61.804587039937125 ] } },
{ "type": "Feature", "properties": { "ID": "B119AS300556", "AdminCode": "413", "Type": "3", "SubType": "399", "LinkID": "A219AS301387", "Ref_Lane": 3, "PostID": "C619AS300440", "Maker": "而⑥", "UpdateDate": "20190620", "Version": "2019", "Remark": "嫄곕蹂댄듯援щ", "HistType": null, "HistRemark": null }, "geometry": { "type": "Point", "coordinates": [ 127.259903598342945, 36.512089690547633, 62.029956111863164 ] } },
{ "type": "Feature", "properties": { "ID": "B119AS300555", "AdminCode": "413", "Type": "4", "SubType": "499", "LinkID": "A219AS301387", "Ref_Lane": 3, "PostID": "C619AS300442", "Maker": "而⑥", "UpdateDate": "20190620", "Version": "2019", "Remark": "몄몃낫명댁", "HistType": null, "HistRemark": null }, "geometry": { "type": "Point", "coordinates": [ 127.259813812206929, 36.512316478394041, 61.956585159636212 ] } },
{ "type": "Feature", "properties": { "ID": "B119AS300554", "AdminCode": "413", "Type": "3", "SubType": "322", "LinkID": "A219AS301379", "Ref_Lane": 2, "PostID": "C619AS300444", "Maker": "而⑥", "UpdateDate": "20190620", "Version": "2019", "Remark": "〓⑤낫", "HistType": null, "HistRemark": null }, "geometry": { "type": "Point", "coordinates": [ 127.259807836652826, 36.512446856637808, 61.562696167997707 ] } },
{ "type": "Feature", "properties": { "ID": "B119AS300553", "AdminCode": "413", "Type": "3", "SubType": "399", "LinkID": "A219AS301375", "Ref_Lane": 3, "PostID": "C619AS300446", "Maker": "而⑥", "UpdateDate": "20190620", "Version": "2019", "Remark": "嫄고〓", "HistType": null, "HistRemark": null }, "geometry": { "type": "Point", "coordinates": [ 127.259669254700157, 36.512735136481488, 62.033068180065428 ] } },
{ "type": "Feature", "properties": { "ID": "B119AS300552", "AdminCode": "413", "Type": "2", "SubType": "218", "LinkID": "A219AS301375", "Ref_Lane": 3, "PostID": "C619AS300448", "Maker": "而⑥", "UpdateDate": "20190620", "Version": "2019", "Remark": "李⑥＜李④吏", "HistType": null, "HistRemark": null }, "geometry": { "type": "Point", "coordinates": [ 127.25960967642915, 36.512924032687437, 63.161719461302901 ] } },
{ "type": "Feature", "properties": { "ID": "B119AS300551", "AdminCode": "413", "Type": "4", "SubType": "499", "LinkID": "A219AS301375", "Ref_Lane": 3, "PostID": "C619AS300448", "Maker": "而⑥", "UpdateDate": "20190620", "Version": "2019", "Remark": "ш린遺300m", "HistType": null, "HistRemark": null }, "geometry": { "type": "Point", "coordinates": [ 127.259609327588635, 36.512924114291899, 62.743883141671702 ] } },
{ "type": "Feature", "properties": { "ID": "B119AS300550", "AdminCode": "413", "Type": "1", "SubType": "199", "LinkID": "A219AS301375", "Ref_Lane": 3, "PostID": "C619AS300448", "Maker": "而⑥", "UpdateDate": "20190620", "Version": "2019", "Remark": "곗륫李⑤", "HistType": null, "HistRemark": null }, "geometry": { "type": "Point", "coordinates": [ 127.259609078209252, 36.512924084031887, 62.130186047213378 ] } },
{ "type": "Feature", "properties": { "ID": "B119AS300549", "AdminCode": "413", "Type": "3", "SubType": "399", "LinkID": "A219AS301375", "Ref_Lane": 3, "PostID": "C619AS300448", "Maker": "而⑥", "UpdateDate": "20190620", "Version": "2019", "Remark": "嫄곕蹂댄듯援щ", "HistType": null, "HistRemark": null }, "geometry": { "type": "Point", "coordinates": [ 127.259612366341017, 36.512926676101365, 62.377598752598729 ] } },
{ "type": "Feature", "properties": { "ID": "B119AS300548", "AdminCode": "413", "Type": "2", "SubType": "224", "LinkID": "A219AS301375", "Ref_Lane": 3, "PostID": "C619AS300449", "Maker": "而⑥", "UpdateDate": "20190620", "Version": "2019", "Remark": "50", "HistType": null, "HistRemark": null }, "geometry": { "type": "Point", "coordinates": [ 127.259536906387495, 36.513140979689133, 65.297258718184793 ] } },
{ "type": "Feature", "properties": { "ID": "B119AS300547", "AdminCode": "413", "Type": "2", "SubType": "228", "LinkID": "A219AS301376", "Ref_Lane": 1, "PostID": "C619AS300512", "Maker": "而⑥", "UpdateDate": "20190620", "Version": "2019", "Remark": "蹂", "HistType": null, "HistRemark": null }, "geometry": { "type": "Point", "coordinates": [ 127.259514335301489, 36.513266023190191, 62.166723128393983 ] } },
{ "type": "Feature", "properties": { "ID": "B119AS300546", "AdminCode": "413", "Type": "3", "SubType": "314", "LinkID": "A219AS301810", "Ref_Lane": 1, "PostID": "C619AS300513", "Maker": "而⑥", "UpdateDate": "20190620", "Version": "2019", "Remark": "醫痢〓㈃듯", "HistType": null, "HistRemark": null }, "geometry": { "type": "Point", "coordinates": [ 127.259235507244199, 36.513788296066082, 62.071809179298306 ] } },
{ "type": "Feature", "properties": { "ID": "B119AS300545", "AdminCode": "413", "Type": "3", "SubType": "399", "LinkID": "A219AS301374", "Ref_Lane": 2, "PostID": "C619AS300451", "Maker": "而⑥", "UpdateDate": "20190620", "Version": "2019", "Remark": "嫄곕蹂댄듯援щ", "HistType": null, "HistRemark": null }, "geometry": { "type": "Point", "coordinates": [ 127.259380156023369, 36.513886725727744, 62.389762038582198 ] } },
{ "type": "Feature", "properties": { "ID": "B119AS300544", "AdminCode": "413", "Type": "3", "SubType": "399", "LinkID": "A219AS301760", "Ref_Lane": 2, "PostID": "C619AS300452", "Maker": "而⑥", "UpdateDate": "20190620", "Version": "2019", "Remark": "嫄고〓", "HistType": null, "HistRemark": null }, "geometry": { "type": "Point", "coordinates": [ 127.259225872269269, 36.514387866467636, 63.59944759496269 ] } },
{ "type": "Feature", "properties": { "ID": "B119AS300543", "AdminCode": "413", "Type": "2", "SubType": "218", "LinkID": "A219AS301760", "Ref_Lane": 2, "PostID": "C619AS300452", "Maker": "而⑥", "UpdateDate": "20190620", "Version": "2019", "Remark": "李⑥＜李④吏", "HistType": null, "HistRemark": null }, "geometry": { "type": "Point", "coordinates": [ 127.259225416705092, 36.514387639442056, 63.030968844828941 ] } },
{ "type": "Feature", "properties": { "ID": "B119AS300542", "AdminCode": "413", "Type": "4", "SubType": "499", "LinkID": "A219AS301760", "Ref_Lane": 2, "PostID": "C619AS300452", "Maker": "而⑥", "UpdateDate": "20190620", "Version": "2019", "Remark": "08:00~20:00", "HistType": null, "HistRemark": null }, "geometry": { "type": "Point", "coordinates": [ 127.259225181581513, 36.514387628966126, 62.607471252447418 ] } },
{ "type": "Feature", "properties": { "ID": "B119AS300541", "AdminCode": "413", "Type": "2", "SubType": "218", "LinkID": "A219AS301785", "Ref_Lane": 2, "PostID": "C619AS300453", "Maker": "而⑥", "UpdateDate": "20190620", "Version": "2019", "Remark": "李⑥＜李④吏", "HistType": null, "HistRemark": null }, "geometry": { "type": "Point", "coordinates": [ 127.258926613144581, 36.514361227576586, 62.919396661628795 ] } },
{ "type": "Feature", "properties": { "ID": "B119AS300540", "AdminCode": "413", "Type": "3", "SubType": "399", "LinkID": "A219AS301788", "Ref_Lane": 2, "PostID": "C619AS300608", "Maker": "而⑥", "UpdateDate": "20190620", "Version": "2019", "Remark": "嫄고〓", "HistType": null, "HistRemark": null }, "geometry": { "type": "Point", "coordinates": [ 127.258963941776074, 36.514175525609701, 62.707002932842791 ] } },
{ "type": "Feature", "properties": { "ID": "B119AS300539", "AdminCode": "413", "Type": "3", "SubType": "399", "LinkID": "A219AS301788", "Ref_Lane": 2, "PostID": "C619AS300450", "Maker": "而⑥", "UpdateDate": "20190620", "Version": "2019", "Remark": "嫄곕蹂댄듯援щ", "HistType": null, "HistRemark": null }, "geometry": { "type": "Point", "coordinates": [ 127.259100776768989, 36.513577656330369, 62.41125889875277 ] } },
{ "type": "Feature", "properties": { "ID": "B119AS300538", "AdminCode": "413", "Type": "1", "SubType": "199", "LinkID": "A219AS301788", "Ref_Lane": 2, "PostID": "C619AS300447", "Maker": "而⑥", "UpdateDate": "20190620", "Version": "2019", "Remark": "怨쇱諛⑹", "HistType": null, "HistRemark": null }, "geometry": { "type": "Point", "coordinates": [ 127.259298461840601, 36.512809004019481, 62.071470654927445 ] } },
{ "type": "Feature", "properties": { "ID": "B119AS300537", "AdminCode": "413", "Type": "3", "SubType": "322", "LinkID": "A219AS301788", "Ref_Lane": 2, "PostID": "C619AS300445", "Maker": "而⑥", "UpdateDate": "20190620", "Version": "2019", "Remark": "〓⑤낫", "HistType": null, "HistRemark": null }, "geometry": { "type": "Point", "coordinates": [ 127.259333169128567, 36.512645367761202, 61.998644587434555 ] } },
{ "type": "Feature", "properties": { "ID": "B119AS300536", "AdminCode": "413", "Type": "2", "SubType": "224", "LinkID": "A219AS301788", "Ref_Lane": 2, "PostID": "C619AS300610", "Maker": "而⑥", "UpdateDate": "20190620", "Version": "2019", "Remark": "50", "HistType": null, "HistRemark": null }, "geometry": { "type": "Point", "coordinates": [ 127.259533435410589, 36.512278441784851, 64.995171209425607 ] } },
{ "type": "Feature", "properties": { "ID": "B119AS300535", "AdminCode": "413", "Type": "3", "SubType": "399", "LinkID": "A219AS301789", "Ref_Lane": 1, "PostID": "C619AS300443", "Maker": "而⑥", "UpdateDate": "20190620", "Version": "2019", "Remark": "嫄고〓", "HistType": null, "HistRemark": null }, "geometry": { "type": "Point", "coordinates": [ 127.259462981527179, 36.512218484822256, 61.819596309626071 ] } },
{ "type": "Feature", "properties": { "ID": "B119AS300534", "AdminCode": "413", "Type": "2", "SubType": "218", "LinkID": "A219AS301789", "Ref_Lane": 1, "PostID": "C619AS300441", "Maker": "而⑥", "UpdateDate": "20190620", "Version": "2019", "Remark": "李⑥＜李④吏", "HistType": null, "HistRemark": null }, "geometry": { "type": "Point", "coordinates": [ 127.259567054692525, 36.511961143682299, 63.262135328531748 ] } },
{ "type": "Feature", "properties": { "ID": "B119AS300533", "AdminCode": "413", "Type": "4", "SubType": "499", "LinkID": "A219AS301789", "Ref_Lane": 1, "PostID": "C619AS300441", "Maker": "而⑥", "UpdateDate": "20190620", "Version": "2019", "Remark": "寃ъ몄", "HistType": null, "HistRemark": null }, "geometry": { "type": "Point", "coordinates": [ 127.259566903409421, 36.511961321597127, 62.66117091020962 ] } },
{ "type": "Feature", "properties": { "ID": "B119AS300532", "AdminCode": "413", "Type": "3", "SubType": "323", "LinkID": "A219AS301382", "Ref_Lane": 2, "PostID": "C619AS300439", "Maker": "而⑥", "UpdateDate": "20190620", "Version": "2019", "Remark": "몄몃낫멸뎄", "HistType": null, "HistRemark": null }, "geometry": { "type": "Point", "coordinates": [ 127.259677363613349, 36.511778805682781, 61.775329173659486 ] } },
{ "type": "Feature", "properties": { "ID": "B119AS300531", "AdminCode": "413", "Type": "3", "SubType": "323", "LinkID": "A219AS301382", "Ref_Lane": 2, "PostID": "C619AS300438", "Maker": "而⑥", "UpdateDate": "20190620", "Version": "2019", "Remark": "몄몃낫", "HistType": null, "HistRemark": null }, "geometry": { "type": "Point", "coordinates": [ 127.259822344135458, 36.511486090077703, 61.17147466899371 ] } },
{ "type": "Feature", "properties": { "ID": "B119AS300530", "AdminCode": "413", "Type": "3", "SubType": "313", "LinkID": "A219AS301391", "Ref_Lane": 2, "PostID": "C619AS300436", "Maker": "而⑥", "UpdateDate": "20190620", "Version": "2019", "Remark": "곗륫硫댄듯", "HistType": null, "HistRemark": null }, "geometry": { "type": "Point", "coordinates": [ 127.260087164873838, 36.511192021285119, 60.57938859398557 ] } },
{ "type": "Feature", "properties": { "ID": "B119AS300529", "AdminCode": "413", "Type": "2", "SubType": "218", "LinkID": "A219AS301391", "Ref_Lane": 2, "PostID": "C619AS300434", "Maker": "而⑥", "UpdateDate": "20190620", "Version": "2019", "Remark": "李⑥＜李④吏", "HistType": null, "HistRemark": null }, "geometry": { "type": "Point", "coordinates": [ 127.260250071363629, 36.510730343576093, 61.451924994881892 ] } },
{ "type": "Feature", "properties": { "ID": "B119AS300528", "AdminCode": "413", "Type": "3", "SubType": "323", "LinkID": "A219AS301391", "Ref_Lane": 2, "PostID": "C619AS300433", "Maker": "而⑥", "UpdateDate": "20190620", "Version": "2019", "Remark": "몄몃낫", "HistType": null, "HistRemark": null }, "geometry": { "type": "Point", "coordinates": [ 127.260260977962844, 36.5107120625824, 60.777254706374933 ] } },
{ "type": "Feature", "properties": { "ID": "B119AS300527", "AdminCode": "413", "Type": "3", "SubType": "322", "LinkID": "A219AS301391", "Ref_Lane": 2, "PostID": "C619AS300429", "Maker": "而⑥", "UpdateDate": "20190620", "Version": "2019", "Remark": "〓⑤낫", "HistType": null, "HistRemark": null }, "geometry": { "type": "Point", "coordinates": [ 127.260725253417988, 36.510012565967848, 60.692463164837292 ] } },
{ "type": "Feature", "properties": { "ID": "B119AS300526", "AdminCode": "413", "Type": "3", "SubType": "399", "LinkID": "A219AS301391", "Ref_Lane": 2, "PostID": "C619AS300429", "Maker": "而⑥", "UpdateDate": "20190620", "Version": "2019", "Remark": "嫄고〓", "HistType": null, "HistRemark": null }, "geometry": { "type": "Point", "coordinates": [ 127.26072504802876, 36.51001203326846, 61.366334524687893 ] } },
{ "type": "Feature", "properties": { "ID": "B119AS300525", "AdminCode": "413", "Type": "3", "SubType": "399", "LinkID": "A219AS301391", "Ref_Lane": 2, "PostID": "C619AS300428", "Maker": "而⑥", "UpdateDate": "20190620", "Version": "2019", "Remark": "嫄고〓", "HistType": null, "HistRemark": null }, "geometry": { "type": "Point", "coordinates": [ 127.260873099635873, 36.509755761767018, 60.509534218234442 ] } },
{ "type": "Feature", "properties": { "ID": "B119AS300524", "AdminCode": "413", "Type": "4", "SubType": "499", "LinkID": "A219AS301391", "Ref_Lane": 2, "PostID": "C619AS300427", "Maker": "而⑥", "UpdateDate": "20190620", "Version": "2019", "Remark": "몄몃낫명댁", "HistType": null, "HistRemark": null }, "geometry": { "type": "Point", "coordinates": [ 127.260913327310575, 36.509697092652424, 60.710741283517123 ] } },
{ "type": "Feature", "properties": { "ID": "B119AS300523", "AdminCode": "413", "Type": "3", "SubType": "399", "LinkID": "A219AS301391", "Ref_Lane": 2, "PostID": "C619AS300424", "Maker": "而⑥", "UpdateDate": "20190620", "Version": "2019", "Remark": "嫄곕蹂댄듯援щ", "HistType": null, "HistRemark": null }, "geometry": { "type": "Point", "coordinates": [ 127.260979694781938, 36.509559835406719, 60.482291307062063 ] } },
{ "type": "Feature", "properties": { "ID": "B119AS300522", "AdminCode": "413", "Type": "2", "SubType": "218", "LinkID": "A219AS301412", "Ref_Lane": 1, "PostID": "C619AS300422", "Maker": "而⑥", "UpdateDate": "20190620", "Version": "2019", "Remark": "李⑥＜李④吏", "HistType": null, "HistRemark": null }, "geometry": { "type": "Point", "coordinates": [ 127.261197878072039, 36.508959971937628, 61.05994 ] } },
{ "type": "Feature", "properties": { "ID": "B119AS300521", "AdminCode": "413", "Type": "4", "SubType": "499", "LinkID": "A219AS301412", "Ref_Lane": 1, "PostID": "C619AS300422", "Maker": "而⑥", "UpdateDate": "20190620", "Version": "2019", "Remark": "寃ъ몄", "HistType": null, "HistRemark": null }, "geometry": { "type": "Point", "coordinates": [ 127.261198110533059, 36.508959934913072, 60.293671105149258 ] } },
{ "type": "Feature", "properties": { "ID": "B119AS300520", "AdminCode": "413", "Type": "3", "SubType": "399", "LinkID": "A219AS302953", "Ref_Lane": 2, "PostID": "C619AS300510", "Maker": "而⑥", "UpdateDate": "20190620", "Version": "2019", "Remark": "嫄고〓", "HistType": null, "HistRemark": null }, "geometry": { "type": "Point", "coordinates": [ 127.261153845424289, 36.508642741892096, 60.19009 ] } },
{ "type": "Feature", "properties": { "ID": "B119AS300519", "AdminCode": "413", "Type": "3", "SubType": "311", "LinkID": "A219AS302953", "Ref_Lane": 2, "PostID": "C619AS300419", "Maker": "而⑥", "UpdateDate": "20190620", "Version": "2019", "Remark": "", "HistType": null, "HistRemark": null }, "geometry": { "type": "Point", "coordinates": [ 127.261228161194396, 36.508484626192065, 63.18647684452926 ] } },
{ "type": "Feature", "properties": { "ID": "B119AS300518", "AdminCode": "413", "Type": "4", "SubType": "499", "LinkID": "A219AS302953", "Ref_Lane": 2, "PostID": "C619AS300419", "Maker": "而⑥", "UpdateDate": "20190620", "Version": "2019", "Remark": "醫", "HistType": null, "HistRemark": null }, "geometry": { "type": "Point", "coordinates": [ 127.261228169776629, 36.508484585892106, 62.573958310688731 ] } },
{ "type": "Feature", "properties": { "ID": "B119AS300517", "AdminCode": "413", "Type": "3", "SubType": "399", "LinkID": "A219AS302953", "Ref_Lane": 2, "PostID": "C619AS300419", "Maker": "而⑥", "UpdateDate": "20190620", "Version": "2019", "Remark": "嫄고〓", "HistType": null, "HistRemark": null }, "geometry": { "type": "Point", "coordinates": [ 127.261240038164146, 36.508419501960148, 59.951370226133896 ] } },
{ "type": "Feature", "properties": { "ID": "B119AS300516", "AdminCode": "413", "Type": "3", "SubType": "399", "LinkID": "A219AS301440", "Ref_Lane": 1, "PostID": "C619AS300612", "Maker": "而⑥", "UpdateDate": "20190620", "Version": "2019", "Remark": "嫄고〓", "HistType": null, "HistRemark": null }, "geometry": { "type": "Point", "coordinates": [ 127.261414928999272, 36.508323901944905, 59.942704218276184 ] } },
{ "type": "Feature", "properties": { "ID": "B119AS300515", "AdminCode": "413", "Type": "3", "SubType": "399", "LinkID": "A219AS301439", "Ref_Lane": 3, "PostID": "C619AS300418", "Maker": "而⑥", "UpdateDate": "20190620", "Version": "2019", "Remark": "嫄곕蹂댄듯援щ", "HistType": null, "HistRemark": null }, "geometry": { "type": "Point", "coordinates": [ 127.261464970328191, 36.508149033275721, 60.109101725540079 ] } },
{ "type": "Feature", "properties": { "ID": "B119AS300514", "AdminCode": "413", "Type": "2", "SubType": "228", "LinkID": "A219AS301439", "Ref_Lane": 3, "PostID": "C619AS300416", "Maker": "而⑥", "UpdateDate": "20190620", "Version": "2019", "Remark": "蹂", "HistType": null, "HistRemark": null }, "geometry": { "type": "Point", "coordinates": [ 127.261542445998913, 36.507908160769851, 59.947654802456753 ] } },
{ "type": "Feature", "properties": { "ID": "B119AS300513", "AdminCode": "413", "Type": "2", "SubType": "224", "LinkID": "A219AS301441", "Ref_Lane": 2, "PostID": "C619AS300415", "Maker": "而⑥", "UpdateDate": "20190620", "Version": "2019", "Remark": "50", "HistType": null, "HistRemark": null }, "geometry": { "type": "Point", "coordinates": [ 127.261649864367286, 36.507657172233692, 63.045261025844262 ] } },
{ "type": "Feature", "properties": { "ID": "B119AS300512", "AdminCode": "413", "Type": "3", "SubType": "399", "LinkID": "A219AS301441", "Ref_Lane": 2, "PostID": "C619AS300412", "Maker": "而⑥", "UpdateDate": "20190620", "Version": "2019", "Remark": "嫄고〓", "HistType": null, "HistRemark": null }, "geometry": { "type": "Point", "coordinates": [ 127.261673580354312, 36.506946095445819, 60.416655243021864 ] } },
{ "type": "Feature", "properties": { "ID": "B119AS300511", "AdminCode": "413", "Type": "3", "SubType": "322", "LinkID": "A219AS301441", "Ref_Lane": 2, "PostID": "C619AS300412", "Maker": "而⑥", "UpdateDate": "20190620", "Version": "2019", "Remark": "〓⑤낫", "HistType": null, "HistRemark": null }, "geometry": { "type": "Point", "coordinates": [ 127.261673543935586, 36.50694621145982, 59.689140072206492 ] } },
{ "type": "Feature", "properties": { "ID": "B119AS300510", "AdminCode": "413", "Type": "3", "SubType": "399", "LinkID": "A219AS301441", "Ref_Lane": 2, "PostID": "C619AS300410", "Maker": "而⑥", "UpdateDate": "20190620", "Version": "2019", "Remark": "嫄고〓", "HistType": null, "HistRemark": null }, "geometry": { "type": "Point", "coordinates": [ 127.261708707361038, 36.506745760962758, 59.908189513956238 ] } },
{ "type": "Feature", "properties": { "ID": "B119AS300509", "AdminCode": "413", "Type": "3", "SubType": "399", "LinkID": "A219AS301441", "Ref_Lane": 2, "PostID": "C619AS300408", "Maker": "而⑥", "UpdateDate": "20190620", "Version": "2019", "Remark": "嫄곕蹂댄듯援щ", "HistType": null, "HistRemark": null }, "geometry": { "type": "Point", "coordinates": [ 127.261649692472176, 36.505986895156802, 59.913242009132425 ] } },
{ "type": "Feature", "properties": { "ID": "B119AS300508", "AdminCode": "413", "Type": "2", "SubType": "218", "LinkID": "A219AS301460", "Ref_Lane": 2, "PostID": "C619AS300406", "Maker": "而⑥", "UpdateDate": "20190620", "Version": "2019", "Remark": "李⑥＜李④吏", "HistType": null, "HistRemark": null }, "geometry": { "type": "Point", "coordinates": [ 127.26161051714567, 36.50577362120606, 59.034386823222427 ] } },
{ "type": "Feature", "properties": { "ID": "B119AS300507", "AdminCode": "413", "Type": "3", "SubType": "314", "LinkID": "A219AS301465", "Ref_Lane": 1, "PostID": "C619AS300403", "Maker": "而⑥", "UpdateDate": "20190620", "Version": "2019", "Remark": "醫痢〓㈃듯", "HistType": null, "HistRemark": null }, "geometry": { "type": "Point", "coordinates": [ 127.261589124405972, 36.505259517171389, 58.593248266844419 ] } },
{ "type": "Feature", "properties": { "ID": "B119AS300506", "AdminCode": "413", "Type": "3", "SubType": "399", "LinkID": "A219AS301460", "Ref_Lane": 2, "PostID": "C619AS300613", "Maker": "而⑥", "UpdateDate": "20190620", "Version": "2019", "Remark": "嫄고〓", "HistType": null, "HistRemark": null }, "geometry": { "type": "Point", "coordinates": [ 127.26130915013033, 36.504893605876667, 59.2214 ] } },
{ "type": "Feature", "properties": { "ID": "B119AS300505", "AdminCode": "413", "Type": "3", "SubType": "399", "LinkID": "A219AS302948", "Ref_Lane": 2, "PostID": "C619AS300401", "Maker": "而⑥", "UpdateDate": "20190620", "Version": "2019", "Remark": "嫄고〓", "HistType": null, "HistRemark": null }, "geometry": { "type": "Point", "coordinates": [ 127.261217180914045, 36.504776178329188, 58.740437180892492 ] } },
{ "type": "Feature", "properties": { "ID": "B119AS300504", "AdminCode": "413", "Type": "3", "SubType": "399", "LinkID": "A219AS301370", "Ref_Lane": 1, "PostID": "C619AS300616", "Maker": "而⑥", "UpdateDate": "20190620", "Version": "2019", "Remark": "嫄고〓", "HistType": null, "HistRemark": null }, "geometry": { "type": "Point", "coordinates": [ 127.259182867979021, 36.514647420462225, 62.995927332675492 ] } },
{ "type": "Feature", "properties": { "ID": "B119AS300503", "AdminCode": "413", "Type": "3", "SubType": "313", "LinkID": "A219AS301365", "Ref_Lane": 2, "PostID": "C619AS300456", "Maker": "而⑥", "UpdateDate": "20190620", "Version": "2019", "Remark": "곗륫硫댄듯", "HistType": null, "HistRemark": null }, "geometry": { "type": "Point", "coordinates": [ 127.259024147752214, 36.515286687576506, 62.644551852466932 ] } },
{ "type": "Feature", "properties": { "ID": "B119AS300502", "AdminCode": "413", "Type": "3", "SubType": "399", "LinkID": "A219AS301364", "Ref_Lane": 2, "PostID": "C619AS300459", "Maker": "而⑥", "UpdateDate": "20190620", "Version": "2019", "Remark": "嫄곕蹂댄듯援щ", "HistType": null, "HistRemark": null }, "geometry": { "type": "Point", "coordinates": [ 127.259098860098391, 36.515889848174623, 64.14915 ] } },
{ "type": "Feature", "properties": { "ID": "B119AS300501", "AdminCode": "413", "Type": "3", "SubType": "322", "LinkID": "A219AS301364", "Ref_Lane": 2, "PostID": "C619AS300462", "Maker": "而⑥", "UpdateDate": "20190620", "Version": "2019", "Remark": "〓⑤낫", "HistType": null, "HistRemark": null }, "geometry": { "type": "Point", "coordinates": [ 127.259114846901625, 36.51601726410577, 64.693136109375601 ] } },
{ "type": "Feature", "properties": { "ID": "B119AS300500", "AdminCode": "413", "Type": "3", "SubType": "399", "LinkID": "A219AS301364", "Ref_Lane": 2, "PostID": "C619AS300462", "Maker": "而⑥", "UpdateDate": "20190620", "Version": "2019", "Remark": "嫄고〓", "HistType": null, "HistRemark": null }, "geometry": { "type": "Point", "coordinates": [ 127.259114837513366, 36.516017299664583, 64.002695367890283 ] } },
{ "type": "Feature", "properties": { "ID": "B119AS300499", "AdminCode": "413", "Type": "3", "SubType": "322", "LinkID": "A219AS301364", "Ref_Lane": 2, "PostID": "C619AS300463", "Maker": "而⑥", "UpdateDate": "20190620", "Version": "2019", "Remark": "〓⑤낫", "HistType": null, "HistRemark": null }, "geometry": { "type": "Point", "coordinates": [ 127.259110526005315, 36.516292037734964, 65.212861047965802 ] } },
{ "type": "Feature", "properties": { "ID": "B119AS300498", "AdminCode": "413", "Type": "3", "SubType": "399", "LinkID": "A219AS301364", "Ref_Lane": 2, "PostID": "C619AS300463", "Maker": "而⑥", "UpdateDate": "20190620", "Version": "2019", "Remark": "嫄고〓", "HistType": null, "HistRemark": null }, "geometry": { "type": "Point", "coordinates": [ 127.259110316005859, 36.51629168888784, 64.525005120457124 ] } },
{ "type": "Feature", "properties": { "ID": "B119AS300497", "AdminCode": "413", "Type": "2", "SubType": "224", "LinkID": "A219AS301364", "Ref_Lane": 2, "PostID": "C619AS300464", "Maker": "而⑥", "UpdateDate": "20190620", "Version": "2019", "Remark": "50", "HistType": null, "HistRemark": null }, "geometry": { "type": "Point", "coordinates": [ 127.25908790312333, 36.516485541124581, 64.775627540930657 ] } },
{ "type": "Feature", "properties": { "ID": "B119AS300496", "AdminCode": "413", "Type": "2", "SubType": "218", "LinkID": "A219AS301364", "Ref_Lane": 2, "PostID": "C619AS300468", "Maker": "而⑥", "UpdateDate": "20190620", "Version": "2019", "Remark": "李⑥＜李④吏", "HistType": null, "HistRemark": null }, "geometry": { "type": "Point", "coordinates": [ 127.259099768217993, 36.517013811117202, 65.476083355063892 ] } },
{ "type": "Feature", "properties": { "ID": "B119AS300495", "AdminCode": "413", "Type": "3", "SubType": "399", "LinkID": "A219AS301355", "Ref_Lane": 4, "PostID": "C619AS300469", "Maker": "而⑥", "UpdateDate": "20190620", "Version": "2019", "Remark": "嫄곕蹂댄듯援щ", "HistType": null, "HistRemark": null }, "geometry": { "type": "Point", "coordinates": [ 127.259173129259892, 36.517540405862896, 65.671497142371592 ] } },
{ "type": "Feature", "properties": { "ID": "B119AS300494", "AdminCode": "413", "Type": "3", "SubType": "311", "LinkID": "A219AS301340", "Ref_Lane": 1, "PostID": "C619AS300868", "Maker": "而⑥", "UpdateDate": "20190620", "Version": "2019", "Remark": "", "HistType": null, "HistRemark": null }, "geometry": { "type": "Point", "coordinates": [ 127.259009271330925, 36.517620293152746, 65.942091051845608 ] } },
{ "type": "Feature", "properties": { "ID": "B119AS300493", "AdminCode": "413", "Type": "4", "SubType": "499", "LinkID": "A219AS301340", "Ref_Lane": 1, "PostID": "C619AS300868", "Maker": "而⑥", "UpdateDate": "20190620", "Version": "2019", "Remark": "蹂댄諛", "HistType": null, "HistRemark": null }, "geometry": { "type": "Point", "coordinates": [ 127.259009420697538, 36.517620332229164, 65.555862151132288 ] } },
{ "type": "Feature", "properties": { "ID": "B119AS300492", "AdminCode": "413", "Type": "4", "SubType": "499", "LinkID": "A219AS301340", "Ref_Lane": 1, "PostID": "C619AS300868", "Maker": "而⑥", "UpdateDate": "20190620", "Version": "2019", "Remark": "醫", "HistType": null, "HistRemark": null }, "geometry": { "type": "Point", "coordinates": [ 127.259009447462802, 36.51762066468762, 65.325836565037747 ] } },
{ "type": "Feature", "properties": { "ID": "B119AS300491", "AdminCode": "413", "Type": "3", "SubType": "311", "LinkID": "A219AS301355", "Ref_Lane": 4, "PostID": "C619AS300617", "Maker": "而⑥", "UpdateDate": "20190620", "Version": "2019", "Remark": "", "HistType": null, "HistRemark": null }, "geometry": { "type": "Point", "coordinates": [ 127.259139496408864, 36.517788351044011, 69.231826963997406 ] } },
{ "type": "Feature", "properties": { "ID": "B119AS300490", "AdminCode": "413", "Type": "4", "SubType": "499", "LinkID": "A219AS301355", "Ref_Lane": 4, "PostID": "C619AS300617", "Maker": "而⑥", "UpdateDate": "20190620", "Version": "2019", "Remark": "蹂댄諛醫", "HistType": null, "HistRemark": null }, "geometry": { "type": "Point", "coordinates": [ 127.259138058900305, 36.517788398009792, 68.651994301780576 ] } },
{ "type": "Feature", "properties": { "ID": "B119AS300489", "AdminCode": "413", "Type": "3", "SubType": "399", "LinkID": "A219AS301355", "Ref_Lane": 4, "PostID": "C619AS300617", "Maker": "而⑥", "UpdateDate": "20190620", "Version": "2019", "Remark": "嫄고〓", "HistType": null, "HistRemark": null }, "geometry": { "type": "Point", "coordinates": [ 127.259228198515714, 36.517777321225992, 65.831950863796834 ] } },
{ "type": "Feature", "properties": { "ID": "B119AS300488", "AdminCode": "413", "Type": "3", "SubType": "399", "LinkID": "A219AS301355", "Ref_Lane": 4, "PostID": "C619AS300617", "Maker": "而⑥", "UpdateDate": "20190620", "Version": "2019", "Remark": "嫄고〓", "HistType": null, "HistRemark": null }, "geometry": { "type": "Point", "coordinates": [ 127.259230376223769, 36.517778067158773, 66.315662990500726 ] } },
{ "type": "Feature", "properties": { "ID": "B119AS300487", "AdminCode": "413", "Type": "3", "SubType": "399", "LinkID": "A219AS301822", "Ref_Lane": 3, "PostID": "C619AS300471", "Maker": "而⑥", "UpdateDate": "20190620", "Version": "2019", "Remark": "嫄고〓", "HistType": null, "HistRemark": null }, "geometry": { "type": "Point", "coordinates": [ 127.259256025859798, 36.518033411300571, 66.795769037536019 ] } },
{ "type": "Feature", "properties": { "ID": "B119AS300486", "AdminCode": "413", "Type": "3", "SubType": "399", "LinkID": "A219AS301822", "Ref_Lane": 3, "PostID": "C619AS300471", "Maker": "而⑥", "UpdateDate": "20190620", "Version": "2019", "Remark": "嫄고〓", "HistType": null, "HistRemark": null }, "geometry": { "type": "Point", "coordinates": [ 127.259255119710204, 36.518038605667741, 65.902173524172511 ] } },
{ "type": "Feature", "properties": { "ID": "B119AS300485", "AdminCode": "413", "Type": "2", "SubType": "218", "LinkID": "A219AS301321", "Ref_Lane": 3, "PostID": "C619AS300473", "Maker": "而⑥", "UpdateDate": "20190620", "Version": "2019", "Remark": "李⑥＜李④吏", "HistType": null, "HistRemark": null }, "geometry": { "type": "Point", "coordinates": [ 127.259264869572718, 36.518448675880869, 66.63054 ] } },
{ "type": "Feature", "properties": { "ID": "B119AS300484", "AdminCode": "413", "Type": "2", "SubType": "228", "LinkID": "A219AS301316", "Ref_Lane": 2, "PostID": "C619AS300475", "Maker": "而⑥", "UpdateDate": "20190620", "Version": "2019", "Remark": "蹂", "HistType": null, "HistRemark": null }, "geometry": { "type": "Point", "coordinates": [ 127.259271034573914, 36.518714773102445, 66.978503858834557 ] } },
{ "type": "Feature", "properties": { "ID": "B119AS300483", "AdminCode": "413", "Type": "2", "SubType": "224", "LinkID": "A219AS301315", "Ref_Lane": 2, "PostID": "C619AS300490", "Maker": "而⑥", "UpdateDate": "20190620", "Version": "2019", "Remark": "50", "HistType": null, "HistRemark": null }, "geometry": { "type": "Point", "coordinates": [ 127.259358672827034, 36.519247157930089, 67.417734387329176 ] } },
{ "type": "Feature", "properties": { "ID": "B119AS300482", "AdminCode": "413", "Type": "3", "SubType": "399", "LinkID": "A219AS301305", "Ref_Lane": 2, "PostID": "C619AS300477", "Maker": "而⑥", "UpdateDate": "20190620", "Version": "2019", "Remark": "嫄곕蹂댄듯援щ", "HistType": null, "HistRemark": null }, "geometry": { "type": "Point", "coordinates": [ 127.259677116003246, 36.520838436979879, 68.294520124562851 ] } },
{ "type": "Feature", "properties": { "ID": "B119AS300481", "AdminCode": "413", "Type": "3", "SubType": "399", "LinkID": "A219AS301297", "Ref_Lane": 2, "PostID": "C619AS300479", "Maker": "而⑥", "UpdateDate": "20190620", "Version": "2019", "Remark": "嫄곕蹂댄듯援щ", "HistType": null, "HistRemark": null }, "geometry": { "type": "Point", "coordinates": [ 127.260413342461845, 36.522940096595988, 70.987347057207401 ] } },
{ "type": "Feature", "properties": { "ID": "B119AS300480", "AdminCode": "413", "Type": "2", "SubType": "218", "LinkID": "A219AS301289", "Ref_Lane": 3, "PostID": "C619AS300481", "Maker": "而⑥", "UpdateDate": "20190620", "Version": "2019", "Remark": "李⑥＜李④吏", "HistType": null, "HistRemark": null }, "geometry": { "type": "Point", "coordinates": [ 127.260991043139924, 36.524205352455319, 72.936493077631269 ] } },
{ "type": "Feature", "properties": { "ID": "B119AS300479", "AdminCode": "413", "Type": "3", "SubType": "399", "LinkID": "A219AS301286", "Ref_Lane": 4, "PostID": "C619AS300484", "Maker": "而⑥", "UpdateDate": "20190620", "Version": "2019", "Remark": "嫄곕蹂댄듯援щ", "HistType": null, "HistRemark": null }, "geometry": { "type": "Point", "coordinates": [ 127.261275524482372, 36.524684647550529, 72.836448730060297 ] } },
{ "type": "Feature", "properties": { "ID": "B119AS300478", "AdminCode": "413", "Type": "4", "SubType": "499", "LinkID": "A219AS301269", "Ref_Lane": 1, "PostID": "C619AS300486", "Maker": "而⑥", "UpdateDate": "20190620", "Version": "2019", "Remark": "醫", "HistType": null, "HistRemark": null }, "geometry": { "type": "Point", "coordinates": [ 127.261259708352725, 36.524948042615463, 72.541008479146342 ] } },
{ "type": "Feature", "properties": { "ID": "B119AS300477", "AdminCode": "413", "Type": "3", "SubType": "399", "LinkID": "A219AS301287", "Ref_Lane": 4, "PostID": "C619AS300618", "Maker": "而⑥", "UpdateDate": "20190620", "Version": "2019", "Remark": "嫄고〓", "HistType": null, "HistRemark": null }, "geometry": { "type": "Point", "coordinates": [ 127.261464976130185, 36.524986352944936, 72.726976851566519 ] } },
{ "type": "Feature", "properties": { "ID": "B119AS300476", "AdminCode": "413", "Type": "3", "SubType": "399", "LinkID": "A219AS301287", "Ref_Lane": 4, "PostID": "C619AS300619", "Maker": "而⑥", "UpdateDate": "20190620", "Version": "2019", "Remark": "嫄고〓", "HistType": null, "HistRemark": null }, "geometry": { "type": "Point", "coordinates": [ 127.261567933827479, 36.525074096908078, 72.631857943026205 ] } },
{ "type": "Feature", "properties": { "ID": "B119AS300475", "AdminCode": "413", "Type": "3", "SubType": "399", "LinkID": "A219AS301253", "Ref_Lane": 3, "PostID": "C619AS300620", "Maker": "而⑥", "UpdateDate": "20190620", "Version": "2019", "Remark": "嫄고〓", "HistType": null, "HistRemark": null }, "geometry": { "type": "Point", "coordinates": [ 127.261749324878537, 36.525340853873068, 72.389734955523167 ] } },
{ "type": "Feature", "properties": { "ID": "B119AS300474", "AdminCode": "413", "Type": "3", "SubType": "399", "LinkID": "A219AS301252", "Ref_Lane": 3, "PostID": "C619AS300016", "Maker": "而⑥", "UpdateDate": "20190620", "Version": "2019", "Remark": "嫄곕蹂댄듯援щ", "HistType": null, "HistRemark": null }, "geometry": { "type": "Point", "coordinates": [ 127.261907689174166, 36.525681936567864, 72.458080846013814 ] } },
{ "type": "Feature", "properties": { "ID": "B119AS300473", "AdminCode": "413", "Type": "2", "SubType": "228", "LinkID": "A219AS301252", "Ref_Lane": 3, "PostID": "C619AS300012", "Maker": "而⑥", "UpdateDate": "20190620", "Version": "2019", "Remark": "蹂", "HistType": null, "HistRemark": null }, "geometry": { "type": "Point", "coordinates": [ 127.262032442600031, 36.525893139637269, 72.642949761253107 ] } },
{ "type": "Feature", "properties": { "ID": "B119AS300472", "AdminCode": "413", "Type": "2", "SubType": "224", "LinkID": "A219AS301236", "Ref_Lane": 2, "PostID": "C619AS300013", "Maker": "而⑥", "UpdateDate": "20190620", "Version": "2019", "Remark": "50", "HistType": null, "HistRemark": null }, "geometry": { "type": "Point", "coordinates": [ 127.262136909297325, 36.52612022931644, 73.248221583659515 ] } },
{ "type": "Feature", "properties": { "ID": "B119AS300471", "AdminCode": "413", "Type": "3", "SubType": "399", "LinkID": "A219AS301235", "Ref_Lane": 2, "PostID": "C619AS300018", "Maker": "而⑥", "UpdateDate": "20190620", "Version": "2019", "Remark": "嫄곕蹂댄듯援щ", "HistType": null, "HistRemark": null }, "geometry": { "type": "Point", "coordinates": [ 127.262819999575029, 36.527161705804112, 77.884476310633687 ] } },
{ "type": "Feature", "properties": { "ID": "B119AS300470", "AdminCode": "413", "Type": "2", "SubType": "218", "LinkID": "A219AS301235", "Ref_Lane": 2, "PostID": "C619AS300020", "Maker": "而⑥", "UpdateDate": "20190620", "Version": "2019", "Remark": "李⑥＜李④吏", "HistType": null, "HistRemark": null }, "geometry": { "type": "Point", "coordinates": [ 127.26305722436922, 36.527500747598658, 79.902740083839689 ] } },
{ "type": "Feature", "properties": { "ID": "B119AS300469", "AdminCode": "413", "Type": "2", "SubType": "224", "LinkID": "A219AS301235", "Ref_Lane": 2, "PostID": "C619AS300022", "Maker": "而⑥", "UpdateDate": "20190620", "Version": "2019", "Remark": "50", "HistType": null, "HistRemark": null }, "geometry": { "type": "Point", "coordinates": [ 127.263560821924443, 36.528115378495883, 83.242806799890346 ] } },
{ "type": "Feature", "properties": { "ID": "B119AS300468", "AdminCode": "413", "Type": "3", "SubType": "314", "LinkID": "A219AS301242", "Ref_Lane": 1, "PostID": "C619AS300024", "Maker": "而⑥", "UpdateDate": "20190620", "Version": "2019", "Remark": "醫痢〓㈃듯", "HistType": null, "HistRemark": null }, "geometry": { "type": "Point", "coordinates": [ 127.263786387041193, 36.528539834849447, 84.255433531874701 ] } },
{ "type": "Feature", "properties": { "ID": "B119AS300467", "AdminCode": "413", "Type": "3", "SubType": "313", "LinkID": "A219AS301235", "Ref_Lane": 2, "PostID": "C619AS300025", "Maker": "而⑥", "UpdateDate": "20190620", "Version": "2019", "Remark": "곗륫硫댄듯", "HistType": null, "HistRemark": null }, "geometry": { "type": "Point", "coordinates": [ 127.263800585747958, 36.528535600229091, 84.857614794957769 ] } },
{ "type": "Feature", "properties": { "ID": "B119AS300466", "AdminCode": "413", "Type": "3", "SubType": "399", "LinkID": "A219AS301235", "Ref_Lane": 2, "PostID": "C619AS300621", "Maker": "而⑥", "UpdateDate": "20190620", "Version": "2019", "Remark": "嫄고〓", "HistType": null, "HistRemark": null }, "geometry": { "type": "Point", "coordinates": [ 127.264210368850527, 36.528820300866911, 88.242629906980056 ] } },
{ "type": "Feature", "properties": { "ID": "B119AS300465", "AdminCode": "413", "Type": "3", "SubType": "399", "LinkID": "A219AS301223", "Ref_Lane": 2, "PostID": "C619AS300623", "Maker": "而⑥", "UpdateDate": "20190620", "Version": "2019", "Remark": "嫄고〓", "HistType": null, "HistRemark": null }, "geometry": { "type": "Point", "coordinates": [ 127.264675311805249, 36.529269219734658, 89.454139715208285 ] } },
{ "type": "Feature", "properties": { "ID": "B119AS300464", "AdminCode": "413", "Type": "3", "SubType": "399", "LinkID": "A219AS301223", "Ref_Lane": 2, "PostID": "C619AS300028", "Maker": "而⑥", "UpdateDate": "20190620", "Version": "2019", "Remark": "嫄곕蹂댄듯援щ", "HistType": null, "HistRemark": null }, "geometry": { "type": "Point", "coordinates": [ 127.265053089683704, 36.529596465846097, 91.546237172177925 ] } },
{ "type": "Feature", "properties": { "ID": "B119AS300463", "AdminCode": "413", "Type": "2", "SubType": "218", "LinkID": "A219AS301223", "Ref_Lane": 2, "PostID": "C619AS300031", "Maker": "而⑥", "UpdateDate": "20190620", "Version": "2019", "Remark": "李⑥＜李④吏", "HistType": null, "HistRemark": null }, "geometry": { "type": "Point", "coordinates": [ 127.265443504611838, 36.529927796829526, 93.715383676524581 ] } },
{ "type": "Feature", "properties": { "ID": "B119AS300462", "AdminCode": "413", "Type": "3", "SubType": "399", "LinkID": "A219AS301222", "Ref_Lane": 4, "PostID": "C619AS300635", "Maker": "而⑥", "UpdateDate": "20190620", "Version": "2019", "Remark": "嫄고〓", "HistType": null, "HistRemark": null }, "geometry": { "type": "Point", "coordinates": [ 127.266351488706931, 36.530531007710962, 97.905113556062474 ] } },
{ "type": "Feature", "properties": { "ID": "B119AS300461", "AdminCode": "413", "Type": "3", "SubType": "399", "LinkID": "A219AS301230", "Ref_Lane": 3, "PostID": "C619AS300667", "Maker": "而⑥", "UpdateDate": "20190620", "Version": "2019", "Remark": "嫄고〓", "HistType": null, "HistRemark": null }, "geometry": { "type": "Point", "coordinates": [ 127.265971258122164, 36.530692546693849, 97.37475816635552 ] } },
{ "type": "Feature", "properties": { "ID": "B119AS300460", "AdminCode": "413", "Type": "2", "SubType": "228", "LinkID": "A219AS301230", "Ref_Lane": 3, "PostID": "C619AS300032", "Maker": "而⑥", "UpdateDate": "20190620", "Version": "2019", "Remark": "蹂", "HistType": null, "HistRemark": null }, "geometry": { "type": "Point", "coordinates": [ 127.265607719802304, 36.530426043525488, 95.645698350576595 ] } },
{ "type": "Feature", "properties": { "ID": "B119AS300459", "AdminCode": "413", "Type": "3", "SubType": "314", "LinkID": "A219AS301805", "Ref_Lane": 1, "PostID": "C619AS300030", "Maker": "而⑥", "UpdateDate": "20190620", "Version": "2019", "Remark": "醫痢〓㈃듯", "HistType": null, "HistRemark": null }, "geometry": { "type": "Point", "coordinates": [ 127.265171406327909, 36.529934828339357, 92.229172724098646 ] } },
{ "type": "Feature", "properties": { "ID": "B119AS300458", "AdminCode": "413", "Type": "3", "SubType": "313", "LinkID": "A219AS301229", "Ref_Lane": 2, "PostID": "C619AS300029", "Maker": "而⑥", "UpdateDate": "20190620", "Version": "2019", "Remark": "곗륫硫댄듯", "HistType": null, "HistRemark": null }, "geometry": { "type": "Point", "coordinates": [ 127.265162446534077, 36.529933609330548, 92.773141649423522 ] } },
{ "type": "Feature", "properties": { "ID": "B119AS300457", "AdminCode": "413", "Type": "3", "SubType": "399", "LinkID": "A219AS301229", "Ref_Lane": 2, "PostID": "C619AS300027", "Maker": "而⑥", "UpdateDate": "20190620", "Version": "2019", "Remark": "嫄곕蹂댄듯援щ", "HistType": null, "HistRemark": null }, "geometry": { "type": "Point", "coordinates": [ 127.26458748479719, 36.529607023547307, 90.219513677093985 ] } },
{ "type": "Feature", "properties": { "ID": "B119AS300456", "AdminCode": "413", "Type": "3", "SubType": "399", "LinkID": "A219AS301229", "Ref_Lane": 2, "PostID": "C619AS300626", "Maker": "而⑥", "UpdateDate": "20190620", "Version": "2019", "Remark": "嫄고〓", "HistType": null, "HistRemark": null }, "geometry": { "type": "Point", "coordinates": [ 127.264433769101146, 36.529415980412821, 89.337556126404905 ] } },
{ "type": "Feature", "properties": { "ID": "B119AS300455", "AdminCode": "413", "Type": "3", "SubType": "399", "LinkID": "A219AS301239", "Ref_Lane": 2, "PostID": "C619AS300628", "Maker": "而⑥", "UpdateDate": "20190620", "Version": "2019", "Remark": "嫄고〓", "HistType": null, "HistRemark": null }, "geometry": { "type": "Point", "coordinates": [ 127.26396807928954, 36.528962391849426, 87.042356524789355 ] } },
{ "type": "Feature", "properties": { "ID": "B119AS300454", "AdminCode": "413", "Type": "2", "SubType": "218", "LinkID": "A219AS301239", "Ref_Lane": 2, "PostID": "C619AS300488", "Maker": "而⑥", "UpdateDate": "20190620", "Version": "2019", "Remark": "李⑥＜李④吏", "HistType": null, "HistRemark": null }, "geometry": { "type": "Point", "coordinates": [ 127.263797396120381, 36.528793631911341, 85.997272650343788 ] } },
{ "type": "Feature", "properties": { "ID": "B119AS300453", "AdminCode": "413", "Type": "3", "SubType": "313", "LinkID": "A219AS301239", "Ref_Lane": 2, "PostID": "C619AS300026", "Maker": "而⑥", "UpdateDate": "20190620", "Version": "2019", "Remark": "곗륫硫댄듯", "HistType": null, "HistRemark": null }, "geometry": { "type": "Point", "coordinates": [ 127.263499252377486, 36.528339811238418, 83.391999743878927 ] } },
{ "type": "Feature", "properties": { "ID": "B119AS300452", "AdminCode": "413", "Type": "2", "SubType": "224", "LinkID": "A219AS301239", "Ref_Lane": 2, "PostID": "C619AS300021", "Maker": "而⑥", "UpdateDate": "20190620", "Version": "2019", "Remark": "50", "HistType": null, "HistRemark": null }, "geometry": { "type": "Point", "coordinates": [ 127.262942990843499, 36.527805188797757, 80.730622202772764 ] } },
{ "type": "Feature", "properties": { "ID": "B119AS300451", "AdminCode": "413", "Type": "3", "SubType": "399", "LinkID": "A219AS301239", "Ref_Lane": 2, "PostID": "C619AS300019", "Maker": "而⑥", "UpdateDate": "20190620", "Version": "2019", "Remark": "嫄곕蹂댄듯援щ", "HistType": null, "HistRemark": null }, "geometry": { "type": "Point", "coordinates": [ 127.262669183189146, 36.527460106573962, 78.536136177958682 ] } },
{ "type": "Feature", "properties": { "ID": "B119AS300450", "AdminCode": "413", "Type": "2", "SubType": "224", "LinkID": "A219AS301240", "Ref_Lane": 2, "PostID": "C619AS300017", "Maker": "而⑥", "UpdateDate": "20190620", "Version": "2019", "Remark": "50", "HistType": null, "HistRemark": null }, "geometry": { "type": "Point", "coordinates": [ 127.262436339801923, 36.527118564182246, 77.549956779013513 ] } },
{ "type": "Feature", "properties": { "ID": "B119AS300449", "AdminCode": "413", "Type": "2", "SubType": "218", "LinkID": "A219AS301264", "Ref_Lane": 2, "PostID": "C619AS300015", "Maker": "而⑥", "UpdateDate": "20190620", "Version": "2019", "Remark": "李⑥＜李④吏", "HistType": null, "HistRemark": null }, "geometry": { "type": "Point", "coordinates": [ 127.261738357360358, 36.526020267006608, 72.764243462471157 ] } },
{ "type": "Feature", "properties": { "ID": "B119AS300448", "AdminCode": "413", "Type": "3", "SubType": "399", "LinkID": "A219AS301256", "Ref_Lane": 4, "PostID": "C619AS300014", "Maker": "而⑥", "UpdateDate": "20190620", "Version": "2019", "Remark": "嫄곕蹂댄듯援щ", "HistType": null, "HistRemark": null }, "geometry": { "type": "Point", "coordinates": [ 127.261565065395416, 36.525818590923357, 72.389406690081316 ] } },
{ "type": "Feature", "properties": { "ID": "B119AS300447", "AdminCode": "413", "Type": "3", "SubType": "311", "LinkID": "A219AS301257", "Ref_Lane": 4, "PostID": "C619AS300489", "Maker": "而⑥", "UpdateDate": "20190620", "Version": "2019", "Remark": "", "HistType": null, "HistRemark": null }, "geometry": { "type": "Point", "coordinates": [ 127.261598904746322, 36.525563588108994, 72.535127916529873 ] } },
{ "type": "Feature", "properties": { "ID": "B119AS300446", "AdminCode": "413", "Type": "4", "SubType": "499", "LinkID": "A219AS301257", "Ref_Lane": 4, "PostID": "C619AS300489", "Maker": "而⑥", "UpdateDate": "20190620", "Version": "2019", "Remark": "醫", "HistType": null, "HistRemark": null }, "geometry": { "type": "Point", "coordinates": [ 127.261598835984429, 36.525563614809862, 72.209406690081295 ] } },
{ "type": "Feature", "properties": { "ID": "B119AS300445", "AdminCode": "413", "Type": "3", "SubType": "399", "LinkID": "A219AS301257", "Ref_Lane": 4, "PostID": "C619AS300629", "Maker": "而⑥", "UpdateDate": "20190620", "Version": "2019", "Remark": "嫄고〓", "HistType": null, "HistRemark": null }, "geometry": { "type": "Point", "coordinates": [ 127.261401061746128, 36.525536640733208, 73.018527113955244 ] } },
{ "type": "Feature", "properties": { "ID": "B119AS300444", "AdminCode": "413", "Type": "3", "SubType": "399", "LinkID": "A219AS302979", "Ref_Lane": 2, "PostID": "C619AS300630", "Maker": "而⑥", "UpdateDate": "20190620", "Version": "2019", "Remark": "嫄고〓", "HistType": null, "HistRemark": null }, "geometry": { "type": "Point", "coordinates": [ 127.261282336660159, 36.525445342433336, 72.636474897739262 ] } },
{ "type": "Feature", "properties": { "ID": "B119AS300443", "AdminCode": "413", "Type": "2", "SubType": "224", "LinkID": "A219AS301270", "Ref_Lane": 3, "PostID": "C619AS300487", "Maker": "而⑥", "UpdateDate": "20190620", "Version": "2019", "Remark": "50", "HistType": null, "HistRemark": null }, "geometry": { "type": "Point", "coordinates": [ 127.261179506160374, 36.525176440883925, 77.67865 ] } },
{ "type": "Feature", "properties": { "ID": "B119AS300442", "AdminCode": "413", "Type": "3", "SubType": "399", "LinkID": "A219AS301270", "Ref_Lane": 3, "PostID": "C619AS300631", "Maker": "而⑥", "UpdateDate": "20190620", "Version": "2019", "Remark": "嫄고〓", "HistType": null, "HistRemark": null }, "geometry": { "type": "Point", "coordinates": [ 127.261091546114557, 36.525170994317975, 72.627883107930089 ] } },
{ "type": "Feature", "properties": { "ID": "B119AS300441", "AdminCode": "413", "Type": "3", "SubType": "399", "LinkID": "A219AS301270", "Ref_Lane": 3, "PostID": "C619AS300485", "Maker": "而⑥", "UpdateDate": "20190620", "Version": "2019", "Remark": "嫄곕蹂댄듯援щ", "HistType": null, "HistRemark": null }, "geometry": { "type": "Point", "coordinates": [ 127.261076850189397, 36.525029632251332, 72.804490378684577 ] } },
{ "type": "Feature", "properties": { "ID": "B119AS300440", "AdminCode": "413", "Type": "2", "SubType": "228", "LinkID": "A219AS301273", "Ref_Lane": 3, "PostID": "C619AS300483", "Maker": "而⑥", "UpdateDate": "20190620", "Version": "2019", "Remark": "蹂", "HistType": null, "HistRemark": null }, "geometry": { "type": "Point", "coordinates": [ 127.260963589940928, 36.524790382260719, 73.191161942643575 ] } },
{ "type": "Feature", "properties": { "ID": "B119AS300439", "AdminCode": "413", "Type": "2", "SubType": "224", "LinkID": "A219AS301272", "Ref_Lane": 2, "PostID": "C619AS300482", "Maker": "而⑥", "UpdateDate": "20190620", "Version": "2019", "Remark": "50", "HistType": null, "HistRemark": null }, "geometry": { "type": "Point", "coordinates": [ 127.260841598445069, 36.524539181746654, 73.428755872501142 ] } },
{ "type": "Feature", "properties": { "ID": "B119AS300438", "AdminCode": "413", "Type": "2", "SubType": "218", "LinkID": "A219AS301272", "Ref_Lane": 2, "PostID": "C619AS300480", "Maker": "而⑥", "UpdateDate": "20190620", "Version": "2019", "Remark": "李⑥＜李④吏", "HistType": null, "HistRemark": null }, "geometry": { "type": "Point", "coordinates": [ 127.260589720511803, 36.524038474638409, 72.731388201392861 ] } },
{ "type": "Feature", "properties": { "ID": "B119AS300437", "AdminCode": "413", "Type": "3", "SubType": "399", "LinkID": "A219AS301295", "Ref_Lane": 2, "PostID": "C619AS300478", "Maker": "而⑥", "UpdateDate": "20190620", "Version": "2019", "Remark": "嫄곕蹂댄듯援щ", "HistType": null, "HistRemark": null }, "geometry": { "type": "Point", "coordinates": [ 127.260121602120108, 36.523013339776156, 70.703332239159039 ] } },
{ "type": "Feature", "properties": { "ID": "B119AS300436", "AdminCode": "413", "Type": "3", "SubType": "399", "LinkID": "A219AS301301", "Ref_Lane": 2, "PostID": "C619AS300476", "Maker": "而⑥", "UpdateDate": "20190620", "Version": "2019", "Remark": "嫄곕蹂댄듯援щ", "HistType": null, "HistRemark": null }, "geometry": { "type": "Point", "coordinates": [ 127.259372484561055, 36.520885510901572, 68.243773181477707 ] } },
{ "type": "Feature", "properties": { "ID": "B119AS300435", "AdminCode": "413", "Type": "2", "SubType": "218", "LinkID": "A219AS301313", "Ref_Lane": 2, "PostID": "C619AS300474", "Maker": "而⑥", "UpdateDate": "20190620", "Version": "2019", "Remark": "李⑥＜李④吏", "HistType": null, "HistRemark": null }, "geometry": { "type": "Point", "coordinates": [ 127.25897528271291, 36.518743468965489, 66.98907872654722 ] } },
{ "type": "Feature", "properties": { "ID": "B119AS300434", "AdminCode": "413", "Type": "3", "SubType": "399", "LinkID": "A219AS301829", "Ref_Lane": 4, "PostID": "C619AS300632", "Maker": "而⑥", "UpdateDate": "20190620", "Version": "2019", "Remark": "嫄고〓", "HistType": null, "HistRemark": null }, "geometry": { "type": "Point", "coordinates": [ 127.258857837107669, 36.518149337200292, 66.234660204190362 ] } },
{ "type": "Feature", "properties": { "ID": "B119AS300433", "AdminCode": "413", "Type": "3", "SubType": "399", "LinkID": "A219AS301829", "Ref_Lane": 4, "PostID": "C619AS300472", "Maker": "而⑥", "UpdateDate": "20190620", "Version": "2019", "Remark": "嫄고〓", "HistType": null, "HistRemark": null }, "geometry": { "type": "Point", "coordinates": [ 127.258801601307113, 36.51805414154007, 66.314715359273549 ] } },
{ "type": "Feature", "properties": { "ID": "B119AS300432", "AdminCode": "413", "Type": "3", "SubType": "399", "LinkID": "A219AS302975", "Ref_Lane": 2, "PostID": "C619AS300633", "Maker": "而⑥", "UpdateDate": "20190620", "Version": "2019", "Remark": "嫄고〓", "HistType": null, "HistRemark": null }, "geometry": { "type": "Point", "coordinates": [ 127.258760278484061, 36.517809468045556, 66.13314 ] } },
{ "type": "Feature", "properties": { "ID": "B119AS300431", "AdminCode": "413", "Type": "3", "SubType": "399", "LinkID": "A219AS302975", "Ref_Lane": 2, "PostID": "C619AS300633", "Maker": "而⑥", "UpdateDate": "20190620", "Version": "2019", "Remark": "嫄고〓", "HistType": null, "HistRemark": null }, "geometry": { "type": "Point", "coordinates": [ 127.258760238584685, 36.517807036794274, 66.686235378158131 ] } },
{ "type": "Feature", "properties": { "ID": "B119AS300430", "AdminCode": "413", "Type": "3", "SubType": "399", "LinkID": "A219AS301350", "Ref_Lane": 3, "PostID": "C619AS300470", "Maker": "而⑥", "UpdateDate": "20190620", "Version": "2019", "Remark": "嫄곕蹂댄듯援щ", "HistType": null, "HistRemark": null }, "geometry": { "type": "Point", "coordinates": [ 127.258794090842741, 36.51755798600751, 65.970695493320477 ] } },
{ "type": "Feature", "properties": { "ID": "B119AS300429", "AdminCode": "413", "Type": "2", "SubType": "228", "LinkID": "A219AS301349", "Ref_Lane": 3, "PostID": "C619AS300467", "Maker": "而⑥", "UpdateDate": "20190620", "Version": "2019", "Remark": "蹂", "HistType": null, "HistRemark": null }, "geometry": { "type": "Point", "coordinates": [ 127.258788746914661, 36.517292559109812, 65.688945157390563 ] } },
{ "type": "Feature", "properties": { "ID": "B119AS300428", "AdminCode": "413", "Type": "2", "SubType": "224", "LinkID": "A219AS301366", "Ref_Lane": 2, "PostID": "C619AS300466", "Maker": "而⑥", "UpdateDate": "20190620", "Version": "2019", "Remark": "50", "HistType": null, "HistRemark": null }, "geometry": { "type": "Point", "coordinates": [ 127.25879909140248, 36.517028075609687, 65.457024586901895 ] } },
{ "type": "Feature", "properties": { "ID": "B119AS300427", "AdminCode": "413", "Type": "2", "SubType": "218", "LinkID": "A219AS301366", "Ref_Lane": 2, "PostID": "C619AS300465", "Maker": "而⑥", "UpdateDate": "20190620", "Version": "2019", "Remark": "李⑥＜李④吏", "HistType": null, "HistRemark": null }, "geometry": { "type": "Point", "coordinates": [ 127.258790699232421, 36.516757384175122, 65.131848983996136 ] } },
{ "type": "Feature", "properties": { "ID": "B119AS300426", "AdminCode": "413", "Type": "3", "SubType": "399", "LinkID": "A219AS301366", "Ref_Lane": 2, "PostID": "C619AS300461", "Maker": "而⑥", "UpdateDate": "20190620", "Version": "2019", "Remark": "嫄고〓", "HistType": null, "HistRemark": null }, "geometry": { "type": "Point", "coordinates": [ 127.258758776280501, 36.516047078394159, 64.770869662959527 ] } },
{ "type": "Feature", "properties": { "ID": "B119AS300425", "AdminCode": "413", "Type": "2", "SubType": "224", "LinkID": "A219AS301366", "Ref_Lane": 2, "PostID": "C619AS300460", "Maker": "而⑥", "UpdateDate": "20190620", "Version": "2019", "Remark": "50", "HistType": null, "HistRemark": null }, "geometry": { "type": "Point", "coordinates": [ 127.258793078825605, 36.515878157869935, 65.249516955767163 ] } },
{ "type": "Feature", "properties": { "ID": "B119AS300424", "AdminCode": "413", "Type": "2", "SubType": "218", "LinkID": "A219AS301366", "Ref_Lane": 2, "PostID": "C619AS300458", "Maker": "而⑥", "UpdateDate": "20190620", "Version": "2019", "Remark": "李⑥＜李④吏", "HistType": null, "HistRemark": null }, "geometry": { "type": "Point", "coordinates": [ 127.258801628678938, 36.515653075287993, 63.77546107207516 ] } },
{ "type": "Feature", "properties": { "ID": "B119AS300423", "AdminCode": "413", "Type": "3", "SubType": "399", "LinkID": "A219AS301366", "Ref_Lane": 2, "PostID": "C619AS300457", "Maker": "而⑥", "UpdateDate": "20190620", "Version": "2019", "Remark": "嫄곕蹂댄듯援щ", "HistType": null, "HistRemark": null }, "geometry": { "type": "Point", "coordinates": [ 127.258811847444989, 36.515382332714175, 63.674824652217936 ] } },
{ "type": "Feature", "properties": { "ID": "B119AS300422", "AdminCode": "413", "Type": "3", "SubType": "314", "LinkID": "A219AS301371", "Ref_Lane": 1, "PostID": "C619AS300455", "Maker": "而⑥", "UpdateDate": "20190620", "Version": "2019", "Remark": "醫痢〓㈃듯", "HistType": null, "HistRemark": null }, "geometry": { "type": "Point", "coordinates": [ 127.258947566937465, 36.51503663668759, 62.530017291145235 ] } },
{ "type": "Feature", "properties": { "ID": "B119AS300421", "AdminCode": "413", "Type": "3", "SubType": "313", "LinkID": "A219AS301367", "Ref_Lane": 2, "PostID": "C619AS300454", "Maker": "而⑥", "UpdateDate": "20190620", "Version": "2019", "Remark": "곗륫硫댄듯", "HistType": null, "HistRemark": null }, "geometry": { "type": "Point", "coordinates": [ 127.258959117229139, 36.515032860979431, 62.655881992089739 ] } },
{ "type": "Feature", "properties": { "ID": "B119AS300420", "AdminCode": "413", "Type": "3", "SubType": "399", "LinkID": "A219AS301367", "Ref_Lane": 2, "PostID": "C619AS300634", "Maker": "而⑥", "UpdateDate": "20190620", "Version": "2019", "Remark": "嫄고〓", "HistType": null, "HistRemark": null }, "geometry": { "type": "Point", "coordinates": [ 127.258884634577896, 36.514601030407945, 62.968771473081432 ] } },
{ "type": "Feature", "properties": { "ID": "B119AS300419", "AdminCode": "413", "Type": "3", "SubType": "399", "LinkID": "A219AS302874", "Ref_Lane": 2, "PostID": "C619AS300638", "Maker": "而⑥", "UpdateDate": "20190620", "Version": "2019", "Remark": "嫄고〓", "HistType": null, "HistRemark": null }, "geometry": { "type": "Point", "coordinates": [ 127.263359223468669, 36.479551494707437, 58.65298 ] } },
{ "type": "Feature", "properties": { "ID": "B119AS300418", "AdminCode": "413", "Type": "3", "SubType": "399", "LinkID": "A219AS302876", "Ref_Lane": 2, "PostID": "C619AS300636", "Maker": "而⑥", "UpdateDate": "20190620", "Version": "2019", "Remark": "嫄고〓", "HistType": null, "HistRemark": null }, "geometry": { "type": "Point", "coordinates": [ 127.262887782079886, 36.478963277907205, 58.70026 ] } },
{ "type": "Feature", "properties": { "ID": "B119AS300417", "AdminCode": "413", "Type": "3", "SubType": "399", "LinkID": "A219AS302876", "Ref_Lane": 2, "PostID": "C619AS300637", "Maker": "而⑥", "UpdateDate": "20190620", "Version": "2019", "Remark": "嫄고〓", "HistType": null, "HistRemark": null }, "geometry": { "type": "Point", "coordinates": [ 127.262808301812129, 36.479251521878957, 59.012670063051722 ] } },
{ "type": "Feature", "properties": { "ID": "B119AS300416", "AdminCode": "413", "Type": "2", "SubType": "218", "LinkID": "A219AS301726", "Ref_Lane": 2, "PostID": "C619AS300288", "Maker": "而⑥", "UpdateDate": "20190620", "Version": "2019", "Remark": "二쇱李④吏", "HistType": null, "HistRemark": null }, "geometry": { "type": "Point", "coordinates": [ 127.261522263441492, 36.481726221107238, 55.761590941704043 ] } },
{ "type": "Feature", "properties": { "ID": "B119AS300415", "AdminCode": "413", "Type": "3", "SubType": "306", "LinkID": "A219AS301790", "Ref_Lane": 2, "PostID": "C619AS300589", "Maker": "而⑥", "UpdateDate": "20190620", "Version": "2019", "Remark": "고(留)", "HistType": null, "HistRemark": null }, "geometry": { "type": "Point", "coordinates": [ 127.260346434158421, 36.50274808209565, 61.76718 ] } },
{ "type": "Feature", "properties": { "ID": "B119AS300414", "AdminCode": "413", "Type": "2", "SubType": "218", "LinkID": "A219AS301454", "Ref_Lane": 1, "PostID": "C619AS300417", "Maker": "而⑥", "UpdateDate": "20190620", "Version": "2019", "Remark": "二쇱李④吏", "HistType": null, "HistRemark": null }, "geometry": { "type": "Point", "coordinates": [ 127.261891720171107, 36.507929534760819, 59.777654261704683 ] } },
{ "type": "Feature", "properties": { "ID": "B119AS300413", "AdminCode": "413", "Type": "3", "SubType": "399", "LinkID": "A219AS302951", "Ref_Lane": 2, "PostID": "C619AS300511", "Maker": "而⑥", "UpdateDate": "20190620", "Version": "2019", "Remark": "嫄고〓", "HistType": null, "HistRemark": null }, "geometry": { "type": "Point", "coordinates": [ 127.261898649002887, 36.508469790752777, 59.857414897959217 ] } },
{ "type": "Feature", "properties": { "ID": "B119AS300412", "AdminCode": "413", "Type": "3", "SubType": "399", "LinkID": "A219AS300806", "Ref_Lane": 3, "PostID": "C619AS300625", "Maker": "而⑥", "UpdateDate": "20190620", "Version": "2019", "Remark": "嫄고〓", "HistType": null, "HistRemark": null }, "geometry": { "type": "Point", "coordinates": [ 127.266687644121689, 36.530791546100467, 99.704465383377993 ] } },
{ "type": "Feature", "properties": { "ID": "B119AS300411", "AdminCode": "413", "Type": "2", "SubType": "228", "LinkID": "A219AS300806", "Ref_Lane": 3, "PostID": "C619AS300034", "Maker": "而⑥", "UpdateDate": "20190620", "Version": "2019", "Remark": "蹂", "HistType": null, "HistRemark": null }, "geometry": { "type": "Point", "coordinates": [ 127.267049771919147, 36.531018115795426, 101.313767422521678 ] } },
{ "type": "Feature", "properties": { "ID": "B119AS300410", "AdminCode": "413", "Type": "2", "SubType": "224", "LinkID": "A219AS300804", "Ref_Lane": 2, "PostID": "C619AS300036", "Maker": "而⑥", "UpdateDate": "20190620", "Version": "2019", "Remark": "50", "HistType": null, "HistRemark": null }, "geometry": { "type": "Point", "coordinates": [ 127.267253145914893, 36.531175143994965, 102.119771125601631 ] } },
{ "type": "Feature", "properties": { "ID": "B119AS300409", "AdminCode": "413", "Type": "3", "SubType": "399", "LinkID": "A219AS300804", "Ref_Lane": 2, "PostID": "C619AS300037", "Maker": "而⑥", "UpdateDate": "20190620", "Version": "2019", "Remark": "嫄곕蹂댄듯援щ", "HistType": null, "HistRemark": null }, "geometry": { "type": "Point", "coordinates": [ 127.267740905634213, 36.531444999410169, 102.916590186102482 ] } },
{ "type": "Feature", "properties": { "ID": "B119AS300408", "AdminCode": "413", "Type": "2", "SubType": "218", "LinkID": "A219AS300804", "Ref_Lane": 2, "PostID": "C619AS300039", "Maker": "而⑥", "UpdateDate": "20190620", "Version": "2019", "Remark": "李⑥＜李④吏", "HistType": null, "HistRemark": null }, "geometry": { "type": "Point", "coordinates": [ 127.268002003610761, 36.531588951915673, 103.702867041458319 ] } },
{ "type": "Feature", "properties": { "ID": "B119AS300407", "AdminCode": "413", "Type": "3", "SubType": "313", "LinkID": "A219AS300401", "Ref_Lane": 1, "PostID": "C619AS300041", "Maker": "而⑥", "UpdateDate": "20190620", "Version": "2019", "Remark": "곗륫硫댄듯", "HistType": null, "HistRemark": null }, "geometry": { "type": "Point", "coordinates": [ 127.26868915767966, 36.532070504354344, 104.989359956887455 ] } },
{ "type": "Feature", "properties": { "ID": "B119AS300406", "AdminCode": "413", "Type": "3", "SubType": "312", "LinkID": "A219AS300401", "Ref_Lane": 1, "PostID": "C619AS300040", "Maker": "而⑥", "UpdateDate": "20190620", "Version": "2019", "Remark": "痢〓갑듯", "HistType": null, "HistRemark": null }, "geometry": { "type": "Point", "coordinates": [ 127.268593514286721, 36.531971393635182, 104.737188318260664 ] } },
{ "type": "Feature", "properties": { "ID": "B119AS300405", "AdminCode": "413", "Type": "2", "SubType": "218", "LinkID": "A219AS300801", "Ref_Lane": 2, "PostID": "C619AS300044", "Maker": "而⑥", "UpdateDate": "20190620", "Version": "2019", "Remark": "李⑥＜李④吏", "HistType": null, "HistRemark": null }, "geometry": { "type": "Point", "coordinates": [ 127.270261078256183, 36.532575785404809, 100.976124951072947 ] } },
{ "type": "Feature", "properties": { "ID": "B119AS300404", "AdminCode": "413", "Type": "3", "SubType": "399", "LinkID": "A219AS300801", "Ref_Lane": 2, "PostID": "C619AS300642", "Maker": "而⑥", "UpdateDate": "20190620", "Version": "2019", "Remark": "嫄고〓", "HistType": null, "HistRemark": null }, "geometry": { "type": "Point", "coordinates": [ 127.270586743413972, 36.532689789656331, 100.863418366375484 ] } },
{ "type": "Feature", "properties": { "ID": "B119AS300403", "AdminCode": "413", "Type": "3", "SubType": "399", "LinkID": "A219AS300797", "Ref_Lane": 2, "PostID": "C619AS300045", "Maker": "而⑥", "UpdateDate": "20190620", "Version": "2019", "Remark": "嫄곕蹂댄듯援щ", "HistType": null, "HistRemark": null }, "geometry": { "type": "Point", "coordinates": [ 127.271055863542216, 36.53283199224591, 97.810078494985248 ] } },
{ "type": "Feature", "properties": { "ID": "B119AS300402", "AdminCode": "413", "Type": "3", "SubType": "399", "LinkID": "A219AS300797", "Ref_Lane": 2, "PostID": "C619AS300048", "Maker": "而⑥", "UpdateDate": "20190620", "Version": "2019", "Remark": "嫄곕蹂댄듯援щ", "HistType": null, "HistRemark": null }, "geometry": { "type": "Point", "coordinates": [ 127.274643155306421, 36.533607631542317, 84.961577777777748 ] } },
{ "type": "Feature", "properties": { "ID": "B119AS300401", "AdminCode": "413", "Type": "3", "SubType": "314", "LinkID": "A219AS300899", "Ref_Lane": 1, "PostID": "C619AS300050", "Maker": "而⑥", "UpdateDate": "20190620", "Version": "2019", "Remark": "醫痢〓㈃듯", "HistType": null, "HistRemark": null }, "geometry": { "type": "Point", "coordinates": [ 127.275146683925527, 36.533799462038935, 81.62505 ] } },
{ "type": "Feature", "properties": { "ID": "B119AS300400", "AdminCode": "413", "Type": "3", "SubType": "399", "LinkID": "A219AS300798", "Ref_Lane": 3, "PostID": "C619AS300644", "Maker": "而⑥", "UpdateDate": "20190620", "Version": "2019", "Remark": "嫄고〓", "HistType": null, "HistRemark": null }, "geometry": { "type": "Point", "coordinates": [ 127.275697091459861, 36.533789250431333, 81.52616 ] } },
{ "type": "Feature", "properties": { "ID": "B119AS300399", "AdminCode": "413", "Type": "2", "SubType": "224", "LinkID": "A219AS300798", "Ref_Lane": 3, "PostID": "C619AS300645", "Maker": "而⑥", "UpdateDate": "20190620", "Version": "2019", "Remark": "50", "HistType": null, "HistRemark": null }, "geometry": { "type": "Point", "coordinates": [ 127.275820987864108, 36.533854240196568, 83.02978 ] } },
{ "type": "Feature", "properties": { "ID": "B119AS300398", "AdminCode": "413", "Type": "2", "SubType": "218", "LinkID": "A219AS300837", "Ref_Lane": 2, "PostID": "C619AS300052", "Maker": "而⑥", "UpdateDate": "20190620", "Version": "2019", "Remark": "李⑥＜李④吏", "HistType": null, "HistRemark": null }, "geometry": { "type": "Point", "coordinates": [ 127.275946618245428, 36.533827855331694, 79.36906 ] } },
{ "type": "Feature", "properties": { "ID": "B119AS300397", "AdminCode": "413", "Type": "3", "SubType": "399", "LinkID": "A219AS300794", "Ref_Lane": 2, "PostID": "C619AS300054", "Maker": "而⑥", "UpdateDate": "20190620", "Version": "2019", "Remark": "嫄곕蹂댄듯援щ", "HistType": null, "HistRemark": null }, "geometry": { "type": "Point", "coordinates": [ 127.277014277268208, 36.533990963772922, 75.936719311929949 ] } },
{ "type": "Feature", "properties": { "ID": "B119AS300396", "AdminCode": "413", "Type": "3", "SubType": "314", "LinkID": "A219AS300377", "Ref_Lane": 1, "PostID": "C619AS300055", "Maker": "而⑥", "UpdateDate": "20190620", "Version": "2019", "Remark": "醫痢〓㈃듯", "HistType": null, "HistRemark": null }, "geometry": { "type": "Point", "coordinates": [ 127.277060565968199, 36.534083511967715, 75.768737741935496 ] } },
{ "type": "Feature", "properties": { "ID": "B119AS300395", "AdminCode": "413", "Type": "3", "SubType": "399", "LinkID": "A219AS300793", "Ref_Lane": 2, "PostID": "C619AS300647", "Maker": "而⑥", "UpdateDate": "20190620", "Version": "2019", "Remark": "吏吏吏醫", "HistType": null, "HistRemark": null }, "geometry": { "type": "Point", "coordinates": [ 127.279873802536713, 36.534474812758639, 81.65204 ] } },
{ "type": "Feature", "properties": { "ID": "B119AS300394", "AdminCode": "413", "Type": "3", "SubType": "311", "LinkID": "A219AS300793", "Ref_Lane": 2, "PostID": "C619AS300647", "Maker": "而⑥", "UpdateDate": "20190620", "Version": "2019", "Remark": "", "HistType": null, "HistRemark": null }, "geometry": { "type": "Point", "coordinates": [ 127.27988093605066, 36.534447253119573, 81.78092 ] } },
{ "type": "Feature", "properties": { "ID": "B119AS300393", "AdminCode": "413", "Type": "4", "SubType": "499", "LinkID": "A219AS300793", "Ref_Lane": 2, "PostID": "C619AS300647", "Maker": "而⑥", "UpdateDate": "20190620", "Version": "2019", "Remark": "150m諛", "HistType": null, "HistRemark": null }, "geometry": { "type": "Point", "coordinates": [ 127.279881157946093, 36.534447575260288, 81.188 ] } },
{ "type": "Feature", "properties": { "ID": "B119AS300392", "AdminCode": "413", "Type": "3", "SubType": "399", "LinkID": "A219AS300778", "Ref_Lane": 3, "PostID": "C619AS300650", "Maker": "而⑥", "UpdateDate": "20190620", "Version": "2019", "Remark": "嫄고〓", "HistType": null, "HistRemark": null }, "geometry": { "type": "Point", "coordinates": [ 127.281395050594341, 36.534531763627655, 81.02267 ] } },
{ "type": "Feature", "properties": { "ID": "B119AS300391", "AdminCode": "413", "Type": "3", "SubType": "399", "LinkID": "A219AS300778", "Ref_Lane": 3, "PostID": "C619AS300652", "Maker": "而⑥", "UpdateDate": "20190620", "Version": "2019", "Remark": "吏吏", "HistType": null, "HistRemark": null }, "geometry": { "type": "Point", "coordinates": [ 127.281411998121044, 36.534670350713242, 82.81891 ] } },
{ "type": "Feature", "properties": { "ID": "B119AS300390", "AdminCode": "413", "Type": "3", "SubType": "399", "LinkID": "A219AS300778", "Ref_Lane": 3, "PostID": "C619AS300651", "Maker": "而⑥", "UpdateDate": "20190620", "Version": "2019", "Remark": "吏吏", "HistType": null, "HistRemark": null }, "geometry": { "type": "Point", "coordinates": [ 127.281922789810537, 36.534651825852777, 83.069679756743639 ] } },
{ "type": "Feature", "properties": { "ID": "B119AS300389", "AdminCode": "413", "Type": "3", "SubType": "399", "LinkID": "A219AS300767", "Ref_Lane": 3, "PostID": "C619AS300653", "Maker": "而⑥", "UpdateDate": "20190620", "Version": "2019", "Remark": "嫄고〓", "HistType": null, "HistRemark": null }, "geometry": { "type": "Point", "coordinates": [ 127.282059474638032, 36.534551528223446, 81.44598 ] } },
{ "type": "Feature", "properties": { "ID": "B119AS300388", "AdminCode": "413", "Type": "3", "SubType": "311", "LinkID": "A219AS300768", "Ref_Lane": 5, "PostID": "C619AS300654", "Maker": "而⑥", "UpdateDate": "20190620", "Version": "2019", "Remark": "", "HistType": null, "HistRemark": null }, "geometry": { "type": "Point", "coordinates": [ 127.282069028405033, 36.534709642786204, 84.01208 ] } },
{ "type": "Feature", "properties": { "ID": "B119AS300387", "AdminCode": "413", "Type": "4", "SubType": "499", "LinkID": "A219AS300768", "Ref_Lane": 5, "PostID": "C619AS300654", "Maker": "而⑥", "UpdateDate": "20190620", "Version": "2019", "Remark": null, "HistType": null, "HistRemark": null }, "geometry": { "type": "Point", "coordinates": [ 127.282068883076789, 36.534709411465251, 83.23416 ] } },
{ "type": "Feature", "properties": { "ID": "B119AS300386", "AdminCode": "413", "Type": "3", "SubType": "399", "LinkID": "A219AS300768", "Ref_Lane": 5, "PostID": "C619AS300654", "Maker": "而⑥", "UpdateDate": "20190620", "Version": "2019", "Remark": "吏吏醫", "HistType": null, "HistRemark": null }, "geometry": { "type": "Point", "coordinates": [ 127.282070082443141, 36.534717026153054, 83.2944 ] } },
{ "type": "Feature", "properties": { "ID": "B119AS300385", "AdminCode": "413", "Type": "2", "SubType": "224", "LinkID": "A219AS300768", "Ref_Lane": 5, "PostID": "C619AS300654", "Maker": "而⑥", "UpdateDate": "20190620", "Version": "2019", "Remark": "50", "HistType": null, "HistRemark": null }, "geometry": { "type": "Point", "coordinates": [ 127.282072828528129, 36.53475194768923, 83.439817679867872 ] } },
{ "type": "Feature", "properties": { "ID": "B119AS300384", "AdminCode": "413", "Type": "3", "SubType": "399", "LinkID": "A219AS300768", "Ref_Lane": 5, "PostID": "C619AS300655", "Maker": "而⑥", "UpdateDate": "20190620", "Version": "2019", "Remark": "嫄고〓", "HistType": null, "HistRemark": null }, "geometry": { "type": "Point", "coordinates": [ 127.282074614903479, 36.534846000943737, 81.489670000000118 ] } },
{ "type": "Feature", "properties": { "ID": "B119AS300383", "AdminCode": "413", "Type": "3", "SubType": "399", "LinkID": "A219AS300371", "Ref_Lane": 2, "PostID": "C619AS300491", "Maker": "而⑥", "UpdateDate": "20190620", "Version": "2019", "Remark": "嫄곕蹂댄듯援щ", "HistType": null, "HistRemark": null }, "geometry": { "type": "Point", "coordinates": [ 127.280607435764693, 36.534759476142263, 78.84405 ] } },
{ "type": "Feature", "properties": { "ID": "B119AS300382", "AdminCode": "413", "Type": "2", "SubType": "214", "LinkID": "A219AS300371", "Ref_Lane": 2, "PostID": "C619AS300659", "Maker": "而⑥", "UpdateDate": "20190620", "Version": "2019", "Remark": "醫湲吏", "HistType": null, "HistRemark": null }, "geometry": { "type": "Point", "coordinates": [ 127.28007757053355, 36.534673512144771, 81.79033 ] } },
{ "type": "Feature", "properties": { "ID": "B119AS300381", "AdminCode": "413", "Type": "2", "SubType": "214", "LinkID": "A219AS300371", "Ref_Lane": 2, "PostID": "C619AS300660", "Maker": "而⑥", "UpdateDate": "20190620", "Version": "2019", "Remark": "醫湲吏", "HistType": null, "HistRemark": null }, "geometry": { "type": "Point", "coordinates": [ 127.27948595956245, 36.534593845768491, 81.74275 ] } },
{ "type": "Feature", "properties": { "ID": "B119AS300380", "AdminCode": "413", "Type": "3", "SubType": "399", "LinkID": "A219AS300314", "Ref_Lane": 2, "PostID": "C619AS300056", "Maker": "而⑥", "UpdateDate": "20190620", "Version": "2019", "Remark": "嫄곕蹂댄듯援щ", "HistType": null, "HistRemark": null }, "geometry": { "type": "Point", "coordinates": [ 127.276965100980348, 36.534242679341965, 76.171612100466575 ] } },
{ "type": "Feature", "properties": { "ID": "B119AS300379", "AdminCode": "413", "Type": "3", "SubType": "314", "LinkID": "A219AS300378", "Ref_Lane": 1, "PostID": "C619AS300053", "Maker": "而⑥", "UpdateDate": "20190620", "Version": "2019", "Remark": "醫痢〓㈃듯", "HistType": null, "HistRemark": null }, "geometry": { "type": "Point", "coordinates": [ 127.276683448228965, 36.534092669881971, 75.99535 ] } },
{ "type": "Feature", "properties": { "ID": "B119AS300378", "AdminCode": "413", "Type": "3", "SubType": "399", "LinkID": "A219AS300381", "Ref_Lane": 3, "PostID": "C619AS300661", "Maker": "而⑥", "UpdateDate": "20190620", "Version": "2019", "Remark": "嫄고〓", "HistType": null, "HistRemark": null }, "geometry": { "type": "Point", "coordinates": [ 127.276143865232484, 36.534111302072731, 79.610091036414602 ] } },
{ "type": "Feature", "properties": { "ID": "B119AS300377", "AdminCode": "413", "Type": "2", "SubType": "224", "LinkID": "A219AS300381", "Ref_Lane": 3, "PostID": "C619AS300662", "Maker": "而⑥", "UpdateDate": "20190620", "Version": "2019", "Remark": "50", "HistType": null, "HistRemark": null }, "geometry": { "type": "Point", "coordinates": [ 127.276008660659869, 36.534042229310614, 81.944261988795546 ] } },
{ "type": "Feature", "properties": { "ID": "B119AS300376", "AdminCode": "413", "Type": "2", "SubType": "218", "LinkID": "A219AS300859", "Ref_Lane": 2, "PostID": "C619AS300051", "Maker": "而⑥", "UpdateDate": "20190620", "Version": "2019", "Remark": "李⑥＜李④吏", "HistType": null, "HistRemark": null }, "geometry": { "type": "Point", "coordinates": [ 127.275876913707052, 36.534066888704615, 79.540923503032289 ] } },
{ "type": "Feature", "properties": { "ID": "B119AS300375", "AdminCode": "413", "Type": "3", "SubType": "313", "LinkID": "A219AS300385", "Ref_Lane": 2, "PostID": "C619AS300049", "Maker": "而⑥", "UpdateDate": "20190620", "Version": "2019", "Remark": "곗륫硫댄듯", "HistType": null, "HistRemark": null }, "geometry": { "type": "Point", "coordinates": [ 127.274709465936667, 36.533794470279688, 82.994253224680506 ] } },
{ "type": "Feature", "properties": { "ID": "B119AS300374", "AdminCode": "413", "Type": "3", "SubType": "399", "LinkID": "A219AS300385", "Ref_Lane": 2, "PostID": "C619AS300047", "Maker": "而⑥", "UpdateDate": "20190620", "Version": "2019", "Remark": "嫄곕蹂댄듯援щ", "HistType": null, "HistRemark": null }, "geometry": { "type": "Point", "coordinates": [ 127.273523546353275, 36.533672628699712, 88.1335639122278 ] } },
{ "type": "Feature", "properties": { "ID": "B119AS300373", "AdminCode": "413", "Type": "2", "SubType": "218", "LinkID": "A219AS300385", "Ref_Lane": 2, "PostID": "C619AS300046", "Maker": "而⑥", "UpdateDate": "20190620", "Version": "2019", "Remark": "李⑥＜李④吏", "HistType": null, "HistRemark": null }, "geometry": { "type": "Point", "coordinates": [ 127.271250134839875, 36.533157621759756, 96.88429 ] } },
{ "type": "Feature", "properties": { "ID": "B119AS300372", "AdminCode": "413", "Type": "3", "SubType": "399", "LinkID": "A219AS300385", "Ref_Lane": 2, "PostID": "C619AS300664", "Maker": "而⑥", "UpdateDate": "20190620", "Version": "2019", "Remark": "嫄고〓", "HistType": null, "HistRemark": null }, "geometry": { "type": "Point", "coordinates": [ 127.270611209673078, 36.532960289211502, 100.452873611973729 ] } },
{ "type": "Feature", "properties": { "ID": "B119AS300371", "AdminCode": "413", "Type": "3", "SubType": "313", "LinkID": "A219AS300397", "Ref_Lane": 1, "PostID": "C619AS300042", "Maker": "而⑥", "UpdateDate": "20190620", "Version": "2019", "Remark": "곗륫硫댄듯", "HistType": null, "HistRemark": null }, "geometry": { "type": "Point", "coordinates": [ 127.269450215333109, 36.532400036959672, 103.864198357676457 ] } },
{ "type": "Feature", "properties": { "ID": "B119AS300370", "AdminCode": "413", "Type": "3", "SubType": "399", "LinkID": "A219AS300391", "Ref_Lane": 2, "PostID": "C619AS300043", "Maker": "而⑥", "UpdateDate": "20190620", "Version": "2019", "Remark": "嫄곕蹂댄듯援щ", "HistType": null, "HistRemark": null }, "geometry": { "type": "Point", "coordinates": [ 127.269440616653753, 36.532540114650686, 103.594719162064038 ] } },
{ "type": "Feature", "properties": { "ID": "B119AS300369", "AdminCode": "413", "Type": "2", "SubType": "228", "LinkID": "A219AS300403", "Ref_Lane": 3, "PostID": "C619AS300038", "Maker": "而⑥", "UpdateDate": "20190620", "Version": "2019", "Remark": "蹂", "HistType": null, "HistRemark": null }, "geometry": { "type": "Point", "coordinates": [ 127.267817945210311, 36.531815629187491, 103.649070798663502 ] } },
{ "type": "Feature", "properties": { "ID": "B119AS300368", "AdminCode": "413", "Type": "2", "SubType": "224", "LinkID": "A219AS300409", "Ref_Lane": 3, "PostID": "C619AS300035", "Maker": "而⑥", "UpdateDate": "20190620", "Version": "2019", "Remark": "50", "HistType": null, "HistRemark": null }, "geometry": { "type": "Point", "coordinates": [ 127.267070772201237, 36.531368377857682, 105.343553310605344 ] } },
{ "type": "Feature", "properties": { "ID": "B119AS300367", "AdminCode": "413", "Type": "2", "SubType": "218", "LinkID": "A219AS300409", "Ref_Lane": 3, "PostID": "C619AS300033", "Maker": "而⑥", "UpdateDate": "20190620", "Version": "2019", "Remark": "李⑥＜李④吏", "HistType": null, "HistRemark": null }, "geometry": { "type": "Point", "coordinates": [ 127.266848372339879, 36.531233077799925, 101.378805173664134 ] } },
{ "type": "Feature", "properties": { "ID": "B119AS300366", "AdminCode": "413", "Type": "3", "SubType": "399", "LinkID": "A219AS300410", "Ref_Lane": 4, "PostID": "C619AS300752", "Maker": "而⑥", "UpdateDate": "20190620", "Version": "2019", "Remark": "嫄고〓", "HistType": null, "HistRemark": null }, "geometry": { "type": "Point", "coordinates": [ 127.266293454398948, 36.530952620709378, 99.015919692236977 ] } },
{ "type": "Feature", "properties": { "ID": "B119AS300365", "AdminCode": "413", "Type": "2", "SubType": "228", "LinkID": "A219AS300756", "Ref_Lane": 3, "PostID": "C619AS300057", "Maker": "而⑥", "UpdateDate": "20190620", "Version": "2019", "Remark": "蹂", "HistType": null, "HistRemark": null }, "geometry": { "type": "Point", "coordinates": [ 127.282345333364475, 36.534551890618978, 80.59287 ] } },
{ "type": "Feature", "properties": { "ID": "B119AS300364", "AdminCode": "413", "Type": "3", "SubType": "399", "LinkID": "A219AS300740", "Ref_Lane": 2, "PostID": "C619AS300058", "Maker": "而⑥", "UpdateDate": "20190620", "Version": "2019", "Remark": "嫄곕蹂댄듯援щ", "HistType": null, "HistRemark": null }, "geometry": { "type": "Point", "coordinates": [ 127.282938691713781, 36.534565449089065, 80.307642857142838 ] } },
{ "type": "Feature", "properties": { "ID": "B119AS300363", "AdminCode": "413", "Type": "3", "SubType": "399", "LinkID": "A219AS300741", "Ref_Lane": 2, "PostID": "C619AS300060", "Maker": "而⑥", "UpdateDate": "20190620", "Version": "2019", "Remark": "嫄곕蹂댄듯援щ", "HistType": null, "HistRemark": null }, "geometry": { "type": "Point", "coordinates": [ 127.285379799949183, 36.534398800449559, 79.2139 ] } },
{ "type": "Feature", "properties": { "ID": "B119AS300362", "AdminCode": "413", "Type": "2", "SubType": "218", "LinkID": "A219AS300741", "Ref_Lane": 2, "PostID": "C619AS300061", "Maker": "而⑥", "UpdateDate": "20190620", "Version": "2019", "Remark": "李⑥＜李④吏", "HistType": null, "HistRemark": null }, "geometry": { "type": "Point", "coordinates": [ 127.286047273545321, 36.534343664607754, 79.038629192391028 ] } },
{ "type": "Feature", "properties": { "ID": "B119AS300361", "AdminCode": "413", "Type": "3", "SubType": "314", "LinkID": "A219AS300742", "Ref_Lane": 1, "PostID": "C619AS300065", "Maker": "而⑥", "UpdateDate": "20190620", "Version": "2019", "Remark": "醫痢〓㈃듯", "HistType": null, "HistRemark": null }, "geometry": { "type": "Point", "coordinates": [ 127.286941910555825, 36.534363716345752, 77.923847318123052 ] } },
{ "type": "Feature", "properties": { "ID": "B119AS300360", "AdminCode": "413", "Type": "3", "SubType": "399", "LinkID": "A219AS300741", "Ref_Lane": 2, "PostID": "C619AS300668", "Maker": "而⑥", "UpdateDate": "20190620", "Version": "2019", "Remark": "嫄고〓", "HistType": null, "HistRemark": null }, "geometry": { "type": "Point", "coordinates": [ 127.28745203527879, 36.53421076789715, 79.766639451890867 ] } },
{ "type": "Feature", "properties": { "ID": "B119AS300359", "AdminCode": "413", "Type": "2", "SubType": "214", "LinkID": "A219AS300741", "Ref_Lane": 2, "PostID": "C619AS300669", "Maker": "而⑥", "UpdateDate": "20190620", "Version": "2019", "Remark": "醫湲吏", "HistType": null, "HistRemark": null }, "geometry": { "type": "Point", "coordinates": [ 127.287609014938511, 36.534253610025566, 81.521036443071566 ] } },
{ "type": "Feature", "properties": { "ID": "B119AS300358", "AdminCode": "413", "Type": "3", "SubType": "399", "LinkID": "A219AS300836", "Ref_Lane": 2, "PostID": "C619AS300068", "Maker": "而⑥", "UpdateDate": "20190620", "Version": "2019", "Remark": "嫄곕蹂댄듯援щ", "HistType": null, "HistRemark": null }, "geometry": { "type": "Point", "coordinates": [ 127.287968566827516, 36.534167001551637, 78.803884730617597 ] } },
{ "type": "Feature", "properties": { "ID": "B119AS300357", "AdminCode": "413", "Type": "3", "SubType": "399", "LinkID": "A219AS300836", "Ref_Lane": 2, "PostID": "C619AS300070", "Maker": "而⑥", "UpdateDate": "20190620", "Version": "2019", "Remark": "嫄곕蹂댄듯援щ", "HistType": null, "HistRemark": null }, "geometry": { "type": "Point", "coordinates": [ 127.288788168916042, 36.534101191169619, 80.53074 ] } },
{ "type": "Feature", "properties": { "ID": "B119AS300356", "AdminCode": "413", "Type": "3", "SubType": "314", "LinkID": "A219AS300893", "Ref_Lane": 1, "PostID": "C619AS300071", "Maker": "而⑥", "UpdateDate": "20190620", "Version": "2019", "Remark": "醫痢〓㈃듯", "HistType": null, "HistRemark": null }, "geometry": { "type": "Point", "coordinates": [ 127.288944804689137, 36.534172604563871, 80.648968316995422 ] } },
{ "type": "Feature", "properties": { "ID": "B119AS300355", "AdminCode": "413", "Type": "4", "SubType": "499", "LinkID": "A219AS300893", "Ref_Lane": 1, "PostID": "C619AS300071", "Maker": "而⑥", "UpdateDate": "20190620", "Version": "2019", "Remark": "踰ㅼ", "HistType": null, "HistRemark": null }, "geometry": { "type": "Point", "coordinates": [ 127.288945158245639, 36.53417252686031, 80.221387979171212 ] } },
{ "type": "Feature", "properties": { "ID": "B119AS300354", "AdminCode": "413", "Type": "2", "SubType": "224", "LinkID": "A219AS300836", "Ref_Lane": 2, "PostID": "C619AS300072", "Maker": "而⑥", "UpdateDate": "20190620", "Version": "2019", "Remark": "50", "HistType": null, "HistRemark": null }, "geometry": { "type": "Point", "coordinates": [ 127.289065631632681, 36.534081416061589, 81.355130836437468 ] } },
{ "type": "Feature", "properties": { "ID": "B119AS300353", "AdminCode": "413", "Type": "2", "SubType": "218", "LinkID": "A219AS300836", "Ref_Lane": 2, "PostID": "C619AS300073", "Maker": "而⑥", "UpdateDate": "20190620", "Version": "2019", "Remark": "李⑥＜李④吏", "HistType": null, "HistRemark": null }, "geometry": { "type": "Point", "coordinates": [ 127.289620021593493, 36.534036226994921, 82.449214672237147 ] } },
{ "type": "Feature", "properties": { "ID": "B119AS300352", "AdminCode": "413", "Type": "3", "SubType": "399", "LinkID": "A219AS300834", "Ref_Lane": 2, "PostID": "C619AS300076", "Maker": "而⑥", "UpdateDate": "20190620", "Version": "2019", "Remark": "嫄곕蹂댄듯援щ", "HistType": null, "HistRemark": null }, "geometry": { "type": "Point", "coordinates": [ 127.290474728987746, 36.533956877393585, 82.168249073425329 ] } },
{ "type": "Feature", "properties": { "ID": "B119AS300351", "AdminCode": "413", "Type": "3", "SubType": "399", "LinkID": "A219AS300834", "Ref_Lane": 2, "PostID": "C619AS300077", "Maker": "而⑥", "UpdateDate": "20190620", "Version": "2019", "Remark": "嫄고〓", "HistType": null, "HistRemark": null }, "geometry": { "type": "Point", "coordinates": [ 127.291720067002331, 36.533849461950567, 78.346795624057762 ] } },
{ "type": "Feature", "properties": { "ID": "B119AS300350", "AdminCode": "413", "Type": "1", "SubType": "199", "LinkID": "A219AS300832", "Ref_Lane": 2, "PostID": "C619AS300078", "Maker": "而⑥", "UpdateDate": "20190620", "Version": "2019", "Remark": "", "HistType": null, "HistRemark": null }, "geometry": { "type": "Point", "coordinates": [ 127.292694874921494, 36.533848733811396, 79.459839779726806 ] } },
{ "type": "Feature", "properties": { "ID": "B119AS300349", "AdminCode": "413", "Type": "4", "SubType": "499", "LinkID": "A219AS300832", "Ref_Lane": 2, "PostID": "C619AS300078", "Maker": "而⑥", "UpdateDate": "20190620", "Version": "2019", "Remark": "媛吏", "HistType": null, "HistRemark": null }, "geometry": { "type": "Point", "coordinates": [ 127.292694665332789, 36.533848821022261, 78.956213429679977 ] } },
{ "type": "Feature", "properties": { "ID": "B119AS300348", "AdminCode": "413", "Type": "2", "SubType": "218", "LinkID": "A219AS300724", "Ref_Lane": 2, "PostID": "C619AS300080", "Maker": "而⑥", "UpdateDate": "20190620", "Version": "2019", "Remark": "李⑥＜李④吏", "HistType": null, "HistRemark": null }, "geometry": { "type": "Point", "coordinates": [ 127.29327571354537, 36.533919168228913, 73.935472675576719 ] } },
{ "type": "Feature", "properties": { "ID": "B119AS300347", "AdminCode": "413", "Type": "3", "SubType": "399", "LinkID": "A219AS300726", "Ref_Lane": 3, "PostID": "C619AS300084", "Maker": "而⑥", "UpdateDate": "20190620", "Version": "2019", "Remark": "嫄곕蹂댄듯援щ", "HistType": null, "HistRemark": null }, "geometry": { "type": "Point", "coordinates": [ 127.293592849326416, 36.533958291503552, 72.360175016715871 ] } },
{ "type": "Feature", "properties": { "ID": "B119AS300346", "AdminCode": "413", "Type": "3", "SubType": "313", "LinkID": "A219AS300887", "Ref_Lane": 1, "PostID": "C619AS300083", "Maker": "而⑥", "UpdateDate": "20190620", "Version": "2019", "Remark": "곗륫硫댄듯", "HistType": null, "HistRemark": null }, "geometry": { "type": "Point", "coordinates": [ 127.293633814749242, 36.534107104983889, 71.919913676162338 ] } },
{ "type": "Feature", "properties": { "ID": "B119AS300345", "AdminCode": "413", "Type": "2", "SubType": "224", "LinkID": "A219AS300727", "Ref_Lane": 4, "PostID": "C619AS300675", "Maker": "而⑥", "UpdateDate": "20190620", "Version": "2019", "Remark": "50", "HistType": null, "HistRemark": null }, "geometry": { "type": "Point", "coordinates": [ 127.294220964437116, 36.534122871586085, 73.238219492021784 ] } },
{ "type": "Feature", "properties": { "ID": "B119AS300344", "AdminCode": "413", "Type": "3", "SubType": "399", "LinkID": "A219AS300727", "Ref_Lane": 4, "PostID": "C619AS300675", "Maker": "而⑥", "UpdateDate": "20190620", "Version": "2019", "Remark": "嫄고〓", "HistType": null, "HistRemark": null }, "geometry": { "type": "Point", "coordinates": [ 127.294235140151414, 36.534056544591387, 70.912973965451911 ] } },
{ "type": "Feature", "properties": { "ID": "B119AS300343", "AdminCode": "413", "Type": "3", "SubType": "399", "LinkID": "A219AS300727", "Ref_Lane": 4, "PostID": "C619AS300675", "Maker": "而⑥", "UpdateDate": "20190620", "Version": "2019", "Remark": "嫄고〓", "HistType": null, "HistRemark": null }, "geometry": { "type": "Point", "coordinates": [ 127.294237060953762, 36.534054390914037, 70.304497676741136 ] } },
{ "type": "Feature", "properties": { "ID": "B119AS300342", "AdminCode": "413", "Type": "4", "SubType": "499", "LinkID": "A219AS300712", "Ref_Lane": 1, "PostID": "C619AS300680", "Maker": "而⑥", "UpdateDate": "20190620", "Version": "2019", "Remark": "湲踰ㅼ", "HistType": null, "HistRemark": null }, "geometry": { "type": "Point", "coordinates": [ 127.294867393001482, 36.534346193961291, 73.257453527524575 ] } },
{ "type": "Feature", "properties": { "ID": "B119AS300341", "AdminCode": "413", "Type": "3", "SubType": "399", "LinkID": "A219AS300715", "Ref_Lane": 3, "PostID": "C619AS300087", "Maker": "而⑥", "UpdateDate": "20190620", "Version": "2019", "Remark": "嫄곕蹂댄듯援щ", "HistType": null, "HistRemark": null }, "geometry": { "type": "Point", "coordinates": [ 127.295130129662837, 36.534287899290049, 69.457238623052703 ] } },
{ "type": "Feature", "properties": { "ID": "B119AS300340", "AdminCode": "413", "Type": "1", "SubType": "199", "LinkID": "A219AS300715", "Ref_Lane": 3, "PostID": "C619AS300088", "Maker": "而⑥", "UpdateDate": "20190620", "Version": "2019", "Remark": "", "HistType": null, "HistRemark": null }, "geometry": { "type": "Point", "coordinates": [ 127.295285197769871, 36.534364672690408, 74.547971848145338 ] } },
{ "type": "Feature", "properties": { "ID": "B119AS300339", "AdminCode": "413", "Type": "4", "SubType": "499", "LinkID": "A219AS300715", "Ref_Lane": 3, "PostID": "C619AS300088", "Maker": "而⑥", "UpdateDate": "20190620", "Version": "2019", "Remark": "媛吏", "HistType": null, "HistRemark": null }, "geometry": { "type": "Point", "coordinates": [ 127.295285197769871, 36.534364672690408, 74.053898771347477 ] } },
{ "type": "Feature", "properties": { "ID": "B119AS300338", "AdminCode": "413", "Type": "1", "SubType": "199", "LinkID": "A219AS300715", "Ref_Lane": 3, "PostID": "C619AS300088", "Maker": "而⑥", "UpdateDate": "20190620", "Version": "2019", "Remark": "≫", "HistType": null, "HistRemark": null }, "geometry": { "type": "Point", "coordinates": [ 127.295289319003317, 36.5343548235874, 74.573637982004968 ] } },
{ "type": "Feature", "properties": { "ID": "B119AS300337", "AdminCode": "413", "Type": "4", "SubType": "499", "LinkID": "A219AS300715", "Ref_Lane": 3, "PostID": "C619AS300088", "Maker": "而⑥", "UpdateDate": "20190620", "Version": "2019", "Remark": "援援ш", "HistType": null, "HistRemark": null }, "geometry": { "type": "Point", "coordinates": [ 127.295289528952807, 36.534355061997147, 74.079564905207107 ] } },
{ "type": "Feature", "properties": { "ID": "B119AS300336", "AdminCode": "413", "Type": "2", "SubType": "228", "LinkID": "A219AS300829", "Ref_Lane": 1, "PostID": "C619AS300089", "Maker": "而⑥", "UpdateDate": "20190620", "Version": "2019", "Remark": "蹂", "HistType": null, "HistRemark": null }, "geometry": { "type": "Point", "coordinates": [ 127.295446554523707, 36.534376863044699, 69.592351742643288 ] } },
{ "type": "Feature", "properties": { "ID": "B119AS300335", "AdminCode": "413", "Type": "3", "SubType": "313", "LinkID": "A219AS300709", "Ref_Lane": 2, "PostID": "C619AS300090", "Maker": "而⑥", "UpdateDate": "20190620", "Version": "2019", "Remark": "곗륫硫댄듯", "HistType": null, "HistRemark": null }, "geometry": { "type": "Point", "coordinates": [ 127.296397547979183, 36.53476960963367, 68.928589190405816 ] } },
{ "type": "Feature", "properties": { "ID": "B119AS300334", "AdminCode": "413", "Type": "1", "SubType": "126", "LinkID": "A219AS300709", "Ref_Lane": 2, "PostID": "C619AS300091", "Maker": "而⑥", "UpdateDate": "20190620", "Version": "2019", "Remark": "誘몃ъ대濡", "HistType": null, "HistRemark": null }, "geometry": { "type": "Point", "coordinates": [ 127.296803004527277, 36.534839699687623, 74.336500252702649 ] } },
{ "type": "Feature", "properties": { "ID": "B119AS300333", "AdminCode": "413", "Type": "4", "SubType": "499", "LinkID": "A219AS300709", "Ref_Lane": 2, "PostID": "C619AS300091", "Maker": "而⑥", "UpdateDate": "20190620", "Version": "2019", "Remark": "몃㈃", "HistType": null, "HistRemark": null }, "geometry": { "type": "Point", "coordinates": [ 127.296808775014583, 36.534841266321386, 73.815587903678093 ] } },
{ "type": "Feature", "properties": { "ID": "B119AS300332", "AdminCode": "413", "Type": "2", "SubType": "217", "LinkID": "A219AS300709", "Ref_Lane": 2, "PostID": "C619AS300529", "Maker": "而⑥", "UpdateDate": "20190620", "Version": "2019", "Remark": "吏瑜닿린湲吏", "HistType": null, "HistRemark": null }, "geometry": { "type": "Point", "coordinates": [ 127.296807913557046, 36.534830796142344, 74.242164630051406 ] } },
{ "type": "Feature", "properties": { "ID": "B119AS300331", "AdminCode": "413", "Type": "2", "SubType": "224", "LinkID": "A219AS300703", "Ref_Lane": 2, "PostID": "C619AS300093", "Maker": "而⑥", "UpdateDate": "20190620", "Version": "2019", "Remark": "50", "HistType": null, "HistRemark": null }, "geometry": { "type": "Point", "coordinates": [ 127.299965171302247, 36.535732141727884, 73.28108554274425 ] } },
{ "type": "Feature", "properties": { "ID": "B119AS300330", "AdminCode": "413", "Type": "1", "SubType": "199", "LinkID": "A219AS300703", "Ref_Lane": 2, "PostID": "C619AS300094", "Maker": "而⑥", "UpdateDate": "20190620", "Version": "2019", "Remark": "醫濡援쎌濡", "HistType": null, "HistRemark": null }, "geometry": { "type": "Point", "coordinates": [ 127.30106848751872, 36.536022673840861, 68.76113 ] } },
{ "type": "Feature", "properties": { "ID": "B119AS300329", "AdminCode": "413", "Type": "4", "SubType": "499", "LinkID": "A219AS300703", "Ref_Lane": 2, "PostID": "C619AS300094", "Maker": "而⑥", "UpdateDate": "20190620", "Version": "2019", "Remark": "瑜쇱댁", "HistType": null, "HistRemark": null }, "geometry": { "type": "Point", "coordinates": [ 127.301068885002309, 36.536022915722697, 68.39004492235243 ] } },
{ "type": "Feature", "properties": { "ID": "B119AS300328", "AdminCode": "413", "Type": "1", "SubType": "199", "LinkID": "A219AS300703", "Ref_Lane": 2, "PostID": "C619AS300096", "Maker": "而⑥", "UpdateDate": "20190620", "Version": "2019", "Remark": "醫濡援쎌濡", "HistType": null, "HistRemark": null }, "geometry": { "type": "Point", "coordinates": [ 127.3013793450083, 36.536111428347937, 68.707644736842084 ] } },
{ "type": "Feature", "properties": { "ID": "B119AS300327", "AdminCode": "413", "Type": "4", "SubType": "499", "LinkID": "A219AS300703", "Ref_Lane": 2, "PostID": "C619AS300096", "Maker": "而⑥", "UpdateDate": "20190620", "Version": "2019", "Remark": "瑜쇱댁", "HistType": null, "HistRemark": null }, "geometry": { "type": "Point", "coordinates": [ 127.301379288894665, 36.536111751784816, 68.324027218123277 ] } },
{ "type": "Feature", "properties": { "ID": "B119AS300326", "AdminCode": "413", "Type": "1", "SubType": "199", "LinkID": "A219AS300699", "Ref_Lane": 2, "PostID": "C619AS300098", "Maker": "而⑥", "UpdateDate": "20190620", "Version": "2019", "Remark": "醫濡援쎌濡", "HistType": null, "HistRemark": null }, "geometry": { "type": "Point", "coordinates": [ 127.301713384887748, 36.536197615058548, 68.631070326275164 ] } },
{ "type": "Feature", "properties": { "ID": "B119AS300325", "AdminCode": "413", "Type": "4", "SubType": "499", "LinkID": "A219AS300699", "Ref_Lane": 2, "PostID": "C619AS300098", "Maker": "而⑥", "UpdateDate": "20190620", "Version": "2019", "Remark": "瑜쇱댁", "HistType": null, "HistRemark": null }, "geometry": { "type": "Point", "coordinates": [ 127.301713582094308, 36.536198117223165, 68.317267959784957 ] } },
{ "type": "Feature", "properties": { "ID": "B119AS300324", "AdminCode": "413", "Type": "1", "SubType": "199", "LinkID": "A219AS300699", "Ref_Lane": 2, "PostID": "C619AS300099", "Maker": "而⑥", "UpdateDate": "20190620", "Version": "2019", "Remark": "醫濡援쎌濡", "HistType": null, "HistRemark": null }, "geometry": { "type": "Point", "coordinates": [ 127.302006413112792, 36.536259680103477, 68.472528856819807 ] } },
{ "type": "Feature", "properties": { "ID": "B119AS300323", "AdminCode": "413", "Type": "4", "SubType": "499", "LinkID": "A219AS300699", "Ref_Lane": 2, "PostID": "C619AS300099", "Maker": "而⑥", "UpdateDate": "20190620", "Version": "2019", "Remark": "瑜쇱댁", "HistType": null, "HistRemark": null }, "geometry": { "type": "Point", "coordinates": [ 127.302006453606168, 36.536259818125821, 68.095953680456404 ] } },
{ "type": "Feature", "properties": { "ID": "B119AS300322", "AdminCode": "413", "Type": "3", "SubType": "312", "LinkID": "A219AS300685", "Ref_Lane": 3, "PostID": "C619AS300100", "Maker": "而⑥", "UpdateDate": "20190620", "Version": "2019", "Remark": "痢〓갑듯", "HistType": null, "HistRemark": null }, "geometry": { "type": "Point", "coordinates": [ 127.302378602885824, 36.536472292449879, 67.415517909914769 ] } },
{ "type": "Feature", "properties": { "ID": "B119AS300321", "AdminCode": "413", "Type": "1", "SubType": "199", "LinkID": "A219AS300685", "Ref_Lane": 3, "PostID": "C619AS300101", "Maker": "而⑥", "UpdateDate": "20190620", "Version": "2019", "Remark": "醫濡援쎌濡", "HistType": null, "HistRemark": null }, "geometry": { "type": "Point", "coordinates": [ 127.30255975439114, 36.536408101206781, 68.639007699732488 ] } },
{ "type": "Feature", "properties": { "ID": "B119AS300320", "AdminCode": "413", "Type": "4", "SubType": "499", "LinkID": "A219AS300685", "Ref_Lane": 3, "PostID": "C619AS300101", "Maker": "而⑥", "UpdateDate": "20190620", "Version": "2019", "Remark": "瑜쇱댁", "HistType": null, "HistRemark": null }, "geometry": { "type": "Point", "coordinates": [ 127.302560108646361, 36.536408428490567, 68.21808306689114 ] } },
{ "type": "Feature", "properties": { "ID": "B119AS300319", "AdminCode": "413", "Type": "2", "SubType": "226", "LinkID": "A219AS300685", "Ref_Lane": 3, "PostID": "C619AS300101", "Maker": "而⑥", "UpdateDate": "20190620", "Version": "2019", "Remark": "泥泥", "HistType": null, "HistRemark": null }, "geometry": { "type": "Point", "coordinates": [ 127.302562298574543, 36.536407799218331, 67.780374985212021 ] } },
{ "type": "Feature", "properties": { "ID": "B119AS300318", "AdminCode": "413", "Type": "1", "SubType": "199", "LinkID": "A219AS300687", "Ref_Lane": 2, "PostID": "C619AS300102", "Maker": "而⑥", "UpdateDate": "20190620", "Version": "2019", "Remark": "醫濡援쎌濡", "HistType": null, "HistRemark": null }, "geometry": { "type": "Point", "coordinates": [ 127.302827143583059, 36.536484517466, 68.281325318094432 ] } },
{ "type": "Feature", "properties": { "ID": "B119AS300317", "AdminCode": "413", "Type": "4", "SubType": "499", "LinkID": "A219AS300687", "Ref_Lane": 2, "PostID": "C619AS300102", "Maker": "而⑥", "UpdateDate": "20190620", "Version": "2019", "Remark": "瑜쇱댁", "HistType": null, "HistRemark": null }, "geometry": { "type": "Point", "coordinates": [ 127.302826887648024, 36.536484977350945, 67.949253269318277 ] } },
{ "type": "Feature", "properties": { "ID": "B119AS300316", "AdminCode": "413", "Type": "1", "SubType": "199", "LinkID": "A219AS300683", "Ref_Lane": 3, "PostID": "C619AS300104", "Maker": "而⑥", "UpdateDate": "20190620", "Version": "2019", "Remark": "醫濡援쎌濡", "HistType": null, "HistRemark": null }, "geometry": { "type": "Point", "coordinates": [ 127.303120389857142, 36.536540034501819, 69.422585126149784 ] } },
{ "type": "Feature", "properties": { "ID": "B119AS300315", "AdminCode": "413", "Type": "4", "SubType": "499", "LinkID": "A219AS300683", "Ref_Lane": 3, "PostID": "C619AS300104", "Maker": "而⑥", "UpdateDate": "20190620", "Version": "2019", "Remark": "瑜쇱댁", "HistType": null, "HistRemark": null }, "geometry": { "type": "Point", "coordinates": [ 127.303121420636643, 36.536540281438427, 69.06452036465879 ] } },
{ "type": "Feature", "properties": { "ID": "B119AS300314", "AdminCode": "413", "Type": "2", "SubType": "218", "LinkID": "A219AS300683", "Ref_Lane": 3, "PostID": "C619AS300104", "Maker": "而⑥", "UpdateDate": "20190620", "Version": "2019", "Remark": "李⑥＜李④吏", "HistType": null, "HistRemark": null }, "geometry": { "type": "Point", "coordinates": [ 127.303123261967102, 36.536540241299889, 68.537990189420668 ] } },
{ "type": "Feature", "properties": { "ID": "B119AS300313", "AdminCode": "413", "Type": "2", "SubType": "226", "LinkID": "A219AS300683", "Ref_Lane": 3, "PostID": "C619AS300104", "Maker": "而⑥", "UpdateDate": "20190620", "Version": "2019", "Remark": "泥泥", "HistType": null, "HistRemark": null }, "geometry": { "type": "Point", "coordinates": [ 127.303123184665864, 36.536540117816756, 68.038151575415853 ] } },
{ "type": "Feature", "properties": { "ID": "B119AS300312", "AdminCode": "413", "Type": "1", "SubType": "199", "LinkID": "A219AS300683", "Ref_Lane": 3, "PostID": "C619AS300105", "Maker": "而⑥", "UpdateDate": "20190620", "Version": "2019", "Remark": "醫濡援쎌濡", "HistType": null, "HistRemark": null }, "geometry": { "type": "Point", "coordinates": [ 127.303394232280311, 36.536617100564186, 68.350446153553264 ] } },
{ "type": "Feature", "properties": { "ID": "B119AS300311", "AdminCode": "413", "Type": "4", "SubType": "499", "LinkID": "A219AS300683", "Ref_Lane": 3, "PostID": "C619AS300105", "Maker": "而⑥", "UpdateDate": "20190620", "Version": "2019", "Remark": "瑜쇱댁", "HistType": null, "HistRemark": null }, "geometry": { "type": "Point", "coordinates": [ 127.303394189970192, 36.536617197154158, 67.982166965560751 ] } },
{ "type": "Feature", "properties": { "ID": "B119AS300310", "AdminCode": "413", "Type": "1", "SubType": "199", "LinkID": "A219AS300683", "Ref_Lane": 3, "PostID": "C619AS300171", "Maker": "而⑥", "UpdateDate": "20190620", "Version": "2019", "Remark": "醫濡援쎌濡", "HistType": null, "HistRemark": null }, "geometry": { "type": "Point", "coordinates": [ 127.303947418153157, 36.536772423973048, 68.692428738913122 ] } },
{ "type": "Feature", "properties": { "ID": "B119AS300309", "AdminCode": "413", "Type": "4", "SubType": "499", "LinkID": "A219AS300683", "Ref_Lane": 3, "PostID": "C619AS300171", "Maker": "而⑥", "UpdateDate": "20190620", "Version": "2019", "Remark": "瑜쇱댁", "HistType": null, "HistRemark": null }, "geometry": { "type": "Point", "coordinates": [ 127.303947396998367, 36.536772472268154, 68.328681095493152 ] } },
{ "type": "Feature", "properties": { "ID": "B119AS300308", "AdminCode": "413", "Type": "2", "SubType": "226", "LinkID": "A219AS300683", "Ref_Lane": 3, "PostID": "C619AS300170", "Maker": "而⑥", "UpdateDate": "20190620", "Version": "2019", "Remark": "泥泥", "HistType": null, "HistRemark": null }, "geometry": { "type": "Point", "coordinates": [ 127.303682805457285, 36.536698417892474, 68.156486940692403 ] } },
{ "type": "Feature", "properties": { "ID": "B119AS300307", "AdminCode": "413", "Type": "1", "SubType": "126", "LinkID": "A219AS300683", "Ref_Lane": 3, "PostID": "C619AS300170", "Maker": "而⑥", "UpdateDate": "20190620", "Version": "2019", "Remark": "誘몃ъ대濡", "HistType": null, "HistRemark": null }, "geometry": { "type": "Point", "coordinates": [ 127.303682762874232, 36.536698291574126, 67.32963764942609 ] } },
{ "type": "Feature", "properties": { "ID": "B119AS300306", "AdminCode": "413", "Type": "4", "SubType": "499", "LinkID": "A219AS300683", "Ref_Lane": 3, "PostID": "C619AS300170", "Maker": "而⑥", "UpdateDate": "20190620", "Version": "2019", "Remark": "鍮щ", "HistType": null, "HistRemark": null }, "geometry": { "type": "Point", "coordinates": [ 127.303682810169718, 36.536698148296082, 66.99770710404583 ] } },
{ "type": "Feature", "properties": { "ID": "B119AS300305", "AdminCode": "413", "Type": "1", "SubType": "199", "LinkID": "A219AS300683", "Ref_Lane": 3, "PostID": "C619AS300681", "Maker": "而⑥", "UpdateDate": "20190620", "Version": "2019", "Remark": "", "HistType": null, "HistRemark": null }, "geometry": { "type": "Point", "coordinates": [ 127.30450679476148, 36.536972922788699, 71.279939564949643 ] } },
{ "type": "Feature", "properties": { "ID": "B119AS300304", "AdminCode": "413", "Type": "4", "SubType": "499", "LinkID": "A219AS300683", "Ref_Lane": 3, "PostID": "C619AS300681", "Maker": "而⑥", "UpdateDate": "20190620", "Version": "2019", "Remark": "瑜쇱댁", "HistType": null, "HistRemark": null }, "geometry": { "type": "Point", "coordinates": [ 127.304506863308291, 36.536972924375895, 70.707569850706875 ] } },
{ "type": "Feature", "properties": { "ID": "B119AS300303", "AdminCode": "413", "Type": "1", "SubType": "199", "LinkID": "A219AS300674", "Ref_Lane": 3, "PostID": "C619AS300108", "Maker": "而⑥", "UpdateDate": "20190620", "Version": "2019", "Remark": "쇱臾쇰낫", "HistType": null, "HistRemark": null }, "geometry": { "type": "Point", "coordinates": [ 127.305047025552355, 36.536989973355531, 68.641096666666627 ] } },
{ "type": "Feature", "properties": { "ID": "B119AS300302", "AdminCode": "413", "Type": "2", "SubType": "228", "LinkID": "A219AS300664", "Ref_Lane": 3, "PostID": "C619AS300109", "Maker": "而⑥", "UpdateDate": "20190620", "Version": "2019", "Remark": "蹂", "HistType": null, "HistRemark": null }, "geometry": { "type": "Point", "coordinates": [ 127.30535374514065, 36.537031343766564, 68.87969567798487 ] } },
{ "type": "Feature", "properties": { "ID": "B119AS300301", "AdminCode": "413", "Type": "2", "SubType": "224", "LinkID": "A219AS300664", "Ref_Lane": 3, "PostID": "C619AS300110", "Maker": "而⑥", "UpdateDate": "20190620", "Version": "2019", "Remark": "50", "HistType": null, "HistRemark": null }, "geometry": { "type": "Point", "coordinates": [ 127.30565690971703, 36.537096760463861, 72.583070094710337 ] } },
{ "type": "Feature", "properties": { "ID": "B119AS300300", "AdminCode": "413", "Type": "2", "SubType": "218", "LinkID": "A219AS300644", "Ref_Lane": 2, "PostID": "C619AS300113", "Maker": "而⑥", "UpdateDate": "20190620", "Version": "2019", "Remark": "李⑥＜李④吏", "HistType": null, "HistRemark": null }, "geometry": { "type": "Point", "coordinates": [ 127.309063767642783, 36.536940681414038, 69.604130435050379 ] } },
{ "type": "Feature", "properties": { "ID": "B119AS300299", "AdminCode": "413", "Type": "3", "SubType": "313", "LinkID": "A219AS300645", "Ref_Lane": 3, "PostID": "C619AS300116", "Maker": "而⑥", "UpdateDate": "20190620", "Version": "2019", "Remark": "곗륫硫댄듯", "HistType": null, "HistRemark": null }, "geometry": { "type": "Point", "coordinates": [ 127.309661426838986, 36.536911412324976, 69.742055217245237 ] } },
{ "type": "Feature", "properties": { "ID": "B119AS300298", "AdminCode": "413", "Type": "4", "SubType": "499", "LinkID": "A219AS300642", "Ref_Lane": 3, "PostID": "C619AS300685", "Maker": "而⑥", "UpdateDate": "20190620", "Version": "2019", "Remark": "湲踰ㅼ", "HistType": null, "HistRemark": null }, "geometry": { "type": "Point", "coordinates": [ 127.309971662210089, 36.537040671555729, 72.496268474531846 ] } },
{ "type": "Feature", "properties": { "ID": "B119AS300297", "AdminCode": "413", "Type": "2", "SubType": "228", "LinkID": "A219AS300649", "Ref_Lane": 3, "PostID": "C619AS300115", "Maker": "而⑥", "UpdateDate": "20190620", "Version": "2019", "Remark": "蹂", "HistType": null, "HistRemark": null }, "geometry": { "type": "Point", "coordinates": [ 127.309419972305122, 36.537156050950735, 69.720766337685021 ] } },
{ "type": "Feature", "properties": { "ID": "B119AS300296", "AdminCode": "413", "Type": "2", "SubType": "224", "LinkID": "A219AS300649", "Ref_Lane": 3, "PostID": "C619AS300114", "Maker": "而⑥", "UpdateDate": "20190620", "Version": "2019", "Remark": "50", "HistType": null, "HistRemark": null }, "geometry": { "type": "Point", "coordinates": [ 127.309134724873118, 36.537177116228584, 72.80088928323498 ] } },
{ "type": "Feature", "properties": { "ID": "B119AS300295", "AdminCode": "413", "Type": "3", "SubType": "313", "LinkID": "A219AS300648", "Ref_Lane": 2, "PostID": "C619AS300111", "Maker": "而⑥", "UpdateDate": "20190620", "Version": "2019", "Remark": "곗륫硫댄듯", "HistType": null, "HistRemark": null }, "geometry": { "type": "Point", "coordinates": [ 127.308436939754841, 36.537212605626983, 68.892387021080808 ] } },
{ "type": "Feature", "properties": { "ID": "B119AS300294", "AdminCode": "413", "Type": "2", "SubType": "218", "LinkID": "A219AS300648", "Ref_Lane": 2, "PostID": "C619AS300112", "Maker": "而⑥", "UpdateDate": "20190620", "Version": "2019", "Remark": "李⑥＜李④吏", "HistType": null, "HistRemark": null }, "geometry": { "type": "Point", "coordinates": [ 127.308410997830578, 36.537296037317255, 69.598034402438444 ] } },
{ "type": "Feature", "properties": { "ID": "B119AS300293", "AdminCode": "413", "Type": "3", "SubType": "311", "LinkID": "A219AS300673", "Ref_Lane": 4, "PostID": "C619AS300172", "Maker": "而⑥", "UpdateDate": "20190620", "Version": "2019", "Remark": "", "HistType": null, "HistRemark": null }, "geometry": { "type": "Point", "coordinates": [ 127.305454914963946, 36.537218626645164, 67.986089999999891 ] } },
{ "type": "Feature", "properties": { "ID": "B119AS300292", "AdminCode": "413", "Type": "3", "SubType": "308", "LinkID": "A219AS300679", "Ref_Lane": 2, "PostID": "C619AS300107", "Maker": "而⑥", "UpdateDate": "20190620", "Version": "2019", "Remark": "吏吏諛고", "HistType": null, "HistRemark": null }, "geometry": { "type": "Point", "coordinates": [ 127.304916182571816, 36.53726827595812, 67.841096666666644 ] } },
{ "type": "Feature", "properties": { "ID": "B119AS300291", "AdminCode": "413", "Type": "2", "SubType": "224", "LinkID": "A219AS300690", "Ref_Lane": 3, "PostID": "C619AS300169", "Maker": "而⑥", "UpdateDate": "20190620", "Version": "2019", "Remark": "50", "HistType": null, "HistRemark": null }, "geometry": { "type": "Point", "coordinates": [ 127.303510023982483, 36.536969620980997, 71.550032980810002 ] } },
{ "type": "Feature", "properties": { "ID": "B119AS300290", "AdminCode": "413", "Type": "1", "SubType": "199", "LinkID": "A219AS300690", "Ref_Lane": 3, "PostID": "C619AS300169", "Maker": "而⑥", "UpdateDate": "20190620", "Version": "2019", "Remark": "곗륫李⑤댁", "HistType": null, "HistRemark": null }, "geometry": { "type": "Point", "coordinates": [ 127.303504833452834, 36.536977378354941, 71.58740625 ] } },
{ "type": "Feature", "properties": { "ID": "B119AS300289", "AdminCode": "413", "Type": "2", "SubType": "218", "LinkID": "A219AS300690", "Ref_Lane": 3, "PostID": "C619AS300106", "Maker": "而⑥", "UpdateDate": "20190620", "Version": "2019", "Remark": "李⑥＜李④吏", "HistType": null, "HistRemark": null }, "geometry": { "type": "Point", "coordinates": [ 127.30327368890174, 36.536921961190259, 67.992909329214655 ] } },
{ "type": "Feature", "properties": { "ID": "B119AS300288", "AdminCode": "413", "Type": "1", "SubType": "199", "LinkID": "A219AS300690", "Ref_Lane": 3, "PostID": "C619AS300103", "Maker": "而⑥", "UpdateDate": "20190620", "Version": "2019", "Remark": "", "HistType": null, "HistRemark": null }, "geometry": { "type": "Point", "coordinates": [ 127.302736160732152, 36.536760810716558, 72.195150359455255 ] } },
{ "type": "Feature", "properties": { "ID": "B119AS300287", "AdminCode": "413", "Type": "4", "SubType": "499", "LinkID": "A219AS300690", "Ref_Lane": 3, "PostID": "C619AS300103", "Maker": "而⑥", "UpdateDate": "20190620", "Version": "2019", "Remark": "媛吏", "HistType": null, "HistRemark": null }, "geometry": { "type": "Point", "coordinates": [ 127.302735985111397, 36.536760880129229, 71.66814806678677 ] } },
{ "type": "Feature", "properties": { "ID": "B119AS300286", "AdminCode": "413", "Type": "1", "SubType": "199", "LinkID": "A219AS300701", "Ref_Lane": 2, "PostID": "C619AS300097", "Maker": "而⑥", "UpdateDate": "20190620", "Version": "2019", "Remark": "", "HistType": null, "HistRemark": null }, "geometry": { "type": "Point", "coordinates": [ 127.301467620996476, 36.536339506201891, 73.028182207177039 ] } },
{ "type": "Feature", "properties": { "ID": "B119AS300285", "AdminCode": "413", "Type": "4", "SubType": "499", "LinkID": "A219AS300701", "Ref_Lane": 2, "PostID": "C619AS300097", "Maker": "而⑥", "UpdateDate": "20190620", "Version": "2019", "Remark": "媛吏", "HistType": null, "HistRemark": null }, "geometry": { "type": "Point", "coordinates": [ 127.301465790328635, 36.536339482106783, 72.433810264667102 ] } },
{ "type": "Feature", "properties": { "ID": "B119AS300284", "AdminCode": "413", "Type": "1", "SubType": "199", "LinkID": "A219AS300701", "Ref_Lane": 2, "PostID": "C619AS300097", "Maker": "而⑥", "UpdateDate": "20190620", "Version": "2019", "Remark": "≫", "HistType": null, "HistRemark": null }, "geometry": { "type": "Point", "coordinates": [ 127.301463209539293, 36.536349672049468, 72.936865743347326 ] } },
{ "type": "Feature", "properties": { "ID": "B119AS300283", "AdminCode": "413", "Type": "2", "SubType": "224", "LinkID": "A219AS300705", "Ref_Lane": 2, "PostID": "C619AS300095", "Maker": "而⑥", "UpdateDate": "20190620", "Version": "2019", "Remark": "50", "HistType": null, "HistRemark": null }, "geometry": { "type": "Point", "coordinates": [ 127.300936467770143, 36.536196952500347, 72.85786 ] } },
{ "type": "Feature", "properties": { "ID": "B119AS300282", "AdminCode": "413", "Type": "1", "SubType": "126", "LinkID": "A219AS300705", "Ref_Lane": 2, "PostID": "C619AS300092", "Maker": "而⑥", "UpdateDate": "20190620", "Version": "2019", "Remark": "誘몃ъ대濡", "HistType": null, "HistRemark": null }, "geometry": { "type": "Point", "coordinates": [ 127.299897357291655, 36.535891588043206, 73.26542 ] } },
{ "type": "Feature", "properties": { "ID": "B119AS300281", "AdminCode": "413", "Type": "4", "SubType": "499", "LinkID": "A219AS300705", "Ref_Lane": 2, "PostID": "C619AS300092", "Maker": "而⑥", "UpdateDate": "20190620", "Version": "2019", "Remark": "몃㈃", "HistType": null, "HistRemark": null }, "geometry": { "type": "Point", "coordinates": [ 127.299893870327168, 36.535890977021587, 72.69654 ] } },
{ "type": "Feature", "properties": { "ID": "B119AS300280", "AdminCode": "413", "Type": "2", "SubType": "217", "LinkID": "A219AS300705", "Ref_Lane": 2, "PostID": "C619AS300092", "Maker": "而⑥", "UpdateDate": "20190620", "Version": "2019", "Remark": "吏瑜닿린湲吏", "HistType": null, "HistRemark": null }, "geometry": { "type": "Point", "coordinates": [ 127.299892559436927, 36.535900872522788, 73.092496661264221 ] } },
{ "type": "Feature", "properties": { "ID": "B119AS300279", "AdminCode": "413", "Type": "3", "SubType": "313", "LinkID": "A219AS300713", "Ref_Lane": 1, "PostID": "C619AS300086", "Maker": "而⑥", "UpdateDate": "20190620", "Version": "2019", "Remark": "곗륫硫댄듯", "HistType": null, "HistRemark": null }, "geometry": { "type": "Point", "coordinates": [ 127.294993198807617, 36.534398021212127, 69.369882830354314 ] } },
{ "type": "Feature", "properties": { "ID": "B119AS300278", "AdminCode": "413", "Type": "2", "SubType": "224", "LinkID": "A219AS300720", "Ref_Lane": 4, "PostID": "C619AS300753", "Maker": "而⑥", "UpdateDate": "20190620", "Version": "2019", "Remark": "50", "HistType": null, "HistRemark": null }, "geometry": { "type": "Point", "coordinates": [ 127.294814703223025, 36.534461326686184, 72.811574141722872 ] } },
{ "type": "Feature", "properties": { "ID": "B119AS300277", "AdminCode": "413", "Type": "3", "SubType": "399", "LinkID": "A219AS300713", "Ref_Lane": 5, "PostID": "C619AS300753", "Maker": "而⑥", "UpdateDate": "20190620", "Version": "2019", "Remark": "嫄고〓", "HistType": null, "HistRemark": null }, "geometry": { "type": "Point", "coordinates": [ 127.294789929117201, 36.534523752506843, 69.327017336746096 ] } },
{ "type": "Feature", "properties": { "ID": "B119AS300276", "AdminCode": "413", "Type": "4", "SubType": "499", "LinkID": "A219AS303059", "Ref_Lane": 2, "PostID": "C619AS300688", "Maker": "而⑥", "UpdateDate": "20190620", "Version": "2019", "Remark": "湲踰ㅼ", "HistType": null, "HistRemark": null }, "geometry": { "type": "Point", "coordinates": [ 127.294448626326428, 36.5344553197518, 72.853970149253712 ] } },
{ "type": "Feature", "properties": { "ID": "B119AS300275", "AdminCode": "413", "Type": "3", "SubType": "399", "LinkID": "A219AS300730", "Ref_Lane": 3, "PostID": "C619AS300689", "Maker": "而⑥", "UpdateDate": "20190620", "Version": "2019", "Remark": "嫄고〓", "HistType": null, "HistRemark": null }, "geometry": { "type": "Point", "coordinates": [ 127.294139550270287, 36.534342505220714, 71.941752969927791 ] } },
{ "type": "Feature", "properties": { "ID": "B119AS300274", "AdminCode": "413", "Type": "3", "SubType": "399", "LinkID": "A219AS300730", "Ref_Lane": 3, "PostID": "C619AS300085", "Maker": "而⑥", "UpdateDate": "20190620", "Version": "2019", "Remark": "嫄곕蹂댄듯援щ", "HistType": null, "HistRemark": null }, "geometry": { "type": "Point", "coordinates": [ 127.293828967621209, 36.534284356732329, 71.121050770387356 ] } },
{ "type": "Feature", "properties": { "ID": "B119AS300273", "AdminCode": "413", "Type": "2", "SubType": "228", "LinkID": "A219AS300730", "Ref_Lane": 3, "PostID": "C619AS300082", "Maker": "而⑥", "UpdateDate": "20190620", "Version": "2019", "Remark": "蹂", "HistType": null, "HistRemark": null }, "geometry": { "type": "Point", "coordinates": [ 127.293539464691776, 36.534229491476353, 72.337091647078893 ] } },
{ "type": "Feature", "properties": { "ID": "B119AS300272", "AdminCode": "413", "Type": "2", "SubType": "218", "LinkID": "A219AS300731", "Ref_Lane": 2, "PostID": "C619AS300081", "Maker": "而⑥", "UpdateDate": "20190620", "Version": "2019", "Remark": "李⑥＜李④吏", "HistType": null, "HistRemark": null }, "geometry": { "type": "Point", "coordinates": [ 127.293231345592204, 36.534168779500177, 73.455491664028386 ] } },
{ "type": "Feature", "properties": { "ID": "B119AS300271", "AdminCode": "413", "Type": "3", "SubType": "314", "LinkID": "A219AS300886", "Ref_Lane": 1, "PostID": "C619AS300079", "Maker": "而⑥", "UpdateDate": "20190620", "Version": "2019", "Remark": "醫痢〓㈃듯", "HistType": null, "HistRemark": null }, "geometry": { "type": "Point", "coordinates": [ 127.292909711915101, 36.534059780137177, 74.528812244518576 ] } },
{ "type": "Feature", "properties": { "ID": "B119AS300270", "AdminCode": "413", "Type": "4", "SubType": "499", "LinkID": "A219AS300886", "Ref_Lane": 1, "PostID": "C619AS300079", "Maker": "而⑥", "UpdateDate": "20190620", "Version": "2019", "Remark": "踰ㅼ", "HistType": null, "HistRemark": null }, "geometry": { "type": "Point", "coordinates": [ 127.29290966096076, 36.5340598299859, 74.036725263421658 ] } },
{ "type": "Feature", "properties": { "ID": "B119AS300269", "AdminCode": "413", "Type": "3", "SubType": "399", "LinkID": "A219AS300731", "Ref_Lane": 2, "PostID": "C619AS300690", "Maker": "而⑥", "UpdateDate": "20190620", "Version": "2019", "Remark": "嫄고〓", "HistType": null, "HistRemark": null }, "geometry": { "type": "Point", "coordinates": [ 127.292884673634745, 36.534143859797013, 75.8183 ] } },
{ "type": "Feature", "properties": { "ID": "B119AS300268", "AdminCode": "413", "Type": "3", "SubType": "399", "LinkID": "A219AS300854", "Ref_Lane": 2, "PostID": "C619AS300692", "Maker": "而⑥", "UpdateDate": "20190620", "Version": "2019", "Remark": "嫄고〓", "HistType": null, "HistRemark": null }, "geometry": { "type": "Point", "coordinates": [ 127.291928751210037, 36.534121120009729, 79.021822132872828 ] } },
{ "type": "Feature", "properties": { "ID": "B119AS300267", "AdminCode": "413", "Type": "3", "SubType": "399", "LinkID": "A219AS300856", "Ref_Lane": 2, "PostID": "C619AS300075", "Maker": "而⑥", "UpdateDate": "20190620", "Version": "2019", "Remark": "嫄곕蹂댄듯援щ", "HistType": null, "HistRemark": null }, "geometry": { "type": "Point", "coordinates": [ 127.290505669530404, 36.534202892977127, 82.184627828482448 ] } },
{ "type": "Feature", "properties": { "ID": "B119AS300266", "AdminCode": "413", "Type": "2", "SubType": "218", "LinkID": "A219AS300856", "Ref_Lane": 2, "PostID": "C619AS300074", "Maker": "而⑥", "UpdateDate": "20190620", "Version": "2019", "Remark": "李⑥＜李④吏", "HistType": null, "HistRemark": null }, "geometry": { "type": "Point", "coordinates": [ 127.290195666854061, 36.5342308786107, 82.696646653482887 ] } },
{ "type": "Feature", "properties": { "ID": "B119AS300265", "AdminCode": "413", "Type": "3", "SubType": "399", "LinkID": "A219AS300856", "Ref_Lane": 2, "PostID": "C619AS300694", "Maker": "而⑥", "UpdateDate": "20190620", "Version": "2019", "Remark": "嫄고〓", "HistType": null, "HistRemark": null }, "geometry": { "type": "Point", "coordinates": [ 127.290038473903792, 36.534245340777183, 83.882472965469901 ] } },
{ "type": "Feature", "properties": { "ID": "B119AS300264", "AdminCode": "413", "Type": "3", "SubType": "314", "LinkID": "A219AS300858", "Ref_Lane": 2, "PostID": "C619AS300069", "Maker": "而⑥", "UpdateDate": "20190620", "Version": "2019", "Remark": "醫痢〓㈃듯", "HistType": null, "HistRemark": null }, "geometry": { "type": "Point", "coordinates": [ 127.288519519524229, 36.534275847758479, 79.137032681914306 ] } },
{ "type": "Feature", "properties": { "ID": "B119AS300263", "AdminCode": "413", "Type": "3", "SubType": "399", "LinkID": "A219AS300858", "Ref_Lane": 2, "PostID": "C619AS300696", "Maker": "而⑥", "UpdateDate": "20190620", "Version": "2019", "Remark": "嫄고〓", "HistType": null, "HistRemark": null }, "geometry": { "type": "Point", "coordinates": [ 127.28800439363421, 36.53442912067127, 80.083103643203117 ] } },
{ "type": "Feature", "properties": { "ID": "B119AS300262", "AdminCode": "413", "Type": "2", "SubType": "214", "LinkID": "A219AS300858", "Ref_Lane": 2, "PostID": "C619AS300697", "Maker": "而⑥", "UpdateDate": "20190620", "Version": "2019", "Remark": "醫湲吏", "HistType": null, "HistRemark": null }, "geometry": { "type": "Point", "coordinates": [ 127.287857744227878, 36.534386269434968, 81.800755884176127 ] } },
{ "type": "Feature", "properties": { "ID": "B119AS300261", "AdminCode": "413", "Type": "3", "SubType": "399", "LinkID": "A219AS300736", "Ref_Lane": 2, "PostID": "C619AS300698", "Maker": "而⑥", "UpdateDate": "20190620", "Version": "2019", "Remark": "嫄고〓", "HistType": null, "HistRemark": null }, "geometry": { "type": "Point", "coordinates": [ 127.287660425041139, 36.53447099808082, 78.458539937569711 ] } },
{ "type": "Feature", "properties": { "ID": "B119AS300260", "AdminCode": "413", "Type": "3", "SubType": "399", "LinkID": "A219AS300736", "Ref_Lane": 2, "PostID": "C619AS300066", "Maker": "而⑥", "UpdateDate": "20190620", "Version": "2019", "Remark": "嫄곕蹂댄듯援щ", "HistType": null, "HistRemark": null }, "geometry": { "type": "Point", "coordinates": [ 127.287198554657678, 36.534523838984391, 78.449282645743708 ] } },
{ "type": "Feature", "properties": { "ID": "B119AS300259", "AdminCode": "413", "Type": "3", "SubType": "314", "LinkID": "A219AS300736", "Ref_Lane": 2, "PostID": "C619AS300064", "Maker": "而⑥", "UpdateDate": "20190620", "Version": "2019", "Remark": "醫痢〓㈃듯", "HistType": null, "HistRemark": null }, "geometry": { "type": "Point", "coordinates": [ 127.286521083477226, 36.534468671453375, 78.555841174068618 ] } },
{ "type": "Feature", "properties": { "ID": "B119AS300258", "AdminCode": "413", "Type": "4", "SubType": "499", "LinkID": "A219AS300736", "Ref_Lane": 2, "PostID": "C619AS300064", "Maker": "而⑥", "UpdateDate": "20190620", "Version": "2019", "Remark": "踰ㅼ", "HistType": null, "HistRemark": null }, "geometry": { "type": "Point", "coordinates": [ 127.286521080652506, 36.534468643616925, 78.100290909775083 ] } },
{ "type": "Feature", "properties": { "ID": "B119AS300257", "AdminCode": "413", "Type": "2", "SubType": "224", "LinkID": "A219AS300736", "Ref_Lane": 2, "PostID": "C619AS300063", "Maker": "而⑥", "UpdateDate": "20190620", "Version": "2019", "Remark": "50", "HistType": null, "HistRemark": null }, "geometry": { "type": "Point", "coordinates": [ 127.286424709475526, 36.534556031442087, 78.94467195771692 ] } },
{ "type": "Feature", "properties": { "ID": "B119AS300256", "AdminCode": "413", "Type": "2", "SubType": "218", "LinkID": "A219AS300736", "Ref_Lane": 2, "PostID": "C619AS300062", "Maker": "而⑥", "UpdateDate": "20190620", "Version": "2019", "Remark": "李⑥＜李④吏", "HistType": null, "HistRemark": null }, "geometry": { "type": "Point", "coordinates": [ 127.28609450522849, 36.534583612425166, 79.127345919779401 ] } },
{ "type": "Feature", "properties": { "ID": "B119AS300255", "AdminCode": "413", "Type": "3", "SubType": "399", "LinkID": "A219AS300737", "Ref_Lane": 2, "PostID": "C619AS300059", "Maker": "而⑥", "UpdateDate": "20190620", "Version": "2019", "Remark": "嫄곕蹂댄듯援щ", "HistType": null, "HistRemark": null }, "geometry": { "type": "Point", "coordinates": [ 127.283965381507457, 36.534770539697028, 80.134685925559054 ] } },
{ "type": "Feature", "properties": { "ID": "B119AS300254", "AdminCode": "413", "Type": "2", "SubType": "224", "LinkID": "A219AS300827", "Ref_Lane": 3, "PostID": "C619AS300117", "Maker": "而⑥", "UpdateDate": "20190620", "Version": "2019", "Remark": "50km", "HistType": null, "HistRemark": null }, "geometry": { "type": "Point", "coordinates": [ 127.310429272529404, 36.536667809553336, 74.937226199081806 ] } },
{ "type": "Feature", "properties": { "ID": "B119AS300253", "AdminCode": "413", "Type": "2", "SubType": "224", "LinkID": "A219AS300348", "Ref_Lane": 2, "PostID": "C619AS300118", "Maker": "而⑥", "UpdateDate": "20190620", "Version": "2019", "Remark": "50km", "HistType": null, "HistRemark": null }, "geometry": { "type": "Point", "coordinates": [ 127.311956061249944, 36.536282357603888, 75.833445048763679 ] } },
{ "type": "Feature", "properties": { "ID": "B119AS300252", "AdminCode": "413", "Type": "4", "SubType": "499", "LinkID": "A219AS300348", "Ref_Lane": 2, "PostID": "C619AS300118", "Maker": "而⑥", "UpdateDate": "20190620", "Version": "2019", "Remark": "대⑥援ш", "HistType": null, "HistRemark": null }, "geometry": { "type": "Point", "coordinates": [ 127.311956167424881, 36.53628279587835, 74.960194530069572 ] } },
{ "type": "Feature", "properties": { "ID": "B119AS300251", "AdminCode": "413", "Type": "4", "SubType": "499", "LinkID": "A219AS300348", "Ref_Lane": 2, "PostID": "C619AS300118", "Maker": "而⑥", "UpdateDate": "20190620", "Version": "2019", "Remark": "1km", "HistType": null, "HistRemark": null }, "geometry": { "type": "Point", "coordinates": [ 127.3119561520285, 36.536282746184376, 74.374788166440553 ] } },
{ "type": "Feature", "properties": { "ID": "B119AS300250", "AdminCode": "413", "Type": "3", "SubType": "305", "LinkID": "A219AS300362", "Ref_Lane": 2, "PostID": "C619AS300119", "Maker": "而⑥", "UpdateDate": "20190620", "Version": "2019", "Remark": null, "HistType": null, "HistRemark": null }, "geometry": { "type": "Point", "coordinates": [ 127.313460963933821, 36.536003413077097, 73.031091753067031 ] } },
{ "type": "Feature", "properties": { "ID": "B119AS300249", "AdminCode": "413", "Type": "2", "SubType": "218", "LinkID": "A219AS300625", "Ref_Lane": 4, "PostID": "C619AS300120", "Maker": "而⑥", "UpdateDate": "20190620", "Version": "2019", "Remark": null, "HistType": null, "HistRemark": null }, "geometry": { "type": "Point", "coordinates": [ 127.316396338616272, 36.534646854493971, 77.148411156146366 ] } },
{ "type": "Feature", "properties": { "ID": "B119AS300248", "AdminCode": "413", "Type": "2", "SubType": "224", "LinkID": "A219AS300605", "Ref_Lane": 2, "PostID": "C619AS300121", "Maker": "而⑥", "UpdateDate": "20190620", "Version": "2019", "Remark": "50km", "HistType": null, "HistRemark": null }, "geometry": { "type": "Point", "coordinates": [ 127.316417920598013, 36.534365077508809, 81.080442752677854 ] } },
{ "type": "Feature", "properties": { "ID": "B119AS300247", "AdminCode": "413", "Type": "2", "SubType": "224", "LinkID": "A219AS300606", "Ref_Lane": 2, "PostID": "C619AS300123", "Maker": "而⑥", "UpdateDate": "20190620", "Version": "2019", "Remark": "50km", "HistType": null, "HistRemark": null }, "geometry": { "type": "Point", "coordinates": [ 127.318110463270997, 36.53330719214064, 78.44918148068588 ] } },
{ "type": "Feature", "properties": { "ID": "B119AS300246", "AdminCode": "413", "Type": "2", "SubType": "224", "LinkID": "A219AS300605", "Ref_Lane": 3, "PostID": "C619AS300122", "Maker": "而⑥", "UpdateDate": "20190620", "Version": "2019", "Remark": "50km", "HistType": null, "HistRemark": null }, "geometry": { "type": "Point", "coordinates": [ 127.317872807782848, 36.533428332036443, 78.821174951696776 ] } },
{ "type": "Feature", "properties": { "ID": "B119AS300245", "AdminCode": "413", "Type": "2", "SubType": "299", "LinkID": "A219AS300605", "Ref_Lane": 3, "PostID": "C619AS300122", "Maker": "而⑥", "UpdateDate": "20190620", "Version": "2019", "Remark": "대⑥援ш", "HistType": null, "HistRemark": null }, "geometry": { "type": "Point", "coordinates": [ 127.317872858149357, 36.53342825159622, 77.997126442653595 ] } },
{ "type": "Feature", "properties": { "ID": "B119AS300244", "AdminCode": "413", "Type": "4", "SubType": "499", "LinkID": "A219AS300605", "Ref_Lane": 3, "PostID": "C619AS300122", "Maker": "而⑥", "UpdateDate": "20190620", "Version": "2019", "Remark": "500m", "HistType": null, "HistRemark": null }, "geometry": { "type": "Point", "coordinates": [ 127.317872762465655, 36.533428114270215, 77.353218119868572 ] } },
{ "type": "Feature", "properties": { "ID": "B119AS300243", "AdminCode": "413", "Type": "2", "SubType": "218", "LinkID": "A219AS300602", "Ref_Lane": 3, "PostID": "C619AS300124", "Maker": "而⑥", "UpdateDate": "20190620", "Version": "2019", "Remark": null, "HistType": null, "HistRemark": null }, "geometry": { "type": "Point", "coordinates": [ 127.319038483536019, 36.53248574054544, 70.051033369249069 ] } },
{ "type": "Feature", "properties": { "ID": "B119AS300242", "AdminCode": "413", "Type": "2", "SubType": "224", "LinkID": "A219AS300602", "Ref_Lane": 3, "PostID": "C619AS300126", "Maker": "而⑥", "UpdateDate": "20190620", "Version": "2019", "Remark": "50km", "HistType": null, "HistRemark": null }, "geometry": { "type": "Point", "coordinates": [ 127.319754493090343, 36.531941101695175, 72.300119128132948 ] } },
{ "type": "Feature", "properties": { "ID": "B119AS300241", "AdminCode": "413", "Type": "3", "SubType": "313", "LinkID": "A219AS300602", "Ref_Lane": 3, "PostID": "C619AS300125", "Maker": "而⑥", "UpdateDate": "20190620", "Version": "2019", "Remark": null, "HistType": null, "HistRemark": null }, "geometry": { "type": "Point", "coordinates": [ 127.319819347074045, 36.532030010715935, 67.43958379304317 ] } },
{ "type": "Feature", "properties": { "ID": "B119AS300240", "AdminCode": "413", "Type": "2", "SubType": "228", "LinkID": "A219AS300602", "Ref_Lane": 3, "PostID": "C619AS300127", "Maker": "而⑥", "UpdateDate": "20190620", "Version": "2019", "Remark": null, "HistType": null, "HistRemark": null }, "geometry": { "type": "Point", "coordinates": [ 127.319905655107192, 36.531808596851, 67.607315328943372 ] } },
{ "type": "Feature", "properties": { "ID": "B119AS300239", "AdminCode": "413", "Type": "2", "SubType": "218", "LinkID": "A219AS300598", "Ref_Lane": 3, "PostID": "C619AS300128", "Maker": "而⑥", "UpdateDate": "20190620", "Version": "2019", "Remark": null, "HistType": null, "HistRemark": null }, "geometry": { "type": "Point", "coordinates": [ 127.322283368218038, 36.529969877634372, 62.925713671681521 ] } },
{ "type": "Feature", "properties": { "ID": "B119AS300238", "AdminCode": "413", "Type": "2", "SubType": "224", "LinkID": "A219AS300576", "Ref_Lane": 3, "PostID": "C619AS300719", "Maker": "而⑥", "UpdateDate": "20190620", "Version": "2019", "Remark": "50km", "HistType": null, "HistRemark": null }, "geometry": { "type": "Point", "coordinates": [ 127.323270622716322, 36.529527962148599, 68.40537355831168 ] } },
{ "type": "Feature", "properties": { "ID": "B119AS300237", "AdminCode": "413", "Type": "2", "SubType": "228", "LinkID": "A219AS300539", "Ref_Lane": 3, "PostID": "C619AS300492", "Maker": "而⑥", "UpdateDate": "20190620", "Version": "2019", "Remark": null, "HistType": null, "HistRemark": null }, "geometry": { "type": "Point", "coordinates": [ 127.323677202348222, 36.528822459606914, 63.097818678202088 ] } },
{ "type": "Feature", "properties": { "ID": "B119AS300236", "AdminCode": "413", "Type": "3", "SubType": "311", "LinkID": "A219AS300525", "Ref_Lane": 2, "PostID": "C619AS300129", "Maker": "而⑥", "UpdateDate": "20190620", "Version": "2019", "Remark": null, "HistType": null, "HistRemark": null }, "geometry": { "type": "Point", "coordinates": [ 127.324368600593061, 36.528547745300962, 65.142941840073092 ] } },
{ "type": "Feature", "properties": { "ID": "B119AS300235", "AdminCode": "413", "Type": "2", "SubType": "218", "LinkID": "A219AS300549", "Ref_Lane": 2, "PostID": "C619AS300130", "Maker": "而⑥", "UpdateDate": "20190620", "Version": "2019", "Remark": null, "HistType": null, "HistRemark": null }, "geometry": { "type": "Point", "coordinates": [ 127.325609675375347, 36.527321604248762, 72.054168211375099 ] } },
{ "type": "Feature", "properties": { "ID": "B119AS300234", "AdminCode": "413", "Type": "3", "SubType": "305", "LinkID": "A219AS300513", "Ref_Lane": 2, "PostID": "C619AS300131", "Maker": "而⑥", "UpdateDate": "20190620", "Version": "2019", "Remark": null, "HistType": null, "HistRemark": null }, "geometry": { "type": "Point", "coordinates": [ 127.326335090759073, 36.526740734015405, 73.960711308442882 ] } },
{ "type": "Feature", "properties": { "ID": "B119AS300233", "AdminCode": "413", "Type": "3", "SubType": "305", "LinkID": "A223BH300046", "Ref_Lane": 2, "PostID": "C619AS300132", "Maker": "而⑥", "UpdateDate": "20190620", "Version": "2019", "Remark": null, "HistType": null, "HistRemark": null }, "geometry": { "type": "Point", "coordinates": [ 127.326683297786175, 36.52683384254955, 74.113792213612953 ] } },
{ "type": "Feature", "properties": { "ID": "B119AS300232", "AdminCode": "413", "Type": "2", "SubType": "228", "LinkID": "A219AS300513", "Ref_Lane": 2, "PostID": "C619AS300493", "Maker": "而⑥", "UpdateDate": "20190620", "Version": "2019", "Remark": null, "HistType": null, "HistRemark": null }, "geometry": { "type": "Point", "coordinates": [ 127.326732630837498, 36.52639084712311, 75.406997853915655 ] } },
{ "type": "Feature", "properties": { "ID": "B119AS300231", "AdminCode": "413", "Type": "2", "SubType": "224", "LinkID": "A219AS300513", "Ref_Lane": 2, "PostID": "C619AS300133", "Maker": "而⑥", "UpdateDate": "20190620", "Version": "2019", "Remark": "50km", "HistType": null, "HistRemark": null }, "geometry": { "type": "Point", "coordinates": [ 127.326938337761845, 36.526245395685628, 79.393345249402941 ] } },
{ "type": "Feature", "properties": { "ID": "B119AS300230", "AdminCode": "413", "Type": "2", "SubType": "218", "LinkID": "A219AS300507", "Ref_Lane": 3, "PostID": "C619AS300134", "Maker": "而⑥", "UpdateDate": "20190620", "Version": "2019", "Remark": null, "HistType": null, "HistRemark": null }, "geometry": { "type": "Point", "coordinates": [ 127.327880994902344, 36.525366865356098, 74.434511581990733 ] } },
{ "type": "Feature", "properties": { "ID": "B119AS300229", "AdminCode": "413", "Type": "2", "SubType": "228", "LinkID": "A219AS300512", "Ref_Lane": 3, "PostID": "C619AS300135", "Maker": "而⑥", "UpdateDate": "20190620", "Version": "2019", "Remark": null, "HistType": null, "HistRemark": null }, "geometry": { "type": "Point", "coordinates": [ 127.328383425832797, 36.525369048708193, 74.501775155219434 ] } },
{ "type": "Feature", "properties": { "ID": "B119AS300228", "AdminCode": "413", "Type": "2", "SubType": "214", "LinkID": "A219AS300507", "Ref_Lane": 3, "PostID": "C619AS300725", "Maker": "而⑥", "UpdateDate": "20190620", "Version": "2019", "Remark": null, "HistType": null, "HistRemark": null }, "geometry": { "type": "Point", "coordinates": [ 127.328320069043244, 36.524957086015938, 76.999701059795981 ] } },
{ "type": "Feature", "properties": { "ID": "B119AS300227", "AdminCode": "413", "Type": "3", "SubType": "313", "LinkID": "A219AS300503", "Ref_Lane": 3, "PostID": "C619AS300136", "Maker": "而⑥", "UpdateDate": "20190620", "Version": "2019", "Remark": null, "HistType": null, "HistRemark": null }, "geometry": { "type": "Point", "coordinates": [ 127.328776794275967, 36.524433191642117, 73.239794334903308 ] } },
{ "type": "Feature", "properties": { "ID": "B119AS300226", "AdminCode": "413", "Type": "2", "SubType": "214", "LinkID": "A219AS300505", "Ref_Lane": 3, "PostID": "C619AS300729", "Maker": "而⑥", "UpdateDate": "20190620", "Version": "2019", "Remark": null, "HistType": null, "HistRemark": null }, "geometry": { "type": "Point", "coordinates": [ 127.328882216612541, 36.524625324666246, 76.475621923790783 ] } },
{ "type": "Feature", "properties": { "ID": "B119AS300225", "AdminCode": "413", "Type": "2", "SubType": "228", "LinkID": "A219AS300503", "Ref_Lane": 3, "PostID": "C619AS300137", "Maker": "而⑥", "UpdateDate": "20190620", "Version": "2019", "Remark": null, "HistType": null, "HistRemark": null }, "geometry": { "type": "Point", "coordinates": [ 127.328899379304389, 36.523991977455964, 73.15691591084834 ] } },
{ "type": "Feature", "properties": { "ID": "B119AS300224", "AdminCode": "413", "Type": "2", "SubType": "224", "LinkID": "A219AS300503", "Ref_Lane": 3, "PostID": "C619AS300138", "Maker": "而⑥", "UpdateDate": "20190620", "Version": "2019", "Remark": "50km", "HistType": null, "HistRemark": null }, "geometry": { "type": "Point", "coordinates": [ 127.329033495042324, 36.523800336303204, 77.124769717433551 ] } },
{ "type": "Feature", "properties": { "ID": "B119AS300223", "AdminCode": "413", "Type": "2", "SubType": "218", "LinkID": "A219AS300496", "Ref_Lane": 2, "PostID": "C619AS300139", "Maker": "而⑥", "UpdateDate": "20190620", "Version": "2019", "Remark": null, "HistType": null, "HistRemark": null }, "geometry": { "type": "Point", "coordinates": [ 127.329393791048204, 36.523226812314512, 72.593531365723706 ] } },
{ "type": "Feature", "properties": { "ID": "B119AS300222", "AdminCode": "413", "Type": "2", "SubType": "228", "LinkID": "A219AS300499", "Ref_Lane": 3, "PostID": "C619AS300140", "Maker": "而⑥", "UpdateDate": "20190620", "Version": "2019", "Remark": null, "HistType": null, "HistRemark": null }, "geometry": { "type": "Point", "coordinates": [ 127.329858583263544, 36.523071683362588, 72.127887501531362 ] } },
{ "type": "Feature", "properties": { "ID": "B119AS300221", "AdminCode": "413", "Type": "2", "SubType": "228", "LinkID": "A219AS300492", "Ref_Lane": 3, "PostID": "C619AS300141", "Maker": "而⑥", "UpdateDate": "20190620", "Version": "2019", "Remark": null, "HistType": null, "HistRemark": null }, "geometry": { "type": "Point", "coordinates": [ 127.33010447182302, 36.521905552045425, 71.236164078544306 ] } },
{ "type": "Feature", "properties": { "ID": "B119AS300220", "AdminCode": "413", "Type": "2", "SubType": "224", "LinkID": "A219AS300484", "Ref_Lane": 2, "PostID": "C619AS300143", "Maker": "而⑥", "UpdateDate": "20190620", "Version": "2019", "Remark": "50km", "HistType": null, "HistRemark": null }, "geometry": { "type": "Point", "coordinates": [ 127.330241035719155, 36.521712226617439, 75.327425593904721 ] } },
{ "type": "Feature", "properties": { "ID": "B119AS300219", "AdminCode": "413", "Type": "2", "SubType": "218", "LinkID": "A219AS300494", "Ref_Lane": 3, "PostID": "C619AS300142", "Maker": "而⑥", "UpdateDate": "20190620", "Version": "2019", "Remark": null, "HistType": null, "HistRemark": null }, "geometry": { "type": "Point", "coordinates": [ 127.330443863429437, 36.521976921836753, 71.378326231554567 ] } },
{ "type": "Feature", "properties": { "ID": "B119AS300218", "AdminCode": "413", "Type": "2", "SubType": "218", "LinkID": "A219AS300484", "Ref_Lane": 2, "PostID": "C619AS300146", "Maker": "而⑥", "UpdateDate": "20190620", "Version": "2019", "Remark": null, "HistType": null, "HistRemark": null }, "geometry": { "type": "Point", "coordinates": [ 127.330481742582151, 36.520867573306681, 69.208941011939544 ] } },
{ "type": "Feature", "properties": { "ID": "B119AS300217", "AdminCode": "413", "Type": "3", "SubType": "314", "LinkID": "A219AS300489", "Ref_Lane": 2, "PostID": "C619AS300144", "Maker": "而⑥", "UpdateDate": "20190620", "Version": "2019", "Remark": null, "HistType": null, "HistRemark": null }, "geometry": { "type": "Point", "coordinates": [ 127.330651126870791, 36.52105171236532, 69.179232704934222 ] } },
{ "type": "Feature", "properties": { "ID": "B119AS300216", "AdminCode": "413", "Type": "2", "SubType": "224", "LinkID": "A219AS300489", "Ref_Lane": 2, "PostID": "C619AS300145", "Maker": "而⑥", "UpdateDate": "20190620", "Version": "2019", "Remark": "50km", "HistType": null, "HistRemark": null }, "geometry": { "type": "Point", "coordinates": [ 127.33076154571809, 36.520927965738586, 72.767261704588094 ] } },
{ "type": "Feature", "properties": { "ID": "B119AS300215", "AdminCode": "413", "Type": "2", "SubType": "224", "LinkID": "A219AS300467", "Ref_Lane": 2, "PostID": "C619AS300148", "Maker": "而⑥", "UpdateDate": "20190620", "Version": "2019", "Remark": null, "HistType": null, "HistRemark": null }, "geometry": { "type": "Point", "coordinates": [ 127.330538665159054, 36.51907056701306, 68.638272911198356 ] } },
{ "type": "Feature", "properties": { "ID": "B119AS300214", "AdminCode": "413", "Type": "2", "SubType": "218", "LinkID": "A219AS300477", "Ref_Lane": 3, "PostID": "C619AS300147", "Maker": "而⑥", "UpdateDate": "20190620", "Version": "2019", "Remark": null, "HistType": null, "HistRemark": null }, "geometry": { "type": "Point", "coordinates": [ 127.330857051712385, 36.519377255207104, 64.897621188870488 ] } },
{ "type": "Feature", "properties": { "ID": "B119AS300213", "AdminCode": "413", "Type": "3", "SubType": "313", "LinkID": "A219AS300467", "Ref_Lane": 2, "PostID": "C619AS300149", "Maker": "而⑥", "UpdateDate": "20190620", "Version": "2019", "Remark": null, "HistType": null, "HistRemark": null }, "geometry": { "type": "Point", "coordinates": [ 127.330586704445452, 36.518713306899215, 63.932195642643364 ] } },
{ "type": "Feature", "properties": { "ID": "B119AS300212", "AdminCode": "413", "Type": "2", "SubType": "217", "LinkID": "A219AS300467", "Ref_Lane": 2, "PostID": "C619AS300150", "Maker": "而⑥", "UpdateDate": "20190620", "Version": "2019", "Remark": "吏瑜닿린湲吏", "HistType": null, "HistRemark": null }, "geometry": { "type": "Point", "coordinates": [ 127.3303767362776, 36.517155464610454, 69.069963146337088 ] } },
{ "type": "Feature", "properties": { "ID": "B119AS300211", "AdminCode": "413", "Type": "4", "SubType": "499", "LinkID": "A219AS300467", "Ref_Lane": 2, "PostID": "C619AS300150", "Maker": "而⑥", "UpdateDate": "20190620", "Version": "2019", "Remark": "媛二쇱", "HistType": null, "HistRemark": null }, "geometry": { "type": "Point", "coordinates": [ 127.330376411638539, 36.517154472452674, 68.47952016391163 ] } },
{ "type": "Feature", "properties": { "ID": "B119AS300210", "AdminCode": "413", "Type": "1", "SubType": "199", "LinkID": "A219AS300461", "Ref_Lane": 2, "PostID": "C619AS300151", "Maker": "而⑥", "UpdateDate": "20190620", "Version": "2019", "Remark": "", "HistType": null, "HistRemark": null }, "geometry": { "type": "Point", "coordinates": [ 127.330356045399753, 36.516868337832577, 69.460162786478818 ] } },
{ "type": "Feature", "properties": { "ID": "B119AS300209", "AdminCode": "413", "Type": "4", "SubType": "499", "LinkID": "A219AS300461", "Ref_Lane": 2, "PostID": "C619AS300151", "Maker": "而⑥", "UpdateDate": "20190620", "Version": "2019", "Remark": "媛二쇱", "HistType": null, "HistRemark": null }, "geometry": { "type": "Point", "coordinates": [ 127.330356052023546, 36.516868076063133, 68.871917520375348 ] } },
{ "type": "Feature", "properties": { "ID": "B119AS300208", "AdminCode": "413", "Type": "2", "SubType": "218", "LinkID": "A219AS300461", "Ref_Lane": 2, "PostID": "C619AS300152", "Maker": "而⑥", "UpdateDate": "20190620", "Version": "2019", "Remark": null, "HistType": null, "HistRemark": null }, "geometry": { "type": "Point", "coordinates": [ 127.330316410134429, 36.51657705703456, 66.676790103509518 ] } },
{ "type": "Feature", "properties": { "ID": "B119AS300207", "AdminCode": "413", "Type": "1", "SubType": "126", "LinkID": "A219AS300461", "Ref_Lane": 2, "PostID": "C619AS300153", "Maker": "而⑥", "UpdateDate": "20190620", "Version": "2019", "Remark": "誘몃ъ대濡", "HistType": null, "HistRemark": null }, "geometry": { "type": "Point", "coordinates": [ 127.330288766342164, 36.516285097139907, 67.404519090288289 ] } },
{ "type": "Feature", "properties": { "ID": "B119AS300206", "AdminCode": "413", "Type": "4", "SubType": "499", "LinkID": "A219AS300461", "Ref_Lane": 2, "PostID": "C619AS300153", "Maker": "而⑥", "UpdateDate": "20190620", "Version": "2019", "Remark": "鍮議곗", "HistType": null, "HistRemark": null }, "geometry": { "type": "Point", "coordinates": [ 127.330288753421868, 36.516284999169798, 66.619739523472759 ] } },
{ "type": "Feature", "properties": { "ID": "B119AS300205", "AdminCode": "413", "Type": "1", "SubType": "199", "LinkID": "A219AS300461", "Ref_Lane": 2, "PostID": "C619AS300154", "Maker": "而⑥", "UpdateDate": "20190620", "Version": "2019", "Remark": "諛二쇱", "HistType": null, "HistRemark": null }, "geometry": { "type": "Point", "coordinates": [ 127.330234050693164, 36.515666989694189, 67.585660198847251 ] } },
{ "type": "Feature", "properties": { "ID": "B119AS300204", "AdminCode": "413", "Type": "4", "SubType": "499", "LinkID": "A219AS300461", "Ref_Lane": 2, "PostID": "C619AS300154", "Maker": "而⑥", "UpdateDate": "20190620", "Version": "2019", "Remark": "援援ш", "HistType": null, "HistRemark": null }, "geometry": { "type": "Point", "coordinates": [ 127.330233927259883, 36.515666988303778, 67.191329812026211 ] } },
{ "type": "Feature", "properties": { "ID": "B119AS300203", "AdminCode": "413", "Type": "2", "SubType": "218", "LinkID": "A219AS300461", "Ref_Lane": 2, "PostID": "C619AS300155", "Maker": "而⑥", "UpdateDate": "20190620", "Version": "2019", "Remark": null, "HistType": null, "HistRemark": null }, "geometry": { "type": "Point", "coordinates": [ 127.330051676098748, 36.513623343919114, 68.471852709525649 ] } },
{ "type": "Feature", "properties": { "ID": "B119AS300202", "AdminCode": "413", "Type": "2", "SubType": "218", "LinkID": "A219AS300461", "Ref_Lane": 2, "PostID": "C619AS300156", "Maker": "而⑥", "UpdateDate": "20190620", "Version": "2019", "Remark": null, "HistType": null, "HistRemark": null }, "geometry": { "type": "Point", "coordinates": [ 127.329771437462327, 36.510507401765423, 71.066011469994464 ] } },
{ "type": "Feature", "properties": { "ID": "B119AS300201", "AdminCode": "413", "Type": "2", "SubType": "224", "LinkID": "A219AS300460", "Ref_Lane": 2, "PostID": "C619AS300157", "Maker": "而⑥", "UpdateDate": "20190620", "Version": "2019", "Remark": "50km", "HistType": null, "HistRemark": null }, "geometry": { "type": "Point", "coordinates": [ 127.329925602614608, 36.509406275995538, 75.588131291659565 ] } },
{ "type": "Feature", "properties": { "ID": "B119AS300200", "AdminCode": "413", "Type": "4", "SubType": "499", "LinkID": "A219AS300460", "Ref_Lane": 2, "PostID": "C619AS300157", "Maker": "而⑥", "UpdateDate": "20190620", "Version": "2019", "Remark": "媛二쇱", "HistType": null, "HistRemark": null }, "geometry": { "type": "Point", "coordinates": [ 127.329925413981869, 36.509406278123151, 75.064591279491978 ] } },
{ "type": "Feature", "properties": { "ID": "B119AS300199", "AdminCode": "413", "Type": "3", "SubType": "313", "LinkID": "A219AS300455", "Ref_Lane": 2, "PostID": "C619AS300160", "Maker": "而⑥", "UpdateDate": "20190620", "Version": "2019", "Remark": null, "HistType": null, "HistRemark": null }, "geometry": { "type": "Point", "coordinates": [ 127.329674903212137, 36.508571105090205, 72.647699121720706 ] } },
{ "type": "Feature", "properties": { "ID": "B119AS300198", "AdminCode": "413", "Type": "1", "SubType": "199", "LinkID": "A219AS300454", "Ref_Lane": 2, "PostID": "C619AS300158", "Maker": "而⑥", "UpdateDate": "20190620", "Version": "2019", "Remark": "", "HistType": null, "HistRemark": null }, "geometry": { "type": "Point", "coordinates": [ 127.329909575764276, 36.509173113721957, 75.743760858361057 ] } },
{ "type": "Feature", "properties": { "ID": "B119AS300197", "AdminCode": "413", "Type": "4", "SubType": "499", "LinkID": "A219AS300454", "Ref_Lane": 2, "PostID": "C619AS300158", "Maker": "而⑥", "UpdateDate": "20190620", "Version": "2019", "Remark": "媛二쇱", "HistType": null, "HistRemark": null }, "geometry": { "type": "Point", "coordinates": [ 127.329909586394578, 36.509173113564607, 75.248271295294217 ] } },
{ "type": "Feature", "properties": { "ID": "B119AS300196", "AdminCode": "413", "Type": "2", "SubType": "217", "LinkID": "A219AS300454", "Ref_Lane": 2, "PostID": "C619AS300159", "Maker": "而⑥", "UpdateDate": "20190620", "Version": "2019", "Remark": null, "HistType": null, "HistRemark": null }, "geometry": { "type": "Point", "coordinates": [ 127.329879082535442, 36.508713854309178, 76.219258555998408 ] } },
{ "type": "Feature", "properties": { "ID": "B119AS300195", "AdminCode": "413", "Type": "4", "SubType": "499", "LinkID": "A219AS300454", "Ref_Lane": 2, "PostID": "C619AS300159", "Maker": "而⑥", "UpdateDate": "20190620", "Version": "2019", "Remark": "援援ш", "HistType": null, "HistRemark": null }, "geometry": { "type": "Point", "coordinates": [ 127.329879124480243, 36.50871415783319, 75.633663697545046 ] } },
{ "type": "Feature", "properties": { "ID": "B119AS300194", "AdminCode": "413", "Type": "3", "SubType": "313", "LinkID": "A219AS300457", "Ref_Lane": 1, "PostID": "C619AS300161", "Maker": "而⑥", "UpdateDate": "20190620", "Version": "2019", "Remark": null, "HistType": null, "HistRemark": null }, "geometry": { "type": "Point", "coordinates": [ 127.329557701218306, 36.506652978680414, 74.127086844184674 ] } },
{ "type": "Feature", "properties": { "ID": "B119AS300193", "AdminCode": "413", "Type": "3", "SubType": "314", "LinkID": "A219AS300451", "Ref_Lane": 1, "PostID": "C619AS300162", "Maker": "而⑥", "UpdateDate": "20190620", "Version": "2019", "Remark": null, "HistType": null, "HistRemark": null }, "geometry": { "type": "Point", "coordinates": [ 127.329491065108215, 36.505929385796563, 74.828290790969518 ] } },
{ "type": "Feature", "properties": { "ID": "B119AS300192", "AdminCode": "413", "Type": "2", "SubType": "224", "LinkID": "A219AS300435", "Ref_Lane": 3, "PostID": "C619AS300164", "Maker": "而⑥", "UpdateDate": "20190620", "Version": "2019", "Remark": "50", "HistType": null, "HistRemark": null }, "geometry": { "type": "Point", "coordinates": [ 127.327823036970145, 36.500471615066019, 64.080569641227513 ] } },
{ "type": "Feature", "properties": { "ID": "B119AS300190", "AdminCode": "413", "Type": "2", "SubType": "228", "LinkID": "A219AS300431", "Ref_Lane": 3, "PostID": "C619AS300165", "Maker": "而⑥", "UpdateDate": "20190620", "Version": "2019", "Remark": null, "HistType": null, "HistRemark": null }, "geometry": { "type": "Point", "coordinates": [ 127.327888966512802, 36.500113551879345, 60.259853024276964 ] } },
{ "type": "Feature", "properties": { "ID": "B119AS300188", "AdminCode": "413", "Type": "2", "SubType": "218", "LinkID": "A219AS300421", "Ref_Lane": 2, "PostID": "C619AS300166", "Maker": "而⑥", "UpdateDate": "20190620", "Version": "2019", "Remark": null, "HistType": null, "HistRemark": null }, "geometry": { "type": "Point", "coordinates": [ 127.326925014883642, 36.499403012863127, 59.791816274505521 ] } },
{ "type": "Feature", "properties": { "ID": "B119AS300187", "AdminCode": "413", "Type": "2", "SubType": "218", "LinkID": "A219AS300418", "Ref_Lane": 2, "PostID": "C619AS300167", "Maker": "而⑥", "UpdateDate": "20190620", "Version": "2019", "Remark": null, "HistType": null, "HistRemark": null }, "geometry": { "type": "Point", "coordinates": [ 127.325807257204715, 36.499108636459653, 59.552054242053472 ] } },
{ "type": "Feature", "properties": { "ID": "B119AS300186", "AdminCode": "413", "Type": "3", "SubType": "399", "LinkID": "A219AS300836", "Ref_Lane": 2, "PostID": "C619AS300670", "Maker": "而⑥", "UpdateDate": "20190620", "Version": "2019", "Remark": "嫄고〓", "HistType": null, "HistRemark": null }, "geometry": { "type": "Point", "coordinates": [ 127.287809653738591, 36.534173983403932, 78.81813 ] } },
{ "type": "Feature", "properties": { "ID": "B119AS300183", "AdminCode": "413", "Type": "2", "SubType": "214", "LinkID": "A219AS301035", "Ref_Lane": 3, "PostID": "C619AS300760", "Maker": "而⑥", "UpdateDate": "20190620", "Version": "2019", "Remark": null, "HistType": null, "HistRemark": null }, "geometry": { "type": "Point", "coordinates": [ 127.281240704391323, 36.47540185363728, 57.931540847459573 ] } },
{ "type": "Feature", "properties": { "ID": "B119AS300182", "AdminCode": "413", "Type": "2", "SubType": "216", "LinkID": "A219AS301035", "Ref_Lane": 3, "PostID": "C619AS300760", "Maker": "而⑥", "UpdateDate": "20190620", "Version": "2019", "Remark": null, "HistType": null, "HistRemark": null }, "geometry": { "type": "Point", "coordinates": [ 127.281225910040007, 36.475415999319267, 57.918138148358707 ] } },
{ "type": "Feature", "properties": { "ID": "B119AS300181", "AdminCode": "413", "Type": "2", "SubType": "214", "LinkID": "A219AS303263", "Ref_Lane": 2, "PostID": "C619AS300762", "Maker": "而⑥", "UpdateDate": "20190620", "Version": "2019", "Remark": null, "HistType": null, "HistRemark": null }, "geometry": { "type": "Point", "coordinates": [ 127.280942947262616, 36.475376759047109, 57.428293130081052 ] } },
{ "type": "Feature", "properties": { "ID": "B119AS300180", "AdminCode": "413", "Type": "2", "SubType": "216", "LinkID": "A219AS303263", "Ref_Lane": 2, "PostID": "C619AS300762", "Maker": "而⑥", "UpdateDate": "20190620", "Version": "2019", "Remark": null, "HistType": null, "HistRemark": null }, "geometry": { "type": "Point", "coordinates": [ 127.2809350090008, 36.475371432616193, 57.419627964076966 ] } },
{ "type": "Feature", "properties": { "ID": "B119AS300179", "AdminCode": "413", "Type": "3", "SubType": "399", "LinkID": "A219AS303263", "Ref_Lane": 2, "PostID": "C619AS300762", "Maker": "而⑥", "UpdateDate": "20190620", "Version": "2019", "Remark": "嫄고〓", "HistType": null, "HistRemark": null }, "geometry": { "type": "Point", "coordinates": [ 127.280867534071334, 36.475321935255387, 56.50797264009055 ] } },
{ "type": "Feature", "properties": { "ID": "B119AS300178", "AdminCode": "413", "Type": "3", "SubType": "399", "LinkID": "A219AS303263", "Ref_Lane": 2, "PostID": "C619AS300762", "Maker": "而⑥", "UpdateDate": "20190620", "Version": "2019", "Remark": "嫄고〓", "HistType": null, "HistRemark": null }, "geometry": { "type": "Point", "coordinates": [ 127.280871487154116, 36.475328764050481, 56.514593432856216 ] } },
{ "type": "Feature", "properties": { "ID": "B119AS300177", "AdminCode": "413", "Type": "2", "SubType": "214", "LinkID": "A219AS301027", "Ref_Lane": 3, "PostID": "C619AS300763", "Maker": "而⑥", "UpdateDate": "20190620", "Version": "2019", "Remark": null, "HistType": null, "HistRemark": null }, "geometry": { "type": "Point", "coordinates": [ 127.281085448493968, 36.475163157754622, 57.939206693034322 ] } },
{ "type": "Feature", "properties": { "ID": "B119AS300176", "AdminCode": "413", "Type": "2", "SubType": "216", "LinkID": "A219AS301027", "Ref_Lane": 3, "PostID": "C619AS300763", "Maker": "而⑥", "UpdateDate": "20190620", "Version": "2019", "Remark": null, "HistType": null, "HistRemark": null }, "geometry": { "type": "Point", "coordinates": [ 127.281100367063971, 36.475148637472635, 57.939206693034322 ] } },
{ "type": "Feature", "properties": { "ID": "B119AS300175", "AdminCode": "413", "Type": "3", "SubType": "399", "LinkID": "A219AS303265", "Ref_Lane": 2, "PostID": "C619AS300764", "Maker": "而⑥", "UpdateDate": "20190620", "Version": "2019", "Remark": "嫄고〓", "HistType": null, "HistRemark": null }, "geometry": { "type": "Point", "coordinates": [ 127.281196937673613, 36.475086937332712, 56.61009107366219 ] } },
{ "type": "Feature", "properties": { "ID": "B119AS300174", "AdminCode": "413", "Type": "3", "SubType": "399", "LinkID": "A219AS303265", "Ref_Lane": 2, "PostID": "C619AS300764", "Maker": "而⑥", "UpdateDate": "20190620", "Version": "2019", "Remark": "嫄고〓", "HistType": null, "HistRemark": null }, "geometry": { "type": "Point", "coordinates": [ 127.281205551239978, 36.475088101182735, 56.666060162171021 ] } },
{ "type": "Feature", "properties": { "ID": "B119AS300173", "AdminCode": "413", "Type": "2", "SubType": "214", "LinkID": "A219AS303265", "Ref_Lane": 2, "PostID": "C619AS300765", "Maker": "而⑥", "UpdateDate": "20190620", "Version": "2019", "Remark": null, "HistType": null, "HistRemark": null }, "geometry": { "type": "Point", "coordinates": [ 127.281389369120305, 36.47517753896372, 57.431026802727743 ] } },
{ "type": "Feature", "properties": { "ID": "B119AS300172", "AdminCode": "413", "Type": "2", "SubType": "216", "LinkID": "A219AS303265", "Ref_Lane": 2, "PostID": "C619AS300765", "Maker": "而⑥", "UpdateDate": "20190620", "Version": "2019", "Remark": null, "HistType": null, "HistRemark": null }, "geometry": { "type": "Point", "coordinates": [ 127.281396965616494, 36.475183085396296, 57.431026802727743 ] } },
{ "type": "Feature", "properties": { "ID": "B119AS300171", "AdminCode": "413", "Type": "3", "SubType": "399", "LinkID": "A219AS303265", "Ref_Lane": 2, "PostID": "C619AS300765", "Maker": "而⑥", "UpdateDate": "20190620", "Version": "2019", "Remark": "嫄고〓", "HistType": null, "HistRemark": null }, "geometry": { "type": "Point", "coordinates": [ 127.281461472370196, 36.475234800299646, 56.379513980881114 ] } },
{ "type": "Feature", "properties": { "ID": "B119AS300170", "AdminCode": "413", "Type": "3", "SubType": "399", "LinkID": "A219AS301201", "Ref_Lane": 2, "PostID": "C619AS300765", "Maker": "而⑥", "UpdateDate": "20190620", "Version": "2019", "Remark": "嫄고〓", "HistType": null, "HistRemark": null }, "geometry": { "type": "Point", "coordinates": [ 127.281460190040193, 36.475227069250572, 56.33031 ] } },
{ "type": "Feature", "properties": { "ID": "B119AS300169", "AdminCode": "413", "Type": "3", "SubType": "399", "LinkID": "A219AS301025", "Ref_Lane": 3, "PostID": "C619AS300240", "Maker": "而⑥", "UpdateDate": "20190620", "Version": "2019", "Remark": "嫄곕蹂댄듯援щ", "HistType": null, "HistRemark": null }, "geometry": { "type": "Point", "coordinates": [ 127.280540901123956, 36.475083518176369, 55.235552743685489 ] } },
{ "type": "Feature", "properties": { "ID": "B119AS300168", "AdminCode": "413", "Type": "3", "SubType": "312", "LinkID": "A219AS301025", "Ref_Lane": 2, "PostID": "C619AS300241", "Maker": "而⑥", "UpdateDate": "20190620", "Version": "2019", "Remark": "痢〓갑듯", "HistType": null, "HistRemark": null }, "geometry": { "type": "Point", "coordinates": [ 127.28004496883058, 36.474619163321051, 54.594758334984469 ] } },
{ "type": "Feature", "properties": { "ID": "B119AS300167", "AdminCode": "413", "Type": "2", "SubType": "224", "LinkID": "A219AS301013", "Ref_Lane": 2, "PostID": "C619AS300242", "Maker": "而⑥", "UpdateDate": "20190620", "Version": "2019", "Remark": "50", "HistType": null, "HistRemark": null }, "geometry": { "type": "Point", "coordinates": [ 127.279650552180442, 36.474445447082303, 59.162901304591195 ] } },
{ "type": "Feature", "properties": { "ID": "B119AS300166", "AdminCode": "413", "Type": "3", "SubType": "311", "LinkID": "A219AS301012", "Ref_Lane": 2, "PostID": "C619AS300245", "Maker": "而⑥", "UpdateDate": "20190620", "Version": "2019", "Remark": "", "HistType": null, "HistRemark": null }, "geometry": { "type": "Point", "coordinates": [ 127.278474845592214, 36.473598224978069, 55.726910778173007 ] } },
{ "type": "Feature", "properties": { "ID": "B119AS300165", "AdminCode": "413", "Type": "3", "SubType": "399", "LinkID": "A219AS300077", "Ref_Lane": 3, "PostID": "C619AS300246", "Maker": "而⑥", "UpdateDate": "20190620", "Version": "2019", "Remark": "嫄곕蹂댄듯援щ", "HistType": null, "HistRemark": null }, "geometry": { "type": "Point", "coordinates": [ 127.278521035372094, 36.4733706786905, 55.969890325731733 ] } },
{ "type": "Feature", "properties": { "ID": "B119AS300164", "AdminCode": "413", "Type": "2", "SubType": "228", "LinkID": "A219AS301020", "Ref_Lane": 1, "PostID": "C619AS300244", "Maker": "而⑥", "UpdateDate": "20190620", "Version": "2019", "Remark": "蹂", "HistType": null, "HistRemark": null }, "geometry": { "type": "Point", "coordinates": [ 127.278736241518459, 36.473516545046252, 55.868583304020611 ] } },
{ "type": "Feature", "properties": { "ID": "B119AS300163", "AdminCode": "413", "Type": "2", "SubType": "224", "LinkID": "A219AS301015", "Ref_Lane": 2, "PostID": "C619AS300243", "Maker": "而⑥", "UpdateDate": "20190620", "Version": "2019", "Remark": "50", "HistType": null, "HistRemark": null }, "geometry": { "type": "Point", "coordinates": [ 127.278934113561888, 36.473695591607047, 59.09537691688972 ] } },
{ "type": "Feature", "properties": { "ID": "B119AS300162", "AdminCode": "413", "Type": "3", "SubType": "399", "LinkID": "A219AS300995", "Ref_Lane": 5, "PostID": "C619AS300248", "Maker": "而⑥", "UpdateDate": "20190620", "Version": "2019", "Remark": "嫄곕蹂댄듯援щ", "HistType": null, "HistRemark": null }, "geometry": { "type": "Point", "coordinates": [ 127.275590330269651, 36.471830886204465, 56.958053995010673 ] } },
{ "type": "Feature", "properties": { "ID": "B119AS300161", "AdminCode": "413", "Type": "3", "SubType": "399", "LinkID": "A219AS300984", "Ref_Lane": 3, "PostID": "C619AS300250", "Maker": "而⑥", "UpdateDate": "20190620", "Version": "2019", "Remark": "嫄곕蹂댄듯援щ", "HistType": null, "HistRemark": null }, "geometry": { "type": "Point", "coordinates": [ 127.275042557374434, 36.471233470383318, 56.980903527850728 ] } },
{ "type": "Feature", "properties": { "ID": "B119AS300160", "AdminCode": "413", "Type": "2", "SubType": "228", "LinkID": "A219AS300113", "Ref_Lane": 1, "PostID": "C619AS300249", "Maker": "而⑥", "UpdateDate": "20190620", "Version": "2019", "Remark": "蹂", "HistType": null, "HistRemark": null }, "geometry": { "type": "Point", "coordinates": [ 127.275570061029214, 36.471489205213338, 56.982582561601461 ] } },
{ "type": "Feature", "properties": { "ID": "B119AS300159", "AdminCode": "413", "Type": "2", "SubType": "224", "LinkID": "A219AS300041", "Ref_Lane": 2, "PostID": "C619AS300247", "Maker": "而⑥", "UpdateDate": "20190620", "Version": "2019", "Remark": "50", "HistType": null, "HistRemark": null }, "geometry": { "type": "Point", "coordinates": [ 127.275794371284803, 36.471658697639036, 60.66158017318017 ] } },
{ "type": "Feature", "properties": { "ID": "B119AS300158", "AdminCode": "413", "Type": "3", "SubType": "311", "LinkID": "A219AS300991", "Ref_Lane": 4, "PostID": "C619AS300769", "Maker": "而⑥", "UpdateDate": "20190620", "Version": "2019", "Remark": "", "HistType": null, "HistRemark": null }, "geometry": { "type": "Point", "coordinates": [ 127.274858185706634, 36.471386602109867, 60.360401417755924 ] } },
{ "type": "Feature", "properties": { "ID": "B119AS300157", "AdminCode": "413", "Type": "4", "SubType": "499", "LinkID": "A219AS300991", "Ref_Lane": 4, "PostID": "C619AS300769", "Maker": "而⑥", "UpdateDate": "20190620", "Version": "2019", "Remark": "醫", "HistType": null, "HistRemark": null }, "geometry": { "type": "Point", "coordinates": [ 127.274858279833467, 36.471386326656372, 59.781524629777437 ] } },
{ "type": "Feature", "properties": { "ID": "B119AS300156", "AdminCode": "413", "Type": "2", "SubType": "224", "LinkID": "A219AS300991", "Ref_Lane": 4, "PostID": "C619AS300769", "Maker": "而⑥", "UpdateDate": "20190620", "Version": "2019", "Remark": "50", "HistType": null, "HistRemark": null }, "geometry": { "type": "Point", "coordinates": [ 127.274864678295771, 36.471377947631275, 60.105670490110008 ] } },
{ "type": "Feature", "properties": { "ID": "B119AS300155", "AdminCode": "413", "Type": "3", "SubType": "399", "LinkID": "A219AS303271", "Ref_Lane": 2, "PostID": "C619AS300770", "Maker": "而⑥", "UpdateDate": "20190620", "Version": "2019", "Remark": "嫄고〓", "HistType": null, "HistRemark": null }, "geometry": { "type": "Point", "coordinates": [ 127.274426919116578, 36.471393423881302, 56.719349408199456 ] } },
{ "type": "Feature", "properties": { "ID": "B119AS300154", "AdminCode": "413", "Type": "3", "SubType": "311", "LinkID": "A219AS303271", "Ref_Lane": 2, "PostID": "C619AS300770", "Maker": "而⑥", "UpdateDate": "20190620", "Version": "2019", "Remark": "", "HistType": null, "HistRemark": null }, "geometry": { "type": "Point", "coordinates": [ 127.274477169446911, 36.471401860928083, 60.281418389506733 ] } },
{ "type": "Feature", "properties": { "ID": "B119AS300153", "AdminCode": "413", "Type": "4", "SubType": "499", "LinkID": "A219AS303271", "Ref_Lane": 2, "PostID": "C619AS300770", "Maker": "而⑥", "UpdateDate": "20190620", "Version": "2019", "Remark": "蹂댄諛醫", "HistType": null, "HistRemark": null }, "geometry": { "type": "Point", "coordinates": [ 127.274476721021529, 36.471401477451337, 59.581926033483896 ] } },
{ "type": "Feature", "properties": { "ID": "B119AS300152", "AdminCode": "413", "Type": "2", "SubType": "224", "LinkID": "A219AS303271", "Ref_Lane": 2, "PostID": "C619AS300770", "Maker": "而⑥", "UpdateDate": "20190620", "Version": "2019", "Remark": "50", "HistType": null, "HistRemark": null }, "geometry": { "type": "Point", "coordinates": [ 127.274486686415713, 36.471403050606881, 59.606593357012997 ] } },
{ "type": "Feature", "properties": { "ID": "B119AS300151", "AdminCode": "413", "Type": "3", "SubType": "399", "LinkID": "A219AS300947", "Ref_Lane": 3, "PostID": "C619AS300771", "Maker": "而⑥", "UpdateDate": "20190620", "Version": "2019", "Remark": "嫄고〓", "HistType": null, "HistRemark": null }, "geometry": { "type": "Point", "coordinates": [ 127.274406030495243, 36.471343482805693, 56.78875423077664 ] } },
{ "type": "Feature", "properties": { "ID": "B119AS300150", "AdminCode": "413", "Type": "3", "SubType": "308", "LinkID": "A219AS300961", "Ref_Lane": 1, "PostID": "C619AS300251", "Maker": "而⑥", "UpdateDate": "20190620", "Version": "2019", "Remark": "吏吏諛고", "HistType": null, "HistRemark": null }, "geometry": { "type": "Point", "coordinates": [ 127.274334149818102, 36.470973227399696, 56.557722413674774 ] } },
{ "type": "Feature", "properties": { "ID": "B119AS300149", "AdminCode": "413", "Type": "3", "SubType": "311", "LinkID": "A219AS300971", "Ref_Lane": 4, "PostID": "C619AS300773", "Maker": "而⑥", "UpdateDate": "20190620", "Version": "2019", "Remark": "", "HistType": null, "HistRemark": null }, "geometry": { "type": "Point", "coordinates": [ 127.274479367857538, 36.471099244469819, 59.95894 ] } },
{ "type": "Feature", "properties": { "ID": "B119AS300148", "AdminCode": "413", "Type": "4", "SubType": "499", "LinkID": "A219AS300971", "Ref_Lane": 4, "PostID": "C619AS300773", "Maker": "而⑥", "UpdateDate": "20190620", "Version": "2019", "Remark": "醫", "HistType": null, "HistRemark": null }, "geometry": { "type": "Point", "coordinates": [ 127.274479409608162, 36.471099029822632, 59.405270981562033 ] } },
{ "type": "Feature", "properties": { "ID": "B119AS300147", "AdminCode": "413", "Type": "2", "SubType": "224", "LinkID": "A219AS300971", "Ref_Lane": 4, "PostID": "C619AS300773", "Maker": "而⑥", "UpdateDate": "20190620", "Version": "2019", "Remark": "50", "HistType": null, "HistRemark": null }, "geometry": { "type": "Point", "coordinates": [ 127.274495780684106, 36.471066649960342, 59.741791705332524 ] } },
{ "type": "Feature", "properties": { "ID": "B119AS300146", "AdminCode": "413", "Type": "3", "SubType": "399", "LinkID": "A219AS303273", "Ref_Lane": 2, "PostID": "C619AS300773", "Maker": "而⑥", "UpdateDate": "20190620", "Version": "2019", "Remark": "嫄고〓", "HistType": null, "HistRemark": null }, "geometry": { "type": "Point", "coordinates": [ 127.27450517825082, 36.471050924262691, 56.930397567185665 ] } },
{ "type": "Feature", "properties": { "ID": "B119AS300145", "AdminCode": "413", "Type": "3", "SubType": "399", "LinkID": "A219AS300971", "Ref_Lane": 4, "PostID": "C619AS300773", "Maker": "而⑥", "UpdateDate": "20190620", "Version": "2019", "Remark": "嫄고〓", "HistType": null, "HistRemark": null }, "geometry": { "type": "Point", "coordinates": [ 127.274510834144422, 36.471048634180214, 56.828021372938672 ] } },
{ "type": "Feature", "properties": { "ID": "B119AS300144", "AdminCode": "413", "Type": "3", "SubType": "399", "LinkID": "A219AS303273", "Ref_Lane": 2, "PostID": "C619AS300774", "Maker": "而⑥", "UpdateDate": "20190620", "Version": "2019", "Remark": "嫄고〓", "HistType": null, "HistRemark": null }, "geometry": { "type": "Point", "coordinates": [ 127.274767468273282, 36.47115556977333, 57.445284291907782 ] } },
{ "type": "Feature", "properties": { "ID": "B119AS300143", "AdminCode": "413", "Type": "3", "SubType": "399", "LinkID": "A219AS303273", "Ref_Lane": 2, "PostID": "C619AS300774", "Maker": "而⑥", "UpdateDate": "20190620", "Version": "2019", "Remark": "嫄고〓", "HistType": null, "HistRemark": null }, "geometry": { "type": "Point", "coordinates": [ 127.27477029236519, 36.471160198546194, 57.573422315842457 ] } },
{ "type": "Feature", "properties": { "ID": "B119AS300142", "AdminCode": "413", "Type": "2", "SubType": "224", "LinkID": "A219AS303273", "Ref_Lane": 2, "PostID": "C619AS300774", "Maker": "而⑥", "UpdateDate": "20190620", "Version": "2019", "Remark": "50", "HistType": null, "HistRemark": null }, "geometry": { "type": "Point", "coordinates": [ 127.274708762803968, 36.471140810855864, 59.78533694211346 ] } },
{ "type": "Feature", "properties": { "ID": "B119AS300141", "AdminCode": "413", "Type": "3", "SubType": "399", "LinkID": "A219AS300923", "Ref_Lane": 3, "PostID": "C619AS300252", "Maker": "而⑥", "UpdateDate": "20190620", "Version": "2019", "Remark": "嫄곕蹂댄듯援щ", "HistType": null, "HistRemark": null }, "geometry": { "type": "Point", "coordinates": [ 127.27415555121523, 36.471209967803667, 57.16652 ] } },
{ "type": "Feature", "properties": { "ID": "B119AS300140", "AdminCode": "413", "Type": "2", "SubType": "224", "LinkID": "A219AS300923", "Ref_Lane": 3, "PostID": "C619AS300253", "Maker": "而⑥", "UpdateDate": "20190620", "Version": "2019", "Remark": "50", "HistType": null, "HistRemark": null }, "geometry": { "type": "Point", "coordinates": [ 127.273756519750407, 36.471049638220379, 60.256622247132242 ] } },
{ "type": "Feature", "properties": { "ID": "B119AS300139", "AdminCode": "413", "Type": "2", "SubType": "218", "LinkID": "A219AS300923", "Ref_Lane": 3, "PostID": "C619AS300256", "Maker": "而⑥", "UpdateDate": "20190620", "Version": "2019", "Remark": "李⑥＜李④吏", "HistType": null, "HistRemark": null }, "geometry": { "type": "Point", "coordinates": [ 127.273250008240439, 36.47091686915531, 57.527426385839277 ] } },
{ "type": "Feature", "properties": { "ID": "B119AS300138", "AdminCode": "413", "Type": "4", "SubType": "499", "LinkID": "A219AS300923", "Ref_Lane": 3, "PostID": "C619AS300256", "Maker": "而⑥", "UpdateDate": "20190620", "Version": "2019", "Remark": "援ш", "HistType": null, "HistRemark": null }, "geometry": { "type": "Point", "coordinates": [ 127.273249994905584, 36.470916913539426, 57.034456058699917 ] } },
{ "type": "Feature", "properties": { "ID": "B119AS300137", "AdminCode": "413", "Type": "2", "SubType": "228", "LinkID": "A219AS300923", "Ref_Lane": 3, "PostID": "C619AS300257", "Maker": "而⑥", "UpdateDate": "20190620", "Version": "2019", "Remark": "蹂", "HistType": null, "HistRemark": null }, "geometry": { "type": "Point", "coordinates": [ 127.272986187146131, 36.470878739148191, 57.301682279957589 ] } },
{ "type": "Feature", "properties": { "ID": "B119AS300136", "AdminCode": "413", "Type": "3", "SubType": "399", "LinkID": "A219AS300932", "Ref_Lane": 3, "PostID": "C619AS300258", "Maker": "而⑥", "UpdateDate": "20190620", "Version": "2019", "Remark": "嫄곕蹂댄듯援щ", "HistType": null, "HistRemark": null }, "geometry": { "type": "Point", "coordinates": [ 127.272228181561232, 36.470577230109356, 56.715677419354797 ] } },
{ "type": "Feature", "properties": { "ID": "B119AS300135", "AdminCode": "413", "Type": "2", "SubType": "218", "LinkID": "A219AS300931", "Ref_Lane": 3, "PostID": "C619AS300255", "Maker": "而⑥", "UpdateDate": "20190620", "Version": "2019", "Remark": "李⑥＜李④吏", "HistType": null, "HistRemark": null }, "geometry": { "type": "Point", "coordinates": [ 127.273625800299499, 36.470690996705827, 57.712938236305909 ] } },
{ "type": "Feature", "properties": { "ID": "B119AS300134", "AdminCode": "413", "Type": "4", "SubType": "499", "LinkID": "A219AS300931", "Ref_Lane": 3, "PostID": "C619AS300255", "Maker": "而⑥", "UpdateDate": "20190620", "Version": "2019", "Remark": "援ш", "HistType": null, "HistRemark": null }, "geometry": { "type": "Point", "coordinates": [ 127.273625796335097, 36.470691015740115, 57.242907316269161 ] } },
{ "type": "Feature", "properties": { "ID": "B119AS300133", "AdminCode": "413", "Type": "3", "SubType": "322", "LinkID": "A219AS300963", "Ref_Lane": 1, "PostID": "C619AS300254", "Maker": "而⑥", "UpdateDate": "20190620", "Version": "2019", "Remark": "〓⑤낫", "HistType": null, "HistRemark": null }, "geometry": { "type": "Point", "coordinates": [ 127.273872171260678, 36.470766005065265, 57.308434756978151 ] } },
{ "type": "Feature", "properties": { "ID": "B119AS300132", "AdminCode": "413", "Type": "3", "SubType": "399", "LinkID": "A219AS300903", "Ref_Lane": 2, "PostID": "C619AS300523", "Maker": "而⑥", "UpdateDate": "20190620", "Version": "2019", "Remark": "嫄고〓", "HistType": null, "HistRemark": null }, "geometry": { "type": "Point", "coordinates": [ 127.271883279500116, 36.470652717563304, 56.39350434705969 ] } },
{ "type": "Feature", "properties": { "ID": "B119AS300131", "AdminCode": "413", "Type": "3", "SubType": "399", "LinkID": "A219AS300903", "Ref_Lane": 2, "PostID": "C619AS300523", "Maker": "而⑥", "UpdateDate": "20190620", "Version": "2019", "Remark": "嫄고〓", "HistType": null, "HistRemark": null }, "geometry": { "type": "Point", "coordinates": [ 127.271888077066606, 36.470652564463194, 56.450855738823869 ] } },
{ "type": "Feature", "properties": { "ID": "B119AS300130", "AdminCode": "413", "Type": "2", "SubType": "228", "LinkID": "A219AS300272", "Ref_Lane": 1, "PostID": "C619AS300174", "Maker": "而⑥", "UpdateDate": "20190620", "Version": "2019", "Remark": "蹂", "HistType": null, "HistRemark": null }, "geometry": { "type": "Point", "coordinates": [ 127.324018404018233, 36.498586262813923, 59.060435693930252 ] } },
{ "type": "Feature", "properties": { "ID": "B119AS300129", "AdminCode": "413", "Type": "3", "SubType": "399", "LinkID": "A219AS300272", "Ref_Lane": 1, "PostID": "C619AS300173", "Maker": "而⑥", "UpdateDate": "20190620", "Version": "2019", "Remark": "嫄고듯媛", "HistType": null, "HistRemark": null }, "geometry": { "type": "Point", "coordinates": [ 127.324230898952408, 36.498648629795063, 58.980697590840506 ] } },
{ "type": "Feature", "properties": { "ID": "B119AS300128", "AdminCode": "413", "Type": "2", "SubType": "224", "LinkID": "A219AS300258", "Ref_Lane": 2, "PostID": "C619AS300175", "Maker": "而⑥", "UpdateDate": "20190620", "Version": "2019", "Remark": "50", "HistType": null, "HistRemark": null }, "geometry": { "type": "Point", "coordinates": [ 127.323781604180439, 36.498489115685032, 62.731484050688572 ] } },
{ "type": "Feature", "properties": { "ID": "B119AS300127", "AdminCode": "413", "Type": "2", "SubType": "218", "LinkID": "A219AS300258", "Ref_Lane": 2, "PostID": "C619AS300176", "Maker": "而⑥", "UpdateDate": "20190620", "Version": "2019", "Remark": "李⑥＜李④吏", "HistType": null, "HistRemark": null }, "geometry": { "type": "Point", "coordinates": [ 127.323270660229767, 36.498385870588351, 58.785209383238978 ] } },
{ "type": "Feature", "properties": { "ID": "B119AS300126", "AdminCode": "413", "Type": "2", "SubType": "218", "LinkID": "A219AS300243", "Ref_Lane": 2, "PostID": "C619AS300177", "Maker": "而⑥", "UpdateDate": "20190620", "Version": "2019", "Remark": "李⑥＜李④吏", "HistType": null, "HistRemark": null }, "geometry": { "type": "Point", "coordinates": [ 127.320998637669049, 36.497669498790863, 58.019284348315828 ] } },
{ "type": "Feature", "properties": { "ID": "B119AS300125", "AdminCode": "413", "Type": "3", "SubType": "399", "LinkID": "A219AS300245", "Ref_Lane": 2, "PostID": "C619AS300494", "Maker": "而⑥", "UpdateDate": "20190620", "Version": "2019", "Remark": "嫄곕蹂댄듯", "HistType": null, "HistRemark": null }, "geometry": { "type": "Point", "coordinates": [ 127.321810529935604, 36.498102427598425, 58.326799979418603 ] } },
{ "type": "Feature", "properties": { "ID": "B119AS300124", "AdminCode": "413", "Type": "2", "SubType": "218", "LinkID": "A219AS300245", "Ref_Lane": 2, "PostID": "C619AS300178", "Maker": "而⑥", "UpdateDate": "20190620", "Version": "2019", "Remark": "李⑥＜李④吏", "HistType": null, "HistRemark": null }, "geometry": { "type": "Point", "coordinates": [ 127.318962352398017, 36.497715133886572, 58.336661540894333 ] } },
{ "type": "Feature", "properties": { "ID": "B119AS300123", "AdminCode": "413", "Type": "2", "SubType": "228", "LinkID": "A219AS300286", "Ref_Lane": 1, "PostID": "C619AS300180", "Maker": "而⑥", "UpdateDate": "20190620", "Version": "2019", "Remark": "蹂", "HistType": null, "HistRemark": null }, "geometry": { "type": "Point", "coordinates": [ 127.318652673327932, 36.497441354112098, 58.377785407350842 ] } },
{ "type": "Feature", "properties": { "ID": "B119AS300122", "AdminCode": "413", "Type": "2", "SubType": "224", "LinkID": "A219AS300243", "Ref_Lane": 2, "PostID": "C619AS300179", "Maker": "而⑥", "UpdateDate": "20190620", "Version": "2019", "Remark": "50", "HistType": null, "HistRemark": null }, "geometry": { "type": "Point", "coordinates": [ 127.318984396688975, 36.497470780666582, 58.346458994094029 ] } },
{ "type": "Feature", "properties": { "ID": "B119AS300121", "AdminCode": "413", "Type": "2", "SubType": "228", "LinkID": "A219AS300267", "Ref_Lane": 1, "PostID": "C619AS300181", "Maker": "而⑥", "UpdateDate": "20190620", "Version": "2019", "Remark": "蹂", "HistType": null, "HistRemark": null }, "geometry": { "type": "Point", "coordinates": [ 127.316776537674087, 36.497706289727816, 58.255659334103434 ] } },
{ "type": "Feature", "properties": { "ID": "B119AS300120", "AdminCode": "413", "Type": "2", "SubType": "224", "LinkID": "A219AS300225", "Ref_Lane": 2, "PostID": "C619AS300182", "Maker": "而⑥", "UpdateDate": "20190620", "Version": "2019", "Remark": "50", "HistType": null, "HistRemark": null }, "geometry": { "type": "Point", "coordinates": [ 127.316154964578573, 36.497704792173352, 58.367351655177806 ] } },
{ "type": "Feature", "properties": { "ID": "B119AS300119", "AdminCode": "413", "Type": "3", "SubType": "322", "LinkID": "A219AS300225", "Ref_Lane": 2, "PostID": "C619AS300183", "Maker": "而⑥", "UpdateDate": "20190620", "Version": "2019", "Remark": "〓⑤낫", "HistType": null, "HistRemark": null }, "geometry": { "type": "Point", "coordinates": [ 127.313789405816735, 36.497875555472191, 58.038965291899046 ] } },
{ "type": "Feature", "properties": { "ID": "B119AS300118", "AdminCode": "413", "Type": "2", "SubType": "224", "LinkID": "A219AS300225", "Ref_Lane": 2, "PostID": "C619AS300185", "Maker": "而⑥", "UpdateDate": "20190620", "Version": "2019", "Remark": "50", "HistType": null, "HistRemark": null }, "geometry": { "type": "Point", "coordinates": [ 127.312912540089954, 36.497875602985985, 58.428462941704026 ] } },
{ "type": "Feature", "properties": { "ID": "B119AS300117", "AdminCode": "413", "Type": "3", "SubType": "399", "LinkID": "A219AS300225", "Ref_Lane": 2, "PostID": "C619AS300184", "Maker": "而⑥", "UpdateDate": "20190620", "Version": "2019", "Remark": "嫄고〓", "HistType": null, "HistRemark": null }, "geometry": { "type": "Point", "coordinates": [ 127.313456205514697, 36.497876040293839, 58.16743231746603 ] } },
{ "type": "Feature", "properties": { "ID": "B119AS300116", "AdminCode": "413", "Type": "2", "SubType": "228", "LinkID": "A219AS300284", "Ref_Lane": 1, "PostID": "C619AS300187", "Maker": "而⑥", "UpdateDate": "20190620", "Version": "2019", "Remark": "蹂", "HistType": null, "HistRemark": null }, "geometry": { "type": "Point", "coordinates": [ 127.312329975553538, 36.497547494652416, 58.56718276783743 ] } },
{ "type": "Feature", "properties": { "ID": "B119AS300115", "AdminCode": "413", "Type": "2", "SubType": "218", "LinkID": "A219AS300230", "Ref_Lane": 3, "PostID": "C619AS300186", "Maker": "而⑥", "UpdateDate": "20190620", "Version": "2019", "Remark": "李⑥＜李④吏", "HistType": null, "HistRemark": null }, "geometry": { "type": "Point", "coordinates": [ 127.312528447415261, 36.497568791988407, 58.412860489184325 ] } },
{ "type": "Feature", "properties": { "ID": "B119AS300114", "AdminCode": "413", "Type": "2", "SubType": "214", "LinkID": "A219AS300226", "Ref_Lane": 2, "PostID": "C619AS300796", "Maker": "而⑥", "UpdateDate": "20190620", "Version": "2019", "Remark": null, "HistType": null, "HistRemark": null }, "geometry": { "type": "Point", "coordinates": [ 127.311643006114778, 36.497729182851437, 61.812222533574548 ] } },
{ "type": "Feature", "properties": { "ID": "B119AS300113", "AdminCode": "413", "Type": "3", "SubType": "399", "LinkID": "A219AS300226", "Ref_Lane": 2, "PostID": "C619AS300796", "Maker": "而⑥", "UpdateDate": "20190620", "Version": "2019", "Remark": "嫄곕蹂댄듯", "HistType": null, "HistRemark": null }, "geometry": { "type": "Point", "coordinates": [ 127.311643024571765, 36.497728992523662, 61.243866840730902 ] } },
{ "type": "Feature", "properties": { "ID": "B119AS300112", "AdminCode": "413", "Type": "2", "SubType": "218", "LinkID": "A219AS300218", "Ref_Lane": 2, "PostID": "C619AS300189", "Maker": "而⑥", "UpdateDate": "20190620", "Version": "2019", "Remark": "李⑥＜李④吏", "HistType": null, "HistRemark": null }, "geometry": { "type": "Point", "coordinates": [ 127.310381245985553, 36.497626485153688, 59.158471296422938 ] } },
{ "type": "Feature", "properties": { "ID": "B119AS300111", "AdminCode": "413", "Type": "1", "SubType": "199", "LinkID": "A219AS300222", "Ref_Lane": 3, "PostID": "C619AS300188", "Maker": "而⑥", "UpdateDate": "20190620", "Version": "2019", "Remark": "怨듭ъ", "HistType": null, "HistRemark": null }, "geometry": { "type": "Point", "coordinates": [ 127.310983847035942, 36.497396407815756, 58.670050821285479 ] } },
{ "type": "Feature", "properties": { "ID": "B119AS300110", "AdminCode": "413", "Type": "4", "SubType": "499", "LinkID": "A219AS300222", "Ref_Lane": 3, "PostID": "C619AS300188", "Maker": "而⑥", "UpdateDate": "20190620", "Version": "2019", "Remark": "1km", "HistType": null, "HistRemark": null }, "geometry": { "type": "Point", "coordinates": [ 127.310983022127672, 36.497396669685763, 58.387316968042263 ] } },
{ "type": "Feature", "properties": { "ID": "B119AS300109", "AdminCode": "413", "Type": "2", "SubType": "218", "LinkID": "A219AS300216", "Ref_Lane": 2, "PostID": "C619AS300190", "Maker": "而⑥", "UpdateDate": "20190620", "Version": "2019", "Remark": "李⑥＜李④吏", "HistType": null, "HistRemark": null }, "geometry": { "type": "Point", "coordinates": [ 127.310153553746588, 36.497346715609837, 59.300516238111243 ] } },
{ "type": "Feature", "properties": { "ID": "B119AS300108", "AdminCode": "413", "Type": "3", "SubType": "399", "LinkID": "A219AS300216", "Ref_Lane": 2, "PostID": "C619AS300191", "Maker": "而⑥", "UpdateDate": "20190620", "Version": "2019", "Remark": "嫄곕蹂댄듯", "HistType": null, "HistRemark": null }, "geometry": { "type": "Point", "coordinates": [ 127.309911928914076, 36.497318846817095, 59.477300230619697 ] } },
{ "type": "Feature", "properties": { "ID": "B119AS300107", "AdminCode": "413", "Type": "3", "SubType": "322", "LinkID": "A219AS300218", "Ref_Lane": 2, "PostID": "C619AS300192", "Maker": "而⑥", "UpdateDate": "20190620", "Version": "2019", "Remark": "〓⑤낫", "HistType": null, "HistRemark": null }, "geometry": { "type": "Point", "coordinates": [ 127.309575238144916, 36.497517405638355, 59.452628510602388 ] } },
{ "type": "Feature", "properties": { "ID": "B119AS300106", "AdminCode": "413", "Type": "4", "SubType": "499", "LinkID": "A219AS300218", "Ref_Lane": 2, "PostID": "C619AS300192", "Maker": "而⑥", "UpdateDate": "20190620", "Version": "2019", "Remark": "嫄고〓", "HistType": null, "HistRemark": null }, "geometry": { "type": "Point", "coordinates": [ 127.309566738753091, 36.497516132183492, 59.440358953506411 ] } },
{ "type": "Feature", "properties": { "ID": "B119AS300105", "AdminCode": "413", "Type": "3", "SubType": "311", "LinkID": "A219AS300206", "Ref_Lane": 4, "PostID": "C619AS300193", "Maker": "而⑥", "UpdateDate": "20190620", "Version": "2019", "Remark": "", "HistType": null, "HistRemark": null }, "geometry": { "type": "Point", "coordinates": [ 127.307108394358863, 36.496169324049561, 62.850320923992555 ] } },
{ "type": "Feature", "properties": { "ID": "B119AS300104", "AdminCode": "413", "Type": "3", "SubType": "399", "LinkID": "A219AS300168", "Ref_Lane": 1, "PostID": "C619AS300804", "Maker": "而⑥", "UpdateDate": "20190620", "Version": "2019", "Remark": "嫄고〓", "HistType": null, "HistRemark": null }, "geometry": { "type": "Point", "coordinates": [ 127.30649144810566, 36.49544762867815, 59.179725305313823 ] } },
{ "type": "Feature", "properties": { "ID": "B119AS300103", "AdminCode": "413", "Type": "3", "SubType": "399", "LinkID": "A219AS300191", "Ref_Lane": 5, "PostID": "C619AS300803", "Maker": "而⑥", "UpdateDate": "20190620", "Version": "2019", "Remark": "嫄고〓", "HistType": null, "HistRemark": null }, "geometry": { "type": "Point", "coordinates": [ 127.306773184707865, 36.495190482730941, 58.91501081328645 ] } },
{ "type": "Feature", "properties": { "ID": "B119AS300102", "AdminCode": "413", "Type": "2", "SubType": "228", "LinkID": "A219AS300169", "Ref_Lane": 3, "PostID": "C619AS300194", "Maker": "而⑥", "UpdateDate": "20190620", "Version": "2019", "Remark": "蹂", "HistType": null, "HistRemark": null }, "geometry": { "type": "Point", "coordinates": [ 127.3062899240159, 36.495107561019566, 59.343460870100493 ] } },
{ "type": "Feature", "properties": { "ID": "B119AS300101", "AdminCode": "413", "Type": "2", "SubType": "224", "LinkID": "A219AS300155", "Ref_Lane": 2, "PostID": "C619AS300195", "Maker": "而⑥", "UpdateDate": "20190620", "Version": "2019", "Remark": "50", "HistType": null, "HistRemark": null }, "geometry": { "type": "Point", "coordinates": [ 127.306193325094682, 36.494909350849341, 59.452870009554623 ] } },
{ "type": "Feature", "properties": { "ID": "B119AS300100", "AdminCode": "413", "Type": "2", "SubType": "218", "LinkID": "A219AS300155", "Ref_Lane": 2, "PostID": "C619AS300196", "Maker": "而⑥", "UpdateDate": "20190620", "Version": "2019", "Remark": "李⑥＜李④吏", "HistType": null, "HistRemark": null }, "geometry": { "type": "Point", "coordinates": [ 127.305311287634282, 36.49361416056334, 60.807693364519629 ] } },
{ "type": "Feature", "properties": { "ID": "B119AS300099", "AdminCode": "413", "Type": "3", "SubType": "399", "LinkID": "A219AS300162", "Ref_Lane": 3, "PostID": "C619AS300805", "Maker": "而⑥", "UpdateDate": "20190620", "Version": "2019", "Remark": "嫄고〓", "HistType": null, "HistRemark": null }, "geometry": { "type": "Point", "coordinates": [ 127.304416028301262, 36.491753966046424, 62.066567901234563 ] } },
{ "type": "Feature", "properties": { "ID": "B119AS300098", "AdminCode": "413", "Type": "3", "SubType": "399", "LinkID": "A219AS300156", "Ref_Lane": 2, "PostID": "C619AS300810", "Maker": "而⑥", "UpdateDate": "20190620", "Version": "2019", "Remark": "嫄고〓", "HistType": null, "HistRemark": null }, "geometry": { "type": "Point", "coordinates": [ 127.304108867345249, 36.491882245962501, 62.308179415399799 ] } },
{ "type": "Feature", "properties": { "ID": "B119AS300097", "AdminCode": "413", "Type": "3", "SubType": "322", "LinkID": "A219AS300266", "Ref_Lane": 2, "PostID": "C619AS300197", "Maker": "而⑥", "UpdateDate": "20190620", "Version": "2019", "Remark": "〓⑤낫", "HistType": null, "HistRemark": null }, "geometry": { "type": "Point", "coordinates": [ 127.30402084699864, 36.491767975115998, 62.284773914649151 ] } },
{ "type": "Feature", "properties": { "ID": "B119AS300096", "AdminCode": "413", "Type": "3", "SubType": "322", "LinkID": "A219AS300266", "Ref_Lane": 2, "PostID": "C619AS300199", "Maker": "而⑥", "UpdateDate": "20190620", "Version": "2019", "Remark": "〓⑤낫", "HistType": null, "HistRemark": null }, "geometry": { "type": "Point", "coordinates": [ 127.303892406768895, 36.491613390922147, 61.860333563734528 ] } },
{ "type": "Feature", "properties": { "ID": "B119AS300095", "AdminCode": "413", "Type": "4", "SubType": "499", "LinkID": "A219AS300266", "Ref_Lane": 2, "PostID": "C619AS300199", "Maker": "而⑥", "UpdateDate": "20190620", "Version": "2019", "Remark": "嫄고〓", "HistType": null, "HistRemark": null }, "geometry": { "type": "Point", "coordinates": [ 127.303892350930766, 36.491613197505231, 62.57875405342007 ] } },
{ "type": "Feature", "properties": { "ID": "B119AS300094", "AdminCode": "413", "Type": "2", "SubType": "224", "LinkID": "A219AS300266", "Ref_Lane": 1, "PostID": "C619AS300198", "Maker": "而⑥", "UpdateDate": "20190620", "Version": "2019", "Remark": "30", "HistType": null, "HistRemark": null }, "geometry": { "type": "Point", "coordinates": [ 127.303851134492049, 36.4917614368212, 61.72701406387467 ] } },
{ "type": "Feature", "properties": { "ID": "B119AS300093", "AdminCode": "413", "Type": "3", "SubType": "399", "LinkID": "A219AS300154", "Ref_Lane": 3, "PostID": "C619AS300808", "Maker": "而⑥", "UpdateDate": "20190620", "Version": "2019", "Remark": "嫄고〓", "HistType": null, "HistRemark": null }, "geometry": { "type": "Point", "coordinates": [ 127.303824935150601, 36.491463299965091, 61.930196250648613 ] } },
{ "type": "Feature", "properties": { "ID": "B119AS300092", "AdminCode": "413", "Type": "2", "SubType": "218", "LinkID": "A219AS300145", "Ref_Lane": 3, "PostID": "C619AS300495", "Maker": "而⑥", "UpdateDate": "20190620", "Version": "2019", "Remark": "李⑥＜李④吏", "HistType": null, "HistRemark": null }, "geometry": { "type": "Point", "coordinates": [ 127.303060583251877, 36.490370491038945, 61.925101267728017 ] } },
{ "type": "Feature", "properties": { "ID": "B119AS300091", "AdminCode": "413", "Type": "3", "SubType": "322", "LinkID": "A219AS300145", "Ref_Lane": 3, "PostID": "C619AS300200", "Maker": "而⑥", "UpdateDate": "20190620", "Version": "2019", "Remark": "〓⑤낫", "HistType": null, "HistRemark": null }, "geometry": { "type": "Point", "coordinates": [ 127.302678412289012, 36.489842370705858, 61.468972656521721 ] } },
{ "type": "Feature", "properties": { "ID": "B119AS300090", "AdminCode": "413", "Type": "2", "SubType": "224", "LinkID": "A219AS300128", "Ref_Lane": 2, "PostID": "C619AS300496", "Maker": "而⑥", "UpdateDate": "20190620", "Version": "2019", "Remark": "50", "HistType": null, "HistRemark": null }, "geometry": { "type": "Point", "coordinates": [ 127.302225093718363, 36.48890633975082, 60.721818874072177 ] } },
{ "type": "Feature", "properties": { "ID": "B119AS300089", "AdminCode": "413", "Type": "2", "SubType": "218", "LinkID": "A219AS300128", "Ref_Lane": 2, "PostID": "C619AS300201", "Maker": "而⑥", "UpdateDate": "20190620", "Version": "2019", "Remark": "李⑥＜李④吏", "HistType": null, "HistRemark": null }, "geometry": { "type": "Point", "coordinates": [ 127.302010481811337, 36.488205475333451, 59.717051999514872 ] } },
{ "type": "Feature", "properties": { "ID": "B119AS300088", "AdminCode": "413", "Type": "2", "SubType": "224", "LinkID": "A219AS300141", "Ref_Lane": 3, "PostID": "C619AS300497", "Maker": "而⑥", "UpdateDate": "20190620", "Version": "2019", "Remark": "50", "HistType": null, "HistRemark": null }, "geometry": { "type": "Point", "coordinates": [ 127.302173333386875, 36.487624394167284, 58.589342093571943 ] } },
{ "type": "Feature", "properties": { "ID": "B119AS300087", "AdminCode": "413", "Type": "2", "SubType": "218", "LinkID": "A219AS300275", "Ref_Lane": 3, "PostID": "C619AS300498", "Maker": "而⑥", "UpdateDate": "20190620", "Version": "2019", "Remark": "李⑥＜李④吏", "HistType": null, "HistRemark": null }, "geometry": { "type": "Point", "coordinates": [ 127.30176351938745, 36.486780753704977, 57.623194399122511 ] } },
{ "type": "Feature", "properties": { "ID": "B119AS300086", "AdminCode": "413", "Type": "2", "SubType": "228", "LinkID": "A219AS301170", "Ref_Lane": 3, "PostID": "C619AS300202", "Maker": "而⑥", "UpdateDate": "20190620", "Version": "2019", "Remark": "蹂", "HistType": null, "HistRemark": null }, "geometry": { "type": "Point", "coordinates": [ 127.300684452708992, 36.485880381217122, 57.183495872317955 ] } },
{ "type": "Feature", "properties": { "ID": "B119AS300085", "AdminCode": "413", "Type": "3", "SubType": "322", "LinkID": "A219AS301163", "Ref_Lane": 2, "PostID": "C619AS300203", "Maker": "而⑥", "UpdateDate": "20190620", "Version": "2019", "Remark": "〓⑤낫", "HistType": null, "HistRemark": null }, "geometry": { "type": "Point", "coordinates": [ 127.300219198469307, 36.485268730478587, 57.336361862438011 ] } },
{ "type": "Feature", "properties": { "ID": "B119AS300084", "AdminCode": "413", "Type": "2", "SubType": "224", "LinkID": "A219AS301163", "Ref_Lane": 2, "PostID": "C619AS300204", "Maker": "而⑥", "UpdateDate": "20190620", "Version": "2019", "Remark": "50", "HistType": null, "HistRemark": null }, "geometry": { "type": "Point", "coordinates": [ 127.30011863462633, 36.485139788193784, 57.083150841220224 ] } },
{ "type": "Feature", "properties": { "ID": "B119AS300083", "AdminCode": "413", "Type": "2", "SubType": "228", "LinkID": "A219AS300919", "Ref_Lane": 3, "PostID": "C619AS300206", "Maker": "而⑥", "UpdateDate": "20190620", "Version": "2019", "Remark": "蹂", "HistType": null, "HistRemark": null }, "geometry": { "type": "Point", "coordinates": [ 127.29863497801351, 36.483560821845735, 56.288123043918361 ] } },
{ "type": "Feature", "properties": { "ID": "B119AS300082", "AdminCode": "413", "Type": "2", "SubType": "224", "LinkID": "A219AS301155", "Ref_Lane": 2, "PostID": "C619AS300207", "Maker": "而⑥", "UpdateDate": "20190620", "Version": "2019", "Remark": "50", "HistType": null, "HistRemark": null }, "geometry": { "type": "Point", "coordinates": [ 127.298444193951013, 36.483388979517095, 56.383084832936625 ] } },
{ "type": "Feature", "properties": { "ID": "B119AS300081", "AdminCode": "413", "Type": "3", "SubType": "399", "LinkID": "A219AS301155", "Ref_Lane": 2, "PostID": "C619AS300833", "Maker": "而⑥", "UpdateDate": "20190620", "Version": "2019", "Remark": "嫄고〓", "HistType": null, "HistRemark": null }, "geometry": { "type": "Point", "coordinates": [ 127.297775473979257, 36.482927043933486, 56.172104398748338 ] } },
{ "type": "Feature", "properties": { "ID": "B119AS300080", "AdminCode": "413", "Type": "3", "SubType": "399", "LinkID": "A219AS301196", "Ref_Lane": 2, "PostID": "C619AS300208", "Maker": "而⑥", "UpdateDate": "20190620", "Version": "2019", "Remark": "嫄고〓", "HistType": null, "HistRemark": null }, "geometry": { "type": "Point", "coordinates": [ 127.29787832034863, 36.482630779078036, 55.970429535680594 ] } },
{ "type": "Feature", "properties": { "ID": "B119AS300079", "AdminCode": "413", "Type": "3", "SubType": "399", "LinkID": "A219AS301184", "Ref_Lane": 2, "PostID": "C619AS300839", "Maker": "而⑥", "UpdateDate": "20190620", "Version": "2019", "Remark": "嫄고〓", "HistType": null, "HistRemark": null }, "geometry": { "type": "Point", "coordinates": [ 127.297030034080038, 36.48243143962312, 56.094486389723158 ] } },
{ "type": "Feature", "properties": { "ID": "B119AS300078", "AdminCode": "413", "Type": "3", "SubType": "399", "LinkID": "A219AS301152", "Ref_Lane": 2, "PostID": "C619AS300838", "Maker": "而⑥", "UpdateDate": "20190620", "Version": "2019", "Remark": "嫄고〓", "HistType": null, "HistRemark": null }, "geometry": { "type": "Point", "coordinates": [ 127.297116818373624, 36.482152551324724, 56.185826909637136 ] } },
{ "type": "Feature", "properties": { "ID": "B119AS300077", "AdminCode": "413", "Type": "2", "SubType": "224", "LinkID": "A219AS301149", "Ref_Lane": 2, "PostID": "C619AS300209", "Maker": "而⑥", "UpdateDate": "20190620", "Version": "2019", "Remark": "40", "HistType": null, "HistRemark": null }, "geometry": { "type": "Point", "coordinates": [ 127.296857174184282, 36.48230869287169, 57.38040417814689 ] } },
{ "type": "Feature", "properties": { "ID": "B119AS300076", "AdminCode": "413", "Type": "3", "SubType": "314", "LinkID": "A219AS301117", "Ref_Lane": 2, "PostID": "C619AS300211", "Maker": "而⑥", "UpdateDate": "20190620", "Version": "2019", "Remark": null, "HistType": null, "HistRemark": null }, "geometry": { "type": "Point", "coordinates": [ 127.296614284046399, 36.482037646939141, 56.080619514765992 ] } },
{ "type": "Feature", "properties": { "ID": "B119AS300075", "AdminCode": "413", "Type": "2", "SubType": "224", "LinkID": "A219AS301152", "Ref_Lane": 2, "PostID": "C619AS300210", "Maker": "而⑥", "UpdateDate": "20190620", "Version": "2019", "Remark": "50", "HistType": null, "HistRemark": null }, "geometry": { "type": "Point", "coordinates": [ 127.297056906305215, 36.482115056245568, 57.456800620840013 ] } },
{ "type": "Feature", "properties": { "ID": "B119AS300074", "AdminCode": "413", "Type": "3", "SubType": "312", "LinkID": "A219AS301057", "Ref_Lane": 3, "PostID": "C619AS300500", "Maker": "而⑥", "UpdateDate": "20190620", "Version": "2019", "Remark": "痢〓갑듯", "HistType": null, "HistRemark": null }, "geometry": { "type": "Point", "coordinates": [ 127.289619249380493, 36.478923906028633, 56.66248811692661 ] } },
{ "type": "Feature", "properties": { "ID": "B119AS300073", "AdminCode": "413", "Type": "3", "SubType": "308", "LinkID": "A219AS301043", "Ref_Lane": 1, "PostID": "C619AS300231", "Maker": "而⑥", "UpdateDate": "20190620", "Version": "2019", "Remark": "吏吏諛고", "HistType": null, "HistRemark": null }, "geometry": { "type": "Point", "coordinates": [ 127.283828024815875, 36.476673850871869, 54.963695842975682 ] } },
{ "type": "Feature", "properties": { "ID": "B119AS300072", "AdminCode": "413", "Type": "3", "SubType": "312", "LinkID": "A219AS301033", "Ref_Lane": 3, "PostID": "C619AS300503", "Maker": "而⑥", "UpdateDate": "20190620", "Version": "2019", "Remark": "痢〓갑듯", "HistType": null, "HistRemark": null }, "geometry": { "type": "Point", "coordinates": [ 127.282232088695764, 36.47579662075556, 54.892431422253665 ] } },
{ "type": "Feature", "properties": { "ID": "B119AS300071", "AdminCode": "413", "Type": "3", "SubType": "399", "LinkID": "A219AS303231", "Ref_Lane": 2, "PostID": "C619AS300850", "Maker": "而⑥", "UpdateDate": "20190620", "Version": "2019", "Remark": "嫄고〓", "HistType": null, "HistRemark": null }, "geometry": { "type": "Point", "coordinates": [ 127.293516683308127, 36.480766899948144, 56.916038990733711 ] } },
{ "type": "Feature", "properties": { "ID": "B119AS300070", "AdminCode": "413", "Type": "3", "SubType": "399", "LinkID": "A219AS301126", "Ref_Lane": 2, "PostID": "C619AS300846", "Maker": "而⑥", "UpdateDate": "20190620", "Version": "2019", "Remark": "嫄고〓", "HistType": null, "HistRemark": null }, "geometry": { "type": "Point", "coordinates": [ 127.29382990057924, 36.480624418183886, 56.920734429354802 ] } },
{ "type": "Feature", "properties": { "ID": "B119AS300069", "AdminCode": "413", "Type": "3", "SubType": "399", "LinkID": "A219AS303233", "Ref_Lane": 2, "PostID": "C619AS300848", "Maker": "而⑥", "UpdateDate": "20190620", "Version": "2019", "Remark": "嫄고〓", "HistType": null, "HistRemark": null }, "geometry": { "type": "Point", "coordinates": [ 127.293648260533985, 36.480540512150398, 56.599006436042359 ] } },
{ "type": "Feature", "properties": { "ID": "B119AS300068", "AdminCode": "413", "Type": "3", "SubType": "310", "LinkID": "A219AS301132", "Ref_Lane": 3, "PostID": "C619AS300851", "Maker": "而⑥", "UpdateDate": "20190620", "Version": "2019", "Remark": null, "HistType": null, "HistRemark": null }, "geometry": { "type": "Point", "coordinates": [ 127.293776809916665, 36.480873867928516, 54.729781760191209 ] } },
{ "type": "Feature", "properties": { "ID": "B119AS300067", "AdminCode": "413", "Type": "3", "SubType": "399", "LinkID": "A219AS301059", "Ref_Lane": 3, "PostID": "C619AS300501", "Maker": "而⑥", "UpdateDate": "20190620", "Version": "2019", "Remark": "嫄곕蹂댄듯", "HistType": null, "HistRemark": null }, "geometry": { "type": "Point", "coordinates": [ 127.289318233365847, 36.479027764818866, 56.491265893698198 ] } },
{ "type": "Feature", "properties": { "ID": "B119AS300066", "AdminCode": "413", "Type": "3", "SubType": "322", "LinkID": "A219AS301060", "Ref_Lane": 2, "PostID": "C619AS300867", "Maker": "而⑥", "UpdateDate": "20190620", "Version": "2019", "Remark": "〓⑤낫", "HistType": null, "HistRemark": null }, "geometry": { "type": "Point", "coordinates": [ 127.288671530677036, 36.478715428610904, 57.143703790733063 ] } },
{ "type": "Feature", "properties": { "ID": "B119AS300065", "AdminCode": "413", "Type": "3", "SubType": "399", "LinkID": "A219AS301060", "Ref_Lane": 2, "PostID": "C619AS300867", "Maker": "而⑥", "UpdateDate": "20190620", "Version": "2019", "Remark": "嫄고〓", "HistType": null, "HistRemark": null }, "geometry": { "type": "Point", "coordinates": [ 127.28866692031292, 36.478712669332644, 56.698718603662208 ] } },
{ "type": "Feature", "properties": { "ID": "B119AS300064", "AdminCode": "413", "Type": "2", "SubType": "224", "LinkID": "A219AS301054", "Ref_Lane": 3, "PostID": "C619AS300219", "Maker": "而⑥", "UpdateDate": "20190620", "Version": "2019", "Remark": "50", "HistType": null, "HistRemark": null }, "geometry": { "type": "Point", "coordinates": [ 127.288331630896053, 36.478306214841851, 60.02985379036781 ] } },
{ "type": "Feature", "properties": { "ID": "B119AS300063", "AdminCode": "413", "Type": "3", "SubType": "399", "LinkID": "A219AS301192", "Ref_Lane": 2, "PostID": "C619AS300502", "Maker": "而⑥", "UpdateDate": "20190620", "Version": "2019", "Remark": "嫄고〓", "HistType": null, "HistRemark": null }, "geometry": { "type": "Point", "coordinates": [ 127.288581819307637, 36.478399501706981, 56.619682879634126 ] } },
{ "type": "Feature", "properties": { "ID": "B119AS300062", "AdminCode": "413", "Type": "3", "SubType": "399", "LinkID": "A219AS301049", "Ref_Lane": 1, "PostID": "C619AS300222", "Maker": "而⑥", "UpdateDate": "20190620", "Version": "2019", "Remark": "嫄고〓", "HistType": null, "HistRemark": null }, "geometry": { "type": "Point", "coordinates": [ 127.287477814985607, 36.477888189754331, 56.723831442667795 ] } },
{ "type": "Feature", "properties": { "ID": "B119AS300061", "AdminCode": "413", "Type": "3", "SubType": "399", "LinkID": "A219AS301048", "Ref_Lane": 3, "PostID": "C619AS300225", "Maker": "而⑥", "UpdateDate": "20190620", "Version": "2019", "Remark": "嫄고〓", "HistType": null, "HistRemark": null }, "geometry": { "type": "Point", "coordinates": [ 127.287092597669144, 36.477740116030255, 56.511808259600741 ] } },
{ "type": "Feature", "properties": { "ID": "B119AS300060", "AdminCode": "413", "Type": "3", "SubType": "399", "LinkID": "A219AS300099", "Ref_Lane": 2, "PostID": "C619AS300224", "Maker": "而⑥", "UpdateDate": "20190620", "Version": "2019", "Remark": "嫄곕蹂댄듯", "HistType": null, "HistRemark": null }, "geometry": { "type": "Point", "coordinates": [ 127.286942527385321, 36.477986715242828, 57.767830194868424 ] } },
{ "type": "Feature", "properties": { "ID": "B119AS300059", "AdminCode": "413", "Type": "3", "SubType": "399", "LinkID": "A219AS300900", "Ref_Lane": 3, "PostID": "C619AS300221", "Maker": "而⑥", "UpdateDate": "20190620", "Version": "2019", "Remark": "嫄고〓", "HistType": null, "HistRemark": null }, "geometry": { "type": "Point", "coordinates": [ 127.287459558822647, 36.478235371652858, 56.86814515576404 ] } },
{ "type": "Feature", "properties": { "ID": "B119AS300058", "AdminCode": "413", "Type": "3", "SubType": "399", "LinkID": "A219AS301033", "Ref_Lane": 3, "PostID": "C619AS300238", "Maker": "而⑥", "UpdateDate": "20190620", "Version": "2019", "Remark": "嫄곕蹂댄듯", "HistType": null, "HistRemark": null }, "geometry": { "type": "Point", "coordinates": [ 127.281696063120052, 36.475402901489048, 54.927524631518807 ] } },
{ "type": "Feature", "properties": { "ID": "B119AS300057", "AdminCode": "413", "Type": "3", "SubType": "322", "LinkID": "A219AS300092", "Ref_Lane": 1, "PostID": "C619AS300234", "Maker": "而⑥", "UpdateDate": "20190620", "Version": "2019", "Remark": "(移:ъ몄ш굅由)", "HistType": null, "HistRemark": null }, "geometry": { "type": "Point", "coordinates": [ 127.283818803709025, 36.476326832368237, 55.570647155567663 ] } },
{ "type": "Feature", "properties": { "ID": "B119AS300056", "AdminCode": "413", "Type": "3", "SubType": "309", "LinkID": "A219AS300094", "Ref_Lane": 2, "PostID": "C619AS300233", "Maker": "而⑥", "UpdateDate": "20190620", "Version": "2019", "Remark": null, "HistType": null, "HistRemark": null }, "geometry": { "type": "Point", "coordinates": [ 127.283869664353148, 36.476395317534504, 54.699902790952628 ] } },
{ "type": "Feature", "properties": { "ID": "B119AS300055", "AdminCode": "413", "Type": "3", "SubType": "399", "LinkID": "A219AS301042", "Ref_Lane": 3, "PostID": "C619AS300229", "Maker": "而⑥", "UpdateDate": "20190620", "Version": "2019", "Remark": "嫄곕蹂댄듯", "HistType": null, "HistRemark": null }, "geometry": { "type": "Point", "coordinates": [ 127.28430354639292, 36.476554346601084, 55.767057129633763 ] } },
{ "type": "Feature", "properties": { "ID": "B119AS300054", "AdminCode": "413", "Type": "2", "SubType": "228", "LinkID": "A219AS301042", "Ref_Lane": 3, "PostID": "C619AS300228", "Maker": "而⑥", "UpdateDate": "20190620", "Version": "2019", "Remark": "蹂", "HistType": null, "HistRemark": null }, "geometry": { "type": "Point", "coordinates": [ 127.284547746169636, 36.476665184122403, 56.148661248343508 ] } },
{ "type": "Feature", "properties": { "ID": "B119AS300053", "AdminCode": "413", "Type": "2", "SubType": "224", "LinkID": "A219AS301042", "Ref_Lane": 3, "PostID": "C619AS300227", "Maker": "而⑥", "UpdateDate": "20190620", "Version": "2019", "Remark": "50", "HistType": null, "HistRemark": null }, "geometry": { "type": "Point", "coordinates": [ 127.284764641647854, 36.476785747604367, 59.261101422365442 ] } },
{ "type": "Feature", "properties": { "ID": "B119AS300052", "AdminCode": "413", "Type": "3", "SubType": "322", "LinkID": "A219AS301048", "Ref_Lane": 3, "PostID": "C619AS300225", "Maker": "而⑥", "UpdateDate": "20190620", "Version": "2019", "Remark": "〓⑤낫", "HistType": null, "HistRemark": null }, "geometry": { "type": "Point", "coordinates": [ 127.28708537673117, 36.477738569288661, 56.685731052600836 ] } },
{ "type": "Feature", "properties": { "ID": "B119AS300051", "AdminCode": "413", "Type": "3", "SubType": "399", "LinkID": "A219AS301048", "Ref_Lane": 3, "PostID": "C619AS300225", "Maker": "而⑥", "UpdateDate": "20190620", "Version": "2019", "Remark": "嫄고〓", "HistType": null, "HistRemark": null }, "geometry": { "type": "Point", "coordinates": [ 127.287092886989754, 36.477740194721655, 56.53481587022295 ] } },
{ "type": "Feature", "properties": { "ID": "B119AS300050", "AdminCode": "413", "Type": "3", "SubType": "322", "LinkID": "A219AS301054", "Ref_Lane": 3, "PostID": "C619AS300220", "Maker": "而⑥", "UpdateDate": "20190620", "Version": "2019", "Remark": "〓⑤낫", "HistType": null, "HistRemark": null }, "geometry": { "type": "Point", "coordinates": [ 127.287909030327626, 36.478083826644706, 56.988370637197512 ] } },
{ "type": "Feature", "properties": { "ID": "B119AS300049", "AdminCode": "413", "Type": "3", "SubType": "322", "LinkID": "A219AS301057", "Ref_Lane": 3, "PostID": "C619AS300499", "Maker": "而⑥", "UpdateDate": "20190620", "Version": "2019", "Remark": "〓⑤낫", "HistType": null, "HistRemark": null }, "geometry": { "type": "Point", "coordinates": [ 127.289719729072019, 36.478848553837615, 56.36607 ] } },
{ "type": "Feature", "properties": { "ID": "B119AS300048", "AdminCode": "413", "Type": "3", "SubType": "399", "LinkID": "A219AS301069", "Ref_Lane": 2, "PostID": "C619AS300218", "Maker": "而⑥", "UpdateDate": "20190620", "Version": "2019", "Remark": "嫄고〓", "HistType": null, "HistRemark": null }, "geometry": { "type": "Point", "coordinates": [ 127.290127989218746, 36.479053111001292, 56.255518178085552 ] } },
{ "type": "Feature", "properties": { "ID": "B119AS300047", "AdminCode": "413", "Type": "2", "SubType": "224", "LinkID": "A219AS301070", "Ref_Lane": 2, "PostID": "C619AS300217", "Maker": "而⑥", "UpdateDate": "20190620", "Version": "2019", "Remark": "50", "HistType": null, "HistRemark": null }, "geometry": { "type": "Point", "coordinates": [ 127.290666731013843, 36.479297084041548, 59.613302247732904 ] } },
{ "type": "Feature", "properties": { "ID": "B119AS300046", "AdminCode": "413", "Type": "2", "SubType": "224", "LinkID": "A219AS301129", "Ref_Lane": 2, "PostID": "C619AS300212", "Maker": "而⑥", "UpdateDate": "20190620", "Version": "2019", "Remark": "40(蹂대珥)", "HistType": null, "HistRemark": null }, "geometry": { "type": "Point", "coordinates": [ 127.29482744395871, 36.481056693312581, 59.407013145130882 ] } },
{ "type": "Feature", "properties": { "ID": "B119AS300045", "AdminCode": "413", "Type": "2", "SubType": "228", "LinkID": "A219AS301147", "Ref_Lane": 1, "PostID": "C619AS300213", "Maker": "而⑥", "UpdateDate": "20190620", "Version": "2019", "Remark": "蹂", "HistType": null, "HistRemark": null }, "geometry": { "type": "Point", "coordinates": [ 127.294584362977901, 36.480910116075357, 55.878799204212974 ] } },
{ "type": "Feature", "properties": { "ID": "B119AS300044", "AdminCode": "413", "Type": "3", "SubType": "399", "LinkID": "A219AS301129", "Ref_Lane": 2, "PostID": "C619AS300212", "Maker": "而⑥", "UpdateDate": "20190620", "Version": "2019", "Remark": "대┛대낫명댁", "HistType": null, "HistRemark": null }, "geometry": { "type": "Point", "coordinates": [ 127.294829824662514, 36.48104544208195, 57.271107871720105 ] } },
{ "type": "Feature", "properties": { "ID": "B119AS300043", "AdminCode": "413", "Type": "2", "SubType": "224", "LinkID": "A219AS301129", "Ref_Lane": 2, "PostID": "C619AS300212", "Maker": "而⑥", "UpdateDate": "20190620", "Version": "2019", "Remark": "40", "HistType": null, "HistRemark": null }, "geometry": { "type": "Point", "coordinates": [ 127.294829824662514, 36.48104544208195, 56.37110787172012 ] } },
{ "type": "Feature", "properties": { "ID": "B119AS300042", "AdminCode": "413", "Type": "3", "SubType": "313", "LinkID": "A219AS300244", "Ref_Lane": 3, "PostID": "C619AS300787", "Maker": "而⑥", "UpdateDate": "20190620", "Version": "2019", "Remark": "곗륫硫댄듯", "HistType": null, "HistRemark": null }, "geometry": { "type": "Point", "coordinates": [ 127.318043228632433, 36.497506888493092, 58.1602 ] } },
{ "type": "Feature", "properties": { "ID": "B119AS300041", "AdminCode": "413", "Type": "3", "SubType": "313", "LinkID": "A219AS300233", "Ref_Lane": 3, "PostID": "C619AS300794", "Maker": "而⑥", "UpdateDate": "20190620", "Version": "2019", "Remark": "곗륫硫댄듯", "HistType": null, "HistRemark": null }, "geometry": { "type": "Point", "coordinates": [ 127.317199763756861, 36.497596612246099, 58.13334 ] } },
{ "type": "Feature", "properties": { "ID": "B119AS300040", "AdminCode": "413", "Type": "3", "SubType": "399", "LinkID": "A219AS300225", "Ref_Lane": 2, "PostID": "C619AS300183", "Maker": "而⑥", "UpdateDate": "20190620", "Version": "2019", "Remark": "嫄고〓", "HistType": null, "HistRemark": null }, "geometry": { "type": "Point", "coordinates": [ 127.313780733182952, 36.497876529128007, 58.08631 ] } },
{ "type": "Feature", "properties": { "ID": "B119AS300039", "AdminCode": "413", "Type": "3", "SubType": "399", "LinkID": "A219AS301170", "Ref_Lane": 3, "PostID": "C619AS300826", "Maker": "而⑥", "UpdateDate": "20190620", "Version": "2019", "Remark": "嫄고〓", "HistType": null, "HistRemark": null }, "geometry": { "type": "Point", "coordinates": [ 127.300905031452459, 36.486152861306145, 59.326807297605484 ] } },
{ "type": "Feature", "properties": { "ID": "B119AS300038", "AdminCode": "413", "Type": "3", "SubType": "399", "LinkID": "A219AS301175", "Ref_Lane": 4, "PostID": "C619AS300828", "Maker": "而⑥", "UpdateDate": "20190620", "Version": "2019", "Remark": "嫄고〓", "HistType": null, "HistRemark": null }, "geometry": { "type": "Point", "coordinates": [ 127.301208821208718, 36.485982763985518, 59.326807297605484 ] } },
{ "type": "Feature", "properties": { "ID": "B119AS300037", "AdminCode": "413", "Type": "3", "SubType": "399", "LinkID": "A219AS301164", "Ref_Lane": 3, "PostID": "C619AS300832", "Maker": "而⑥", "UpdateDate": "20190620", "Version": "2019", "Remark": "嫄고〓", "HistType": null, "HistRemark": null }, "geometry": { "type": "Point", "coordinates": [ 127.299452985491726, 36.484379603897601, 56.32301 ] } },
{ "type": "Feature", "properties": { "ID": "B119AS300036", "AdminCode": "413", "Type": "3", "SubType": "399", "LinkID": "A219AS301160", "Ref_Lane": 2, "PostID": "C619AS300831", "Maker": "而⑥", "UpdateDate": "20190620", "Version": "2019", "Remark": "嫄고〓", "HistType": null, "HistRemark": null }, "geometry": { "type": "Point", "coordinates": [ 127.299660547214359, 36.484097833617177, 56.14489 ] } },
{ "type": "Feature", "properties": { "ID": "B119AS300035", "AdminCode": "413", "Type": "3", "SubType": "399", "LinkID": "A219AS301054", "Ref_Lane": 3, "PostID": "C619AS300205", "Maker": "而⑥", "UpdateDate": "20190620", "Version": "2019", "Remark": "嫄고〓", "HistType": null, "HistRemark": null }, "geometry": { "type": "Point", "coordinates": [ 127.29941948885994, 36.483841794105324, 56.3496 ] } },
{ "type": "Feature", "properties": { "ID": "B119AS300034", "AdminCode": "413", "Type": "3", "SubType": "322", "LinkID": "A219AS300109", "Ref_Lane": 1, "PostID": "C619AS300205", "Maker": "而⑥", "UpdateDate": "20190620", "Version": "2019", "Remark": "〓⑤낫", "HistType": null, "HistRemark": null }, "geometry": { "type": "Point", "coordinates": [ 127.299411452012805, 36.483839063721625, 56.38489 ] } },
{ "type": "Feature", "properties": { "ID": "B119AS300033", "AdminCode": "413", "Type": "2", "SubType": "224", "LinkID": "A219AS301071", "Ref_Lane": 2, "PostID": "C619AS300214", "Maker": "而⑥", "UpdateDate": "20190620", "Version": "2019", "Remark": "30", "HistType": null, "HistRemark": null }, "geometry": { "type": "Point", "coordinates": [ 127.292670265930695, 36.480394609703751, 58.957421875000037 ] } },
{ "type": "Feature", "properties": { "ID": "B119AS300032", "AdminCode": "413", "Type": "2", "SubType": "224", "LinkID": "A219AS301089", "Ref_Lane": 5, "PostID": "C619AS300215", "Maker": "而⑥", "UpdateDate": "20190620", "Version": "2019", "Remark": "30", "HistType": null, "HistRemark": null }, "geometry": { "type": "Point", "coordinates": [ 127.292375434401535, 36.480034024848869, 59.95836 ] } },
{ "type": "Feature", "properties": { "ID": "B119AS300031", "AdminCode": "413", "Type": "2", "SubType": "224", "LinkID": "A219AS301071", "Ref_Lane": 2, "PostID": "C619AS300216", "Maker": "而⑥", "UpdateDate": "20190620", "Version": "2019", "Remark": "30", "HistType": null, "HistRemark": null }, "geometry": { "type": "Point", "coordinates": [ 127.290532475755853, 36.479502121906052, 57.08142 ] } },
{ "type": "Feature", "properties": { "ID": "B119AS300030", "AdminCode": "413", "Type": "3", "SubType": "322", "LinkID": "A219AS301194", "Ref_Lane": 1, "PostID": "C619AS300499", "Maker": "而⑥", "UpdateDate": "20190620", "Version": "2019", "Remark": "〓⑤낫", "HistType": null, "HistRemark": null }, "geometry": { "type": "Point", "coordinates": [ 127.289712010079612, 36.478845273193301, 56.52607 ] } },
{ "type": "Feature", "properties": { "ID": "B119AS300029", "AdminCode": "413", "Type": "3", "SubType": "312", "LinkID": "A219AS300900", "Ref_Lane": 3, "PostID": "C619AS300223", "Maker": "而⑥", "UpdateDate": "20190620", "Version": "2019", "Remark": "痢〓갑듯", "HistType": null, "HistRemark": null }, "geometry": { "type": "Point", "coordinates": [ 127.28739650355044, 36.478089799232343, 56.31237 ] } },
{ "type": "Feature", "properties": { "ID": "B119AS300028", "AdminCode": "413", "Type": "2", "SubType": "224", "LinkID": "A219AS300099", "Ref_Lane": 2, "PostID": "C619AS300226", "Maker": "而⑥", "UpdateDate": "20190620", "Version": "2019", "Remark": "50", "HistType": null, "HistRemark": null }, "geometry": { "type": "Point", "coordinates": [ 127.286681040258273, 36.477859461456127, 59.601658235369065 ] } },
{ "type": "Feature", "properties": { "ID": "B119AS300027", "AdminCode": "413", "Type": "3", "SubType": "399", "LinkID": "A219AS301190", "Ref_Lane": 1, "PostID": "C619AS300232", "Maker": "而⑥", "UpdateDate": "20190620", "Version": "2019", "Remark": "嫄고〓", "HistType": null, "HistRemark": null }, "geometry": { "type": "Point", "coordinates": [ 127.284089834358994, 36.476442132422726, 55.54865 ] } },
{ "type": "Feature", "properties": { "ID": "B119AS300026", "AdminCode": "413", "Type": "3", "SubType": "399", "LinkID": "A219AS300082", "Ref_Lane": 1, "PostID": "C619AS300235", "Maker": "而⑥", "UpdateDate": "20190620", "Version": "2019", "Remark": "嫄고〓", "HistType": null, "HistRemark": null }, "geometry": { "type": "Point", "coordinates": [ 127.28361386498635, 36.47662794571584, 55.879053940620331 ] } },
{ "type": "Feature", "properties": { "ID": "B119AS300025", "AdminCode": "413", "Type": "3", "SubType": "322", "LinkID": "A219AS301179", "Ref_Lane": 1, "PostID": "C619AS300230", "Maker": "而⑥", "UpdateDate": "20190620", "Version": "2019", "Remark": "〓⑤낫", "HistType": null, "HistRemark": null }, "geometry": { "type": "Point", "coordinates": [ 127.283883876485007, 36.476741542038837, 56.25725 ] } },
{ "type": "Feature", "properties": { "ID": "B119AS300024", "AdminCode": "413", "Type": "3", "SubType": "399", "LinkID": "A219AS301179", "Ref_Lane": 1, "PostID": "C619AS300230", "Maker": "而⑥", "UpdateDate": "20190620", "Version": "2019", "Remark": "嫄고〓", "HistType": null, "HistRemark": null }, "geometry": { "type": "Point", "coordinates": [ 127.28387477727955, 36.476740784986461, 56.17548 ] } },
{ "type": "Feature", "properties": { "ID": "B119AS300023", "AdminCode": "413", "Type": "2", "SubType": "224", "LinkID": "A219AS301036", "Ref_Lane": 2, "PostID": "C619AS300236", "Maker": "而⑥", "UpdateDate": "20190620", "Version": "2019", "Remark": "50", "HistType": null, "HistRemark": null }, "geometry": { "type": "Point", "coordinates": [ 127.282679090234737, 36.476165643250354, 58.73538 ] } },
{ "type": "Feature", "properties": { "ID": "B119AS300022", "AdminCode": "413", "Type": "2", "SubType": "224", "LinkID": "A219AS301033", "Ref_Lane": 2, "PostID": "C619AS300237", "Maker": "而⑥", "UpdateDate": "20190620", "Version": "2019", "Remark": "50", "HistType": null, "HistRemark": null }, "geometry": { "type": "Point", "coordinates": [ 127.282571996994392, 36.475867748778576, 58.65134 ] } },
{ "type": "Feature", "properties": { "ID": "B119AS300021", "AdminCode": "413", "Type": "3", "SubType": "399", "LinkID": "A219AS301035", "Ref_Lane": 3, "PostID": "C619AS300239", "Maker": "而⑥", "UpdateDate": "20190620", "Version": "2019", "Remark": "嫄고〓", "HistType": null, "HistRemark": null }, "geometry": { "type": "Point", "coordinates": [ 127.281297798733732, 36.475553439217251, 54.87339 ] } },
{ "type": "Feature", "properties": { "ID": "B119AS300020", "AdminCode": "413", "Type": "3", "SubType": "399", "LinkID": "A219AS300054", "Ref_Lane": 3, "PostID": "C619AS300011", "Maker": "而⑥", "UpdateDate": "20190620", "Version": "2019", "Remark": "嫄곕蹂댄듯援щ", "HistType": null, "HistRemark": null }, "geometry": { "type": "Point", "coordinates": [ 127.27735825747807, 36.473001370603697, 55.926 ] } },
{ "type": "Feature", "properties": { "ID": "B119AS300019", "AdminCode": "413", "Type": "3", "SubType": "399", "LinkID": "A219AS300032", "Ref_Lane": 3, "PostID": "C619AS300002", "Maker": "而⑥", "UpdateDate": "20190620", "Version": "2019", "Remark": "嫄곕蹂댄듯援щ", "HistType": null, "HistRemark": null }, "geometry": { "type": "Point", "coordinates": [ 127.271414650909691, 36.47102309527601, 56.34125 ] } },
{ "type": "Feature", "properties": { "ID": "B119AS300018", "AdminCode": "413", "Type": "2", "SubType": "224", "LinkID": "A219AS300032", "Ref_Lane": 3, "PostID": "C619AS300003", "Maker": "而⑥", "UpdateDate": "20190620", "Version": "2019", "Remark": "50", "HistType": null, "HistRemark": null }, "geometry": { "type": "Point", "coordinates": [ 127.271147525097746, 36.471076932485609, 59.62625 ] } },
{ "type": "Feature", "properties": { "ID": "B119AS300017", "AdminCode": "413", "Type": "1", "SubType": "199", "LinkID": "A219AS300032", "Ref_Lane": 3, "PostID": "C619AS300004", "Maker": "而⑥", "UpdateDate": "20190620", "Version": "2019", "Remark": "곕援쎌濡", "HistType": null, "HistRemark": null }, "geometry": { "type": "Point", "coordinates": [ 127.27087743542647, 36.471127457428516, 56.34325 ] } },
{ "type": "Feature", "properties": { "ID": "B119AS300016", "AdminCode": "413", "Type": "4", "SubType": "499", "LinkID": "A219AS300032", "Ref_Lane": 3, "PostID": "C619AS300004", "Maker": "而⑥", "UpdateDate": "20190620", "Version": "2019", "Remark": "瑜쇱댁", "HistType": null, "HistRemark": null }, "geometry": { "type": "Point", "coordinates": [ 127.270877531235101, 36.471127666139459, 56.15625 ] } },
{ "type": "Feature", "properties": { "ID": "B119AS300015", "AdminCode": "413", "Type": "2", "SubType": "218", "LinkID": "A219AS300028", "Ref_Lane": 2, "PostID": "C619AS300005", "Maker": "而⑥", "UpdateDate": "20190620", "Version": "2019", "Remark": "李⑥＜李④吏", "HistType": null, "HistRemark": null }, "geometry": { "type": "Point", "coordinates": [ 127.270593363223696, 36.471163699179094, 55.81025 ] } },
{ "type": "Feature", "properties": { "ID": "B119AS300014", "AdminCode": "413", "Type": "4", "SubType": "499", "LinkID": "A219AS300028", "Ref_Lane": 2, "PostID": "C619AS300005", "Maker": "而⑥", "UpdateDate": "20190620", "Version": "2019", "Remark": "援ш", "HistType": null, "HistRemark": null }, "geometry": { "type": "Point", "coordinates": [ 127.270593375765031, 36.471164089392438, 55.316839675414023 ] } },
{ "type": "Feature", "properties": { "ID": "B119AS300013", "AdminCode": "413", "Type": "1", "SubType": "199", "LinkID": "A219AS300028", "Ref_Lane": 2, "PostID": "C619AS300009", "Maker": "而⑥", "UpdateDate": "20190620", "Version": "2019", "Remark": "", "HistType": null, "HistRemark": null }, "geometry": { "type": "Point", "coordinates": [ 127.269576083222617, 36.471340433749553, 60.77575 ] } },
{ "type": "Feature", "properties": { "ID": "B119AS300012", "AdminCode": "413", "Type": "4", "SubType": "499", "LinkID": "A219AS300028", "Ref_Lane": 2, "PostID": "C619AS300009", "Maker": "而⑥", "UpdateDate": "20190620", "Version": "2019", "Remark": "媛吏", "HistType": null, "HistRemark": null }, "geometry": { "type": "Point", "coordinates": [ 127.269576058443121, 36.471340325789114, 60.331071559323746 ] } },
{ "type": "Feature", "properties": { "ID": "B119AS300011", "AdminCode": "413", "Type": "3", "SubType": "312", "LinkID": "A219AS300015", "Ref_Lane": 2, "PostID": "C619AS300010", "Maker": "而⑥", "UpdateDate": "20190620", "Version": "2019", "Remark": "痢〓갑듯", "HistType": null, "HistRemark": null }, "geometry": { "type": "Point", "coordinates": [ 127.268422903906227, 36.471919310275474, 57.8565 ] } },
{ "type": "Feature", "properties": { "ID": "B119AS300010", "AdminCode": "413", "Type": "3", "SubType": "322", "LinkID": "A219AS300012", "Ref_Lane": 3, "PostID": "C619AS300008", "Maker": "而⑥", "UpdateDate": "20190620", "Version": "2019", "Remark": "〓⑤낫", "HistType": null, "HistRemark": null }, "geometry": { "type": "Point", "coordinates": [ 127.269615905269703, 36.471113134746538, 56.671 ] } },
{ "type": "Feature", "properties": { "ID": "B119AS300009", "AdminCode": "413", "Type": "3", "SubType": "399", "LinkID": "A219AS300012", "Ref_Lane": 3, "PostID": "C619AS300008", "Maker": "而⑥", "UpdateDate": "20190620", "Version": "2019", "Remark": "嫄고〓", "HistType": null, "HistRemark": null }, "geometry": { "type": "Point", "coordinates": [ 127.269616329573182, 36.471113315126644, 55.894151771460031 ] } },
{ "type": "Feature", "properties": { "ID": "B119AS300008", "AdminCode": "413", "Type": "2", "SubType": "228", "LinkID": "A219AS300017", "Ref_Lane": 3, "PostID": "C619AS300007", "Maker": "而⑥", "UpdateDate": "20190620", "Version": "2019", "Remark": "蹂", "HistType": null, "HistRemark": null }, "geometry": { "type": "Point", "coordinates": [ 127.270036659397832, 36.470990335990045, 55.58875 ] } },
{ "type": "Feature", "properties": { "ID": "B119AS300007", "AdminCode": "413", "Type": "3", "SubType": "399", "LinkID": "A219AS300017", "Ref_Lane": 3, "PostID": "C619AS300006", "Maker": "而⑥", "UpdateDate": "20190620", "Version": "2019", "Remark": "嫄곕蹂댄듯援щ", "HistType": null, "HistRemark": null }, "geometry": { "type": "Point", "coordinates": [ 127.2705627572726, 36.470888375325551, 56.464 ] } },
{ "type": "Feature", "properties": { "ID": "B119AS300006", "AdminCode": "413", "Type": "3", "SubType": "322", "LinkID": "A219AS300022", "Ref_Lane": 1, "PostID": "C619AS300519", "Maker": "而⑥", "UpdateDate": "20190620", "Version": "2019", "Remark": "〓⑤낫", "HistType": null, "HistRemark": null }, "geometry": { "type": "Point", "coordinates": [ 127.271315187395871, 36.470736691739774, 56.45975 ] } },
{ "type": "Feature", "properties": { "ID": "B119AS300005", "AdminCode": "413", "Type": "3", "SubType": "311", "LinkID": "A219AS300908", "Ref_Lane": 4, "PostID": "C619AS300520", "Maker": "而⑥", "UpdateDate": "20190620", "Version": "2019", "Remark": "", "HistType": null, "HistRemark": null }, "geometry": { "type": "Point", "coordinates": [ 127.272021844904529, 36.470821023809499, 60.15275 ] } },
{ "type": "Feature", "properties": { "ID": "B119AS300004", "AdminCode": "413", "Type": "4", "SubType": "499", "LinkID": "A219AS300908", "Ref_Lane": 4, "PostID": "C619AS300520", "Maker": "而⑥", "UpdateDate": "20190620", "Version": "2019", "Remark": "蹂댄諛醫", "HistType": null, "HistRemark": null }, "geometry": { "type": "Point", "coordinates": [ 127.272021875168747, 36.47082229973163, 59.21225 ] } },
{ "type": "Feature", "properties": { "ID": "B119AS300003", "AdminCode": "413", "Type": "3", "SubType": "399", "LinkID": "A219AS300080", "Ref_Lane": 4, "PostID": "C619AS300516", "Maker": "而⑥", "UpdateDate": "20190620", "Version": "2019", "Remark": "嫄고〓", "HistType": null, "HistRemark": null }, "geometry": { "type": "Point", "coordinates": [ 127.277985318621603, 36.473369253321472, 55.0395 ] } },
{ "type": "Feature", "properties": { "ID": "B119AS300002", "AdminCode": "413", "Type": "3", "SubType": "311", "LinkID": "A219AS300072", "Ref_Lane": 4, "PostID": "C619AS300862", "Maker": "而⑥", "UpdateDate": "20190620", "Version": "2019", "Remark": "", "HistType": null, "HistRemark": null }, "geometry": { "type": "Point", "coordinates": [ 127.277884482898372, 36.473000530427235, 55.061 ] } },
{ "type": "Feature", "properties": { "ID": "B119AS300001", "AdminCode": "413", "Type": "4", "SubType": "499", "LinkID": "A219AS300072", "Ref_Lane": 4, "PostID": "C619AS300862", "Maker": "而⑥", "UpdateDate": "20190620", "Version": "2019", "Remark": "醫", "HistType": null, "HistRemark": null }, "geometry": { "type": "Point", "coordinates": [ 127.277883938378793, 36.47300187354427, 54.571375 ] } },
{ "type": "Feature", "properties": { "ID": "B119AS300976", "AdminCode": "413", "Type": "2", "SubType": "228", "LinkID": "A219AS301090", "Ref_Lane": 3, "PostID": null, "Maker": "而⑥", "UpdateDate": "20190620", "Version": "2019", "Remark": null, "HistType": null, "HistRemark": null }, "geometry": { "type": "Point", "coordinates": [ 127.292929202540904, 36.480545488430586, 55.687999725341797 ] } },
{ "type": "Feature", "properties": { "ID": "B123BH300001", "AdminCode": "413", "Type": "3", "SubType": "399", "LinkID": "A219AS300422", "Ref_Lane": 2, "PostID": null, "Maker": "吏곗", "UpdateDate": "20231105", "Version": "2019", "Remark": null, "HistType": "B1001", "HistRemark": null }, "geometry": { "type": "Point", "coordinates": [ 127.325575714048696, 36.498709401229135, 59.305624384873369 ] } },
{ "type": "Feature", "properties": { "ID": "B123BH300002", "AdminCode": "413", "Type": "2", "SubType": "228", "LinkID": "A219AS300422", "Ref_Lane": 2, "PostID": null, "Maker": "吏곗", "UpdateDate": "20231105", "Version": "2019", "Remark": null, "HistType": "B1001", "HistRemark": null }, "geometry": { "type": "Point", "coordinates": [ 127.325773552186604, 36.49878748876619, 59.45203 ] } },
{ "type": "Feature", "properties": { "ID": "B123BH300003", "AdminCode": "413", "Type": "1", "SubType": "199", "LinkID": "A219AS300421", "Ref_Lane": 2, "PostID": null, "Maker": "吏곗", "UpdateDate": "20231105", "Version": "2019", "Remark": null, "HistType": "B1001", "HistRemark": null }, "geometry": { "type": "Point", "coordinates": [ 127.326181933810602, 36.49900896225332, 63.13312 ] } },
{ "type": "Feature", "properties": { "ID": "B123BH300004", "AdminCode": "413", "Type": "4", "SubType": "499", "LinkID": "A219AS300421", "Ref_Lane": 2, "PostID": null, "Maker": "吏곗", "UpdateDate": "20231105", "Version": "2019", "Remark": null, "HistType": "B1001", "HistRemark": null }, "geometry": { "type": "Point", "coordinates": [ 127.326181864607051, 36.499009061247804, 62.540327681508039 ] } },
{ "type": "Feature", "properties": { "ID": "B123BH300005", "AdminCode": "413", "Type": "3", "SubType": "399", "LinkID": "A219AS300421", "Ref_Lane": 2, "PostID": null, "Maker": "吏곗", "UpdateDate": "20231105", "Version": "2019", "Remark": null, "HistType": "B1001", "HistRemark": null }, "geometry": { "type": "Point", "coordinates": [ 127.326457571527541, 36.499223432540816, 59.66404 ] } },
{ "type": "Feature", "properties": { "ID": "B123BH300006", "AdminCode": "413", "Type": "1", "SubType": "199", "LinkID": "A223BH300011", "Ref_Lane": 3, "PostID": null, "Maker": "吏곗", "UpdateDate": "20231105", "Version": "2019", "Remark": null, "HistType": "B1001", "HistRemark": null }, "geometry": { "type": "Point", "coordinates": [ 127.328562785673938, 36.500924561983133, 64.52605 ] } },
{ "type": "Feature", "properties": { "ID": "B123BH300007", "AdminCode": "413", "Type": "4", "SubType": "499", "LinkID": "A223BH300011", "Ref_Lane": 3, "PostID": null, "Maker": "吏곗", "UpdateDate": "20231105", "Version": "2019", "Remark": null, "HistType": "B1001", "HistRemark": null }, "geometry": { "type": "Point", "coordinates": [ 127.328562042499371, 36.500924886297945, 64.008933296634652 ] } },
{ "type": "Feature", "properties": { "ID": "B123BH300008", "AdminCode": "413", "Type": "2", "SubType": "216", "LinkID": "A223BH300011", "Ref_Lane": 3, "PostID": null, "Maker": "吏곗", "UpdateDate": "20231105", "Version": "2019", "Remark": null, "HistType": "B1001", "HistRemark": null }, "geometry": { "type": "Point", "coordinates": [ 127.328552505091878, 36.500929048337447, 64.362086167225613 ] } },
{ "type": "Feature", "properties": { "ID": "B123BH300009", "AdminCode": "413", "Type": "3", "SubType": "399", "LinkID": "A219AS300444", "Ref_Lane": 3, "PostID": null, "Maker": "吏곗", "UpdateDate": "20231105", "Version": "2019", "Remark": null, "HistType": "B1001", "HistRemark": null }, "geometry": { "type": "Point", "coordinates": [ 127.328964588756037, 36.50153273507663, 63.949469589915573 ] } },
{ "type": "Feature", "properties": { "ID": "B123BH300010", "AdminCode": "413", "Type": "2", "SubType": "228", "LinkID": "A219AS300444", "Ref_Lane": 3, "PostID": null, "Maker": "吏곗", "UpdateDate": "20231105", "Version": "2019", "Remark": null, "HistType": "B1001", "HistRemark": null }, "geometry": { "type": "Point", "coordinates": [ 127.329041563362452, 36.501700467051194, 64.6992 ] } },
{ "type": "Feature", "properties": { "ID": "B123BH300011", "AdminCode": "413", "Type": "2", "SubType": "218", "LinkID": "A219AS300444", "Ref_Lane": 3, "PostID": null, "Maker": "吏곗", "UpdateDate": "20231105", "Version": "2019", "Remark": null, "HistType": "B1001", "HistRemark": null }, "geometry": { "type": "Point", "coordinates": [ 127.329182681931698, 36.502043755981198, 65.79405 ] } },
{ "type": "Feature", "properties": { "ID": "B123BH300012", "AdminCode": "413", "Type": "1", "SubType": "199", "LinkID": "A219AS300444", "Ref_Lane": 3, "PostID": null, "Maker": "吏곗", "UpdateDate": "20231105", "Version": "2019", "Remark": null, "HistType": "B1001", "HistRemark": null }, "geometry": { "type": "Point", "coordinates": [ 127.329225597544891, 36.502184869695476, 66.60898 ] } },
{ "type": "Feature", "properties": { "ID": "B123BH300013", "AdminCode": "413", "Type": "2", "SubType": "224", "LinkID": "A219AS300443", "Ref_Lane": 2, "PostID": null, "Maker": "吏곗", "UpdateDate": "20231105", "Version": "2019", "Remark": null, "HistType": "B1001", "HistRemark": null }, "geometry": { "type": "Point", "coordinates": [ 127.329258614502493, 36.502391023742625, 67.05876 ] } },
{ "type": "Feature", "properties": { "ID": "B123BH300014", "AdminCode": "413", "Type": "2", "SubType": "224", "LinkID": "A223BH300046", "Ref_Lane": 2, "PostID": null, "Maker": "吏곗", "UpdateDate": "20231105", "Version": "2019", "Remark": null, "HistType": "B1001", "HistRemark": null }, "geometry": { "type": "Point", "coordinates": [ 127.325865487352729, 36.527447570984371, 76.12396 ] } },
{ "type": "Feature", "properties": { "ID": "B123BH300015", "AdminCode": "413", "Type": "2", "SubType": "224", "LinkID": "A223BH300046", "Ref_Lane": 2, "PostID": null, "Maker": "吏곗", "UpdateDate": "20231105", "Version": "2019", "Remark": null, "HistType": "B1001", "HistRemark": null }, "geometry": { "type": "Point", "coordinates": [ 127.324881311524237, 36.528248365814733, 71.331746987394496 ] } },
{ "type": "Feature", "properties": { "ID": "B123BH300016", "AdminCode": "413", "Type": "4", "SubType": "499", "LinkID": "A223BH300046", "Ref_Lane": 2, "PostID": null, "Maker": "吏곗", "UpdateDate": "20231105", "Version": "2019", "Remark": null, "HistType": "B1001", "HistRemark": null }, "geometry": { "type": "Point", "coordinates": [ 127.324881017738136, 36.528248120710764, 69.793009479819602 ] } },
{ "type": "Feature", "properties": { "ID": "B123BH300017", "AdminCode": "413", "Type": "1", "SubType": "199", "LinkID": "A223BH300029", "Ref_Lane": 2, "PostID": null, "Maker": "吏곗", "UpdateDate": "20231105", "Version": "2019", "Remark": null, "HistType": "B1001", "HistRemark": null }, "geometry": { "type": "Point", "coordinates": [ 127.329197515368094, 36.504177886438853, 76.46279 ] } },
{ "type": "Feature", "properties": { "ID": "B123BH300018", "AdminCode": "413", "Type": "4", "SubType": "499", "LinkID": "A223BH300029", "Ref_Lane": 2, "PostID": null, "Maker": "吏곗", "UpdateDate": "20231105", "Version": "2019", "Remark": null, "HistType": "B1001", "HistRemark": null }, "geometry": { "type": "Point", "coordinates": [ 127.329197093745037, 36.504177907298562, 75.882610284029141 ] } },
{ "type": "Feature", "properties": { "ID": "B123BH300019", "AdminCode": "413", "Type": "2", "SubType": "224", "LinkID": "A223BH300029", "Ref_Lane": 2, "PostID": null, "Maker": "吏곗", "UpdateDate": "20231105", "Version": "2019", "Remark": null, "HistType": "B1001", "HistRemark": null }, "geometry": { "type": "Point", "coordinates": [ 127.329088349132647, 36.503314170703781, 73.20375 ] } },
{ "type": "Feature", "properties": { "ID": "B123BH300020", "AdminCode": "413", "Type": "4", "SubType": "499", "LinkID": "A223BH300029", "Ref_Lane": 2, "PostID": null, "Maker": "吏곗", "UpdateDate": "20231105", "Version": "2019", "Remark": null, "HistType": "B1001", "HistRemark": null }, "geometry": { "type": "Point", "coordinates": [ 127.329089049805631, 36.503314115384526, 71.538886467214027 ] } },
{ "type": "Feature", "properties": { "ID": "B123BH300021", "AdminCode": "413", "Type": "2", "SubType": "218", "LinkID": "A223BH300003", "Ref_Lane": 3, "PostID": null, "Maker": "吏곗", "UpdateDate": "20231105", "Version": "2019", "Remark": null, "HistType": "B1001", "HistRemark": null }, "geometry": { "type": "Point", "coordinates": [ 127.328766182125307, 36.502079721568116, 65.61504 ] } },
{ "type": "Feature", "properties": { "ID": "B123BH300022", "AdminCode": "413", "Type": "1", "SubType": "199", "LinkID": "A223BH300039", "Ref_Lane": 2, "PostID": null, "Maker": "吏곗", "UpdateDate": "20231105", "Version": "2019", "Remark": null, "HistType": "B1001", "HistRemark": null }, "geometry": { "type": "Point", "coordinates": [ 127.32855597163109, 36.501439745341571, 66.27539 ] } },
{ "type": "Feature", "properties": { "ID": "B123BH300023", "AdminCode": "413", "Type": "4", "SubType": "499", "LinkID": "A223BH300039", "Ref_Lane": 2, "PostID": null, "Maker": "吏곗", "UpdateDate": "20231105", "Version": "2019", "Remark": null, "HistType": "B1001", "HistRemark": null }, "geometry": { "type": "Point", "coordinates": [ 127.328555711949377, 36.501439833277509, 65.720435489071377 ] } },
{ "type": "Feature", "properties": { "ID": "B123BH300024", "AdminCode": "413", "Type": "2", "SubType": "224", "LinkID": "A223BH300039", "Ref_Lane": 2, "PostID": null, "Maker": "吏곗", "UpdateDate": "20231105", "Version": "2019", "Remark": null, "HistType": "B1001", "HistRemark": null }, "geometry": { "type": "Point", "coordinates": [ 127.328565320172743, 36.501436579647837, 66.098813564704543 ] } },
{ "type": "Feature", "properties": { "ID": "B123BH300025", "AdminCode": "413", "Type": "2", "SubType": "224", "LinkID": "A223BH300039", "Ref_Lane": 2, "PostID": null, "Maker": "吏곗", "UpdateDate": "20231105", "Version": "2019", "Remark": null, "HistType": "B1001", "HistRemark": null }, "geometry": { "type": "Point", "coordinates": [ 127.3283718171255, 36.501163212856405, 67.08466 ] } },
{ "type": "Feature", "properties": { "ID": "B123BH300026", "AdminCode": "413", "Type": "2", "SubType": "228", "LinkID": "A219AS300435", "Ref_Lane": 3, "PostID": null, "Maker": "吏곗", "UpdateDate": "20231105", "Version": "2019", "Remark": null, "HistType": "B1001", "HistRemark": null }, "geometry": { "type": "Point", "coordinates": [ 127.327913929755226, 36.50063156234949, 60.69126 ] } },
{ "type": "Feature", "properties": { "ID": "B123BH300027", "AdminCode": "413", "Type": "2", "SubType": "224", "LinkID": "A219AS300419", "Ref_Lane": 2, "PostID": null, "Maker": "吏곗", "UpdateDate": "20231105", "Version": "2019", "Remark": null, "HistType": "B1001", "HistRemark": null }, "geometry": { "type": "Point", "coordinates": [ 127.327314858449142, 36.500013373735641, 64.12615 ] } },
{ "type": "Feature", "properties": { "ID": "B123BH300028", "AdminCode": "413", "Type": "4", "SubType": "499", "LinkID": "A219AS300419", "Ref_Lane": 2, "PostID": null, "Maker": "吏곗", "UpdateDate": "20231105", "Version": "2019", "Remark": null, "HistType": "B1001", "HistRemark": null }, "geometry": { "type": "Point", "coordinates": [ 127.327315479967297, 36.500012911794258, 62.448673864692992 ] } },
{ "type": "Feature", "properties": { "ID": "B123BH300029", "AdminCode": "413", "Type": "2", "SubType": "224", "LinkID": "A223BH300046", "Ref_Lane": 2, "PostID": null, "Maker": "吏곗", "UpdateDate": "20231105", "Version": "2019", "Remark": null, "HistType": "B1001", "HistRemark": null }, "geometry": { "type": "Point", "coordinates": [ 127.326855637371352, 36.526713584021969, 79.668903333333375 ] } },
{ "type": "Feature", "properties": { "ID": "B123BH300030", "AdminCode": "413", "Type": "4", "SubType": "499", "LinkID": "A223BH300046", "Ref_Lane": 2, "PostID": null, "Maker": "吏곗", "UpdateDate": "20231105", "Version": "2019", "Remark": null, "HistType": "B1001", "HistRemark": null }, "geometry": { "type": "Point", "coordinates": [ 127.326855617559062, 36.526713880540299, 78.177856666666656 ] } },
{ "type": "Feature", "properties": { "ID": "B123BH300031", "AdminCode": "413", "Type": "3", "SubType": "311", "LinkID": "A219AS300537", "Ref_Lane": 5, "PostID": "C619AS300723", "Maker": "吏곗", "UpdateDate": "20231105", "Version": "2019", "Remark": null, "HistType": "B1001", "HistRemark": null }, "geometry": { "type": "Point", "coordinates": [ 127.323568561432253, 36.529226053072676, 66.261373333333324 ] } },
{ "type": "Feature", "properties": { "ID": "B123BH300032", "AdminCode": "413", "Type": "2", "SubType": "216", "LinkID": "A219AS300417", "Ref_Lane": 5, "PostID": "C619AS300699", "Maker": "吏곗", "UpdateDate": "20231105", "Version": "2019", "Remark": null, "HistType": "B1001", "HistRemark": null }, "geometry": { "type": "Point", "coordinates": [ 127.32521254211315, 36.498835613264838, 62.211184957983178 ] } },
{ "type": "Feature", "properties": { "ID": "B119AS300971", "AdminCode": "413", "Type": "2", "SubType": "228", "LinkID": "A219AS301962", "Ref_Lane": 2, "PostID": null, "Maker": "새한항업컨소시엄", "UpdateDate": "20190909", "Version": "2019", "Remark": null, "HistType": null, "HistRemark": null }, "geometry": { "type": "Point", "coordinates": [ 127.266842677311288, 36.508301919993059, 71.265998840332031 ] } },
{ "type": "Feature", "properties": { "ID": "B119AS300872", "AdminCode": "413", "Type": "1", "SubType": "199", "LinkID": "A219AS302491", "Ref_Lane": 2, "PostID": "C619AS301862", "Maker": "새한항업컨소시엄", "UpdateDate": "20190909", "Version": "2019", "Remark": null, "HistType": null, "HistRemark": null }, "geometry": { "type": "Point", "coordinates": [ 127.271229871526756, 36.503896109730668, 61.686750396728499 ] } },
{ "type": "Feature", "properties": { "ID": "B119AS300964", "AdminCode": "413", "Type": "4", "SubType": "499", "LinkID": "A219AS302458", "Ref_Lane": 1, "PostID": "C619AS301050", "Maker": "새한항업컨소시엄", "UpdateDate": "20190909", "Version": "2019", "Remark": null, "HistType": null, "HistRemark": null }, "geometry": { "type": "Point", "coordinates": [ 127.272079583950244, 36.503844063529471, 58.584750396728495 ] } },
{ "type": "Feature", "properties": { "ID": "B119AS300909", "AdminCode": "413", "Type": "2", "SubType": "228", "LinkID": "A219AS302458", "Ref_Lane": 1, "PostID": "C619AS301050", "Maker": "새한항업컨소시엄", "UpdateDate": "20190909", "Version": "2019", "Remark": null, "HistType": null, "HistRemark": null }, "geometry": { "type": "Point", "coordinates": [ 127.272079604871607, 36.503844126930396, 59.148750396728502 ] } },
{ "type": "Feature", "properties": { "ID": "B119AS300935", "AdminCode": "413", "Type": "3", "SubType": "322", "LinkID": "A219AS302438", "Ref_Lane": 1, "PostID": "C619AS301052", "Maker": "새한항업컨소시엄", "UpdateDate": "20190909", "Version": "2019", "Remark": null, "HistType": null, "HistRemark": null }, "geometry": { "type": "Point", "coordinates": [ 127.272192976959289, 36.504016962799312, 58.965750396728495 ] } },
{ "type": "Feature", "properties": { "ID": "B119AS300947", "AdminCode": "413", "Type": "3", "SubType": "399", "LinkID": "A219AS302438", "Ref_Lane": 1, "PostID": "C619AS301052", "Maker": "새한항업컨소시엄", "UpdateDate": "20190909", "Version": "2019", "Remark": null, "HistType": null, "HistRemark": null }, "geometry": { "type": "Point", "coordinates": [ 127.272192683493756, 36.504017607554054, 59.624750396728501 ] } },
{ "type": "Feature", "properties": { "ID": "B119AS300924", "AdminCode": "413", "Type": "3", "SubType": "313", "LinkID": "A219AS302438", "Ref_Lane": 1, "PostID": "C619AS301051", "Maker": "새한항업컨소시엄", "UpdateDate": "20190909", "Version": "2019", "Remark": null, "HistType": null, "HistRemark": null }, "geometry": { "type": "Point", "coordinates": [ 127.272275372843382, 36.503967434803208, 58.806750396728496 ] } },
{ "type": "Feature", "properties": { "ID": "B119AS300963", "AdminCode": "413", "Type": "4", "SubType": "499", "LinkID": "A219AS302438", "Ref_Lane": 1, "PostID": "C619AS301052", "Maker": "새한항업컨소시엄", "UpdateDate": "20190909", "Version": "2019", "Remark": null, "HistType": null, "HistRemark": null }, "geometry": { "type": "Point", "coordinates": [ 127.272218218881662, 36.504085915805248, 60.069750396728494 ] } },
{ "type": "Feature", "properties": { "ID": "B119AS300901", "AdminCode": "413", "Type": "2", "SubType": "224", "LinkID": "A219AS302435", "Ref_Lane": 1, "PostID": "C619AS301053", "Maker": "새한항업컨소시엄", "UpdateDate": "20190909", "Version": "2019", "Remark": null, "HistType": null, "HistRemark": null }, "geometry": { "type": "Point", "coordinates": [ 127.272371448186007, 36.504359402042539, 61.3997503967285 ] } },
{ "type": "Feature", "properties": { "ID": "B119AS300936", "AdminCode": "413", "Type": "3", "SubType": "324", "LinkID": "A219AS302435", "Ref_Lane": 1, "PostID": "C619AS301053", "Maker": "새한항업컨소시엄", "UpdateDate": "20190909", "Version": "2019", "Remark": null, "HistType": null, "HistRemark": null }, "geometry": { "type": "Point", "coordinates": [ 127.272367485984475, 36.504345769603056, 62.7077503967285 ] } },
{ "type": "Feature", "properties": { "ID": "B119AS300934", "AdminCode": "413", "Type": "3", "SubType": "322", "LinkID": "A219AS302435", "Ref_Lane": 1, "PostID": "C619AS301054", "Maker": "새한항업컨소시엄", "UpdateDate": "20190909", "Version": "2019", "Remark": null, "HistType": null, "HistRemark": null }, "geometry": { "type": "Point", "coordinates": [ 127.272342896098735, 36.503997292848155, 63.059750396728496 ] } },
{ "type": "Feature", "properties": { "ID": "B119AS300900", "AdminCode": "413", "Type": "2", "SubType": "224", "LinkID": "A219AS302435", "Ref_Lane": 1, "PostID": "C619AS301054", "Maker": "새한항업컨소시엄", "UpdateDate": "20190909", "Version": "2019", "Remark": null, "HistType": null, "HistRemark": null }, "geometry": { "type": "Point", "coordinates": [ 127.272332327497452, 36.503995058395923, 63.086750396728497 ] } },
{ "type": "Feature", "properties": { "ID": "B119AS300962", "AdminCode": "413", "Type": "4", "SubType": "499", "LinkID": "A219AS302437", "Ref_Lane": 1, "PostID": "C619AS301055", "Maker": "새한항업컨소시엄", "UpdateDate": "20190909", "Version": "2019", "Remark": null, "HistType": null, "HistRemark": null }, "geometry": { "type": "Point", "coordinates": [ 127.272479735286439, 36.503745244012812, 57.684750396728496 ] } },
{ "type": "Feature", "properties": { "ID": "B119AS300908", "AdminCode": "413", "Type": "2", "SubType": "228", "LinkID": "A219AS302437", "Ref_Lane": 1, "PostID": "C619AS301055", "Maker": "새한항업컨소시엄", "UpdateDate": "20190909", "Version": "2019", "Remark": null, "HistType": null, "HistRemark": null }, "geometry": { "type": "Point", "coordinates": [ 127.2724802953759, 36.503745161985648, 58.257750396728497 ] } },
{ "type": "Feature", "properties": { "ID": "B119AS300923", "AdminCode": "413", "Type": "3", "SubType": "313", "LinkID": "A219AS302442", "Ref_Lane": 2, "PostID": "C619AS301863", "Maker": "새한항업컨소시엄", "UpdateDate": "20190909", "Version": "2019", "Remark": null, "HistType": null, "HistRemark": null }, "geometry": { "type": "Point", "coordinates": [ 127.272531570609047, 36.503580687520177, 57.870750396728496 ] } },
{ "type": "Feature", "properties": { "ID": "B119AS300933", "AdminCode": "413", "Type": "3", "SubType": "322", "LinkID": "A219AS302456", "Ref_Lane": 2, "PostID": "C619AS301056", "Maker": "새한항업컨소시엄", "UpdateDate": "20190909", "Version": "2019", "Remark": null, "HistType": null, "HistRemark": null }, "geometry": { "type": "Point", "coordinates": [ 127.272768082829685, 36.503597381513984, 57.801750396728501 ] } },
{ "type": "Feature", "properties": { "ID": "B119AS300946", "AdminCode": "413", "Type": "3", "SubType": "399", "LinkID": "A219AS302456", "Ref_Lane": 2, "PostID": "C619AS301056", "Maker": "새한항업컨소시엄", "UpdateDate": "20190909", "Version": "2019", "Remark": null, "HistType": null, "HistRemark": null }, "geometry": { "type": "Point", "coordinates": [ 127.272768087183763, 36.503597688052146, 58.407750396728495 ] } },
{ "type": "Feature", "properties": { "ID": "B119AS300961", "AdminCode": "413", "Type": "4", "SubType": "499", "LinkID": "A219AS302456", "Ref_Lane": 2, "PostID": "C619AS301057", "Maker": "새한항업컨소시엄", "UpdateDate": "20190909", "Version": "2019", "Remark": null, "HistType": null, "HistRemark": null }, "geometry": { "type": "Point", "coordinates": [ 127.273068706719087, 36.50351605694982, 58.141750396728497 ] } },
{ "type": "Feature", "properties": { "ID": "B119AS300882", "AdminCode": "413", "Type": "2", "SubType": "218", "LinkID": "A219AS302456", "Ref_Lane": 2, "PostID": "C619AS301057", "Maker": "새한항업컨소시엄", "UpdateDate": "20190909", "Version": "2019", "Remark": null, "HistType": null, "HistRemark": null }, "geometry": { "type": "Point", "coordinates": [ 127.273068533136481, 36.503515829086972, 58.733750396728496 ] } },
{ "type": "Feature", "properties": { "ID": "B119AS300899", "AdminCode": "413", "Type": "2", "SubType": "224", "LinkID": "A219AS302456", "Ref_Lane": 2, "PostID": "C619AS301058", "Maker": "새한항업컨소시엄", "UpdateDate": "20190909", "Version": "2019", "Remark": null, "HistType": null, "HistRemark": null }, "geometry": { "type": "Point", "coordinates": [ 127.273362595618366, 36.503437825063727, 57.778750396728498 ] } },
{ "type": "Feature", "properties": { "ID": "B119AS300960", "AdminCode": "413", "Type": "4", "SubType": "499", "LinkID": "A219AS302443", "Ref_Lane": 1, "PostID": "C619AS301864", "Maker": "새한항업컨소시엄", "UpdateDate": "20190909", "Version": "2019", "Remark": null, "HistType": null, "HistRemark": null }, "geometry": { "type": "Point", "coordinates": [ 127.272180511212142, 36.503431991590993, 58.342750396728498 ] } },
{ "type": "Feature", "properties": { "ID": "B119AS300907", "AdminCode": "413", "Type": "2", "SubType": "228", "LinkID": "A219AS302443", "Ref_Lane": 1, "PostID": "C619AS301864", "Maker": "새한항업컨소시엄", "UpdateDate": "20190909", "Version": "2019", "Remark": null, "HistType": null, "HistRemark": null }, "geometry": { "type": "Point", "coordinates": [ 127.272180399795516, 36.503431980962965, 58.882750396728497 ] } },
{ "type": "Feature", "properties": { "ID": "B119AS300932", "AdminCode": "413", "Type": "3", "SubType": "322", "LinkID": "A219AS302445", "Ref_Lane": 2, "PostID": "C619AS301059", "Maker": "새한항업컨소시엄", "UpdateDate": "20190909", "Version": "2019", "Remark": null, "HistType": null, "HistRemark": null }, "geometry": { "type": "Point", "coordinates": [ 127.272093301914154, 36.503367071468894, 58.723750396728498 ] } },
{ "type": "Feature", "properties": { "ID": "B119AS300945", "AdminCode": "413", "Type": "3", "SubType": "399", "LinkID": "A219AS302445", "Ref_Lane": 2, "PostID": "C619AS301059", "Maker": "새한항업컨소시엄", "UpdateDate": "20190909", "Version": "2019", "Remark": null, "HistType": null, "HistRemark": null }, "geometry": { "type": "Point", "coordinates": [ 127.272093612237924, 36.503367175118498, 59.358750396728496 ] } },
{ "type": "Feature", "properties": { "ID": "B119AS300922", "AdminCode": "413", "Type": "3", "SubType": "313", "LinkID": "A219AS302445", "Ref_Lane": 2, "PostID": "C619AS301865", "Maker": "새한항업컨소시엄", "UpdateDate": "20190909", "Version": "2019", "Remark": null, "HistType": null, "HistRemark": null }, "geometry": { "type": "Point", "coordinates": [ 127.272007862376654, 36.503435006858595, 59.111750396728496 ] } },
{ "type": "Feature", "properties": { "ID": "B119AS300911", "AdminCode": "413", "Type": "3", "SubType": "312", "LinkID": "A219AS302455", "Ref_Lane": 1, "PostID": "C619AS301866", "Maker": "새한항업컨소시엄", "UpdateDate": "20190909", "Version": "2019", "Remark": null, "HistType": null, "HistRemark": null }, "geometry": { "type": "Point", "coordinates": [ 127.271936872939051, 36.503142718756145, 58.834750396728495 ] } },
{ "type": "Feature", "properties": { "ID": "B119AS300959", "AdminCode": "413", "Type": "4", "SubType": "499", "LinkID": "A219AS302455", "Ref_Lane": 1, "PostID": "C619AS301060", "Maker": "새한항업컨소시엄", "UpdateDate": "20190909", "Version": "2019", "Remark": null, "HistType": null, "HistRemark": null }, "geometry": { "type": "Point", "coordinates": [ 127.271912935010505, 36.502982986809052, 58.858750396728496 ] } },
{ "type": "Feature", "properties": { "ID": "B119AS300881", "AdminCode": "413", "Type": "2", "SubType": "218", "LinkID": "A219AS302455", "Ref_Lane": 1, "PostID": "C619AS301060", "Maker": "새한항업컨소시엄", "UpdateDate": "20190909", "Version": "2019", "Remark": null, "HistType": null, "HistRemark": null }, "geometry": { "type": "Point", "coordinates": [ 127.271913307150186, 36.502982820935479, 59.479750396728498 ] } },
{ "type": "Feature", "properties": { "ID": "B119AS300871", "AdminCode": "413", "Type": "1", "SubType": "199", "LinkID": "A219AS302455", "Ref_Lane": 1, "PostID": "C619AS301867", "Maker": "새한항업컨소시엄", "UpdateDate": "20190909", "Version": "2019", "Remark": null, "HistType": null, "HistRemark": null }, "geometry": { "type": "Point", "coordinates": [ 127.271905687826418, 36.502924768704624, 58.565750396728497 ] } },
{ "type": "Feature", "properties": { "ID": "B119AS300898", "AdminCode": "413", "Type": "2", "SubType": "224", "LinkID": "A219AS302368", "Ref_Lane": 4, "PostID": "C619AS300991", "Maker": "새한항업컨소시엄", "UpdateDate": "20190909", "Version": "2019", "Remark": null, "HistType": null, "HistRemark": null }, "geometry": { "type": "Point", "coordinates": [ 127.279293478983064, 36.504500979699316, 63.151750396728502 ] } },
{ "type": "Feature", "properties": { "ID": "B119AS300921", "AdminCode": "413", "Type": "3", "SubType": "313", "LinkID": "A219AS302370", "Ref_Lane": 2, "PostID": "C619AS301868", "Maker": "새한항업컨소시엄", "UpdateDate": "20190909", "Version": "2019", "Remark": null, "HistType": null, "HistRemark": null }, "geometry": { "type": "Point", "coordinates": [ 127.278648641789673, 36.50294342374351, 57.873750396728497 ] } },
{ "type": "Feature", "properties": { "ID": "B119AS300897", "AdminCode": "413", "Type": "2", "SubType": "224", "LinkID": "A219AS302370", "Ref_Lane": 2, "PostID": "C619AS301061", "Maker": "새한항업컨소시엄", "UpdateDate": "20190909", "Version": "2019", "Remark": null, "HistType": null, "HistRemark": null }, "geometry": { "type": "Point", "coordinates": [ 127.27850835674549, 36.502280151067644, 58.747750396728499 ] } },
{ "type": "Feature", "properties": { "ID": "B119AS300910", "AdminCode": "413", "Type": "3", "SubType": "311", "LinkID": "A219AS302364", "Ref_Lane": 3, "PostID": "C619AS300959", "Maker": "새한항업컨소시엄", "UpdateDate": "20190909", "Version": "2019", "Remark": null, "HistType": null, "HistRemark": null }, "geometry": { "type": "Point", "coordinates": [ 127.2781850625381, 36.502050639447518, 60.775750396728498 ] } },
{ "type": "Feature", "properties": { "ID": "B119AS300958", "AdminCode": "413", "Type": "4", "SubType": "499", "LinkID": "A219AS302364", "Ref_Lane": 3, "PostID": "C619AS301062", "Maker": "새한항업컨소시엄", "UpdateDate": "20190909", "Version": "2019", "Remark": null, "HistType": null, "HistRemark": null }, "geometry": { "type": "Point", "coordinates": [ 127.277532931691496, 36.502144361256285, 59.7747503967285 ] } },
{ "type": "Feature", "properties": { "ID": "B119AS300870", "AdminCode": "413", "Type": "1", "SubType": "199", "LinkID": "A219AS302364", "Ref_Lane": 3, "PostID": "C619AS301062", "Maker": "새한항업컨소시엄", "UpdateDate": "20190909", "Version": "2019", "Remark": null, "HistType": null, "HistRemark": null }, "geometry": { "type": "Point", "coordinates": [ 127.277532751329417, 36.50214393499428, 60.120750396728496 ] } },
{ "type": "Feature", "properties": { "ID": "B119AS300957", "AdminCode": "413", "Type": "4", "SubType": "499", "LinkID": "A219AS302366", "Ref_Lane": 2, "PostID": "C619AS301063", "Maker": "새한항업컨소시엄", "UpdateDate": "20190909", "Version": "2019", "Remark": null, "HistType": null, "HistRemark": null }, "geometry": { "type": "Point", "coordinates": [ 127.277036623485571, 36.502303897460067, 59.499500274658203 ] } },
{ "type": "Feature", "properties": { "ID": "B119AS300869", "AdminCode": "413", "Type": "1", "SubType": "199", "LinkID": "A219AS302366", "Ref_Lane": 2, "PostID": "C619AS301063", "Maker": "새한항업컨소시엄", "UpdateDate": "20190909", "Version": "2019", "Remark": null, "HistType": null, "HistRemark": null }, "geometry": { "type": "Point", "coordinates": [ 127.277036751859313, 36.502304160471262, 59.799750396728498 ] } },
{ "type": "Feature", "properties": { "ID": "B119AS300880", "AdminCode": "413", "Type": "2", "SubType": "218", "LinkID": "A219AS302366", "Ref_Lane": 2, "PostID": "C619AS301063", "Maker": "새한항업컨소시엄", "UpdateDate": "20190909", "Version": "2019", "Remark": null, "HistType": null, "HistRemark": null }, "geometry": { "type": "Point", "coordinates": [ 127.277029574543803, 36.502296016313942, 58.198750396728499 ] } },
{ "type": "Feature", "properties": { "ID": "B119AS300873", "AdminCode": "413", "Type": "2", "SubType": "212", "LinkID": "A219AS302366", "Ref_Lane": 2, "PostID": "C619AS301064", "Maker": "새한항업컨소시엄", "UpdateDate": "20190909", "Version": "2019", "Remark": null, "HistType": null, "HistRemark": null }, "geometry": { "type": "Point", "coordinates": [ 127.276465127034655, 36.502446335725196, 57.423750396728501 ] } },
{ "type": "Feature", "properties": { "ID": "B119AS300868", "AdminCode": "413", "Type": "1", "SubType": "199", "LinkID": "A219AS302366", "Ref_Lane": 2, "PostID": "C619AS301065", "Maker": "새한항업컨소시엄", "UpdateDate": "20190909", "Version": "2019", "Remark": null, "HistType": null, "HistRemark": null }, "geometry": { "type": "Point", "coordinates": [ 127.275921718938946, 36.50260190524515, 60.323750396728499 ] } },
{ "type": "Feature", "properties": { "ID": "B119AS300896", "AdminCode": "413", "Type": "2", "SubType": "224", "LinkID": "A219AS302366", "Ref_Lane": 2, "PostID": "C619AS301066", "Maker": "새한항업컨소시엄", "UpdateDate": "20190909", "Version": "2019", "Remark": null, "HistType": null, "HistRemark": null }, "geometry": { "type": "Point", "coordinates": [ 127.275647830036618, 36.502663639632551, 58.241750396728499 ] } },
{ "type": "Feature", "properties": { "ID": "B119AS300920", "AdminCode": "413", "Type": "3", "SubType": "313", "LinkID": "A219AS302366", "Ref_Lane": 2, "PostID": "C619AS301869", "Maker": "새한항업컨소시엄", "UpdateDate": "20190909", "Version": "2019", "Remark": null, "HistType": null, "HistRemark": null }, "geometry": { "type": "Point", "coordinates": [ 127.275721424741775, 36.502727341779014, 56.825750396728495 ] } },
{ "type": "Feature", "properties": { "ID": "B119AS300956", "AdminCode": "413", "Type": "4", "SubType": "499", "LinkID": "A219AS302360", "Ref_Lane": 3, "PostID": "C619AS301067", "Maker": "새한항업컨소시엄", "UpdateDate": "20190909", "Version": "2019", "Remark": null, "HistType": null, "HistRemark": null }, "geometry": { "type": "Point", "coordinates": [ 127.27466884232966, 36.50292329027009, 58.885750396728497 ] } },
{ "type": "Feature", "properties": { "ID": "B119AS300879", "AdminCode": "413", "Type": "2", "SubType": "218", "LinkID": "A219AS302360", "Ref_Lane": 3, "PostID": "C619AS301067", "Maker": "새한항업컨소시엄", "UpdateDate": "20190909", "Version": "2019", "Remark": null, "HistType": null, "HistRemark": null }, "geometry": { "type": "Point", "coordinates": [ 127.274667474218546, 36.502923594982214, 59.477750396728496 ] } },
{ "type": "Feature", "properties": { "ID": "B119AS300919", "AdminCode": "413", "Type": "3", "SubType": "313", "LinkID": "A219AS302440", "Ref_Lane": 2, "PostID": "C619AS301870", "Maker": "새한항업컨소시엄", "UpdateDate": "20190909", "Version": "2019", "Remark": null, "HistType": null, "HistRemark": null }, "geometry": { "type": "Point", "coordinates": [ 127.27323250731331, 36.50338863634753, 57.500750396728499 ] } },
{ "type": "Feature", "properties": { "ID": "B119AS300931", "AdminCode": "413", "Type": "3", "SubType": "322", "LinkID": "A219AS302446", "Ref_Lane": 1, "PostID": "C619AS301871", "Maker": "새한항업컨소시엄", "UpdateDate": "20190909", "Version": "2019", "Remark": null, "HistType": null, "HistRemark": null }, "geometry": { "type": "Point", "coordinates": [ 127.271949965213409, 36.503503043785955, 58.9547503967285 ] } },
{ "type": "Feature", "properties": { "ID": "B119AS300895", "AdminCode": "413", "Type": "2", "SubType": "224", "LinkID": "A219AS302456", "Ref_Lane": 2, "PostID": "C619AS301068", "Maker": "새한항업컨소시엄", "UpdateDate": "20190909", "Version": "2019", "Remark": null, "HistType": null, "HistRemark": null }, "geometry": { "type": "Point", "coordinates": [ 127.275148228071131, 36.502961223336527, 58.660999298095703 ] } },
{ "type": "Feature", "properties": { "ID": "B119AS300906", "AdminCode": "413", "Type": "2", "SubType": "228", "LinkID": "A219AS302487", "Ref_Lane": 2, "PostID": "C619AS301069", "Maker": "새한항업컨소시엄", "UpdateDate": "20190909", "Version": "2019", "Remark": null, "HistType": null, "HistRemark": null }, "geometry": { "type": "Point", "coordinates": [ 127.276855224607004, 36.502508868600678, 58.0217503967285 ] } },
{ "type": "Feature", "properties": { "ID": "B119AS300917", "AdminCode": "413", "Type": "3", "SubType": "313", "LinkID": "A219AS302363", "Ref_Lane": 3, "PostID": "C619AS301873", "Maker": "새한항업컨소시엄", "UpdateDate": "20190909", "Version": "2019", "Remark": null, "HistType": null, "HistRemark": null }, "geometry": { "type": "Point", "coordinates": [ 127.277212054411777, 36.502331922914323, 56.796750396728498 ] } },
{ "type": "Feature", "properties": { "ID": "B119AS300944", "AdminCode": "413", "Type": "3", "SubType": "399", "LinkID": "A219AS302363", "Ref_Lane": 3, "PostID": "C619AS301070", "Maker": "새한항업컨소시엄", "UpdateDate": "20190909", "Version": "2019", "Remark": null, "HistType": null, "HistRemark": null }, "geometry": { "type": "Point", "coordinates": [ 127.277654999821081, 36.502324267458576, 57.179750396728501 ] } },
{ "type": "Feature", "properties": { "ID": "B119AS300930", "AdminCode": "413", "Type": "3", "SubType": "322", "LinkID": "A219AS302363", "Ref_Lane": 3, "PostID": "C619AS301070", "Maker": "새한항업컨소시엄", "UpdateDate": "20190909", "Version": "2019", "Remark": null, "HistType": null, "HistRemark": null }, "geometry": { "type": "Point", "coordinates": [ 127.277654994648941, 36.502323996964385, 57.895750396728502 ] } },
{ "type": "Feature", "properties": { "ID": "B119AS300916", "AdminCode": "413", "Type": "3", "SubType": "313", "LinkID": "A219AS301902", "Ref_Lane": 2, "PostID": "C619AS300874", "Maker": "새한항업컨소시엄", "UpdateDate": "20190909", "Version": "2019", "Remark": null, "HistType": null, "HistRemark": null }, "geometry": { "type": "Point", "coordinates": [ 127.278954361864081, 36.50377429188768, 58.778750396728498 ] } },
{ "type": "Feature", "properties": { "ID": "B119AS300894", "AdminCode": "413", "Type": "2", "SubType": "224", "LinkID": "A219AS301901", "Ref_Lane": 2, "PostID": "C619AS301071", "Maker": "새한항업컨소시엄", "UpdateDate": "20190909", "Version": "2019", "Remark": null, "HistType": null, "HistRemark": null }, "geometry": { "type": "Point", "coordinates": [ 127.279039884755591, 36.504291387245921, 60.485750396728498 ] } },
{ "type": "Feature", "properties": { "ID": "B119AS300929", "AdminCode": "413", "Type": "3", "SubType": "322", "LinkID": "A219AS302334", "Ref_Lane": 1, "PostID": "C619AS301072", "Maker": "새한항업컨소시엄", "UpdateDate": "20190909", "Version": "2019", "Remark": null, "HistType": null, "HistRemark": null }, "geometry": { "type": "Point", "coordinates": [ 127.262305099073345, 36.506816941803855, 59.6647503967285 ] } },
{ "type": "Feature", "properties": { "ID": "B119AS300955", "AdminCode": "413", "Type": "4", "SubType": "499", "LinkID": "A219AS302337", "Ref_Lane": 3, "PostID": "C619AS301051", "Maker": "새한항업컨소시엄", "UpdateDate": "20190909", "Version": "2019", "Remark": null, "HistType": null, "HistRemark": null }, "geometry": { "type": "Point", "coordinates": [ 127.263697293841361, 36.50638742190003, 60.568750396728497 ] } },
{ "type": "Feature", "properties": { "ID": "B119AS300878", "AdminCode": "413", "Type": "2", "SubType": "218", "LinkID": "A219AS302337", "Ref_Lane": 3, "PostID": "C619AS301051", "Maker": "새한항업컨소시엄", "UpdateDate": "20190909", "Version": "2019", "Remark": null, "HistType": null, "HistRemark": null }, "geometry": { "type": "Point", "coordinates": [ 127.263697232102672, 36.506387186638271, 61.177750396728499 ] } },
{ "type": "Feature", "properties": { "ID": "B119AS300902", "AdminCode": "413", "Type": "2", "SubType": "225", "LinkID": "A219AS301887", "Ref_Lane": 2, "PostID": "C619AS301073", "Maker": "새한항업컨소시엄", "UpdateDate": "20190909", "Version": "2019", "Remark": null, "HistType": null, "HistRemark": null }, "geometry": { "type": "Point", "coordinates": [ 127.264636135619853, 36.5060840113523, 64.796750396728498 ] } },
{ "type": "Feature", "properties": { "ID": "B119AS300943", "AdminCode": "413", "Type": "3", "SubType": "399", "LinkID": "A219AS302342", "Ref_Lane": 3, "PostID": "C619AS301074", "Maker": "새한항업컨소시엄", "UpdateDate": "20190909", "Version": "2019", "Remark": null, "HistType": null, "HistRemark": null }, "geometry": { "type": "Point", "coordinates": [ 127.264835009807186, 36.506058880536294, 61.871750396728501 ] } },
{ "type": "Feature", "properties": { "ID": "B119AS300954", "AdminCode": "413", "Type": "4", "SubType": "499", "LinkID": "A219AS302342", "Ref_Lane": 3, "PostID": "C619AS301075", "Maker": "새한항업컨소시엄", "UpdateDate": "20190909", "Version": "2019", "Remark": null, "HistType": null, "HistRemark": null }, "geometry": { "type": "Point", "coordinates": [ 127.265814703623278, 36.505733709319387, 62.714750396728498 ] } },
{ "type": "Feature", "properties": { "ID": "B119AS300877", "AdminCode": "413", "Type": "2", "SubType": "218", "LinkID": "A219AS302342", "Ref_Lane": 3, "PostID": "C619AS301075", "Maker": "새한항업컨소시엄", "UpdateDate": "20190909", "Version": "2019", "Remark": null, "HistType": null, "HistRemark": null }, "geometry": { "type": "Point", "coordinates": [ 127.265814603366479, 36.505733698847607, 63.311750396728499 ] } },
{ "type": "Feature", "properties": { "ID": "B119AS300893", "AdminCode": "413", "Type": "2", "SubType": "224", "LinkID": "A219AS302341", "Ref_Lane": 2, "PostID": "C619AS301076", "Maker": "새한항업컨소시엄", "UpdateDate": "20190909", "Version": "2019", "Remark": null, "HistType": null, "HistRemark": null }, "geometry": { "type": "Point", "coordinates": [ 127.267054439680521, 36.50533722237487, 65.908750396728493 ] } },
{ "type": "Feature", "properties": { "ID": "B119AS300953", "AdminCode": "413", "Type": "4", "SubType": "499", "LinkID": "A219AS302351", "Ref_Lane": 2, "PostID": "C619AS301077", "Maker": "새한항업컨소시엄", "UpdateDate": "20190909", "Version": "2019", "Remark": null, "HistType": null, "HistRemark": null }, "geometry": { "type": "Point", "coordinates": [ 127.268544335262135, 36.504893209109028, 63.376750396728497 ] } },
{ "type": "Feature", "properties": { "ID": "B119AS300876", "AdminCode": "413", "Type": "2", "SubType": "218", "LinkID": "A219AS302351", "Ref_Lane": 2, "PostID": "C619AS301077", "Maker": "새한항업컨소시엄", "UpdateDate": "20190909", "Version": "2019", "Remark": null, "HistType": null, "HistRemark": null }, "geometry": { "type": "Point", "coordinates": [ 127.268544460172137, 36.50489361655098, 64.011750396728502 ] } },
{ "type": "Feature", "properties": { "ID": "B119AS300915", "AdminCode": "413", "Type": "3", "SubType": "313", "LinkID": "A219AS302353", "Ref_Lane": 2, "PostID": "C619AS300875", "Maker": "새한항업컨소시엄", "UpdateDate": "20190909", "Version": "2019", "Remark": null, "HistType": null, "HistRemark": null }, "geometry": { "type": "Point", "coordinates": [ 127.269982504463869, 36.504364524630844, 63.488750396728499 ] } },
{ "type": "Feature", "properties": { "ID": "B119AS300914", "AdminCode": "413", "Type": "3", "SubType": "313", "LinkID": "A219AS302449", "Ref_Lane": 2, "PostID": "C619AS300876", "Maker": "새한항업컨소시엄", "UpdateDate": "20190909", "Version": "2019", "Remark": null, "HistType": null, "HistRemark": null }, "geometry": { "type": "Point", "coordinates": [ 127.271262307552135, 36.503971386849507, 61.301750396728494 ] } },
{ "type": "Feature", "properties": { "ID": "B119AS300875", "AdminCode": "413", "Type": "2", "SubType": "218", "LinkID": "A219AS302449", "Ref_Lane": 2, "PostID": "C619AS301053", "Maker": "새한항업컨소시엄", "UpdateDate": "20190909", "Version": "2019", "Remark": null, "HistType": null, "HistRemark": null }, "geometry": { "type": "Point", "coordinates": [ 127.271558383712602, 36.503963662409561, 61.723750396728498 ] } },
{ "type": "Feature", "properties": { "ID": "B119AS300928", "AdminCode": "413", "Type": "3", "SubType": "322", "LinkID": "A219AS302449", "Ref_Lane": 2, "PostID": "C619AS301078", "Maker": "새한항업컨소시엄", "UpdateDate": "20190909", "Version": "2019", "Remark": null, "HistType": null, "HistRemark": null }, "geometry": { "type": "Point", "coordinates": [ 127.271767088925216, 36.503898775562952, 60.148750396728502 ] } },
{ "type": "Feature", "properties": { "ID": "B119AS300942", "AdminCode": "413", "Type": "3", "SubType": "399", "LinkID": "A219AS302449", "Ref_Lane": 2, "PostID": "C619AS301078", "Maker": "새한항업컨소시엄", "UpdateDate": "20190909", "Version": "2019", "Remark": null, "HistType": null, "HistRemark": null }, "geometry": { "type": "Point", "coordinates": [ 127.271769394715207, 36.503898015745314, 61.0827503967285 ] } },
{ "type": "Feature", "properties": { "ID": "B119AS300927", "AdminCode": "413", "Type": "3", "SubType": "322", "LinkID": "A219AS302437", "Ref_Lane": 1, "PostID": "C619AS301079", "Maker": "새한항업컨소시엄", "UpdateDate": "20190909", "Version": "2019", "Remark": null, "HistType": null, "HistRemark": null }, "geometry": { "type": "Point", "coordinates": [ 127.272427255896687, 36.503811665017501, 58.327750396728497 ] } },
{ "type": "Feature", "properties": { "ID": "B119AS300941", "AdminCode": "413", "Type": "3", "SubType": "399", "LinkID": "A219AS302437", "Ref_Lane": 1, "PostID": "C619AS301079", "Maker": "새한항업컨소시엄", "UpdateDate": "20190909", "Version": "2019", "Remark": null, "HistType": null, "HistRemark": null }, "geometry": { "type": "Point", "coordinates": [ 127.272427696611985, 36.503811428023909, 59.041750396728496 ] } },
{ "type": "Feature", "properties": { "ID": "B119AS300926", "AdminCode": "413", "Type": "3", "SubType": "322", "LinkID": "A219AS302444", "Ref_Lane": 2, "PostID": "C619AS301080", "Maker": "새한항업컨소시엄", "UpdateDate": "20190909", "Version": "2019", "Remark": null, "HistType": null, "HistRemark": null }, "geometry": { "type": "Point", "coordinates": [ 127.272482007165095, 36.503488775242126, 57.9147503967285 ] } },
{ "type": "Feature", "properties": { "ID": "B119AS300940", "AdminCode": "413", "Type": "3", "SubType": "399", "LinkID": "A219AS302444", "Ref_Lane": 2, "PostID": "C619AS301080", "Maker": "새한항업컨소시엄", "UpdateDate": "20190909", "Version": "2019", "Remark": null, "HistType": null, "HistRemark": null }, "geometry": { "type": "Point", "coordinates": [ 127.272481436716802, 36.50348882106335, 58.678750396728496 ] } },
{ "type": "Feature", "properties": { "ID": "B119AS300939", "AdminCode": "413", "Type": "3", "SubType": "399", "LinkID": "A219AS303318", "Ref_Lane": 1, "PostID": "C619AS300877", "Maker": "새한항업컨소시엄", "UpdateDate": "20190909", "Version": "2019", "Remark": null, "HistType": null, "HistRemark": null }, "geometry": { "type": "Point", "coordinates": [ 127.272157645173223, 36.503654999583318, 59.070750396728499 ] } },
{ "type": "Feature", "properties": { "ID": "B119AS300905", "AdminCode": "413", "Type": "2", "SubType": "228", "LinkID": "A219AS302448", "Ref_Lane": 1, "PostID": "C619AS300963", "Maker": "새한항업컨소시엄", "UpdateDate": "20190909", "Version": "2019", "Remark": null, "HistType": null, "HistRemark": null }, "geometry": { "type": "Point", "coordinates": [ 127.271974320503517, 36.503630448636507, 59.413750396728496 ] } },
{ "type": "Feature", "properties": { "ID": "B119AS300913", "AdminCode": "413", "Type": "3", "SubType": "313", "LinkID": "A219AS302491", "Ref_Lane": 2, "PostID": "C619AS300878", "Maker": "새한항업컨소시엄", "UpdateDate": "20190909", "Version": "2019", "Remark": null, "HistType": null, "HistRemark": null }, "geometry": { "type": "Point", "coordinates": [ 127.271881813954764, 36.503785726099373, 59.434750396728496 ] } },
{ "type": "Feature", "properties": { "ID": "B119AS300952", "AdminCode": "413", "Type": "4", "SubType": "499", "LinkID": "A219AS302491", "Ref_Lane": 2, "PostID": "C619AS301081", "Maker": "새한항업컨소시엄", "UpdateDate": "20190909", "Version": "2019", "Remark": null, "HistType": null, "HistRemark": null }, "geometry": { "type": "Point", "coordinates": [ 127.271687858169003, 36.50375371033649, 60.446750396728497 ] } },
{ "type": "Feature", "properties": { "ID": "B119AS300951", "AdminCode": "413", "Type": "4", "SubType": "499", "LinkID": "A219AS302491", "Ref_Lane": 2, "PostID": "C619AS301081", "Maker": "새한항업컨소시엄", "UpdateDate": "20190909", "Version": "2019", "Remark": null, "HistType": null, "HistRemark": null }, "geometry": { "type": "Point", "coordinates": [ 127.271687858169003, 36.50375371033649, 60.446750396728497 ] } },
{ "type": "Feature", "properties": { "ID": "B119AS300874", "AdminCode": "413", "Type": "2", "SubType": "218", "LinkID": "A219AS302491", "Ref_Lane": 2, "PostID": "C619AS301050", "Maker": "새한항업컨소시엄", "UpdateDate": "20190909", "Version": "2019", "Remark": null, "HistType": null, "HistRemark": null }, "geometry": { "type": "Point", "coordinates": [ 127.27147072421613, 36.503821575699178, 62.192750396728499 ] } },
{ "type": "Feature", "properties": { "ID": "B119AS300867", "AdminCode": "413", "Type": "1", "SubType": "199", "LinkID": "A219AS302453", "Ref_Lane": 3, "PostID": "C619AS300879", "Maker": "새한항업컨소시엄", "UpdateDate": "20190909", "Version": "2019", "Remark": null, "HistType": null, "HistRemark": null }, "geometry": { "type": "Point", "coordinates": [ 127.271060108055593, 36.503944046005827, 62.421750396728498 ] } },
{ "type": "Feature", "properties": { "ID": "B119AS300912", "AdminCode": "413", "Type": "3", "SubType": "313", "LinkID": "A219AS302453", "Ref_Lane": 3, "PostID": "C619AS300880", "Maker": "새한항업컨소시엄", "UpdateDate": "20190909", "Version": "2019", "Remark": null, "HistType": null, "HistRemark": null }, "geometry": { "type": "Point", "coordinates": [ 127.271062438953791, 36.50403101054814, 62.031750396728498 ] } },
{ "type": "Feature", "properties": { "ID": "B119AS300892", "AdminCode": "413", "Type": "2", "SubType": "224", "LinkID": "A219AS302453", "Ref_Lane": 3, "PostID": "C619AS301082", "Maker": "새한항업컨소시엄", "UpdateDate": "20190909", "Version": "2019", "Remark": null, "HistType": null, "HistRemark": null }, "geometry": { "type": "Point", "coordinates": [ 127.270825213626637, 36.503991623665286, 62.950750396728495 ] } },
{ "type": "Feature", "properties": { "ID": "B119AS300904", "AdminCode": "413", "Type": "2", "SubType": "228", "LinkID": "A219AS302453", "Ref_Lane": 3, "PostID": "C619AS301082", "Maker": "새한항업컨소시엄", "UpdateDate": "20190909", "Version": "2019", "Remark": null, "HistType": null, "HistRemark": null }, "geometry": { "type": "Point", "coordinates": [ 127.270823576328439, 36.503992447240407, 63.792750396728493 ] } },
{ "type": "Feature", "properties": { "ID": "B119AS300891", "AdminCode": "413", "Type": "2", "SubType": "224", "LinkID": "A219AS302453", "Ref_Lane": 3, "PostID": "C619AS301083", "Maker": "새한항업컨소시엄", "UpdateDate": "20190909", "Version": "2019", "Remark": null, "HistType": null, "HistRemark": null }, "geometry": { "type": "Point", "coordinates": [ 127.270529012334578, 36.504084256081782, 64.58675039672849 ] } },
{ "type": "Feature", "properties": { "ID": "B119AS300950", "AdminCode": "413", "Type": "4", "SubType": "499", "LinkID": "A219AS302353", "Ref_Lane": 2, "PostID": "C619AS301084", "Maker": "새한항업컨소시엄", "UpdateDate": "20190909", "Version": "2019", "Remark": null, "HistType": null, "HistRemark": null }, "geometry": { "type": "Point", "coordinates": [ 127.269246381691062, 36.504506856616651, 64.010750396728497 ] } },
{ "type": "Feature", "properties": { "ID": "B119AS300885", "AdminCode": "413", "Type": "2", "SubType": "219", "LinkID": "A219AS302353", "Ref_Lane": 2, "PostID": "C619AS301084", "Maker": "새한항업컨소시엄", "UpdateDate": "20190909", "Version": "2019", "Remark": null, "HistType": null, "HistRemark": null }, "geometry": { "type": "Point", "coordinates": [ 127.26924669876297, 36.504507158678933, 64.664750396728493 ] } },
{ "type": "Feature", "properties": { "ID": "B119AS300925", "AdminCode": "413", "Type": "3", "SubType": "315", "LinkID": "A219AS302353", "Ref_Lane": 2, "PostID": "C619AS300881", "Maker": "새한항업컨소시엄", "UpdateDate": "20190909", "Version": "2019", "Remark": null, "HistType": null, "HistRemark": null }, "geometry": { "type": "Point", "coordinates": [ 127.269122326348864, 36.504627529089944, 63.063750396728494 ] } },
{ "type": "Feature", "properties": { "ID": "B119AS300890", "AdminCode": "413", "Type": "2", "SubType": "224", "LinkID": "A219AS302346", "Ref_Lane": 2, "PostID": "C619AS300973", "Maker": "새한항업컨소시엄", "UpdateDate": "20190909", "Version": "2019", "Remark": null, "HistType": null, "HistRemark": null }, "geometry": { "type": "Point", "coordinates": [ 127.267796166534055, 36.504973503312208, 66.189750396728499 ] } },
{ "type": "Feature", "properties": { "ID": "B119AS300949", "AdminCode": "413", "Type": "4", "SubType": "499", "LinkID": "A219AS302344", "Ref_Lane": 3, "PostID": "C619AS301085", "Maker": "새한항업컨소시엄", "UpdateDate": "20190909", "Version": "2019", "Remark": null, "HistType": null, "HistRemark": null }, "geometry": { "type": "Point", "coordinates": [ 127.266667162776187, 36.505301163360421, 63.069750396728494 ] } },
{ "type": "Feature", "properties": { "ID": "B119AS300884", "AdminCode": "413", "Type": "2", "SubType": "219", "LinkID": "A219AS302344", "Ref_Lane": 3, "PostID": "C619AS301085", "Maker": "새한항업컨소시엄", "UpdateDate": "20190909", "Version": "2019", "Remark": null, "HistType": null, "HistRemark": null }, "geometry": { "type": "Point", "coordinates": [ 127.266667225728881, 36.505301344554631, 63.632750396728497 ] } },
{ "type": "Feature", "properties": { "ID": "B119AS300889", "AdminCode": "413", "Type": "2", "SubType": "224", "LinkID": "A219AS302343", "Ref_Lane": 2, "PostID": "C619AS301086", "Maker": "새한항업컨소시엄", "UpdateDate": "20190909", "Version": "2019", "Remark": null, "HistType": null, "HistRemark": null }, "geometry": { "type": "Point", "coordinates": [ 127.265458413918353, 36.505687965240305, 65.301750396728494 ] } },
{ "type": "Feature", "properties": { "ID": "B119AS300948", "AdminCode": "413", "Type": "4", "SubType": "499", "LinkID": "A219AS301894", "Ref_Lane": 3, "PostID": "C619AS301087", "Maker": "새한항업컨소시엄", "UpdateDate": "20190909", "Version": "2019", "Remark": null, "HistType": null, "HistRemark": null }, "geometry": { "type": "Point", "coordinates": [ 127.263965274961137, 36.506134767711714, 60.900750396728498 ] } },
{ "type": "Feature", "properties": { "ID": "B119AS300883", "AdminCode": "413", "Type": "2", "SubType": "219", "LinkID": "A219AS301894", "Ref_Lane": 3, "PostID": "C619AS301087", "Maker": "새한항업컨소시엄", "UpdateDate": "20190909", "Version": "2019", "Remark": null, "HistType": null, "HistRemark": null }, "geometry": { "type": "Point", "coordinates": [ 127.263965548980352, 36.50613499704945, 61.551750396728494 ] } },
{ "type": "Feature", "properties": { "ID": "B119AS300903", "AdminCode": "413", "Type": "2", "SubType": "228", "LinkID": "A219AS301892", "Ref_Lane": 3, "PostID": "C619AS301088", "Maker": "새한항업컨소시엄", "UpdateDate": "20190909", "Version": "2019", "Remark": null, "HistType": null, "HistRemark": null }, "geometry": { "type": "Point", "coordinates": [ 127.26363638060019, 36.506226176740626, 61.376750396728497 ] } },
{ "type": "Feature", "properties": { "ID": "B119AS300888", "AdminCode": "413", "Type": "2", "SubType": "224", "LinkID": "A219AS302335", "Ref_Lane": 4, "PostID": "C619AS301089", "Maker": "새한항업컨소시엄", "UpdateDate": "20190909", "Version": "2019", "Remark": null, "HistType": null, "HistRemark": null }, "geometry": { "type": "Point", "coordinates": [ 127.262551214903681, 36.506551695289176, 63.004750396728497 ] } },
{ "type": "Feature", "properties": { "ID": "B119AS300938", "AdminCode": "413", "Type": "3", "SubType": "399", "LinkID": "A219AS302431", "Ref_Lane": 2, "PostID": "C619AS301046", "Maker": "새한항업컨소시엄", "UpdateDate": "20190909", "Version": "2019", "Remark": "어린이보호구역해제", "HistType": null, "HistRemark": null }, "geometry": { "type": "Point", "coordinates": [ 127.262603892238317, 36.518090979539068, 78.90118190751825 ] } },
{ "type": "Feature", "properties": { "ID": "B119AS300937", "AdminCode": "413", "Type": "3", "SubType": "399", "LinkID": "A219AS302431", "Ref_Lane": 2, "PostID": "C619AS301046", "Maker": "새한항업컨소시엄", "UpdateDate": "20190909", "Version": "2019", "Remark": "속도30 해제", "HistType": null, "HistRemark": null }, "geometry": { "type": "Point", "coordinates": [ 127.262603841785463, 36.518090927932946, 79.618448305351009 ] } },
{ "type": "Feature", "properties": { "ID": "B119AS300866", "AdminCode": "413", "Type": "1", "SubType": "133", "LinkID": "A219AS302433", "Ref_Lane": 2, "PostID": "C619AS301047", "Maker": "새한항업컨소시엄", "UpdateDate": "20190909", "Version": "2019", "Remark": "어린이보호구역", "HistType": null, "HistRemark": null }, "geometry": { "type": "Point", "coordinates": [ 127.262752452910846, 36.518242049829652, 83.227104967276347 ] } },
{ "type": "Feature", "properties": { "ID": "B119AS300865", "AdminCode": "413", "Type": "1", "SubType": "133", "LinkID": "A219AS302161", "Ref_Lane": 2, "PostID": "C619AS301045", "Maker": "새한항업컨소시엄", "UpdateDate": "20190909", "Version": "2019", "Remark": "어린이보호구역", "HistType": null, "HistRemark": null }, "geometry": { "type": "Point", "coordinates": [ 127.259492778521206, 36.517834816340198, 69.84414645671373 ] } },
{ "type": "Feature", "properties": { "ID": "B119AS300887", "AdminCode": "413", "Type": "2", "SubType": "224", "LinkID": "A219AS302423", "Ref_Lane": 2, "PostID": "C619AS301043", "Maker": "새한항업컨소시엄", "UpdateDate": "20190909", "Version": "2019", "Remark": "40", "HistType": null, "HistRemark": null }, "geometry": { "type": "Point", "coordinates": [ 127.262875459803524, 36.515973752202775, 72.10983196301153 ] } },
{ "type": "Feature", "properties": { "ID": "B119AS300886", "AdminCode": "413", "Type": "2", "SubType": "224", "LinkID": "A219AS301878", "Ref_Lane": 2, "PostID": "C619AS301044", "Maker": "새한항업컨소시엄", "UpdateDate": "20190909", "Version": "2019", "Remark": "40", "HistType": null, "HistRemark": null }, "geometry": { "type": "Point", "coordinates": [ 127.259929464288007, 36.512539368291208, 64.778093019572367 ] } },
{ "type": "Feature", "properties": { "ID": "B119AS300970", "AdminCode": "413", "Type": "2", "SubType": "224", "LinkID": "A219AS301961", "Ref_Lane": 1, "PostID": null, "Maker": "새한항업컨소시엄", "UpdateDate": "20190909", "Version": "2019", "Remark": "50", "HistType": null, "HistRemark": null }, "geometry": { "type": "Point", "coordinates": [ 127.266518560487313, 36.508363592647768, 70.773002624511719 ] } },
{ "type": "Feature", "properties": { "ID": "B119AS300969", "AdminCode": "413", "Type": "2", "SubType": "224", "LinkID": "A219AS301961", "Ref_Lane": 1, "PostID": null, "Maker": "새한항업컨소시엄", "UpdateDate": "20190909", "Version": "2019", "Remark": "50", "HistType": null, "HistRemark": null }, "geometry": { "type": "Point", "coordinates": [ 127.266082209194366, 36.508397934335676, 72.543998718261719 ] } },
{ "type": "Feature", "properties": { "ID": "B119AS300968", "AdminCode": "413", "Type": "4", "SubType": "499", "LinkID": "A219AS301961", "Ref_Lane": 1, "PostID": null, "Maker": "새한항업컨소시엄", "UpdateDate": "20190909", "Version": "2019", "Remark": null, "HistType": null, "HistRemark": null }, "geometry": { "type": "Point", "coordinates": [ 127.266082735022394, 36.508398131238593, 72.055999755859375 ] } }
]
}
