{
"type": "FeatureCollection",
"name": "trafficlight",
"crs": { "type": "name", "properties": { "name": "urn:ogc:def:crs:OGC:1.3:CRS84" } },
"features": [
{ "type": "Feature", "properties": { "ID": "C119AS300753", "AdminCode": "413", "Type": "2", "LinkID": "A219AS300720", "Ref_Lane": 3, "PostID": "C619AS300871", "Maker": "而⑥", "UpdateDate": "20190620", "Version": "2019", "Remark": null, "HistType": null, "HistRemark": null }, "geometry": { "type": "Point", "coordinates": [ 127.294425370966749, 36.534364456788069, 72.8025 ] } },
{ "type": "Feature", "properties": { "ID": "C119AS300752", "AdminCode": "413", "Type": "8", "LinkID": "A219AS300713", "Ref_Lane": 1, "PostID": "C619AS300871", "Maker": "而⑥", "UpdateDate": "20190620", "Version": "2019", "Remark": null, "HistType": null, "HistRemark": null }, "geometry": { "type": "Point", "coordinates": [ 127.294434427968056, 36.53432734853935, 72.828125 ] } },
{ "type": "Feature", "properties": { "ID": "C119AS300751", "AdminCode": "413", "Type": "2", "LinkID": "A219AS300027", "Ref_Lane": 3, "PostID": "C619AS300514", "Maker": "而⑥", "UpdateDate": "20190620", "Version": "2019", "Remark": null, "HistType": null, "HistRemark": null }, "geometry": { "type": "Point", "coordinates": [ 127.271636787611058, 36.470727039035566, 59.13475 ] } },
{ "type": "Feature", "properties": { "ID": "C119AS300750", "AdminCode": "413", "Type": "2", "LinkID": "A219AS300027", "Ref_Lane": 3, "PostID": "C619AS300514", "Maker": "而⑥", "UpdateDate": "20190620", "Version": "2019", "Remark": null, "HistType": null, "HistRemark": null }, "geometry": { "type": "Point", "coordinates": [ 127.271646257919471, 36.47075251914228, 59.12825 ] } },
{ "type": "Feature", "properties": { "ID": "C119AS300749", "AdminCode": "413", "Type": "11", "LinkID": "A219AS300072", "Ref_Lane": 4, "PostID": "C619AS300518", "Maker": "而⑥", "UpdateDate": "20190620", "Version": "2019", "Remark": null, "HistType": null, "HistRemark": null }, "geometry": { "type": "Point", "coordinates": [ 127.278119829586785, 36.473154294761621, 56.8155 ] } },
{ "type": "Feature", "properties": { "ID": "C119AS300748", "AdminCode": "413", "Type": "2", "LinkID": "A219AS300072", "Ref_Lane": 4, "PostID": "C619AS300518", "Maker": "而⑥", "UpdateDate": "20190620", "Version": "2019", "Remark": null, "HistType": null, "HistRemark": null }, "geometry": { "type": "Point", "coordinates": [ 127.278076627327621, 36.473194567867125, 58.66825 ] } },
{ "type": "Feature", "properties": { "ID": "C119AS300747", "AdminCode": "413", "Type": "11", "LinkID": "A219AS300072", "Ref_Lane": 4, "PostID": "C619AS300869", "Maker": "而⑥", "UpdateDate": "20190620", "Version": "2019", "Remark": null, "HistType": null, "HistRemark": null }, "geometry": { "type": "Point", "coordinates": [ 127.277892946831344, 36.473008358463908, 56.828375 ] } },
{ "type": "Feature", "properties": { "ID": "C119AS300746", "AdminCode": "413", "Type": "2", "LinkID": "A219AS300072", "Ref_Lane": 4, "PostID": "C619AS300869", "Maker": "而⑥", "UpdateDate": "20190620", "Version": "2019", "Remark": null, "HistType": null, "HistRemark": null }, "geometry": { "type": "Point", "coordinates": [ 127.277822700443494, 36.473076737821025, 58.652 ] } },
{ "type": "Feature", "properties": { "ID": "C119AS300745", "AdminCode": "413", "Type": "2", "LinkID": "A219AS300072", "Ref_Lane": 4, "PostID": "C619AS300869", "Maker": "而⑥", "UpdateDate": "20190620", "Version": "2019", "Remark": null, "HistType": null, "HistRemark": null }, "geometry": { "type": "Point", "coordinates": [ 127.277847948219645, 36.473047911477707, 58.614375 ] } },
{ "type": "Feature", "properties": { "ID": "C119AS300744", "AdminCode": "413", "Type": "2", "LinkID": "A219AS300080", "Ref_Lane": 4, "PostID": "C619AS300517", "Maker": "而⑥", "UpdateDate": "20190620", "Version": "2019", "Remark": null, "HistType": null, "HistRemark": null }, "geometry": { "type": "Point", "coordinates": [ 127.277788830642564, 36.473173151923298, 58.75525 ] } },
{ "type": "Feature", "properties": { "ID": "C119AS300743", "AdminCode": "413", "Type": "11", "LinkID": "A219AS300080", "Ref_Lane": 4, "PostID": "C619AS300517", "Maker": "而⑥", "UpdateDate": "20190620", "Version": "2019", "Remark": null, "HistType": null, "HistRemark": null }, "geometry": { "type": "Point", "coordinates": [ 127.277748635639114, 36.4732101669317, 56.8995 ] } },
{ "type": "Feature", "properties": { "ID": "C119AS300742", "AdminCode": "413", "Type": "11", "LinkID": "A219AS300080", "Ref_Lane": 4, "PostID": "C619AS300516", "Maker": "而⑥", "UpdateDate": "20190620", "Version": "2019", "Remark": null, "HistType": null, "HistRemark": null }, "geometry": { "type": "Point", "coordinates": [ 127.277979852005103, 36.473362594180081, 56.6305 ] } },
{ "type": "Feature", "properties": { "ID": "C119AS300741", "AdminCode": "413", "Type": "2", "LinkID": "A219AS300080", "Ref_Lane": 4, "PostID": "C619AS300516", "Maker": "而⑥", "UpdateDate": "20190620", "Version": "2019", "Remark": null, "HistType": null, "HistRemark": null }, "geometry": { "type": "Point", "coordinates": [ 127.278022701960694, 36.473326332902133, 58.172875 ] } },
{ "type": "Feature", "properties": { "ID": "C119AS300740", "AdminCode": "413", "Type": "2", "LinkID": "A219AS300080", "Ref_Lane": 4, "PostID": "C619AS300516", "Maker": "而⑥", "UpdateDate": "20190620", "Version": "2019", "Remark": null, "HistType": null, "HistRemark": null }, "geometry": { "type": "Point", "coordinates": [ 127.278055270457585, 36.473294204877192, 58.3615 ] } },
{ "type": "Feature", "properties": { "ID": "C119AS300739", "AdminCode": "413", "Type": "11", "LinkID": "A219AS300191", "Ref_Lane": 5, "PostID": "C619AS300522", "Maker": "而⑥", "UpdateDate": "20190620", "Version": "2019", "Remark": null, "HistType": null, "HistRemark": null }, "geometry": { "type": "Point", "coordinates": [ 127.307047533412884, 36.495569602334271, 59.7495 ] } },
{ "type": "Feature", "properties": { "ID": "C119AS300738", "AdminCode": "413", "Type": "2", "LinkID": "A219AS300191", "Ref_Lane": 5, "PostID": "C619AS300522", "Maker": "而⑥", "UpdateDate": "20190620", "Version": "2019", "Remark": null, "HistType": null, "HistRemark": null }, "geometry": { "type": "Point", "coordinates": [ 127.306948883288413, 36.4956015360221, 61.6735 ] } },
{ "type": "Feature", "properties": { "ID": "C119AS300737", "AdminCode": "413", "Type": "1", "LinkID": "A219AS303180", "Ref_Lane": 2, "PostID": "C619AS300870", "Maker": "而⑥", "UpdateDate": "20190620", "Version": "2019", "Remark": null, "HistType": null, "HistRemark": null }, "geometry": { "type": "Point", "coordinates": [ 127.306963105657999, 36.495393013427808, 61.8615 ] } },
{ "type": "Feature", "properties": { "ID": "C119AS300736", "AdminCode": "413", "Type": "11", "LinkID": "A219AS300908", "Ref_Lane": 4, "PostID": "C619AS300520", "Maker": "而⑥", "UpdateDate": "20190620", "Version": "2019", "Remark": null, "HistType": null, "HistRemark": null }, "geometry": { "type": "Point", "coordinates": [ 127.272031158448726, 36.470876567878946, 57.22975 ] } },
{ "type": "Feature", "properties": { "ID": "C119AS300735", "AdminCode": "413", "Type": "11", "LinkID": "A219AS300036", "Ref_Lane": 2, "PostID": "C619AS300521", "Maker": "而⑥", "UpdateDate": "20190620", "Version": "2019", "Remark": null, "HistType": null, "HistRemark": null }, "geometry": { "type": "Point", "coordinates": [ 127.271808386480998, 36.471003253508826, 56.998 ] } },
{ "type": "Feature", "properties": { "ID": "C119AS300734", "AdminCode": "413", "Type": "2", "LinkID": "A219AS300036", "Ref_Lane": 2, "PostID": "C619AS300521", "Maker": "而⑥", "UpdateDate": "20190620", "Version": "2019", "Remark": null, "HistType": null, "HistRemark": null }, "geometry": { "type": "Point", "coordinates": [ 127.271835520189128, 36.471001645428785, 59.008 ] } },
{ "type": "Feature", "properties": { "ID": "C119AS300733", "AdminCode": "413", "Type": "2", "LinkID": "A219AS300036", "Ref_Lane": 2, "PostID": "C619AS300521", "Maker": "而⑥", "UpdateDate": "20190620", "Version": "2019", "Remark": null, "HistType": null, "HistRemark": null }, "geometry": { "type": "Point", "coordinates": [ 127.271867997096876, 36.470994379204157, 58.982429955903655 ] } },
{ "type": "Feature", "properties": { "ID": "C119AS300732", "AdminCode": "413", "Type": "2", "LinkID": "A219AS300908", "Ref_Lane": 4, "PostID": "C619AS300520", "Maker": "而⑥", "UpdateDate": "20190620", "Version": "2019", "Remark": null, "HistType": null, "HistRemark": null }, "geometry": { "type": "Point", "coordinates": [ 127.272030922488625, 36.470844091455746, 59.19125 ] } },
{ "type": "Feature", "properties": { "ID": "C119AS300731", "AdminCode": "413", "Type": "2", "LinkID": "A219AS300908", "Ref_Lane": 4, "PostID": "C619AS300520", "Maker": "而⑥", "UpdateDate": "20190620", "Version": "2019", "Remark": null, "HistType": null, "HistRemark": null }, "geometry": { "type": "Point", "coordinates": [ 127.272017462012315, 36.470808437603807, 59.04925 ] } },
{ "type": "Feature", "properties": { "ID": "C119AS300730", "AdminCode": "413", "Type": "11", "LinkID": "A219AS301200", "Ref_Lane": 1, "PostID": "C619AS300860", "Maker": "而⑥", "UpdateDate": "20190620", "Version": "2019", "Remark": null, "HistType": null, "HistRemark": null }, "geometry": { "type": "Point", "coordinates": [ 127.27320717549793, 36.470799888680673, 47.81099868924457 ] } },
{ "type": "Feature", "properties": { "ID": "C119AS300729", "AdminCode": "413", "Type": "5", "LinkID": "A219AS301200", "Ref_Lane": 1, "PostID": "C619AS300860", "Maker": "而⑥", "UpdateDate": "20190620", "Version": "2019", "Remark": null, "HistType": null, "HistRemark": null }, "geometry": { "type": "Point", "coordinates": [ 127.273203713112849, 36.470795109383801, 47.76812384988456 ] } },
{ "type": "Feature", "properties": { "ID": "C119AS300728", "AdminCode": "413", "Type": "11", "LinkID": "A219AS301754", "Ref_Lane": 1, "PostID": "C619AS300859", "Maker": "而⑥", "UpdateDate": "20190620", "Version": "2019", "Remark": null, "HistType": null, "HistRemark": null }, "geometry": { "type": "Point", "coordinates": [ 127.273298181916829, 36.470714863647899, 47.920905653752911 ] } },
{ "type": "Feature", "properties": { "ID": "C119AS300727", "AdminCode": "413", "Type": "5", "LinkID": "A219AS301754", "Ref_Lane": 1, "PostID": "C619AS300859", "Maker": "而⑥", "UpdateDate": "20190620", "Version": "2019", "Remark": null, "HistType": null, "HistRemark": null }, "geometry": { "type": "Point", "coordinates": [ 127.273302534009758, 36.470719828159368, 47.868903462471138 ] } },
{ "type": "Feature", "properties": { "ID": "C119AS300726", "AdminCode": "413", "Type": "7", "LinkID": "A219AS301200", "Ref_Lane": 1, "PostID": "C619AS300858", "Maker": "而⑥", "UpdateDate": "20190620", "Version": "2019", "Remark": null, "HistType": null, "HistRemark": null }, "geometry": { "type": "Point", "coordinates": [ 127.273592245237708, 36.470871420375261, 48.0851 ] } },
{ "type": "Feature", "properties": { "ID": "C119AS300725", "AdminCode": "413", "Type": "11", "LinkID": "A219AS301006", "Ref_Lane": 1, "PostID": "C619AS300857", "Maker": "而⑥", "UpdateDate": "20190620", "Version": "2019", "Remark": null, "HistType": null, "HistRemark": null }, "geometry": { "type": "Point", "coordinates": [ 127.27629465034552, 36.472169052301211, 47.65776 ] } },
{ "type": "Feature", "properties": { "ID": "C119AS300724", "AdminCode": "413", "Type": "5", "LinkID": "A219AS301006", "Ref_Lane": 0, "PostID": "C619AS300857", "Maker": "而⑥", "UpdateDate": "20190620", "Version": "2019", "Remark": null, "HistType": null, "HistRemark": null }, "geometry": { "type": "Point", "coordinates": [ 127.276294361853616, 36.472163554343553, 47.59537 ] } },
{ "type": "Feature", "properties": { "ID": "C119AS300723", "AdminCode": "413", "Type": "11", "LinkID": "A219AS301199", "Ref_Lane": 1, "PostID": "C619AS300856", "Maker": "而⑥", "UpdateDate": "20190620", "Version": "2019", "Remark": null, "HistType": null, "HistRemark": null }, "geometry": { "type": "Point", "coordinates": [ 127.276415632248032, 36.472135922474095, 47.6581 ] } },
{ "type": "Feature", "properties": { "ID": "C119AS300722", "AdminCode": "413", "Type": "5", "LinkID": "A219AS301199", "Ref_Lane": 1, "PostID": "C619AS300856", "Maker": "而⑥", "UpdateDate": "20190620", "Version": "2019", "Remark": null, "HistType": null, "HistRemark": null }, "geometry": { "type": "Point", "coordinates": [ 127.276416962287229, 36.472141956747635, 47.563196172915653 ] } },
{ "type": "Feature", "properties": { "ID": "C119AS300721", "AdminCode": "413", "Type": "11", "LinkID": "A219AS301035", "Ref_Lane": 3, "PostID": "C619AS300855", "Maker": "而⑥", "UpdateDate": "20190620", "Version": "2019", "Remark": null, "HistType": null, "HistRemark": null }, "geometry": { "type": "Point", "coordinates": [ 127.281270129022076, 36.475542486841803, 55.20087 ] } },
{ "type": "Feature", "properties": { "ID": "C119AS300720", "AdminCode": "413", "Type": "8", "LinkID": "A219AS301204", "Ref_Lane": 1, "PostID": "C619AS300854", "Maker": "而⑥", "UpdateDate": "20190620", "Version": "2019", "Remark": null, "HistType": null, "HistRemark": null }, "geometry": { "type": "Point", "coordinates": [ 127.288234999308301, 36.478436965284928, 59.32206 ] } },
{ "type": "Feature", "properties": { "ID": "C119AS300719", "AdminCode": "413", "Type": "8", "LinkID": "A219AS301203", "Ref_Lane": 1, "PostID": "C619AS300844", "Maker": "而⑥", "UpdateDate": "20190620", "Version": "2019", "Remark": null, "HistType": null, "HistRemark": null }, "geometry": { "type": "Point", "coordinates": [ 127.288754934195964, 36.478569921656515, 59.013885714285699 ] } },
{ "type": "Feature", "properties": { "ID": "C119AS300718", "AdminCode": "413", "Type": "1", "LinkID": "A219AS301104", "Ref_Lane": 1, "PostID": "C619AS300849", "Maker": "而⑥", "UpdateDate": "20190620", "Version": "2019", "Remark": null, "HistType": null, "HistRemark": null }, "geometry": { "type": "Point", "coordinates": [ 127.293665020023838, 36.480463136383477, 58.11410347680966 ] } },
{ "type": "Feature", "properties": { "ID": "C119AS300717", "AdminCode": "413", "Type": "11", "LinkID": "A219AS303231", "Ref_Lane": 2, "PostID": "C619AS300872", "Maker": "而⑥", "UpdateDate": "20190620", "Version": "2019", "Remark": null, "HistType": null, "HistRemark": null }, "geometry": { "type": "Point", "coordinates": [ 127.293481231279273, 36.480844011976664, 55.85048 ] } },
{ "type": "Feature", "properties": { "ID": "C119AS300716", "AdminCode": "413", "Type": "11", "LinkID": "A219AS303231", "Ref_Lane": 2, "PostID": "C619AS300845", "Maker": "而⑥", "UpdateDate": "20190620", "Version": "2019", "Remark": null, "HistType": null, "HistRemark": null }, "geometry": { "type": "Point", "coordinates": [ 127.293683067869551, 36.480843196402112, 56.1739 ] } },
{ "type": "Feature", "properties": { "ID": "C119AS300715", "AdminCode": "413", "Type": "2", "LinkID": "A219AS303231", "Ref_Lane": 2, "PostID": "C619AS300850", "Maker": "而⑥", "UpdateDate": "20190620", "Version": "2019", "Remark": null, "HistType": null, "HistRemark": null }, "geometry": { "type": "Point", "coordinates": [ 127.293576690851623, 36.480792422493629, 58.310293333333334 ] } },
{ "type": "Feature", "properties": { "ID": "C119AS300714", "AdminCode": "413", "Type": "1", "LinkID": "A219AS303233", "Ref_Lane": 2, "PostID": "C619AS300847", "Maker": "而⑥", "UpdateDate": "20190620", "Version": "2019", "Remark": null, "HistType": null, "HistRemark": null }, "geometry": { "type": "Point", "coordinates": [ 127.293927230157536, 36.48062744962936, 58.241171224149802 ] } },
{ "type": "Feature", "properties": { "ID": "C119AS300713", "AdminCode": "413", "Type": "11", "LinkID": "A219AS300134", "Ref_Lane": 4, "PostID": "C619AS300826", "Maker": "而⑥", "UpdateDate": "20190620", "Version": "2019", "Remark": null, "HistType": null, "HistRemark": null }, "geometry": { "type": "Point", "coordinates": [ 127.300904542955976, 36.486153353607889, 58.20321811326891 ] } },
{ "type": "Feature", "properties": { "ID": "C119AS300712", "AdminCode": "413", "Type": "11", "LinkID": "A219AS301175", "Ref_Lane": 4, "PostID": "C619AS300828", "Maker": "而⑥", "UpdateDate": "20190620", "Version": "2019", "Remark": null, "HistType": null, "HistRemark": null }, "geometry": { "type": "Point", "coordinates": [ 127.301210243712333, 36.485982420047989, 58.037435062363777 ] } },
{ "type": "Feature", "properties": { "ID": "C119AS300711", "AdminCode": "413", "Type": "11", "LinkID": "A219AS303208", "Ref_Lane": 1, "PostID": "C619AS300825", "Maker": "而⑥", "UpdateDate": "20190620", "Version": "2019", "Remark": null, "HistType": null, "HistRemark": null }, "geometry": { "type": "Point", "coordinates": [ 127.300922708616952, 36.486354656316934, 58.368590457139661 ] } },
{ "type": "Feature", "properties": { "ID": "C119AS300710", "AdminCode": "413", "Type": "11", "LinkID": "A219AS303208", "Ref_Lane": 1, "PostID": "C619AS300823", "Maker": "而⑥", "UpdateDate": "20190620", "Version": "2019", "Remark": null, "HistType": null, "HistRemark": null }, "geometry": { "type": "Point", "coordinates": [ 127.301099844624176, 36.486572306806984, 58.366006134475015 ] } },
{ "type": "Feature", "properties": { "ID": "C119AS300709", "AdminCode": "413", "Type": "2", "LinkID": "A219AS303208", "Ref_Lane": 1, "PostID": "C619AS300825", "Maker": "而⑥", "UpdateDate": "20190620", "Version": "2019", "Remark": null, "HistType": null, "HistRemark": null }, "geometry": { "type": "Point", "coordinates": [ 127.300975276925897, 36.486406570875694, 60.16711831345301 ] } },
{ "type": "Feature", "properties": { "ID": "C119AS300708", "AdminCode": "413", "Type": "2", "LinkID": "A219AS303208", "Ref_Lane": 1, "PostID": "C619AS300825", "Maker": "而⑥", "UpdateDate": "20190620", "Version": "2019", "Remark": null, "HistType": null, "HistRemark": null }, "geometry": { "type": "Point", "coordinates": [ 127.300950291898573, 36.486376760359057, 60.137024577903858 ] } },
{ "type": "Feature", "properties": { "ID": "C119AS300707", "AdminCode": "413", "Type": "11", "LinkID": "A219AS303211", "Ref_Lane": 2, "PostID": "C619AS300827", "Maker": "而⑥", "UpdateDate": "20190620", "Version": "2019", "Remark": null, "HistType": null, "HistRemark": null }, "geometry": { "type": "Point", "coordinates": [ 127.301330186022568, 36.48603215002872, 57.995734480891393 ] } },
{ "type": "Feature", "properties": { "ID": "C119AS300706", "AdminCode": "413", "Type": "11", "LinkID": "A219AS303211", "Ref_Lane": 2, "PostID": "C619AS300824", "Maker": "而⑥", "UpdateDate": "20190620", "Version": "2019", "Remark": null, "HistType": null, "HistRemark": null }, "geometry": { "type": "Point", "coordinates": [ 127.301577506518399, 36.486318154646639, 58.07872 ] } },
{ "type": "Feature", "properties": { "ID": "C119AS300705", "AdminCode": "413", "Type": "8", "LinkID": "A219AS301209", "Ref_Lane": 1, "PostID": "C619AS300822", "Maker": "而⑥", "UpdateDate": "20190620", "Version": "2019", "Remark": null, "HistType": null, "HistRemark": null }, "geometry": { "type": "Point", "coordinates": [ 127.301434310738117, 36.486576760588854, 60.4095 ] } },
{ "type": "Feature", "properties": { "ID": "C119AS300704", "AdminCode": "413", "Type": "11", "LinkID": "A219AS300191", "Ref_Lane": 5, "PostID": "C619AS300803", "Maker": "而⑥", "UpdateDate": "20190620", "Version": "2019", "Remark": null, "HistType": null, "HistRemark": null }, "geometry": { "type": "Point", "coordinates": [ 127.306783225886022, 36.495194851860099, 59.673116849369762 ] } },
{ "type": "Feature", "properties": { "ID": "C119AS300703", "AdminCode": "413", "Type": "11", "LinkID": "A219AS300211", "Ref_Lane": 4, "PostID": "C619AS300802", "Maker": "而⑥", "UpdateDate": "20190620", "Version": "2019", "Remark": null, "HistType": null, "HistRemark": null }, "geometry": { "type": "Point", "coordinates": [ 127.306770159368128, 36.495811732366263, 59.74126 ] } },
{ "type": "Feature", "properties": { "ID": "C119AS300702", "AdminCode": "413", "Type": "1", "LinkID": "A219AS300222", "Ref_Lane": 3, "PostID": "C619AS300799", "Maker": "而⑥", "UpdateDate": "20190620", "Version": "2019", "Remark": null, "HistType": null, "HistRemark": null }, "geometry": { "type": "Point", "coordinates": [ 127.311829556318074, 36.497518428493976, 61.389812930444698 ] } },
{ "type": "Feature", "properties": { "ID": "C119AS300701", "AdminCode": "413", "Type": "11", "LinkID": "A219AS300239", "Ref_Lane": 4, "PostID": "C619AS300793", "Maker": "而⑥", "UpdateDate": "20190620", "Version": "2019", "Remark": null, "HistType": null, "HistRemark": null }, "geometry": { "type": "Point", "coordinates": [ 127.317226871950581, 36.497396903265475, 58.95193 ] } },
{ "type": "Feature", "properties": { "ID": "C119AS300700", "AdminCode": "413", "Type": "11", "LinkID": "A219AS303164", "Ref_Lane": 2, "PostID": "C619AS300791", "Maker": "而⑥", "UpdateDate": "20190620", "Version": "2019", "Remark": null, "HistType": null, "HistRemark": null }, "geometry": { "type": "Point", "coordinates": [ 127.317358966327177, 36.497720167398384, 58.89183 ] } },
{ "type": "Feature", "properties": { "ID": "C119AS300699", "AdminCode": "413", "Type": "11", "LinkID": "A219AS303168", "Ref_Lane": 2, "PostID": "C619AS300792", "Maker": "而⑥", "UpdateDate": "20190620", "Version": "2019", "Remark": null, "HistType": null, "HistRemark": null }, "geometry": { "type": "Point", "coordinates": [ 127.317431606504229, 36.4973708130467, 58.9041540601443 ] } },
{ "type": "Feature", "properties": { "ID": "C119AS300698", "AdminCode": "413", "Type": "11", "LinkID": "A219AS303164", "Ref_Lane": 2, "PostID": "C619AS300789", "Maker": "而⑥", "UpdateDate": "20190620", "Version": "2019", "Remark": null, "HistType": null, "HistRemark": null }, "geometry": { "type": "Point", "coordinates": [ 127.317785498968334, 36.497735436287996, 59.10249 ] } },
{ "type": "Feature", "properties": { "ID": "C119AS300697", "AdminCode": "413", "Type": "1", "LinkID": "A219AS300258", "Ref_Lane": 2, "PostID": "C619AS300781", "Maker": "而⑥", "UpdateDate": "20190620", "Version": "2019", "Remark": null, "HistType": null, "HistRemark": null }, "geometry": { "type": "Point", "coordinates": [ 127.322291339489908, 36.498130076242951, 61.746284117545549 ] } },
{ "type": "Feature", "properties": { "ID": "C119AS300696", "AdminCode": "413", "Type": "11", "LinkID": "A219AS303148", "Ref_Lane": 2, "PostID": "C619AS300861", "Maker": "而⑥", "UpdateDate": "20190620", "Version": "2019", "Remark": null, "HistType": null, "HistRemark": null }, "geometry": { "type": "Point", "coordinates": [ 127.324796045025053, 36.498445518218212, 60.51546 ] } },
{ "type": "Feature", "properties": { "ID": "C119AS300695", "AdminCode": "413", "Type": "2", "LinkID": "A219AS303148", "Ref_Lane": 2, "PostID": "C619AS300861", "Maker": "而⑥", "UpdateDate": "20190620", "Version": "2019", "Remark": null, "HistType": null, "HistRemark": null }, "geometry": { "type": "Point", "coordinates": [ 127.324874252126918, 36.498470853215736, 61.93881 ] } },
{ "type": "Feature", "properties": { "ID": "C119AS300694", "AdminCode": "413", "Type": "11", "LinkID": "A219AS301060", "Ref_Lane": 2, "PostID": "C619AS300843", "Maker": "而⑥", "UpdateDate": "20190620", "Version": "2019", "Remark": null, "HistType": null, "HistRemark": null }, "geometry": { "type": "Point", "coordinates": [ 127.288650886806863, 36.478707434668088, 56.908181283485888 ] } },
{ "type": "Feature", "properties": { "ID": "C119AS300693", "AdminCode": "413", "Type": "11", "LinkID": "A219AS301181", "Ref_Lane": 2, "PostID": "C619AS300854", "Maker": "而⑥", "UpdateDate": "20190620", "Version": "2019", "Remark": null, "HistType": null, "HistRemark": null }, "geometry": { "type": "Point", "coordinates": [ 127.288191024629597, 36.478517169515435, 57.33966070737165 ] } },
{ "type": "Feature", "properties": { "ID": "C119AS300692", "AdminCode": "413", "Type": "11", "LinkID": "A219AS301054", "Ref_Lane": 3, "PostID": "C619AS300853", "Maker": "而⑥", "UpdateDate": "20190620", "Version": "2019", "Remark": null, "HistType": null, "HistRemark": null }, "geometry": { "type": "Point", "coordinates": [ 127.2883506830199, 36.478301143977475, 56.734267458137303 ] } },
{ "type": "Feature", "properties": { "ID": "C119AS300691", "AdminCode": "413", "Type": "1", "LinkID": "A219AS301181", "Ref_Lane": 2, "PostID": "C619AS300791", "Maker": "而⑥", "UpdateDate": "20190620", "Version": "2019", "Remark": null, "HistType": null, "HistRemark": null }, "geometry": { "type": "Point", "coordinates": [ 127.288220283644549, 36.478464217597356, 59.330710037115367 ] } },
{ "type": "Feature", "properties": { "ID": "C119AS300690", "AdminCode": "413", "Type": "1", "LinkID": "A219AS301181", "Ref_Lane": 2, "PostID": "C619AS300791", "Maker": "而⑥", "UpdateDate": "20190620", "Version": "2019", "Remark": null, "HistType": null, "HistRemark": null }, "geometry": { "type": "Point", "coordinates": [ 127.28820256570792, 36.478490521361614, 59.309691601958761 ] } },
{ "type": "Feature", "properties": { "ID": "C119AS300689", "AdminCode": "413", "Type": "1", "LinkID": "A219AS301060", "Ref_Lane": 2, "PostID": "C619AS300841", "Maker": "而⑥", "UpdateDate": "20190620", "Version": "2019", "Remark": null, "HistType": null, "HistRemark": null }, "geometry": { "type": "Point", "coordinates": [ 127.28853592356451, 36.478623571795758, 59.640772418137786 ] } },
{ "type": "Feature", "properties": { "ID": "C119AS300688", "AdminCode": "413", "Type": "8", "LinkID": "A219AS301066", "Ref_Lane": 1, "PostID": "C619AS300841", "Maker": "而⑥", "UpdateDate": "20190620", "Version": "2019", "Remark": null, "HistType": null, "HistRemark": null }, "geometry": { "type": "Point", "coordinates": [ 127.28857997287507, 36.47855415388014, 59.640772418137786 ] } },
{ "type": "Feature", "properties": { "ID": "C119AS300687", "AdminCode": "413", "Type": "1", "LinkID": "A219AS301060", "Ref_Lane": 2, "PostID": "C619AS300841", "Maker": "而⑥", "UpdateDate": "20190620", "Version": "2019", "Remark": null, "HistType": null, "HistRemark": null }, "geometry": { "type": "Point", "coordinates": [ 127.28855012929796, 36.478601136021112, 59.640772418137786 ] } },
{ "type": "Feature", "properties": { "ID": "C119AS300686", "AdminCode": "413", "Type": "1", "LinkID": "A219AS303245", "Ref_Lane": 2, "PostID": "C619AS300842", "Maker": "而⑥", "UpdateDate": "20190620", "Version": "2019", "Remark": null, "HistType": null, "HistRemark": null }, "geometry": { "type": "Point", "coordinates": [ 127.288457039133036, 36.478381829113658, 59.646904495911244 ] } },
{ "type": "Feature", "properties": { "ID": "C119AS300685", "AdminCode": "413", "Type": "1", "LinkID": "A219AS301054", "Ref_Lane": 2, "PostID": "C619AS300842", "Maker": "而⑥", "UpdateDate": "20190620", "Version": "2019", "Remark": null, "HistType": null, "HistRemark": null }, "geometry": { "type": "Point", "coordinates": [ 127.288440793500797, 36.478405958364505, 59.610051188731703 ] } },
{ "type": "Feature", "properties": { "ID": "C119AS300684", "AdminCode": "413", "Type": "8", "LinkID": "A219AS300103", "Ref_Lane": 1, "PostID": "C619AS300842", "Maker": "而⑥", "UpdateDate": "20190620", "Version": "2019", "Remark": null, "HistType": null, "HistRemark": null }, "geometry": { "type": "Point", "coordinates": [ 127.288408876807864, 36.478449619192908, 59.610051188731703 ] } },
{ "type": "Feature", "properties": { "ID": "C119AS300683", "AdminCode": "413", "Type": "1", "LinkID": "A219AS301192", "Ref_Lane": 2, "PostID": "C619AS300844", "Maker": "而⑥", "UpdateDate": "20190620", "Version": "2019", "Remark": null, "HistType": null, "HistRemark": null }, "geometry": { "type": "Point", "coordinates": [ 127.28877439193478, 36.478538940572875, 59.064216190350677 ] } },
{ "type": "Feature", "properties": { "ID": "C119AS300682", "AdminCode": "413", "Type": "1", "LinkID": "A219AS301192", "Ref_Lane": 2, "PostID": "C619AS300844", "Maker": "而⑥", "UpdateDate": "20190620", "Version": "2019", "Remark": null, "HistType": null, "HistRemark": null }, "geometry": { "type": "Point", "coordinates": [ 127.288794073120329, 36.478507182904522, 59.051721286436923 ] } },
{ "type": "Feature", "properties": { "ID": "C119AS300681", "AdminCode": "413", "Type": "11", "LinkID": "A219AS301192", "Ref_Lane": 2, "PostID": "C619AS300844", "Maker": "而⑥", "UpdateDate": "20190620", "Version": "2019", "Remark": null, "HistType": null, "HistRemark": null }, "geometry": { "type": "Point", "coordinates": [ 127.288800752657593, 36.478489498962901, 57.03686895774986 ] } },
{ "type": "Feature", "properties": { "ID": "C119AS300680", "AdminCode": "413", "Type": "2", "LinkID": "A219AS303233", "Ref_Lane": 2, "PostID": "C619AS300846", "Maker": "而⑥", "UpdateDate": "20190620", "Version": "2019", "Remark": null, "HistType": null, "HistRemark": null }, "geometry": { "type": "Point", "coordinates": [ 127.293754769912013, 36.480590875170471, 58.293401459432367 ] } },
{ "type": "Feature", "properties": { "ID": "C119AS300679", "AdminCode": "413", "Type": "2", "LinkID": "A219AS303233", "Ref_Lane": 2, "PostID": "C619AS300846", "Maker": "而⑥", "UpdateDate": "20190620", "Version": "2019", "Remark": null, "HistType": null, "HistRemark": null }, "geometry": { "type": "Point", "coordinates": [ 127.293795629663947, 36.48060710531005, 58.273401459432371 ] } },
{ "type": "Feature", "properties": { "ID": "C119AS300678", "AdminCode": "413", "Type": "2", "LinkID": "A219AS301106", "Ref_Lane": 4, "PostID": "C619AS300846", "Maker": "而⑥", "UpdateDate": "20190620", "Version": "2019", "Remark": null, "HistType": null, "HistRemark": null }, "geometry": { "type": "Point", "coordinates": [ 127.293803646050463, 36.480665543329188, 58.243401459432377 ] } },
{ "type": "Feature", "properties": { "ID": "C119AS300677", "AdminCode": "413", "Type": "11", "LinkID": "A219AS301106", "Ref_Lane": 4, "PostID": "C619AS300846", "Maker": "而⑥", "UpdateDate": "20190620", "Version": "2019", "Remark": null, "HistType": null, "HistRemark": null }, "geometry": { "type": "Point", "coordinates": [ 127.293842489809819, 36.480628560731112, 55.604141146107004 ] } },
{ "type": "Feature", "properties": { "ID": "C119AS300676", "AdminCode": "413", "Type": "11", "LinkID": "A219AS301106", "Ref_Lane": 4, "PostID": "C619AS300852", "Maker": "而⑥", "UpdateDate": "20190620", "Version": "2019", "Remark": null, "HistType": null, "HistRemark": null }, "geometry": { "type": "Point", "coordinates": [ 127.293557727142058, 36.480504804989458, 56.008298405005348 ] } },
{ "type": "Feature", "properties": { "ID": "C119AS300675", "AdminCode": "413", "Type": "2", "LinkID": "A219AS301106", "Ref_Lane": 4, "PostID": "C619AS300848", "Maker": "而⑥", "UpdateDate": "20190620", "Version": "2019", "Remark": null, "HistType": null, "HistRemark": null }, "geometry": { "type": "Point", "coordinates": [ 127.293601772588062, 36.480619654891392, 58.198619661716663 ] } },
{ "type": "Feature", "properties": { "ID": "C119AS300674", "AdminCode": "413", "Type": "2", "LinkID": "A219AS301106", "Ref_Lane": 4, "PostID": "C619AS300848", "Maker": "而⑥", "UpdateDate": "20190620", "Version": "2019", "Remark": null, "HistType": null, "HistRemark": null }, "geometry": { "type": "Point", "coordinates": [ 127.293623536982182, 36.48058949434018, 58.198619661716663 ] } },
{ "type": "Feature", "properties": { "ID": "C119AS300673", "AdminCode": "413", "Type": "2", "LinkID": "A219AS303233", "Ref_Lane": 2, "PostID": "C619AS300848", "Maker": "而⑥", "UpdateDate": "20190620", "Version": "2019", "Remark": null, "HistType": null, "HistRemark": null }, "geometry": { "type": "Point", "coordinates": [ 127.293689574279483, 36.480559204682201, 58.198619661716663 ] } },
{ "type": "Feature", "properties": { "ID": "C119AS300672", "AdminCode": "413", "Type": "11", "LinkID": "A219AS301132", "Ref_Lane": 4, "PostID": "C619AS300850", "Maker": "而⑥", "UpdateDate": "20190620", "Version": "2019", "Remark": null, "HistType": null, "HistRemark": null }, "geometry": { "type": "Point", "coordinates": [ 127.29351637518225, 36.480767903922697, 55.906244432589126 ] } },
{ "type": "Feature", "properties": { "ID": "C119AS300671", "AdminCode": "413", "Type": "2", "LinkID": "A219AS303231", "Ref_Lane": 2, "PostID": "C619AS300850", "Maker": "而⑥", "UpdateDate": "20190620", "Version": "2019", "Remark": null, "HistType": null, "HistRemark": null }, "geometry": { "type": "Point", "coordinates": [ 127.293546875235918, 36.480780475932157, 58.245572989057464 ] } },
{ "type": "Feature", "properties": { "ID": "C119AS300670", "AdminCode": "413", "Type": "2", "LinkID": "A219AS301132", "Ref_Lane": 4, "PostID": "C619AS300850", "Maker": "而⑥", "UpdateDate": "20190620", "Version": "2019", "Remark": null, "HistType": null, "HistRemark": null }, "geometry": { "type": "Point", "coordinates": [ 127.293551389208304, 36.480725822164153, 58.205716116884311 ] } },
{ "type": "Feature", "properties": { "ID": "C119AS300669", "AdminCode": "413", "Type": "2", "LinkID": "A219AS301132", "Ref_Lane": 4, "PostID": "C619AS300845", "Maker": "而⑥", "UpdateDate": "20190620", "Version": "2019", "Remark": null, "HistType": null, "HistRemark": null }, "geometry": { "type": "Point", "coordinates": [ 127.293736105116963, 36.480762747014531, 58.192802363131058 ] } },
{ "type": "Feature", "properties": { "ID": "C119AS300668", "AdminCode": "413", "Type": "2", "LinkID": "A219AS301132", "Ref_Lane": 4, "PostID": "C619AS300845", "Maker": "而⑥", "UpdateDate": "20190620", "Version": "2019", "Remark": null, "HistType": null, "HistRemark": null }, "geometry": { "type": "Point", "coordinates": [ 127.2937156275772, 36.480793328925735, 58.242906715759894 ] } },
{ "type": "Feature", "properties": { "ID": "C119AS300667", "AdminCode": "413", "Type": "2", "LinkID": "A219AS303231", "Ref_Lane": 2, "PostID": "C619AS300845", "Maker": "而⑥", "UpdateDate": "20190620", "Version": "2019", "Remark": null, "HistType": null, "HistRemark": null }, "geometry": { "type": "Point", "coordinates": [ 127.29364878952336, 36.480822419714613, 58.231267552689133 ] } },
{ "type": "Feature", "properties": { "ID": "C119AS300666", "AdminCode": "413", "Type": "11", "LinkID": "A219AS301132", "Ref_Lane": 4, "PostID": "C619AS300851", "Maker": "而⑥", "UpdateDate": "20190620", "Version": "2019", "Remark": null, "HistType": null, "HistRemark": null }, "geometry": { "type": "Point", "coordinates": [ 127.293770912312098, 36.480872710588962, 56.216508208675236 ] } },
{ "type": "Feature", "properties": { "ID": "C119AS300665", "AdminCode": "413", "Type": "1", "LinkID": "A219AS301184", "Ref_Lane": 2, "PostID": "C619AS300837", "Maker": "而⑥", "UpdateDate": "20190620", "Version": "2019", "Remark": null, "HistType": null, "HistRemark": null }, "geometry": { "type": "Point", "coordinates": [ 127.296938354587823, 36.482322845805832, 59.349987685408017 ] } },
{ "type": "Feature", "properties": { "ID": "C119AS300664", "AdminCode": "413", "Type": "1", "LinkID": "A219AS301184", "Ref_Lane": 2, "PostID": "C619AS300837", "Maker": "而⑥", "UpdateDate": "20190620", "Version": "2019", "Remark": null, "HistType": null, "HistRemark": null }, "geometry": { "type": "Point", "coordinates": [ 127.29695755937351, 36.482303708133017, 59.37033941810467 ] } },
{ "type": "Feature", "properties": { "ID": "C119AS300663", "AdminCode": "413", "Type": "8", "LinkID": "A219AS301205", "Ref_Lane": 1, "PostID": "C619AS300837", "Maker": "而⑥", "UpdateDate": "20190620", "Version": "2019", "Remark": null, "HistType": null, "HistRemark": null }, "geometry": { "type": "Point", "coordinates": [ 127.296991928447525, 36.482270005158036, 59.386695939941127 ] } },
{ "type": "Feature", "properties": { "ID": "C119AS300662", "AdminCode": "413", "Type": "11", "LinkID": "A219AS301152", "Ref_Lane": 2, "PostID": "C619AS300838", "Maker": "而⑥", "UpdateDate": "20190620", "Version": "2019", "Remark": null, "HistType": null, "HistRemark": null }, "geometry": { "type": "Point", "coordinates": [ 127.297111093305887, 36.482149226169547, 56.591628514747015 ] } },
{ "type": "Feature", "properties": { "ID": "C119AS300661", "AdminCode": "413", "Type": "11", "LinkID": "A219AS301184", "Ref_Lane": 2, "PostID": "C619AS300839", "Maker": "而⑥", "UpdateDate": "20190620", "Version": "2019", "Remark": null, "HistType": null, "HistRemark": null }, "geometry": { "type": "Point", "coordinates": [ 127.297036442968604, 36.482434871618018, 56.688376313707231 ] } },
{ "type": "Feature", "properties": { "ID": "C119AS300660", "AdminCode": "413", "Type": "1", "LinkID": "A219AS301152", "Ref_Lane": 2, "PostID": "C619AS300840", "Maker": "而⑥", "UpdateDate": "20190620", "Version": "2019", "Remark": null, "HistType": null, "HistRemark": null }, "geometry": { "type": "Point", "coordinates": [ 127.297220714165434, 36.48224987009182, 59.208738313108 ] } },
{ "type": "Feature", "properties": { "ID": "C119AS300659", "AdminCode": "413", "Type": "1", "LinkID": "A219AS301152", "Ref_Lane": 2, "PostID": "C619AS300840", "Maker": "而⑥", "UpdateDate": "20190620", "Version": "2019", "Remark": null, "HistType": null, "HistRemark": null }, "geometry": { "type": "Point", "coordinates": [ 127.297201789509089, 36.482269528942012, 59.190075279958734 ] } },
{ "type": "Feature", "properties": { "ID": "C119AS300658", "AdminCode": "413", "Type": "8", "LinkID": "A219AS301153", "Ref_Lane": 1, "PostID": "C619AS300840", "Maker": "而⑥", "UpdateDate": "20190620", "Version": "2019", "Remark": null, "HistType": null, "HistRemark": null }, "geometry": { "type": "Point", "coordinates": [ 127.29717162785407, 36.482306206941672, 59.279716467140304 ] } },
{ "type": "Feature", "properties": { "ID": "C119AS300657", "AdminCode": "413", "Type": "1", "LinkID": "A219AS301196", "Ref_Lane": 2, "PostID": "C619AS300834", "Maker": "而⑥", "UpdateDate": "20190620", "Version": "2019", "Remark": null, "HistType": null, "HistRemark": null }, "geometry": { "type": "Point", "coordinates": [ 127.297967707113813, 36.482738534247254, 59.094177248952434 ] } },
{ "type": "Feature", "properties": { "ID": "C119AS300656", "AdminCode": "413", "Type": "1", "LinkID": "A219AS301196", "Ref_Lane": 2, "PostID": "C619AS300834", "Maker": "而⑥", "UpdateDate": "20190620", "Version": "2019", "Remark": null, "HistType": null, "HistRemark": null }, "geometry": { "type": "Point", "coordinates": [ 127.297946586410077, 36.482756344439771, 59.06417724895244 ] } },
{ "type": "Feature", "properties": { "ID": "C119AS300655", "AdminCode": "413", "Type": "8", "LinkID": "A219AS301206", "Ref_Lane": 1, "PostID": "C619AS300834", "Maker": "而⑥", "UpdateDate": "20190620", "Version": "2019", "Remark": null, "HistType": null, "HistRemark": null }, "geometry": { "type": "Point", "coordinates": [ 127.297911273588056, 36.482789888615351, 59.158293261821754 ] } },
{ "type": "Feature", "properties": { "ID": "C119AS300654", "AdminCode": "413", "Type": "1", "LinkID": "A219AS301155", "Ref_Lane": 2, "PostID": "C619AS300835", "Maker": "而⑥", "UpdateDate": "20190620", "Version": "2019", "Remark": null, "HistType": null, "HistRemark": null }, "geometry": { "type": "Point", "coordinates": [ 127.297663225834967, 36.482809541625862, 59.244092618983082 ] } },
{ "type": "Feature", "properties": { "ID": "C119AS300653", "AdminCode": "413", "Type": "1", "LinkID": "A219AS301155", "Ref_Lane": 2, "PostID": "C619AS300835", "Maker": "而⑥", "UpdateDate": "20190620", "Version": "2019", "Remark": null, "HistType": null, "HistRemark": null }, "geometry": { "type": "Point", "coordinates": [ 127.297680982880664, 36.482789404570738, 59.278184151278346 ] } },
{ "type": "Feature", "properties": { "ID": "C119AS300652", "AdminCode": "413", "Type": "8", "LinkID": "A219AS301207", "Ref_Lane": 1, "PostID": "C619AS300835", "Maker": "而⑥", "UpdateDate": "20190620", "Version": "2019", "Remark": null, "HistType": null, "HistRemark": null }, "geometry": { "type": "Point", "coordinates": [ 127.297711242837664, 36.482752584475293, 59.352463918194701 ] } },
{ "type": "Feature", "properties": { "ID": "C119AS300651", "AdminCode": "413", "Type": "11", "LinkID": "A219AS301155", "Ref_Lane": 2, "PostID": "C619AS300833", "Maker": "而⑥", "UpdateDate": "20190620", "Version": "2019", "Remark": null, "HistType": null, "HistRemark": null }, "geometry": { "type": "Point", "coordinates": [ 127.297781871855435, 36.482930773890985, 56.653858585256238 ] } },
{ "type": "Feature", "properties": { "ID": "C119AS300650", "AdminCode": "413", "Type": "11", "LinkID": "A219AS301196", "Ref_Lane": 2, "PostID": "C619AS300836", "Maker": "而⑥", "UpdateDate": "20190620", "Version": "2019", "Remark": null, "HistType": null, "HistRemark": null }, "geometry": { "type": "Point", "coordinates": [ 127.297872091755906, 36.482627133571647, 56.600136478151143 ] } },
{ "type": "Feature", "properties": { "ID": "C119AS300649", "AdminCode": "413", "Type": "11", "LinkID": "A219AS301164", "Ref_Lane": 3, "PostID": "C619AS300832", "Maker": "而⑥", "UpdateDate": "20190620", "Version": "2019", "Remark": null, "HistType": null, "HistRemark": null }, "geometry": { "type": "Point", "coordinates": [ 127.299454875002581, 36.484382606349449, 56.868675300181295 ] } },
{ "type": "Feature", "properties": { "ID": "C119AS300648", "AdminCode": "413", "Type": "11", "LinkID": "A219AS301160", "Ref_Lane": 3, "PostID": "C619AS300831", "Maker": "而⑥", "UpdateDate": "20190620", "Version": "2019", "Remark": null, "HistType": null, "HistRemark": null }, "geometry": { "type": "Point", "coordinates": [ 127.299656115682765, 36.484093041209853, 56.717396460792322 ] } },
{ "type": "Feature", "properties": { "ID": "C119AS300647", "AdminCode": "413", "Type": "1", "LinkID": "A219AS301164", "Ref_Lane": 3, "PostID": "C619AS300830", "Maker": "而⑥", "UpdateDate": "20190620", "Version": "2019", "Remark": null, "HistType": null, "HistRemark": null }, "geometry": { "type": "Point", "coordinates": [ 127.299404666213391, 36.484237925836922, 59.590360368812647 ] } },
{ "type": "Feature", "properties": { "ID": "C119AS300646", "AdminCode": "413", "Type": "1", "LinkID": "A219AS301164", "Ref_Lane": 3, "PostID": "C619AS300830", "Maker": "而⑥", "UpdateDate": "20190620", "Version": "2019", "Remark": null, "HistType": null, "HistRemark": null }, "geometry": { "type": "Point", "coordinates": [ 127.299429031879086, 36.484222689338999, 59.614996772112441 ] } },
{ "type": "Feature", "properties": { "ID": "C119AS300645", "AdminCode": "413", "Type": "8", "LinkID": "A219AS301210", "Ref_Lane": 1, "PostID": "C619AS300830", "Maker": "而⑥", "UpdateDate": "20190620", "Version": "2019", "Remark": null, "HistType": null, "HistRemark": null }, "geometry": { "type": "Point", "coordinates": [ 127.299471495586317, 36.48419565170191, 59.623418704593426 ] } },
{ "type": "Feature", "properties": { "ID": "C119AS300644", "AdminCode": "413", "Type": "1", "LinkID": "A219AS301160", "Ref_Lane": 2, "PostID": "C619AS300829", "Maker": "而⑥", "UpdateDate": "20190620", "Version": "2019", "Remark": null, "HistType": null, "HistRemark": null }, "geometry": { "type": "Point", "coordinates": [ 127.299715443839219, 36.484249084636424, 59.640109322786273 ] } },
{ "type": "Feature", "properties": { "ID": "C119AS300643", "AdminCode": "413", "Type": "1", "LinkID": "A219AS301160", "Ref_Lane": 2, "PostID": "C619AS300829", "Maker": "而⑥", "UpdateDate": "20190620", "Version": "2019", "Remark": null, "HistType": null, "HistRemark": null }, "geometry": { "type": "Point", "coordinates": [ 127.299691179734978, 36.484264066743449, 59.657338645572544 ] } },
{ "type": "Feature", "properties": { "ID": "C119AS300642", "AdminCode": "413", "Type": "8", "LinkID": "A219AS301175", "Ref_Lane": 1, "PostID": "C619AS300829", "Maker": "而⑥", "UpdateDate": "20190620", "Version": "2019", "Remark": null, "HistType": null, "HistRemark": null }, "geometry": { "type": "Point", "coordinates": [ 127.29964686516827, 36.484290179090152, 59.641411764705886 ] } },
{ "type": "Feature", "properties": { "ID": "C119AS300641", "AdminCode": "413", "Type": "2", "LinkID": "A219AS303211", "Ref_Lane": 2, "PostID": "C619AS300827", "Maker": "而⑥", "UpdateDate": "20190620", "Version": "2019", "Remark": null, "HistType": null, "HistRemark": null }, "geometry": { "type": "Point", "coordinates": [ 127.301376167713357, 36.486091080595806, 60.209179447148507 ] } },
{ "type": "Feature", "properties": { "ID": "C119AS300640", "AdminCode": "413", "Type": "8", "LinkID": "A219AS301175", "Ref_Lane": 4, "PostID": "C619AS300828", "Maker": "而⑥", "UpdateDate": "20190620", "Version": "2019", "Remark": null, "HistType": null, "HistRemark": null }, "geometry": { "type": "Point", "coordinates": [ 127.301118626250798, 36.486030312255117, 60.082549794385763 ] } },
{ "type": "Feature", "properties": { "ID": "C119AS300639", "AdminCode": "413", "Type": "2", "LinkID": "A219AS301175", "Ref_Lane": 4, "PostID": "C619AS300828", "Maker": "而⑥", "UpdateDate": "20190620", "Version": "2019", "Remark": null, "HistType": null, "HistRemark": null }, "geometry": { "type": "Point", "coordinates": [ 127.301179060502719, 36.485993400489249, 60.084127495148202 ] } },
{ "type": "Feature", "properties": { "ID": "C119AS300638", "AdminCode": "413", "Type": "2", "LinkID": "A219AS301175", "Ref_Lane": 4, "PostID": "C619AS300828", "Maker": "而⑥", "UpdateDate": "20190620", "Version": "2019", "Remark": null, "HistType": null, "HistRemark": null }, "geometry": { "type": "Point", "coordinates": [ 127.301149869554749, 36.486011516738365, 60.075370200602684 ] } },
{ "type": "Feature", "properties": { "ID": "C119AS300637", "AdminCode": "413", "Type": "8", "LinkID": "A219AS300292", "Ref_Lane": 1, "PostID": "C619AS300826", "Maker": "而⑥", "UpdateDate": "20190620", "Version": "2019", "Remark": null, "HistType": null, "HistRemark": null }, "geometry": { "type": "Point", "coordinates": [ 127.300994445789556, 36.486103765236365, 60.352726884846575 ] } },
{ "type": "Feature", "properties": { "ID": "C119AS300636", "AdminCode": "413", "Type": "2", "LinkID": "A219AS300134", "Ref_Lane": 4, "PostID": "C619AS300826", "Maker": "而⑥", "UpdateDate": "20190620", "Version": "2019", "Remark": null, "HistType": null, "HistRemark": null }, "geometry": { "type": "Point", "coordinates": [ 127.300956411932447, 36.486124166524533, 60.259102391602241 ] } },
{ "type": "Feature", "properties": { "ID": "C119AS300635", "AdminCode": "413", "Type": "2", "LinkID": "A219AS301175", "Ref_Lane": 4, "PostID": "C619AS300824", "Maker": "而⑥", "UpdateDate": "20190620", "Version": "2019", "Remark": null, "HistType": null, "HistRemark": null }, "geometry": { "type": "Point", "coordinates": [ 127.301486051720474, 36.486363491330586, 60.004680584452238 ] } },
{ "type": "Feature", "properties": { "ID": "C119AS300634", "AdminCode": "413", "Type": "2", "LinkID": "A219AS303208", "Ref_Lane": 2, "PostID": "C619AS300823", "Maker": "而⑥", "UpdateDate": "20190620", "Version": "2019", "Remark": null, "HistType": null, "HistRemark": null }, "geometry": { "type": "Point", "coordinates": [ 127.301043193156374, 36.486497169405929, 60.229733327448407 ] } },
{ "type": "Feature", "properties": { "ID": "C119AS300633", "AdminCode": "413", "Type": "2", "LinkID": "A219AS300134", "Ref_Lane": 4, "PostID": "C619AS300822", "Maker": "而⑥", "UpdateDate": "20190620", "Version": "2019", "Remark": null, "HistType": null, "HistRemark": null }, "geometry": { "type": "Point", "coordinates": [ 127.301282749149024, 36.486644748324672, 60.529734912966525 ] } },
{ "type": "Feature", "properties": { "ID": "C119AS300632", "AdminCode": "413", "Type": "8", "LinkID": "A219AS300292", "Ref_Lane": 1, "PostID": "C619AS300822", "Maker": "而⑥", "UpdateDate": "20190620", "Version": "2019", "Remark": null, "HistType": null, "HistRemark": null }, "geometry": { "type": "Point", "coordinates": [ 127.301394508249999, 36.486596700386436, 60.49892640323656 ] } },
{ "type": "Feature", "properties": { "ID": "C119AS300631", "AdminCode": "413", "Type": "2", "LinkID": "A219AS300134", "Ref_Lane": 4, "PostID": "C619AS300822", "Maker": "而⑥", "UpdateDate": "20190620", "Version": "2019", "Remark": null, "HistType": null, "HistRemark": null }, "geometry": { "type": "Point", "coordinates": [ 127.301322636309052, 36.486627630235468, 60.546158038919074 ] } },
{ "type": "Feature", "properties": { "ID": "C119AS300630", "AdminCode": "413", "Type": "11", "LinkID": "A219AS300134", "Ref_Lane": 4, "PostID": "C619AS300821", "Maker": "而⑥", "UpdateDate": "20190620", "Version": "2019", "Remark": null, "HistType": null, "HistRemark": null }, "geometry": { "type": "Point", "coordinates": [ 127.301205706452336, 36.486668935119447, 58.110808736656715 ] } },
{ "type": "Feature", "properties": { "ID": "C119AS300629", "AdminCode": "413", "Type": "11", "LinkID": "A219AS300275", "Ref_Lane": 3, "PostID": "C619AS300817", "Maker": "而⑥", "UpdateDate": "20190620", "Version": "2019", "Remark": null, "HistType": null, "HistRemark": null }, "geometry": { "type": "Point", "coordinates": [ 127.302026412077012, 36.487270748762782, 58.516404813577132 ] } },
{ "type": "Feature", "properties": { "ID": "C119AS300628", "AdminCode": "413", "Type": "11", "LinkID": "A219AS300144", "Ref_Lane": 3, "PostID": "C619AS300820", "Maker": "而⑥", "UpdateDate": "20190620", "Version": "2019", "Remark": null, "HistType": null, "HistRemark": null }, "geometry": { "type": "Point", "coordinates": [ 127.301632552120253, 36.487357326842861, 58.41353325737483 ] } },
{ "type": "Feature", "properties": { "ID": "C119AS300627", "AdminCode": "413", "Type": "1", "LinkID": "A219AS300144", "Ref_Lane": 3, "PostID": "C619AS300820", "Maker": "而⑥", "UpdateDate": "20190620", "Version": "2019", "Remark": null, "HistType": null, "HistRemark": null }, "geometry": { "type": "Point", "coordinates": [ 127.301690190698565, 36.487334635926416, 60.816885361767817 ] } },
{ "type": "Feature", "properties": { "ID": "C119AS300626", "AdminCode": "413", "Type": "1", "LinkID": "A219AS300144", "Ref_Lane": 3, "PostID": "C619AS300818", "Maker": "而⑥", "UpdateDate": "20190620", "Version": "2019", "Remark": null, "HistType": null, "HistRemark": null }, "geometry": { "type": "Point", "coordinates": [ 127.301750561923498, 36.487417179151137, 61.221858271501432 ] } },
{ "type": "Feature", "properties": { "ID": "C119AS300625", "AdminCode": "413", "Type": "8", "LinkID": "A219AS300294", "Ref_Lane": 1, "PostID": "C619AS300818", "Maker": "而⑥", "UpdateDate": "20190620", "Version": "2019", "Remark": null, "HistType": null, "HistRemark": null }, "geometry": { "type": "Point", "coordinates": [ 127.301827590539531, 36.48738829392412, 61.221858271501432 ] } },
{ "type": "Feature", "properties": { "ID": "C119AS300624", "AdminCode": "413", "Type": "1", "LinkID": "A219AS300144", "Ref_Lane": 3, "PostID": "C619AS300818", "Maker": "而⑥", "UpdateDate": "20190620", "Version": "2019", "Remark": null, "HistType": null, "HistRemark": null }, "geometry": { "type": "Point", "coordinates": [ 127.301778621108497, 36.487407031020851, 61.238214793337896 ] } },
{ "type": "Feature", "properties": { "ID": "C119AS300623", "AdminCode": "413", "Type": "1", "LinkID": "A219AS300275", "Ref_Lane": 3, "PostID": "C619AS300817", "Maker": "而⑥", "UpdateDate": "20190620", "Version": "2019", "Remark": null, "HistType": null, "HistRemark": null }, "geometry": { "type": "Point", "coordinates": [ 127.301968308518241, 36.487291419805167, 60.86672954703544 ] } },
{ "type": "Feature", "properties": { "ID": "C119AS300622", "AdminCode": "413", "Type": "1", "LinkID": "A219AS300275", "Ref_Lane": 3, "PostID": "C619AS300819", "Maker": "而⑥", "UpdateDate": "20190620", "Version": "2019", "Remark": null, "HistType": null, "HistRemark": null }, "geometry": { "type": "Point", "coordinates": [ 127.301869564307395, 36.487210178006798, 60.933746649528068 ] } },
{ "type": "Feature", "properties": { "ID": "C119AS300621", "AdminCode": "413", "Type": "1", "LinkID": "A219AS300275", "Ref_Lane": 3, "PostID": "C619AS300819", "Maker": "而⑥", "UpdateDate": "20190620", "Version": "2019", "Remark": null, "HistType": null, "HistRemark": null }, "geometry": { "type": "Point", "coordinates": [ 127.301897535058828, 36.487200063898818, 60.955818703940004 ] } },
{ "type": "Feature", "properties": { "ID": "C119AS300620", "AdminCode": "413", "Type": "2", "LinkID": "A219AS300265", "Ref_Lane": 4, "PostID": "C619AS300814", "Maker": "而⑥", "UpdateDate": "20190620", "Version": "2019", "Remark": null, "HistType": null, "HistRemark": null }, "geometry": { "type": "Point", "coordinates": [ 127.302974039236972, 36.490125638913739, 64.604995719328457 ] } },
{ "type": "Feature", "properties": { "ID": "C119AS300619", "AdminCode": "413", "Type": "8", "LinkID": "A219AS300293", "Ref_Lane": 1, "PostID": "C619AS300814", "Maker": "而⑥", "UpdateDate": "20190620", "Version": "2019", "Remark": null, "HistType": null, "HistRemark": null }, "geometry": { "type": "Point", "coordinates": [ 127.303084645545709, 36.490071656742117, 64.688668216851752 ] } },
{ "type": "Feature", "properties": { "ID": "C119AS300618", "AdminCode": "413", "Type": "8", "LinkID": "A219AS300296", "Ref_Lane": 1, "PostID": "C619AS300814", "Maker": "而⑥", "UpdateDate": "20190620", "Version": "2019", "Remark": null, "HistType": null, "HistRemark": null }, "geometry": { "type": "Point", "coordinates": [ 127.303055944396135, 36.49008650050996, 64.642652715924839 ] } },
{ "type": "Feature", "properties": { "ID": "C119AS300617", "AdminCode": "413", "Type": "8", "LinkID": "A219AS300293", "Ref_Lane": 1, "PostID": "C619AS300813", "Maker": "而⑥", "UpdateDate": "20190620", "Version": "2019", "Remark": null, "HistType": null, "HistRemark": null }, "geometry": { "type": "Point", "coordinates": [ 127.303165939435615, 36.490040111388865, 64.381597504980377 ] } },
{ "type": "Feature", "properties": { "ID": "C119AS300616", "AdminCode": "413", "Type": "1", "LinkID": "A219AS300148", "Ref_Lane": 3, "PostID": "C619AS300813", "Maker": "而⑥", "UpdateDate": "20190620", "Version": "2019", "Remark": null, "HistType": null, "HistRemark": null }, "geometry": { "type": "Point", "coordinates": [ 127.303204451242948, 36.490022044789242, 64.339894656198794 ] } },
{ "type": "Feature", "properties": { "ID": "C119AS300615", "AdminCode": "413", "Type": "11", "LinkID": "A219AS300153", "Ref_Lane": 1, "PostID": "C619AS300816", "Maker": "而⑥", "UpdateDate": "20190620", "Version": "2019", "Remark": null, "HistType": null, "HistRemark": null }, "geometry": { "type": "Point", "coordinates": [ 127.30298890113977, 36.490258335132872, 62.31310026361988 ] } },
{ "type": "Feature", "properties": { "ID": "C119AS300614", "AdminCode": "413", "Type": "11", "LinkID": "A219AS300148", "Ref_Lane": 3, "PostID": "C619AS300813", "Maker": "而⑥", "UpdateDate": "20190620", "Version": "2019", "Remark": null, "HistType": null, "HistRemark": null }, "geometry": { "type": "Point", "coordinates": [ 127.303243383238538, 36.490008527290662, 62.007851202494813 ] } },
{ "type": "Feature", "properties": { "ID": "C119AS300613", "AdminCode": "413", "Type": "8", "LinkID": "A219AS300296", "Ref_Lane": 1, "PostID": "C619AS300812", "Maker": "而⑥", "UpdateDate": "20190620", "Version": "2019", "Remark": null, "HistType": null, "HistRemark": null }, "geometry": { "type": "Point", "coordinates": [ 127.303274813202449, 36.490500607726986, 64.486808729376619 ] } },
{ "type": "Feature", "properties": { "ID": "C119AS300612", "AdminCode": "413", "Type": "2", "LinkID": "A219AS300265", "Ref_Lane": 4, "PostID": "C619AS300812", "Maker": "而⑥", "UpdateDate": "20190620", "Version": "2019", "Remark": null, "HistType": null, "HistRemark": null }, "geometry": { "type": "Point", "coordinates": [ 127.303241851746733, 36.490518964220747, 64.486808729376619 ] } },
{ "type": "Feature", "properties": { "ID": "C119AS300611", "AdminCode": "413", "Type": "8", "LinkID": "A219AS300293", "Ref_Lane": 1, "PostID": "C619AS300811", "Maker": "而⑥", "UpdateDate": "20190620", "Version": "2019", "Remark": null, "HistType": null, "HistRemark": null }, "geometry": { "type": "Point", "coordinates": [ 127.303415292237162, 36.490439588802722, 64.478025149576567 ] } },
{ "type": "Feature", "properties": { "ID": "C119AS300610", "AdminCode": "413", "Type": "1", "LinkID": "A219AS300148", "Ref_Lane": 3, "PostID": "C619AS300811", "Maker": "而⑥", "UpdateDate": "20190620", "Version": "2019", "Remark": null, "HistType": null, "HistRemark": null }, "geometry": { "type": "Point", "coordinates": [ 127.303446349009988, 36.490423465889599, 64.478025149576567 ] } },
{ "type": "Feature", "properties": { "ID": "C119AS300609", "AdminCode": "413", "Type": "11", "LinkID": "A219AS300266", "Ref_Lane": 2, "PostID": "C619AS300808", "Maker": "而⑥", "UpdateDate": "20190620", "Version": "2019", "Remark": null, "HistType": null, "HistRemark": null }, "geometry": { "type": "Point", "coordinates": [ 127.303822682772179, 36.491467086780418, 62.525067360967441 ] } },
{ "type": "Feature", "properties": { "ID": "C119AS300608", "AdminCode": "413", "Type": "11", "LinkID": "A219AS300278", "Ref_Lane": 2, "PostID": "C619AS300809", "Maker": "而⑥", "UpdateDate": "20190620", "Version": "2019", "Remark": null, "HistType": null, "HistRemark": null }, "geometry": { "type": "Point", "coordinates": [ 127.304128719904185, 36.491325965046592, 62.77266903719125 ] } },
{ "type": "Feature", "properties": { "ID": "C119AS300607", "AdminCode": "413", "Type": "11", "LinkID": "A219AS300281", "Ref_Lane": 2, "PostID": "C619AS300805", "Maker": "而⑥", "UpdateDate": "20190620", "Version": "2019", "Remark": null, "HistType": null, "HistRemark": null }, "geometry": { "type": "Point", "coordinates": [ 127.304416762456796, 36.491748461378769, 62.654564906280662 ] } },
{ "type": "Feature", "properties": { "ID": "C119AS300606", "AdminCode": "413", "Type": "8", "LinkID": "A219AS300298", "Ref_Lane": 1, "PostID": "C619AS300808", "Maker": "而⑥", "UpdateDate": "20190620", "Version": "2019", "Remark": null, "HistType": null, "HistRemark": null }, "geometry": { "type": "Point", "coordinates": [ 127.303915011548753, 36.491419841589334, 64.845134879893422 ] } },
{ "type": "Feature", "properties": { "ID": "C119AS300605", "AdminCode": "413", "Type": "1", "LinkID": "A219AS300266", "Ref_Lane": 2, "PostID": "C619AS300808", "Maker": "而⑥", "UpdateDate": "20190620", "Version": "2019", "Remark": null, "HistType": null, "HistRemark": null }, "geometry": { "type": "Point", "coordinates": [ 127.303876869156284, 36.491437383963401, 64.83944796685752 ] } },
{ "type": "Feature", "properties": { "ID": "C119AS300604", "AdminCode": "413", "Type": "1", "LinkID": "A219AS300278", "Ref_Lane": 2, "PostID": "C619AS300807", "Maker": "而⑥", "UpdateDate": "20190620", "Version": "2019", "Remark": null, "HistType": null, "HistRemark": null }, "geometry": { "type": "Point", "coordinates": [ 127.304157026432875, 36.491457078048278, 65.26677060376133 ] } },
{ "type": "Feature", "properties": { "ID": "C119AS300603", "AdminCode": "413", "Type": "1", "LinkID": "A219AS300278", "Ref_Lane": 2, "PostID": "C619AS300807", "Maker": "而⑥", "UpdateDate": "20190620", "Version": "2019", "Remark": null, "HistType": null, "HistRemark": null }, "geometry": { "type": "Point", "coordinates": [ 127.304127230771584, 36.491468669273836, 65.26677060376133 ] } },
{ "type": "Feature", "properties": { "ID": "C119AS300602", "AdminCode": "413", "Type": "8", "LinkID": "A219AS300295", "Ref_Lane": 1, "PostID": "C619AS300807", "Maker": "而⑥", "UpdateDate": "20190620", "Version": "2019", "Remark": null, "HistType": null, "HistRemark": null }, "geometry": { "type": "Point", "coordinates": [ 127.304079207622934, 36.491490345090696, 65.281608613731024 ] } },
{ "type": "Feature", "properties": { "ID": "C119AS300601", "AdminCode": "413", "Type": "1", "LinkID": "A219AS300156", "Ref_Lane": 2, "PostID": "C619AS300806", "Maker": "而⑥", "UpdateDate": "20190620", "Version": "2019", "Remark": null, "HistType": null, "HistRemark": null }, "geometry": { "type": "Point", "coordinates": [ 127.304083918279019, 36.49175839270324, 65.359536237659228 ] } },
{ "type": "Feature", "properties": { "ID": "C119AS300600", "AdminCode": "413", "Type": "1", "LinkID": "A219AS300156", "Ref_Lane": 2, "PostID": "C619AS300806", "Maker": "而⑥", "UpdateDate": "20190620", "Version": "2019", "Remark": null, "HistType": null, "HistRemark": null }, "geometry": { "type": "Point", "coordinates": [ 127.304112939434503, 36.491745024604214, 65.363918859170155 ] } },
{ "type": "Feature", "properties": { "ID": "C119AS300599", "AdminCode": "413", "Type": "8", "LinkID": "A219AS300166", "Ref_Lane": 1, "PostID": "C619AS300806", "Maker": "而⑥", "UpdateDate": "20190620", "Version": "2019", "Remark": null, "HistType": null, "HistRemark": null }, "geometry": { "type": "Point", "coordinates": [ 127.304161172221725, 36.491722875527337, 65.353095370207754 ] } },
{ "type": "Feature", "properties": { "ID": "C119AS300598", "AdminCode": "413", "Type": "11", "LinkID": "A219AS300156", "Ref_Lane": 2, "PostID": "C619AS300810", "Maker": "而⑥", "UpdateDate": "20190620", "Version": "2019", "Remark": null, "HistType": null, "HistRemark": null }, "geometry": { "type": "Point", "coordinates": [ 127.304112117861862, 36.491887179272325, 62.759422945896517 ] } },
{ "type": "Feature", "properties": { "ID": "C119AS300597", "AdminCode": "413", "Type": "8", "LinkID": "A219AS300297", "Ref_Lane": 1, "PostID": "C619AS300805", "Maker": "而⑥", "UpdateDate": "20190620", "Version": "2019", "Remark": null, "HistType": null, "HistRemark": null }, "geometry": { "type": "Point", "coordinates": [ 127.304324624129706, 36.491795689780062, 64.871795592212408 ] } },
{ "type": "Feature", "properties": { "ID": "C119AS300596", "AdminCode": "413", "Type": "1", "LinkID": "A219AS300281", "Ref_Lane": 2, "PostID": "C619AS300805", "Maker": "而⑥", "UpdateDate": "20190620", "Version": "2019", "Remark": null, "HistType": null, "HistRemark": null }, "geometry": { "type": "Point", "coordinates": [ 127.304362226385976, 36.491778265188096, 64.871795592212408 ] } },
{ "type": "Feature", "properties": { "ID": "C119AS300595", "AdminCode": "413", "Type": "1", "LinkID": "A219AS300211", "Ref_Lane": 4, "PostID": "C619AS300802", "Maker": "而⑥", "UpdateDate": "20190620", "Version": "2019", "Remark": null, "HistType": null, "HistRemark": null }, "geometry": { "type": "Point", "coordinates": [ 127.306866185728254, 36.49576980155372, 61.976711436755046 ] } },
{ "type": "Feature", "properties": { "ID": "C119AS300594", "AdminCode": "413", "Type": "1", "LinkID": "A219AS300211", "Ref_Lane": 4, "PostID": "C619AS300802", "Maker": "而⑥", "UpdateDate": "20190620", "Version": "2019", "Remark": null, "HistType": null, "HistRemark": null }, "geometry": { "type": "Point", "coordinates": [ 127.306829364394872, 36.495787874412166, 61.895731934012929 ] } },
{ "type": "Feature", "properties": { "ID": "C119AS300593", "AdminCode": "413", "Type": "11", "LinkID": "A219AS300211", "Ref_Lane": 4, "PostID": "C619AS300804", "Maker": "而⑥", "UpdateDate": "20190620", "Version": "2019", "Remark": null, "HistType": null, "HistRemark": null }, "geometry": { "type": "Point", "coordinates": [ 127.306484608109244, 36.495445539876606, 59.59639711963753 ] } },
{ "type": "Feature", "properties": { "ID": "C119AS300592", "AdminCode": "413", "Type": "2", "LinkID": "A219AS300191", "Ref_Lane": 5, "PostID": "C619AS300803", "Maker": "而⑥", "UpdateDate": "20190620", "Version": "2019", "Remark": null, "HistType": null, "HistRemark": null }, "geometry": { "type": "Point", "coordinates": [ 127.306682821877999, 36.495233738851788, 62.041143858893804 ] } },
{ "type": "Feature", "properties": { "ID": "C119AS300591", "AdminCode": "413", "Type": "2", "LinkID": "A219AS300191", "Ref_Lane": 5, "PostID": "C619AS300803", "Maker": "而⑥", "UpdateDate": "20190620", "Version": "2019", "Remark": null, "HistType": null, "HistRemark": null }, "geometry": { "type": "Point", "coordinates": [ 127.306720419167107, 36.495216438214243, 61.984205446978251 ] } },
{ "type": "Feature", "properties": { "ID": "C119AS300590", "AdminCode": "413", "Type": "1", "LinkID": "A219AS300211", "Ref_Lane": 4, "PostID": "C619AS300804", "Maker": "而⑥", "UpdateDate": "20190620", "Version": "2019", "Remark": null, "HistType": null, "HistRemark": null }, "geometry": { "type": "Point", "coordinates": [ 127.306562045303423, 36.495413533659004, 61.86601477989197 ] } },
{ "type": "Feature", "properties": { "ID": "C119AS300589", "AdminCode": "413", "Type": "11", "LinkID": "A219AS300226", "Ref_Lane": 2, "PostID": "C619AS300800", "Maker": "而⑥", "UpdateDate": "20190620", "Version": "2019", "Remark": null, "HistType": null, "HistRemark": null }, "geometry": { "type": "Point", "coordinates": [ 127.311199851674743, 36.497735671960911, 59.70923124739776 ] } },
{ "type": "Feature", "properties": { "ID": "C119AS300588", "AdminCode": "413", "Type": "11", "LinkID": "A219AS300222", "Ref_Lane": 3, "PostID": "C619AS300801", "Maker": "而⑥", "UpdateDate": "20190620", "Version": "2019", "Remark": null, "HistType": null, "HistRemark": null }, "geometry": { "type": "Point", "coordinates": [ 127.311242008468184, 36.497423852512235, 59.666527059015294 ] } },
{ "type": "Feature", "properties": { "ID": "C119AS300587", "AdminCode": "413", "Type": "1", "LinkID": "A219AS300226", "Ref_Lane": 2, "PostID": "C619AS300800", "Maker": "而⑥", "UpdateDate": "20190620", "Version": "2019", "Remark": null, "HistType": null, "HistRemark": null }, "geometry": { "type": "Point", "coordinates": [ 127.311196858830669, 36.497700822335936, 61.81558302722113 ] } },
{ "type": "Feature", "properties": { "ID": "C119AS300586", "AdminCode": "413", "Type": "1", "LinkID": "A219AS300222", "Ref_Lane": 3, "PostID": "C619AS300798", "Maker": "而⑥", "UpdateDate": "20190620", "Version": "2019", "Remark": null, "HistType": null, "HistRemark": null }, "geometry": { "type": "Point", "coordinates": [ 127.311388370423217, 36.497502928059319, 61.685903175615088 ] } },
{ "type": "Feature", "properties": { "ID": "C119AS300585", "AdminCode": "413", "Type": "1", "LinkID": "A219AS300222", "Ref_Lane": 3, "PostID": "C619AS300798", "Maker": "而⑥", "UpdateDate": "20190620", "Version": "2019", "Remark": null, "HistType": null, "HistRemark": null }, "geometry": { "type": "Point", "coordinates": [ 127.311382515525565, 36.497531634880353, 61.683927535638809 ] } },
{ "type": "Feature", "properties": { "ID": "C119AS300584", "AdminCode": "413", "Type": "8", "LinkID": "A219AS300302", "Ref_Lane": 1, "PostID": "C619AS300798", "Maker": "而⑥", "UpdateDate": "20190620", "Version": "2019", "Remark": null, "HistType": null, "HistRemark": null }, "geometry": { "type": "Point", "coordinates": [ 127.311370917624345, 36.497607497455817, 61.826337715844701 ] } },
{ "type": "Feature", "properties": { "ID": "C119AS300583", "AdminCode": "413", "Type": "8", "LinkID": "A219AS300219", "Ref_Lane": 1, "PostID": "C619AS300798", "Maker": "而⑥", "UpdateDate": "20190620", "Version": "2019", "Remark": null, "HistType": null, "HistRemark": null }, "geometry": { "type": "Point", "coordinates": [ 127.311375679348018, 36.497579103862272, 61.770563952604043 ] } },
{ "type": "Feature", "properties": { "ID": "C119AS300582", "AdminCode": "413", "Type": "1", "LinkID": "A219AS303172", "Ref_Lane": 2, "PostID": "C619AS300797", "Maker": "而⑥", "UpdateDate": "20190620", "Version": "2019", "Remark": null, "HistType": null, "HistRemark": null }, "geometry": { "type": "Point", "coordinates": [ 127.311482992363466, 36.497761000715094, 61.507890253174558 ] } },
{ "type": "Feature", "properties": { "ID": "C119AS300581", "AdminCode": "413", "Type": "1", "LinkID": "A219AS300226", "Ref_Lane": 2, "PostID": "C619AS300796", "Maker": "而⑥", "UpdateDate": "20190620", "Version": "2019", "Remark": null, "HistType": null, "HistRemark": null }, "geometry": { "type": "Point", "coordinates": [ 127.311639028313465, 36.497742818616622, 61.469940100264587 ] } },
{ "type": "Feature", "properties": { "ID": "C119AS300580", "AdminCode": "413", "Type": "1", "LinkID": "A219AS300226", "Ref_Lane": 2, "PostID": "C619AS300796", "Maker": "而⑥", "UpdateDate": "20190620", "Version": "2019", "Remark": null, "HistType": null, "HistRemark": null }, "geometry": { "type": "Point", "coordinates": [ 127.311646234951766, 36.497714706152848, 61.512756795771118 ] } },
{ "type": "Feature", "properties": { "ID": "C119AS300579", "AdminCode": "413", "Type": "8", "LinkID": "A219AS300219", "Ref_Lane": 1, "PostID": "C619AS300796", "Maker": "而⑥", "UpdateDate": "20190620", "Version": "2019", "Remark": null, "HistType": null, "HistRemark": null }, "geometry": { "type": "Point", "coordinates": [ 127.311660552584556, 36.497638260603608, 61.644953155250917 ] } },
{ "type": "Feature", "properties": { "ID": "C119AS300578", "AdminCode": "413", "Type": "8", "LinkID": "A219AS300302", "Ref_Lane": 1, "PostID": "C619AS300796", "Maker": "而⑥", "UpdateDate": "20190620", "Version": "2019", "Remark": null, "HistType": null, "HistRemark": null }, "geometry": { "type": "Point", "coordinates": [ 127.311657640307473, 36.49766696571227, 61.555318147070217 ] } },
{ "type": "Feature", "properties": { "ID": "C119AS300577", "AdminCode": "413", "Type": "11", "LinkID": "A219AS300222", "Ref_Lane": 3, "PostID": "C619AS300799", "Maker": "而⑥", "UpdateDate": "20190620", "Version": "2019", "Remark": null, "HistType": null, "HistRemark": null }, "geometry": { "type": "Point", "coordinates": [ 127.311833247583479, 36.497484627673039, 59.419358043161417 ] } },
{ "type": "Feature", "properties": { "ID": "C119AS300576", "AdminCode": "413", "Type": "11", "LinkID": "A219AS300226", "Ref_Lane": 2, "PostID": "C619AS300795", "Maker": "而⑥", "UpdateDate": "20190620", "Version": "2019", "Remark": null, "HistType": null, "HistRemark": null }, "geometry": { "type": "Point", "coordinates": [ 127.311786330715123, 36.497796562683895, 59.508501464553873 ] } },
{ "type": "Feature", "properties": { "ID": "C119AS300575", "AdminCode": "413", "Type": "2", "LinkID": "A219AS303168", "Ref_Lane": 2, "PostID": "C619AS300792", "Maker": "而⑥", "UpdateDate": "20190620", "Version": "2019", "Remark": null, "HistType": null, "HistRemark": null }, "geometry": { "type": "Point", "coordinates": [ 127.317518431326974, 36.497368766726083, 61.004924484131692 ] } },
{ "type": "Feature", "properties": { "ID": "C119AS300574", "AdminCode": "413", "Type": "2", "LinkID": "A219AS300239", "Ref_Lane": 4, "PostID": "C619AS300793", "Maker": "而⑥", "UpdateDate": "20190620", "Version": "2019", "Remark": null, "HistType": null, "HistRemark": null }, "geometry": { "type": "Point", "coordinates": [ 127.317221337412505, 36.497483002931688, 61.112530302406441 ] } },
{ "type": "Feature", "properties": { "ID": "C119AS300573", "AdminCode": "413", "Type": "2", "LinkID": "A219AS300239", "Ref_Lane": 4, "PostID": "C619AS300793", "Maker": "而⑥", "UpdateDate": "20190620", "Version": "2019", "Remark": null, "HistType": null, "HistRemark": null }, "geometry": { "type": "Point", "coordinates": [ 127.317220369023318, 36.497448397215202, 61.039719676397539 ] } },
{ "type": "Feature", "properties": { "ID": "C119AS300572", "AdminCode": "413", "Type": "8", "LinkID": "A219AS300301", "Ref_Lane": 1, "PostID": "C619AS300794", "Maker": "而⑥", "UpdateDate": "20190620", "Version": "2019", "Remark": null, "HistType": null, "HistRemark": null }, "geometry": { "type": "Point", "coordinates": [ 127.317194945296521, 36.497543968731584, 61.348850234475549 ] } },
{ "type": "Feature", "properties": { "ID": "C119AS300571", "AdminCode": "413", "Type": "8", "LinkID": "A219AS300305", "Ref_Lane": 1, "PostID": "C619AS300794", "Maker": "而⑥", "UpdateDate": "20190620", "Version": "2019", "Remark": null, "HistType": null, "HistRemark": null }, "geometry": { "type": "Point", "coordinates": [ 127.317196082621749, 36.497572765783616, 61.368425054069952 ] } },
{ "type": "Feature", "properties": { "ID": "C119AS300570", "AdminCode": "413", "Type": "2", "LinkID": "A219AS300268", "Ref_Lane": 4, "PostID": "C619AS300791", "Maker": "而⑥", "UpdateDate": "20190620", "Version": "2019", "Remark": null, "HistType": null, "HistRemark": null }, "geometry": { "type": "Point", "coordinates": [ 127.317351316698677, 36.497652457652457, 60.804030049929239 ] } },
{ "type": "Feature", "properties": { "ID": "C119AS300569", "AdminCode": "413", "Type": "11", "LinkID": "A219AS300239", "Ref_Lane": 4, "PostID": "C619AS300788", "Maker": "而⑥", "UpdateDate": "20190620", "Version": "2019", "Remark": null, "HistType": null, "HistRemark": null }, "geometry": { "type": "Point", "coordinates": [ 127.317890246827957, 36.497386816972806, 58.812822835609431 ] } },
{ "type": "Feature", "properties": { "ID": "C119AS300568", "AdminCode": "413", "Type": "2", "LinkID": "A219AS300239", "Ref_Lane": 4, "PostID": "C619AS300788", "Maker": "而⑥", "UpdateDate": "20190620", "Version": "2019", "Remark": null, "HistType": null, "HistRemark": null }, "geometry": { "type": "Point", "coordinates": [ 127.317885587375955, 36.497455285760509, 60.675478834177625 ] } },
{ "type": "Feature", "properties": { "ID": "C119AS300567", "AdminCode": "413", "Type": "2", "LinkID": "A219AS303164", "Ref_Lane": 2, "PostID": "C619AS300789", "Maker": "而⑥", "UpdateDate": "20190620", "Version": "2019", "Remark": null, "HistType": null, "HistRemark": null }, "geometry": { "type": "Point", "coordinates": [ 127.317702274224203, 36.497721442460822, 60.959249299460062 ] } },
{ "type": "Feature", "properties": { "ID": "C119AS300566", "AdminCode": "413", "Type": "11", "LinkID": "A219AS300268", "Ref_Lane": 4, "PostID": "C619AS300787", "Maker": "而⑥", "UpdateDate": "20190620", "Version": "2019", "Remark": null, "HistType": null, "HistRemark": null }, "geometry": { "type": "Point", "coordinates": [ 127.318011387041949, 36.497703947446219, 59.202763919396858 ] } },
{ "type": "Feature", "properties": { "ID": "C119AS300565", "AdminCode": "413", "Type": "8", "LinkID": "A219AS300305", "Ref_Lane": 1, "PostID": "C619AS300787", "Maker": "而⑥", "UpdateDate": "20190620", "Version": "2019", "Remark": null, "HistType": null, "HistRemark": null }, "geometry": { "type": "Point", "coordinates": [ 127.318045561747283, 36.497559369869577, 61.259924141483054 ] } },
{ "type": "Feature", "properties": { "ID": "C119AS300564", "AdminCode": "413", "Type": "8", "LinkID": "A219AS300301", "Ref_Lane": 1, "PostID": "C619AS300787", "Maker": "而⑥", "UpdateDate": "20190620", "Version": "2019", "Remark": null, "HistType": null, "HistRemark": null }, "geometry": { "type": "Point", "coordinates": [ 127.318045835516187, 36.497530774725284, 61.259924141483054 ] } },
{ "type": "Feature", "properties": { "ID": "C119AS300563", "AdminCode": "413", "Type": "2", "LinkID": "A219AS300268", "Ref_Lane": 4, "PostID": "C619AS300786", "Maker": "而⑥", "UpdateDate": "20190620", "Version": "2019", "Remark": null, "HistType": null, "HistRemark": null }, "geometry": { "type": "Point", "coordinates": [ 127.318024796680746, 36.497618278669904, 61.084497797554967 ] } },
{ "type": "Feature", "properties": { "ID": "C119AS300562", "AdminCode": "413", "Type": "2", "LinkID": "A219AS300268", "Ref_Lane": 4, "PostID": "C619AS300786", "Maker": "而⑥", "UpdateDate": "20190620", "Version": "2019", "Remark": null, "HistType": null, "HistRemark": null }, "geometry": { "type": "Point", "coordinates": [ 127.318022426223834, 36.497652859128294, 61.084497797554967 ] } },
{ "type": "Feature", "properties": { "ID": "C119AS300561", "AdminCode": "413", "Type": "11", "LinkID": "A219AS300270", "Ref_Lane": 2, "PostID": "C619AS300784", "Maker": "而⑥", "UpdateDate": "20190620", "Version": "2019", "Remark": null, "HistType": null, "HistRemark": null }, "geometry": { "type": "Point", "coordinates": [ 127.321978563545599, 36.49810988695944, 59.084672320924284 ] } },
{ "type": "Feature", "properties": { "ID": "C119AS300560", "AdminCode": "413", "Type": "11", "LinkID": "A219AS300250", "Ref_Lane": 3, "PostID": "C619AS300785", "Maker": "而⑥", "UpdateDate": "20190620", "Version": "2019", "Remark": null, "HistType": null, "HistRemark": null }, "geometry": { "type": "Point", "coordinates": [ 127.322055090331091, 36.497799930829451, 59.024174448377323 ] } },
{ "type": "Feature", "properties": { "ID": "C119AS300559", "AdminCode": "413", "Type": "8", "LinkID": "A219AS300306", "Ref_Lane": 1, "PostID": "C619AS300783", "Maker": "而⑥", "UpdateDate": "20190620", "Version": "2019", "Remark": null, "HistType": null, "HistRemark": null }, "geometry": { "type": "Point", "coordinates": [ 127.322163559676397, 36.497978725020239, 61.613234440424435 ] } },
{ "type": "Feature", "properties": { "ID": "C119AS300558", "AdminCode": "413", "Type": "8", "LinkID": "A219AS300250", "Ref_Lane": 3, "PostID": "C619AS300783", "Maker": "而⑥", "UpdateDate": "20190620", "Version": "2019", "Remark": null, "HistType": null, "HistRemark": null }, "geometry": { "type": "Point", "coordinates": [ 127.322185018128806, 36.497893143418686, 61.613234440424435 ] } },
{ "type": "Feature", "properties": { "ID": "C119AS300557", "AdminCode": "413", "Type": "8", "LinkID": "A219AS300250", "Ref_Lane": 3, "PostID": "C619AS300783", "Maker": "而⑥", "UpdateDate": "20190620", "Version": "2019", "Remark": null, "HistType": null, "HistRemark": null }, "geometry": { "type": "Point", "coordinates": [ 127.322178686414617, 36.497917439573143, 61.613234440424435 ] } },
{ "type": "Feature", "properties": { "ID": "C119AS300556", "AdminCode": "413", "Type": "8", "LinkID": "A219AS300270", "Ref_Lane": 2, "PostID": "C619AS300784", "Maker": "而⑥", "UpdateDate": "20190620", "Version": "2019", "Remark": null, "HistType": null, "HistRemark": null }, "geometry": { "type": "Point", "coordinates": [ 127.32198500554091, 36.498076084987261, 61.087149032865803 ] } },
{ "type": "Feature", "properties": { "ID": "C119AS300555", "AdminCode": "413", "Type": "8", "LinkID": "A219AS300262", "Ref_Lane": 1, "PostID": "C619AS300781", "Maker": "而⑥", "UpdateDate": "20190620", "Version": "2019", "Remark": null, "HistType": null, "HistRemark": null }, "geometry": { "type": "Point", "coordinates": [ 127.322322606638124, 36.498046046149227, 61.806284117545538 ] } },
{ "type": "Feature", "properties": { "ID": "C119AS300554", "AdminCode": "413", "Type": "1", "LinkID": "A219AS300258", "Ref_Lane": 2, "PostID": "C619AS300781", "Maker": "而⑥", "UpdateDate": "20190620", "Version": "2019", "Remark": null, "HistType": null, "HistRemark": null }, "geometry": { "type": "Point", "coordinates": [ 127.322299703196691, 36.498106094661935, 61.806284117545538 ] } },
{ "type": "Feature", "properties": { "ID": "C119AS300553", "AdminCode": "413", "Type": "1", "LinkID": "A219AS300250", "Ref_Lane": 3, "PostID": "C619AS300780", "Maker": "而⑥", "UpdateDate": "20190620", "Version": "2019", "Remark": null, "HistType": null, "HistRemark": null }, "geometry": { "type": "Point", "coordinates": [ 127.32253131349583, 36.497945619564419, 61.25195893807269 ] } },
{ "type": "Feature", "properties": { "ID": "C119AS300552", "AdminCode": "413", "Type": "11", "LinkID": "A219AS300258", "Ref_Lane": 2, "PostID": "C619AS300782", "Maker": "而⑥", "UpdateDate": "20190620", "Version": "2019", "Remark": null, "HistType": null, "HistRemark": null }, "geometry": { "type": "Point", "coordinates": [ 127.322453280690127, 36.498201326383409, 59.350191562239729 ] } },
{ "type": "Feature", "properties": { "ID": "C119AS300551", "AdminCode": "413", "Type": "11", "LinkID": "A219AS300250", "Ref_Lane": 3, "PostID": "C619AS300780", "Maker": "而⑥", "UpdateDate": "20190620", "Version": "2019", "Remark": null, "HistType": null, "HistRemark": null }, "geometry": { "type": "Point", "coordinates": [ 127.322546785281816, 36.497894785099717, 59.166460735570944 ] } },
{ "type": "Feature", "properties": { "ID": "C119AS300550", "AdminCode": "413", "Type": "8", "LinkID": "A219AS300309", "Ref_Lane": 1, "PostID": "C619AS300779", "Maker": "而⑥", "UpdateDate": "20190620", "Version": "2019", "Remark": null, "HistType": null, "HistRemark": null }, "geometry": { "type": "Point", "coordinates": [ 127.324524512915957, 36.498576098061818, 62.024967369489666 ] } },
{ "type": "Feature", "properties": { "ID": "C119AS300549", "AdminCode": "413", "Type": "8", "LinkID": "A219AS300864", "Ref_Lane": 1, "PostID": "C619AS300779", "Maker": "而⑥", "UpdateDate": "20190620", "Version": "2019", "Remark": null, "HistType": null, "HistRemark": null }, "geometry": { "type": "Point", "coordinates": [ 127.324517996253505, 36.498595336506391, 62.054805338652812 ] } },
{ "type": "Feature", "properties": { "ID": "C119AS300548", "AdminCode": "413", "Type": "2", "LinkID": "A219AS300417", "Ref_Lane": 4, "PostID": "C619AS300777", "Maker": "而⑥", "UpdateDate": "20190620", "Version": "2019", "Remark": null, "HistType": null, "HistRemark": null }, "geometry": { "type": "Point", "coordinates": [ 127.324696652875446, 36.498698307403373, 61.939567243792879 ] } },
{ "type": "Feature", "properties": { "ID": "C119AS300547", "AdminCode": "413", "Type": "2", "LinkID": "A219AS300120", "Ref_Lane": 4, "PostID": "C619AS300778", "Maker": "而⑥", "UpdateDate": "20190620", "Version": "2019", "Remark": null, "HistType": null, "HistRemark": null }, "geometry": { "type": "Point", "coordinates": [ 127.324581628284164, 36.498510001245705, 61.735681279779953 ] } },
{ "type": "Feature", "properties": { "ID": "C119AS300546", "AdminCode": "413", "Type": "2", "LinkID": "A219AS300120", "Ref_Lane": 4, "PostID": "C619AS300778", "Maker": "而⑥", "UpdateDate": "20190620", "Version": "2019", "Remark": null, "HistType": null, "HistRemark": null }, "geometry": { "type": "Point", "coordinates": [ 127.324593009287085, 36.498475479030461, 61.735681279779953 ] } },
{ "type": "Feature", "properties": { "ID": "C119AS300545", "AdminCode": "413", "Type": "11", "LinkID": "A219AS300120", "Ref_Lane": 4, "PostID": "C619AS300778", "Maker": "而⑥", "UpdateDate": "20190620", "Version": "2019", "Remark": null, "HistType": null, "HistRemark": null }, "geometry": { "type": "Point", "coordinates": [ 127.324617863929447, 36.498428645917429, 59.863153686389857 ] } },
{ "type": "Feature", "properties": { "ID": "C119AS300544", "AdminCode": "413", "Type": "11", "LinkID": "A219AS300413", "Ref_Lane": 3, "PostID": "C619AS300777", "Maker": "而⑥", "UpdateDate": "20190620", "Version": "2019", "Remark": null, "HistType": null, "HistRemark": null }, "geometry": { "type": "Point", "coordinates": [ 127.324662525162438, 36.498760542859735, 59.971094945816482 ] } },
{ "type": "Feature", "properties": { "ID": "C119AS300543", "AdminCode": "413", "Type": "11", "LinkID": "A219AS300120", "Ref_Lane": 4, "PostID": "C619AS300776", "Maker": "而⑥", "UpdateDate": "20190620", "Version": "2019", "Remark": null, "HistType": null, "HistRemark": null }, "geometry": { "type": "Point", "coordinates": [ 127.325178804858254, 36.498565930374532, 59.880238586141957 ] } },
{ "type": "Feature", "properties": { "ID": "C119AS300542", "AdminCode": "413", "Type": "2", "LinkID": "A219AS300120", "Ref_Lane": 4, "PostID": "C619AS300776", "Maker": "而⑥", "UpdateDate": "20190620", "Version": "2019", "Remark": null, "HistType": null, "HistRemark": null }, "geometry": { "type": "Point", "coordinates": [ 127.32514297039296, 36.498628992384617, 61.842542731262306 ] } },
{ "type": "Feature", "properties": { "ID": "C119AS300541", "AdminCode": "413", "Type": "11", "LinkID": "A219AS303275", "Ref_Lane": 2, "PostID": "C619AS300873", "Maker": "而⑥", "UpdateDate": "20190620", "Version": "2019", "Remark": null, "HistType": null, "HistRemark": null }, "geometry": { "type": "Point", "coordinates": [ 127.271952098679151, 36.47088951394489, 57.065039724688177 ] } },
{ "type": "Feature", "properties": { "ID": "C119AS300540", "AdminCode": "413", "Type": "2", "LinkID": "A219AS303273", "Ref_Lane": 2, "PostID": "C619AS300774", "Maker": "而⑥", "UpdateDate": "20190620", "Version": "2019", "Remark": null, "HistType": null, "HistRemark": null }, "geometry": { "type": "Point", "coordinates": [ 127.274733038437475, 36.471146912475156, 59.750844431598573 ] } },
{ "type": "Feature", "properties": { "ID": "C119AS300539", "AdminCode": "413", "Type": "2", "LinkID": "A219AS303273", "Ref_Lane": 2, "PostID": "C619AS300774", "Maker": "而⑥", "UpdateDate": "20190620", "Version": "2019", "Remark": null, "HistType": null, "HistRemark": null }, "geometry": { "type": "Point", "coordinates": [ 127.274690064741222, 36.471136467889181, 59.685593762536968 ] } },
{ "type": "Feature", "properties": { "ID": "C119AS300538", "AdminCode": "413", "Type": "2", "LinkID": "A219AS300971", "Ref_Lane": 4, "PostID": "C619AS300774", "Maker": "而⑥", "UpdateDate": "20190620", "Version": "2019", "Remark": null, "HistType": null, "HistRemark": null }, "geometry": { "type": "Point", "coordinates": [ 127.274751364283716, 36.471205356552183, 59.739078446831648 ] } },
{ "type": "Feature", "properties": { "ID": "C119AS300537", "AdminCode": "413", "Type": "11", "LinkID": "A219AS300952", "Ref_Lane": 2, "PostID": "C619AS300774", "Maker": "而⑥", "UpdateDate": "20190620", "Version": "2019", "Remark": null, "HistType": null, "HistRemark": null }, "geometry": { "type": "Point", "coordinates": [ 127.274776274301374, 36.471159042601464, 57.569884403218957 ] } },
{ "type": "Feature", "properties": { "ID": "C119AS300536", "AdminCode": "413", "Type": "11", "LinkID": "A219AS303273", "Ref_Lane": 2, "PostID": "C619AS300774", "Maker": "而⑥", "UpdateDate": "20190620", "Version": "2019", "Remark": null, "HistType": null, "HistRemark": null }, "geometry": { "type": "Point", "coordinates": [ 127.274770996859246, 36.471152275142956, 57.640448493548199 ] } },
{ "type": "Feature", "properties": { "ID": "C119AS300535", "AdminCode": "413", "Type": "11", "LinkID": "A219AS303273", "Ref_Lane": 2, "PostID": "C619AS300773", "Maker": "而⑥", "UpdateDate": "20190620", "Version": "2019", "Remark": null, "HistType": null, "HistRemark": null }, "geometry": { "type": "Point", "coordinates": [ 127.274508047962414, 36.471043417351019, 57.739052797237179 ] } },
{ "type": "Feature", "properties": { "ID": "C119AS300534", "AdminCode": "413", "Type": "2", "LinkID": "A219AS300971", "Ref_Lane": 4, "PostID": "C619AS300773", "Maker": "而⑥", "UpdateDate": "20190620", "Version": "2019", "Remark": null, "HistType": null, "HistRemark": null }, "geometry": { "type": "Point", "coordinates": [ 127.274473148826672, 36.471110063327394, 59.586774765814909 ] } },
{ "type": "Feature", "properties": { "ID": "C119AS300533", "AdminCode": "413", "Type": "2", "LinkID": "A219AS300971", "Ref_Lane": 4, "PostID": "C619AS300773", "Maker": "而⑥", "UpdateDate": "20190620", "Version": "2019", "Remark": null, "HistType": null, "HistRemark": null }, "geometry": { "type": "Point", "coordinates": [ 127.27448773995971, 36.471079796655054, 59.639449918914515 ] } },
{ "type": "Feature", "properties": { "ID": "C119AS300532", "AdminCode": "413", "Type": "11", "LinkID": "A219AS300971", "Ref_Lane": 4, "PostID": "C619AS300772", "Maker": "而⑥", "UpdateDate": "20190620", "Version": "2019", "Remark": null, "HistType": null, "HistRemark": null }, "geometry": { "type": "Point", "coordinates": [ 127.274392076887651, 36.470999156711706, 57.710190985239102 ] } },
{ "type": "Feature", "properties": { "ID": "C119AS300531", "AdminCode": "413", "Type": "2", "LinkID": "A219AS300991", "Ref_Lane": 5, "PostID": "C619AS300771", "Maker": "而⑥", "UpdateDate": "20190620", "Version": "2019", "Remark": null, "HistType": null, "HistRemark": null }, "geometry": { "type": "Point", "coordinates": [ 127.274422900175978, 36.471296542504199, 59.367497807563353 ] } },
{ "type": "Feature", "properties": { "ID": "C119AS300530", "AdminCode": "413", "Type": "11", "LinkID": "A219AS300991", "Ref_Lane": 5, "PostID": "C619AS300771", "Maker": "而⑥", "UpdateDate": "20190620", "Version": "2019", "Remark": null, "HistType": null, "HistRemark": null }, "geometry": { "type": "Point", "coordinates": [ 127.274400889324681, 36.471344839609024, 57.411634157566127 ] } },
{ "type": "Feature", "properties": { "ID": "C119AS300529", "AdminCode": "413", "Type": "2", "LinkID": "A219AS303271", "Ref_Lane": 2, "PostID": "C619AS300770", "Maker": "而⑥", "UpdateDate": "20190620", "Version": "2019", "Remark": null, "HistType": null, "HistRemark": null }, "geometry": { "type": "Point", "coordinates": [ 127.274463831264924, 36.47139926159192, 59.55047 ] } },
{ "type": "Feature", "properties": { "ID": "C119AS300528", "AdminCode": "413", "Type": "2", "LinkID": "A219AS303271", "Ref_Lane": 2, "PostID": "C619AS300770", "Maker": "而⑥", "UpdateDate": "20190620", "Version": "2019", "Remark": null, "HistType": null, "HistRemark": null }, "geometry": { "type": "Point", "coordinates": [ 127.274508269792236, 36.471405978906908, 59.537980752507401 ] } },
{ "type": "Feature", "properties": { "ID": "C119AS300527", "AdminCode": "413", "Type": "11", "LinkID": "A219AS303271", "Ref_Lane": 2, "PostID": "C619AS300770", "Maker": "而⑥", "UpdateDate": "20190620", "Version": "2019", "Remark": null, "HistType": null, "HistRemark": null }, "geometry": { "type": "Point", "coordinates": [ 127.274422934268173, 36.471396697080415, 57.595863333333305 ] } },
{ "type": "Feature", "properties": { "ID": "C119AS300526", "AdminCode": "413", "Type": "2", "LinkID": "A219AS300991", "Ref_Lane": 5, "PostID": "C619AS300769", "Maker": "而⑥", "UpdateDate": "20190620", "Version": "2019", "Remark": null, "HistType": null, "HistRemark": null }, "geometry": { "type": "Point", "coordinates": [ 127.274851515502007, 36.471397419532465, 60.003256982603091 ] } },
{ "type": "Feature", "properties": { "ID": "C119AS300525", "AdminCode": "413", "Type": "2", "LinkID": "A219AS300991", "Ref_Lane": 5, "PostID": "C619AS300769", "Maker": "而⑥", "UpdateDate": "20190620", "Version": "2019", "Remark": null, "HistType": null, "HistRemark": null }, "geometry": { "type": "Point", "coordinates": [ 127.27487456888025, 36.47136671913487, 60.076185852002666 ] } },
{ "type": "Feature", "properties": { "ID": "C119AS300524", "AdminCode": "413", "Type": "11", "LinkID": "A219AS300991", "Ref_Lane": 5, "PostID": "C619AS300768", "Maker": "而⑥", "UpdateDate": "20190620", "Version": "2019", "Remark": null, "HistType": null, "HistRemark": null }, "geometry": { "type": "Point", "coordinates": [ 127.274825770513914, 36.471502622885282, 57.284956448754755 ] } },
{ "type": "Feature", "properties": { "ID": "C119AS300523", "AdminCode": "413", "Type": "11", "LinkID": "A219AS303263", "Ref_Lane": 2, "PostID": "C619AS300761", "Maker": "而⑥", "UpdateDate": "20190620", "Version": "2019", "Remark": null, "HistType": null, "HistRemark": null }, "geometry": { "type": "Point", "coordinates": [ 127.281094982722664, 36.475486438203909, 55.624871147132765 ] } },
{ "type": "Feature", "properties": { "ID": "C119AS300522", "AdminCode": "413", "Type": "11", "LinkID": "A219AS301027", "Ref_Lane": 3, "PostID": "C619AS300765", "Maker": "而⑥", "UpdateDate": "20190620", "Version": "2019", "Remark": null, "HistType": null, "HistRemark": null }, "geometry": { "type": "Point", "coordinates": [ 127.281464617876694, 36.475233865850775, 55.421173162585951 ] } },
{ "type": "Feature", "properties": { "ID": "C119AS300521", "AdminCode": "413", "Type": "1", "LinkID": "A219AS303265", "Ref_Lane": 2, "PostID": "C619AS300765", "Maker": "而⑥", "UpdateDate": "20190620", "Version": "2019", "Remark": null, "HistType": null, "HistRemark": null }, "geometry": { "type": "Point", "coordinates": [ 127.281412600235157, 36.475195381655404, 57.441690238746929 ] } },
{ "type": "Feature", "properties": { "ID": "C119AS300520", "AdminCode": "413", "Type": "1", "LinkID": "A219AS303265", "Ref_Lane": 2, "PostID": "C619AS300765", "Maker": "而⑥", "UpdateDate": "20190620", "Version": "2019", "Remark": null, "HistType": null, "HistRemark": null }, "geometry": { "type": "Point", "coordinates": [ 127.281379810558661, 36.475171810481314, 57.420760551795162 ] } },
{ "type": "Feature", "properties": { "ID": "C119AS300519", "AdminCode": "413", "Type": "11", "LinkID": "A219AS303265", "Ref_Lane": 2, "PostID": "C619AS300766", "Maker": "而⑥", "UpdateDate": "20190620", "Version": "2019", "Remark": null, "HistType": null, "HistRemark": null }, "geometry": { "type": "Point", "coordinates": [ 127.281071173557891, 36.475035392906193, 55.625212645743638 ] } },
{ "type": "Feature", "properties": { "ID": "C119AS300518", "AdminCode": "413", "Type": "11", "LinkID": "A219AS303265", "Ref_Lane": 2, "PostID": "C619AS300764", "Maker": "而⑥", "UpdateDate": "20190620", "Version": "2019", "Remark": null, "HistType": null, "HistRemark": null }, "geometry": { "type": "Point", "coordinates": [ 127.281203237283847, 36.475082720121371, 55.658204924804942 ] } },
{ "type": "Feature", "properties": { "ID": "C119AS300517", "AdminCode": "413", "Type": "1", "LinkID": "A219AS303265", "Ref_Lane": 2, "PostID": "C619AS300764", "Maker": "而⑥", "UpdateDate": "20190620", "Version": "2019", "Remark": null, "HistType": null, "HistRemark": null }, "geometry": { "type": "Point", "coordinates": [ 127.281254477805078, 36.475118015855976, 57.830636935409466 ] } },
{ "type": "Feature", "properties": { "ID": "C119AS300516", "AdminCode": "413", "Type": "1", "LinkID": "A219AS301027", "Ref_Lane": 3, "PostID": "C619AS300763", "Maker": "而⑥", "UpdateDate": "20190620", "Version": "2019", "Remark": null, "HistType": null, "HistRemark": null }, "geometry": { "type": "Point", "coordinates": [ 127.281112057259392, 36.475135726648254, 57.966181680238655 ] } },
{ "type": "Feature", "properties": { "ID": "C119AS300515", "AdminCode": "413", "Type": "1", "LinkID": "A219AS301027", "Ref_Lane": 3, "PostID": "C619AS300763", "Maker": "而⑥", "UpdateDate": "20190620", "Version": "2019", "Remark": null, "HistType": null, "HistRemark": null }, "geometry": { "type": "Point", "coordinates": [ 127.28109239313369, 36.475154621840616, 57.957087471534727 ] } },
{ "type": "Feature", "properties": { "ID": "C119AS300514", "AdminCode": "413", "Type": "8", "LinkID": "A219AS301021", "Ref_Lane": 1, "PostID": "C619AS300763", "Maker": "而⑥", "UpdateDate": "20190620", "Version": "2019", "Remark": null, "HistType": null, "HistRemark": null }, "geometry": { "type": "Point", "coordinates": [ 127.281050576325512, 36.475195919871638, 57.990620448710018 ] } },
{ "type": "Feature", "properties": { "ID": "C119AS300513", "AdminCode": "413", "Type": "11", "LinkID": "A219AS301035", "Ref_Lane": 3, "PostID": "C619AS300762", "Maker": "而⑥", "UpdateDate": "20190620", "Version": "2019", "Remark": null, "HistType": null, "HistRemark": null }, "geometry": { "type": "Point", "coordinates": [ 127.28086475678073, 36.475322306565999, 55.376653415813934 ] } },
{ "type": "Feature", "properties": { "ID": "C119AS300512", "AdminCode": "413", "Type": "1", "LinkID": "A219AS303263", "Ref_Lane": 2, "PostID": "C619AS300762", "Maker": "而⑥", "UpdateDate": "20190620", "Version": "2019", "Remark": null, "HistType": null, "HistRemark": null }, "geometry": { "type": "Point", "coordinates": [ 127.280918846563239, 36.475359824229223, 57.459834983397883 ] } },
{ "type": "Feature", "properties": { "ID": "C119AS300511", "AdminCode": "413", "Type": "1", "LinkID": "A219AS303263", "Ref_Lane": 2, "PostID": "C619AS300762", "Maker": "而⑥", "UpdateDate": "20190620", "Version": "2019", "Remark": null, "HistType": null, "HistRemark": null }, "geometry": { "type": "Point", "coordinates": [ 127.280951874786979, 36.475382537372724, 57.497568227444319 ] } },
{ "type": "Feature", "properties": { "ID": "C119AS300510", "AdminCode": "413", "Type": "1", "LinkID": "A219AS303263", "Ref_Lane": 2, "PostID": "C619AS300761", "Maker": "而⑥", "UpdateDate": "20190620", "Version": "2019", "Remark": null, "HistType": null, "HistRemark": null }, "geometry": { "type": "Point", "coordinates": [ 127.2810517362919, 36.475449034793058, 57.557231001867294 ] } },
{ "type": "Feature", "properties": { "ID": "C119AS300509", "AdminCode": "413", "Type": "8", "LinkID": "A219AS300089", "Ref_Lane": 1, "PostID": "C619AS300760", "Maker": "而⑥", "UpdateDate": "20190620", "Version": "2019", "Remark": null, "HistType": null, "HistRemark": null }, "geometry": { "type": "Point", "coordinates": [ 127.281275743456391, 36.475369141196175, 57.96909408317773 ] } },
{ "type": "Feature", "properties": { "ID": "C119AS300508", "AdminCode": "413", "Type": "1", "LinkID": "A219AS301035", "Ref_Lane": 3, "PostID": "C619AS300760", "Maker": "而⑥", "UpdateDate": "20190620", "Version": "2019", "Remark": null, "HistType": null, "HistRemark": null }, "geometry": { "type": "Point", "coordinates": [ 127.281213810764598, 36.475429058274074, 57.94127374820615 ] } },
{ "type": "Feature", "properties": { "ID": "C119AS300507", "AdminCode": "413", "Type": "1", "LinkID": "A219AS301035", "Ref_Lane": 3, "PostID": "C619AS300760", "Maker": "而⑥", "UpdateDate": "20190620", "Version": "2019", "Remark": null, "HistType": null, "HistRemark": null }, "geometry": { "type": "Point", "coordinates": [ 127.281233839473828, 36.47540992110553, 57.93866782586457 ] } },
{ "type": "Feature", "properties": { "ID": "C119AS300506", "AdminCode": "413", "Type": "2", "LinkID": "A219AS303022", "Ref_Lane": 2, "PostID": "C619AS300660", "Maker": "而⑥", "UpdateDate": "20190620", "Version": "2019", "Remark": null, "HistType": null, "HistRemark": null }, "geometry": { "type": "Point", "coordinates": [ 127.279472161289135, 36.534701700531834, 81.35535 ] } },
{ "type": "Feature", "properties": { "ID": "C119AS300505", "AdminCode": "413", "Type": "2", "LinkID": "A219AS303022", "Ref_Lane": 2, "PostID": "C619AS300660", "Maker": "而⑥", "UpdateDate": "20190620", "Version": "2019", "Remark": null, "HistType": null, "HistRemark": null }, "geometry": { "type": "Point", "coordinates": [ 127.279471187990467, 36.534673375572453, 81.279989473684196 ] } },
{ "type": "Feature", "properties": { "ID": "C119AS300504", "AdminCode": "413", "Type": "2", "LinkID": "A219AS302999", "Ref_Lane": 3, "PostID": "C619AS300752", "Maker": "而⑥", "UpdateDate": "20190620", "Version": "2019", "Remark": null, "HistType": null, "HistRemark": null }, "geometry": { "type": "Point", "coordinates": [ 127.266241141023244, 36.530919090396523, 101.285876443071572 ] } },
{ "type": "Feature", "properties": { "ID": "C119AS300503", "AdminCode": "413", "Type": "11", "LinkID": "A219AS300438", "Ref_Lane": 3, "PostID": "C619AS300745", "Maker": "而⑥", "UpdateDate": "20190620", "Version": "2019", "Remark": null, "HistType": null, "HistRemark": null }, "geometry": { "type": "Point", "coordinates": [ 127.328403204825349, 36.500991348987924, 64.819685205042205 ] } },
{ "type": "Feature", "properties": { "ID": "C119AS300502", "AdminCode": "413", "Type": "2", "LinkID": "A219AS300438", "Ref_Lane": 3, "PostID": "C619AS300745", "Maker": "而⑥", "UpdateDate": "20190620", "Version": "2019", "Remark": null, "HistType": null, "HistRemark": null }, "geometry": { "type": "Point", "coordinates": [ 127.328428555548413, 36.50097757013674, 64.839050962183407 ] } },
{ "type": "Feature", "properties": { "ID": "C119AS300501", "AdminCode": "413", "Type": "2", "LinkID": "A223BH300011", "Ref_Lane": 3, "PostID": "C619AS300746", "Maker": "而⑥", "UpdateDate": "20190620", "Version": "2019", "Remark": null, "HistType": null, "HistRemark": null }, "geometry": { "type": "Point", "coordinates": [ 127.328540535760339, 36.500934726586145, 64.25429 ] } },
{ "type": "Feature", "properties": { "ID": "C119AS300500", "AdminCode": "413", "Type": "2", "LinkID": "A223BH300011", "Ref_Lane": 3, "PostID": "C619AS300746", "Maker": "而⑥", "UpdateDate": "20190620", "Version": "2019", "Remark": null, "HistType": null, "HistRemark": null }, "geometry": { "type": "Point", "coordinates": [ 127.328579353920773, 36.500915925547446, 64.425849589915558 ] } },
{ "type": "Feature", "properties": { "ID": "C119AS300499", "AdminCode": "413", "Type": "11", "LinkID": "A223BH300011", "Ref_Lane": 3, "PostID": "C619AS300742", "Maker": "而⑥", "UpdateDate": "20190620", "Version": "2019", "Remark": null, "HistType": null, "HistRemark": null }, "geometry": { "type": "Point", "coordinates": [ 127.328617250098816, 36.500903814520143, 62.27249 ] } },
{ "type": "Feature", "properties": { "ID": "C119AS300495", "AdminCode": "413", "Type": "2", "LinkID": "A223BH300044", "Ref_Lane": 2, "PostID": "C619AS300741", "Maker": "而⑥", "UpdateDate": "20190620", "Version": "2019", "Remark": null, "HistType": null, "HistRemark": null }, "geometry": { "type": "Point", "coordinates": [ 127.328392266346242, 36.501288589034289, 65.44668 ] } },
{ "type": "Feature", "properties": { "ID": "C119AS300494", "AdminCode": "413", "Type": "11", "LinkID": "A219AS300485", "Ref_Lane": 4, "PostID": "C619AS300731", "Maker": "而⑥", "UpdateDate": "20190620", "Version": "2019", "Remark": null, "HistType": null, "HistRemark": null }, "geometry": { "type": "Point", "coordinates": [ 127.330530227448463, 36.520270206214136, 68.021197112136036 ] } },
{ "type": "Feature", "properties": { "ID": "C119AS300493", "AdminCode": "413", "Type": "8", "LinkID": "A219AS300869", "Ref_Lane": 1, "PostID": "C619AS300732", "Maker": "而⑥", "UpdateDate": "20190620", "Version": "2019", "Remark": null, "HistType": null, "HistRemark": null }, "geometry": { "type": "Point", "coordinates": [ 127.330738894527371, 36.520316868550729, 70.224209575645048 ] } },
{ "type": "Feature", "properties": { "ID": "C119AS300492", "AdminCode": "413", "Type": "1", "LinkID": "A219AS300507", "Ref_Lane": 3, "PostID": "C619AS300725", "Maker": "而⑥", "UpdateDate": "20190620", "Version": "2019", "Remark": null, "HistType": null, "HistRemark": null }, "geometry": { "type": "Point", "coordinates": [ 127.328292407354695, 36.524944043343133, 76.8031 ] } },
{ "type": "Feature", "properties": { "ID": "C119AS300491", "AdminCode": "413", "Type": "11", "LinkID": "A219AS303100", "Ref_Lane": 2, "PostID": "C619AS300755", "Maker": "而⑥", "UpdateDate": "20190620", "Version": "2019", "Remark": null, "HistType": null, "HistRemark": null }, "geometry": { "type": "Point", "coordinates": [ 127.323646015485949, 36.529442371840098, 64.208636565613631 ] } },
{ "type": "Feature", "properties": { "ID": "C119AS300490", "AdminCode": "413", "Type": "11", "LinkID": "A219AS303098", "Ref_Lane": 2, "PostID": "C619AS300757", "Maker": "而⑥", "UpdateDate": "20190620", "Version": "2019", "Remark": null, "HistType": null, "HistRemark": null }, "geometry": { "type": "Point", "coordinates": [ 127.323108285452662, 36.529074876631412, 61.8295 ] } },
{ "type": "Feature", "properties": { "ID": "C119AS300489", "AdminCode": "413", "Type": "11", "LinkID": "A219AS303098", "Ref_Lane": 2, "PostID": "C619AS300756", "Maker": "而⑥", "UpdateDate": "20190620", "Version": "2019", "Remark": null, "HistType": null, "HistRemark": null }, "geometry": { "type": "Point", "coordinates": [ 127.322954933506935, 36.529210484546823, 62.292196029776697 ] } },
{ "type": "Feature", "properties": { "ID": "C119AS300488", "AdminCode": "413", "Type": "2", "LinkID": "A219AS303098", "Ref_Lane": 2, "PostID": "C619AS300756", "Maker": "而⑥", "UpdateDate": "20190620", "Version": "2019", "Remark": null, "HistType": null, "HistRemark": null }, "geometry": { "type": "Point", "coordinates": [ 127.322976491411893, 36.529182717946796, 64.144326207291471 ] } },
{ "type": "Feature", "properties": { "ID": "C119AS300487", "AdminCode": "413", "Type": "2", "LinkID": "A219AS303100", "Ref_Lane": 2, "PostID": "C619AS300755", "Maker": "而⑥", "UpdateDate": "20190620", "Version": "2019", "Remark": null, "HistType": null, "HistRemark": null }, "geometry": { "type": "Point", "coordinates": [ 127.323617757996118, 36.529467446896078, 66.28829 ] } },
{ "type": "Feature", "properties": { "ID": "C119AS300486", "AdminCode": "413", "Type": "2", "LinkID": "A219AS303100", "Ref_Lane": 2, "PostID": "C619AS300720", "Maker": "而⑥", "UpdateDate": "20190620", "Version": "2019", "Remark": null, "HistType": null, "HistRemark": null }, "geometry": { "type": "Point", "coordinates": [ 127.323489089930078, 36.529565942665563, 66.64273 ] } },
{ "type": "Feature", "properties": { "ID": "C119AS300485", "AdminCode": "413", "Type": "2", "LinkID": "A219AS303100", "Ref_Lane": 2, "PostID": "C619AS300720", "Maker": "而⑥", "UpdateDate": "20190620", "Version": "2019", "Remark": null, "HistType": null, "HistRemark": null }, "geometry": { "type": "Point", "coordinates": [ 127.323461048611236, 36.529594016632927, 66.60003 ] } },
{ "type": "Feature", "properties": { "ID": "C119AS300484", "AdminCode": "413", "Type": "2", "LinkID": "A219AS300879", "Ref_Lane": 1, "PostID": "C619AS300713", "Maker": "而⑥", "UpdateDate": "20190620", "Version": "2019", "Remark": null, "HistType": null, "HistRemark": null }, "geometry": { "type": "Point", "coordinates": [ 127.319443940524266, 36.532331440245791, 72.44088 ] } },
{ "type": "Feature", "properties": { "ID": "C119AS300483", "AdminCode": "413", "Type": "11", "LinkID": "A219AS300615", "Ref_Lane": 3, "PostID": "C619AS300712", "Maker": "而⑥", "UpdateDate": "20190620", "Version": "2019", "Remark": null, "HistType": null, "HistRemark": null }, "geometry": { "type": "Point", "coordinates": [ 127.319194492022206, 36.532358485396756, 70.583214142142552 ] } },
{ "type": "Feature", "properties": { "ID": "C119AS300482", "AdminCode": "413", "Type": "11", "LinkID": "A219AS300604", "Ref_Lane": 3, "PostID": "C619AS300714", "Maker": "而⑥", "UpdateDate": "20190620", "Version": "2019", "Remark": null, "HistType": null, "HistRemark": null }, "geometry": { "type": "Point", "coordinates": [ 127.319521970771305, 36.532582965008281, 70.210110440672835 ] } },
{ "type": "Feature", "properties": { "ID": "C119AS300481", "AdminCode": "413", "Type": "2", "LinkID": "A219AS300317", "Ref_Lane": 4, "PostID": "C619AS300751", "Maker": "而⑥", "UpdateDate": "20190620", "Version": "2019", "Remark": null, "HistType": null, "HistRemark": null }, "geometry": { "type": "Point", "coordinates": [ 127.315727737905263, 36.53488960500831, 79.359230769230749 ] } },
{ "type": "Feature", "properties": { "ID": "C119AS300480", "AdminCode": "413", "Type": "2", "LinkID": "A219AS300317", "Ref_Lane": 4, "PostID": "C619AS300751", "Maker": "而⑥", "UpdateDate": "20190620", "Version": "2019", "Remark": null, "HistType": null, "HistRemark": null }, "geometry": { "type": "Point", "coordinates": [ 127.315747747796266, 36.534921206646018, 79.30028 ] } },
{ "type": "Feature", "properties": { "ID": "C119AS300479", "AdminCode": "413", "Type": "2", "LinkID": "A219AS300339", "Ref_Lane": 5, "PostID": "C619AS300710", "Maker": "而⑥", "UpdateDate": "20190620", "Version": "2019", "Remark": null, "HistType": null, "HistRemark": null }, "geometry": { "type": "Point", "coordinates": [ 127.315614509685574, 36.534770890946206, 79.37938 ] } },
{ "type": "Feature", "properties": { "ID": "C119AS300478", "AdminCode": "413", "Type": "11", "LinkID": "A219AS300339", "Ref_Lane": 5, "PostID": "C619AS300750", "Maker": "而⑥", "UpdateDate": "20190620", "Version": "2019", "Remark": null, "HistType": null, "HistRemark": null }, "geometry": { "type": "Point", "coordinates": [ 127.315573623505557, 36.53471051022872, 77.504101438916379 ] } },
{ "type": "Feature", "properties": { "ID": "C119AS300477", "AdminCode": "413", "Type": "11", "LinkID": "A219AS300642", "Ref_Lane": 3, "PostID": "C619AS300703", "Maker": "而⑥", "UpdateDate": "20190620", "Version": "2019", "Remark": null, "HistType": null, "HistRemark": null }, "geometry": { "type": "Point", "coordinates": [ 127.310392809694278, 36.536983699944955, 70.85929 ] } },
{ "type": "Feature", "properties": { "ID": "C119AS300476", "AdminCode": "413", "Type": "2", "LinkID": "A219AS303055", "Ref_Lane": 2, "PostID": "C619AS300754", "Maker": "而⑥", "UpdateDate": "20190620", "Version": "2019", "Remark": null, "HistType": null, "HistRemark": null }, "geometry": { "type": "Point", "coordinates": [ 127.294748633551748, 36.534034517565303, 72.38765 ] } },
{ "type": "Feature", "properties": { "ID": "C119AS300475", "AdminCode": "413", "Type": "2", "LinkID": "A219AS303055", "Ref_Lane": 2, "PostID": "C619AS300754", "Maker": "而⑥", "UpdateDate": "20190620", "Version": "2019", "Remark": null, "HistType": null, "HistRemark": null }, "geometry": { "type": "Point", "coordinates": [ 127.29479175832823, 36.534042245005594, 72.40382 ] } },
{ "type": "Feature", "properties": { "ID": "C119AS300474", "AdminCode": "413", "Type": "11", "LinkID": "A219AS303055", "Ref_Lane": 2, "PostID": "C619AS300754", "Maker": "而⑥", "UpdateDate": "20190620", "Version": "2019", "Remark": null, "HistType": null, "HistRemark": null }, "geometry": { "type": "Point", "coordinates": [ 127.294852702961208, 36.534057954777957, 70.112701545964399 ] } },
{ "type": "Feature", "properties": { "ID": "C119AS300473", "AdminCode": "413", "Type": "1", "LinkID": "A219AS303024", "Ref_Lane": 2, "PostID": "C619AS300758", "Maker": "而⑥", "UpdateDate": "20190620", "Version": "2019", "Remark": null, "HistType": null, "HistRemark": null }, "geometry": { "type": "Point", "coordinates": [ 127.281722207466089, 36.5344237914695, 82.861200888355285 ] } },
{ "type": "Feature", "properties": { "ID": "C119AS300472", "AdminCode": "413", "Type": "1", "LinkID": "A219AS303024", "Ref_Lane": 2, "PostID": "C619AS300758", "Maker": "而⑥", "UpdateDate": "20190620", "Version": "2019", "Remark": null, "HistType": null, "HistRemark": null }, "geometry": { "type": "Point", "coordinates": [ 127.281751845344687, 36.53442536125484, 82.904400024009618 ] } },
{ "type": "Feature", "properties": { "ID": "C119AS300471", "AdminCode": "413", "Type": "11", "LinkID": "A219AS300417", "Ref_Lane": 4, "PostID": "C619AS300699", "Maker": "而⑥", "UpdateDate": "20190620", "Version": "2019", "Remark": null, "HistType": null, "HistRemark": null }, "geometry": { "type": "Point", "coordinates": [ 127.325170933257397, 36.498902645162431, 60.078806962854287 ] } },
{ "type": "Feature", "properties": { "ID": "C119AS300470", "AdminCode": "413", "Type": "8", "LinkID": "A219AS303144", "Ref_Lane": 2, "PostID": "C619AS300701", "Maker": "而⑥", "UpdateDate": "20190620", "Version": "2019", "Remark": null, "HistType": null, "HistRemark": null }, "geometry": { "type": "Point", "coordinates": [ 127.324949078918536, 36.498865072191876, 61.926850349910247 ] } },
{ "type": "Feature", "properties": { "ID": "C119AS300469", "AdminCode": "413", "Type": "8", "LinkID": "A219AS300865", "Ref_Lane": 1, "PostID": "C619AS300700", "Maker": "而⑥", "UpdateDate": "20190620", "Version": "2019", "Remark": null, "HistType": null, "HistRemark": null }, "geometry": { "type": "Point", "coordinates": [ 127.325274092662468, 36.498759647875055, 62.082737154619998 ] } },
{ "type": "Feature", "properties": { "ID": "C119AS300468", "AdminCode": "413", "Type": "8", "LinkID": "A219AS300865", "Ref_Lane": 1, "PostID": "C619AS300700", "Maker": "而⑥", "UpdateDate": "20190620", "Version": "2019", "Remark": null, "HistType": null, "HistRemark": null }, "geometry": { "type": "Point", "coordinates": [ 127.325280888309052, 36.498741005500094, 62.082737154619998 ] } },
{ "type": "Feature", "properties": { "ID": "C119AS300467", "AdminCode": "413", "Type": "2", "LinkID": "A219AS300417", "Ref_Lane": 4, "PostID": "C619AS300699", "Maker": "而⑥", "UpdateDate": "20190620", "Version": "2019", "Remark": null, "HistType": null, "HistRemark": null }, "geometry": { "type": "Point", "coordinates": [ 127.325218259819962, 36.49882489485077, 61.982737154619997 ] } },
{ "type": "Feature", "properties": { "ID": "C119AS300466", "AdminCode": "413", "Type": "2", "LinkID": "A219AS300417", "Ref_Lane": 4, "PostID": "C619AS300699", "Maker": "而⑥", "UpdateDate": "20190620", "Version": "2019", "Remark": null, "HistType": null, "HistRemark": null }, "geometry": { "type": "Point", "coordinates": [ 127.32520213163599, 36.498857815112331, 62.082737154619998 ] } },
{ "type": "Feature", "properties": { "ID": "C119AS300465", "AdminCode": "413", "Type": "11", "LinkID": "A219AS300317", "Ref_Lane": 5, "PostID": "C619AS300751", "Maker": "而⑥", "UpdateDate": "20190620", "Version": "2019", "Remark": null, "HistType": null, "HistRemark": null }, "geometry": { "type": "Point", "coordinates": [ 127.315770215127742, 36.534970022717623, 77.444457404009455 ] } },
{ "type": "Feature", "properties": { "ID": "C119AS300464", "AdminCode": "413", "Type": "11", "LinkID": "A219AS300645", "Ref_Lane": 3, "PostID": "C619AS300759", "Maker": "而⑥", "UpdateDate": "20190620", "Version": "2019", "Remark": null, "HistType": null, "HistRemark": null }, "geometry": { "type": "Point", "coordinates": [ 127.310156263075584, 36.536700676455126, 70.705445817678253 ] } },
{ "type": "Feature", "properties": { "ID": "C119AS300463", "AdminCode": "413", "Type": "8", "LinkID": "A223BH300039", "Ref_Lane": 2, "PostID": "C619AS300744", "Maker": "而⑥", "UpdateDate": "20190620", "Version": "2019", "Remark": null, "HistType": null, "HistRemark": null }, "geometry": { "type": "Point", "coordinates": [ 127.328399338385566, 36.501169357650049, 64.96645 ] } },
{ "type": "Feature", "properties": { "ID": "C119AS300461", "AdminCode": "413", "Type": "1", "LinkID": "A223BH300011", "Ref_Lane": 2, "PostID": "C619AS300742", "Maker": "而⑥", "UpdateDate": "20190620", "Version": "2019", "Remark": null, "HistType": null, "HistRemark": null }, "geometry": { "type": "Point", "coordinates": [ 127.328764400748867, 36.50104786545014, 65.035 ] } },
{ "type": "Feature", "properties": { "ID": "C119AS300460", "AdminCode": "413", "Type": "8", "LinkID": "A219AS300451", "Ref_Lane": 1, "PostID": "C619AS300740", "Maker": "而⑥", "UpdateDate": "20190620", "Version": "2019", "Remark": null, "HistType": null, "HistRemark": null }, "geometry": { "type": "Point", "coordinates": [ 127.328720297973547, 36.501405200937199, 66.45764 ] } },
{ "type": "Feature", "properties": { "ID": "C119AS300459", "AdminCode": "413", "Type": "8", "LinkID": "A219AS300451", "Ref_Lane": 1, "PostID": "C619AS300740", "Maker": "而⑥", "UpdateDate": "20190620", "Version": "2019", "Remark": null, "HistType": null, "HistRemark": null }, "geometry": { "type": "Point", "coordinates": [ 127.328692000561972, 36.501417327128287, 66.409582746489662 ] } },
{ "type": "Feature", "properties": { "ID": "C119AS300458", "AdminCode": "413", "Type": "2", "LinkID": "A223BH300039", "Ref_Lane": 2, "PostID": "C619AS300739", "Maker": "而⑥", "UpdateDate": "20190620", "Version": "2019", "Remark": null, "HistType": null, "HistRemark": null }, "geometry": { "type": "Point", "coordinates": [ 127.328576961617003, 36.501431797305848, 66.0715 ] } },
{ "type": "Feature", "properties": { "ID": "C119AS300457", "AdminCode": "413", "Type": "1", "LinkID": "A223BH300039", "Ref_Lane": 2, "PostID": "C619AS300739", "Maker": "而⑥", "UpdateDate": "20190620", "Version": "2019", "Remark": null, "HistType": null, "HistRemark": null }, "geometry": { "type": "Point", "coordinates": [ 127.328538070209817, 36.501446282756376, 65.976360341682465 ] } },
{ "type": "Feature", "properties": { "ID": "C119AS300456", "AdminCode": "413", "Type": "11", "LinkID": "A219AS300438", "Ref_Lane": 3, "PostID": "C619AS300739", "Maker": "而⑥", "UpdateDate": "20190620", "Version": "2019", "Remark": null, "HistType": null, "HistRemark": null }, "geometry": { "type": "Point", "coordinates": [ 127.328498647845635, 36.501455218146646, 64.14147 ] } },
{ "type": "Feature", "properties": { "ID": "C119AS300455", "AdminCode": "413", "Type": "1", "LinkID": "A219AS300451", "Ref_Lane": 3, "PostID": "C619AS300738", "Maker": "而⑥", "UpdateDate": "20190620", "Version": "2019", "Remark": null, "HistType": null, "HistRemark": null }, "geometry": { "type": "Point", "coordinates": [ 127.328819824772722, 36.501392393767617, 66.280663678010427 ] } },
{ "type": "Feature", "properties": { "ID": "C119AS300454", "AdminCode": "413", "Type": "11", "LinkID": "A219AS300451", "Ref_Lane": 3, "PostID": "C619AS300738", "Maker": "而⑥", "UpdateDate": "20190620", "Version": "2019", "Remark": null, "HistType": null, "HistRemark": null }, "geometry": { "type": "Point", "coordinates": [ 127.328875668382068, 36.501367751436113, 64.318387656391792 ] } },
{ "type": "Feature", "properties": { "ID": "C119AS300453", "AdminCode": "413", "Type": "11", "LinkID": "A219AS303128", "Ref_Lane": 2, "PostID": "C619AS300736", "Maker": "而⑥", "UpdateDate": "20190620", "Version": "2019", "Remark": null, "HistType": null, "HistRemark": null }, "geometry": { "type": "Point", "coordinates": [ 127.330503235216625, 36.519841061289164, 66.303359349725511 ] } },
{ "type": "Feature", "properties": { "ID": "C119AS300452", "AdminCode": "413", "Type": "11", "LinkID": "A219AS300478", "Ref_Lane": 4, "PostID": "C619AS300737", "Maker": "而⑥", "UpdateDate": "20190620", "Version": "2019", "Remark": null, "HistType": null, "HistRemark": null }, "geometry": { "type": "Point", "coordinates": [ 127.330917524377782, 36.519745058060622, 65.981802253620472 ] } },
{ "type": "Feature", "properties": { "ID": "C119AS300451", "AdminCode": "413", "Type": "2", "LinkID": "A219AS300485", "Ref_Lane": 4, "PostID": "C619AS300736", "Maker": "而⑥", "UpdateDate": "20190620", "Version": "2019", "Remark": null, "HistType": null, "HistRemark": null }, "geometry": { "type": "Point", "coordinates": [ 127.330610657403014, 36.51985286444782, 68.293577786863764 ] } },
{ "type": "Feature", "properties": { "ID": "C119AS300450", "AdminCode": "413", "Type": "2", "LinkID": "A219AS300478", "Ref_Lane": 4, "PostID": "C619AS300737", "Maker": "而⑥", "UpdateDate": "20190620", "Version": "2019", "Remark": null, "HistType": null, "HistRemark": null }, "geometry": { "type": "Point", "coordinates": [ 127.330808873296533, 36.519747433558784, 68.150932096539805 ] } },
{ "type": "Feature", "properties": { "ID": "C119AS300449", "AdminCode": "413", "Type": "1", "LinkID": "A219AS300478", "Ref_Lane": 4, "PostID": "C619AS300737", "Maker": "而⑥", "UpdateDate": "20190620", "Version": "2019", "Remark": null, "HistType": null, "HistRemark": null }, "geometry": { "type": "Point", "coordinates": [ 127.330853075466607, 36.519745073403691, 68.080268378142051 ] } },
{ "type": "Feature", "properties": { "ID": "C119AS300448", "AdminCode": "413", "Type": "8", "LinkID": "A219AS300470", "Ref_Lane": 1, "PostID": "C619AS300749", "Maker": "而⑥", "UpdateDate": "20190620", "Version": "2019", "Remark": null, "HistType": null, "HistRemark": null }, "geometry": { "type": "Point", "coordinates": [ 127.330733688773662, 36.519711948102746, 67.993350876378287 ] } },
{ "type": "Feature", "properties": { "ID": "C119AS300447", "AdminCode": "413", "Type": "8", "LinkID": "A219AS300868", "Ref_Lane": 1, "PostID": "C619AS300749", "Maker": "而⑥", "UpdateDate": "20190620", "Version": "2019", "Remark": null, "HistType": null, "HistRemark": null }, "geometry": { "type": "Point", "coordinates": [ 127.330702616273101, 36.519713810880788, 67.989535582753234 ] } },
{ "type": "Feature", "properties": { "ID": "C119AS300446", "AdminCode": "413", "Type": "2", "LinkID": "A219AS300476", "Ref_Lane": 3, "PostID": "C619AS300733", "Maker": "而⑥", "UpdateDate": "20190620", "Version": "2019", "Remark": null, "HistType": null, "HistRemark": null }, "geometry": { "type": "Point", "coordinates": [ 127.330840938698941, 36.520179005353953, 69.325519199448408 ] } },
{ "type": "Feature", "properties": { "ID": "C119AS300445", "AdminCode": "413", "Type": "11", "LinkID": "A219AS300478", "Ref_Lane": 4, "PostID": "C619AS300733", "Maker": "而⑥", "UpdateDate": "20190620", "Version": "2019", "Remark": null, "HistType": null, "HistRemark": null }, "geometry": { "type": "Point", "coordinates": [ 127.330947943785446, 36.520193564287595, 67.355961954336621 ] } },
{ "type": "Feature", "properties": { "ID": "C119AS300444", "AdminCode": "413", "Type": "2", "LinkID": "A219AS300485", "Ref_Lane": 4, "PostID": "C619AS300731", "Maker": "而⑥", "UpdateDate": "20190620", "Version": "2019", "Remark": null, "HistType": null, "HistRemark": null }, "geometry": { "type": "Point", "coordinates": [ 127.330637503850483, 36.52027731380057, 69.553698128147076 ] } },
{ "type": "Feature", "properties": { "ID": "C119AS300443", "AdminCode": "413", "Type": "1", "LinkID": "A219AS300485", "Ref_Lane": 4, "PostID": "C619AS300735", "Maker": "而⑥", "UpdateDate": "20190620", "Version": "2019", "Remark": null, "HistType": null, "HistRemark": null }, "geometry": { "type": "Point", "coordinates": [ 127.330593478071208, 36.520276592947965, 69.611201536620257 ] } },
{ "type": "Feature", "properties": { "ID": "C119AS300442", "AdminCode": "413", "Type": "8", "LinkID": "A219AS300871", "Ref_Lane": 1, "PostID": "C619AS300732", "Maker": "而⑥", "UpdateDate": "20190620", "Version": "2019", "Remark": null, "HistType": null, "HistRemark": null }, "geometry": { "type": "Point", "coordinates": [ 127.330707239892533, 36.52031832357023, 70.224209575645048 ] } },
{ "type": "Feature", "properties": { "ID": "C119AS300441", "AdminCode": "413", "Type": "1", "LinkID": "A219AS300505", "Ref_Lane": 3, "PostID": "C619AS300729", "Maker": "而⑥", "UpdateDate": "20190620", "Version": "2019", "Remark": null, "HistType": null, "HistRemark": null }, "geometry": { "type": "Point", "coordinates": [ 127.328873203185424, 36.524620209601025, 76.396729079905342 ] } },
{ "type": "Feature", "properties": { "ID": "C119AS300440", "AdminCode": "413", "Type": "11", "LinkID": "A219AS300505", "Ref_Lane": 3, "PostID": "C619AS300729", "Maker": "而⑥", "UpdateDate": "20190620", "Version": "2019", "Remark": null, "HistType": null, "HistRemark": null }, "geometry": { "type": "Point", "coordinates": [ 127.32894543608279, 36.524658603167076, 74.351443598987672 ] } },
{ "type": "Feature", "properties": { "ID": "C119AS300439", "AdminCode": "413", "Type": "11", "LinkID": "A219AS300507", "Ref_Lane": 3, "PostID": "C619AS300730", "Maker": "而⑥", "UpdateDate": "20190620", "Version": "2019", "Remark": null, "HistType": null, "HistRemark": null }, "geometry": { "type": "Point", "coordinates": [ 127.328569301866324, 36.52449482445148, 74.631596810923241 ] } },
{ "type": "Feature", "properties": { "ID": "C119AS300438", "AdminCode": "413", "Type": "1", "LinkID": "A219AS300507", "Ref_Lane": 3, "PostID": "C619AS300730", "Maker": "而⑥", "UpdateDate": "20190620", "Version": "2019", "Remark": null, "HistType": null, "HistRemark": null }, "geometry": { "type": "Point", "coordinates": [ 127.328627728363742, 36.524516470135289, 76.297824997066982 ] } },
{ "type": "Feature", "properties": { "ID": "C119AS300437", "AdminCode": "413", "Type": "1", "LinkID": "A219AS300874", "Ref_Lane": 1, "PostID": "C619AS300728", "Maker": "而⑥", "UpdateDate": "20190620", "Version": "2019", "Remark": null, "HistType": null, "HistRemark": null }, "geometry": { "type": "Point", "coordinates": [ 127.328709443236022, 36.524749927314758, 76.84926667247268 ] } },
{ "type": "Feature", "properties": { "ID": "C119AS300436", "AdminCode": "413", "Type": "8", "LinkID": "A219AS300873", "Ref_Lane": 1, "PostID": "C619AS300728", "Maker": "而⑥", "UpdateDate": "20190620", "Version": "2019", "Remark": null, "HistType": null, "HistRemark": null }, "geometry": { "type": "Point", "coordinates": [ 127.328694250119227, 36.524704262061363, 76.861439304116161 ] } },
{ "type": "Feature", "properties": { "ID": "C119AS300435", "AdminCode": "413", "Type": "1", "LinkID": "A219AS300874", "Ref_Lane": 1, "PostID": "C619AS300727", "Maker": "而⑥", "UpdateDate": "20190620", "Version": "2019", "Remark": null, "HistType": null, "HistRemark": null }, "geometry": { "type": "Point", "coordinates": [ 127.328497796205895, 36.524839110700988, 77.169190015948502 ] } },
{ "type": "Feature", "properties": { "ID": "C119AS300434", "AdminCode": "413", "Type": "8", "LinkID": "A219AS300877", "Ref_Lane": 1, "PostID": "C619AS300727", "Maker": "而⑥", "UpdateDate": "20190620", "Version": "2019", "Remark": null, "HistType": null, "HistRemark": null }, "geometry": { "type": "Point", "coordinates": [ 127.328514925904955, 36.524884995449, 77.146958611021333 ] } },
{ "type": "Feature", "properties": { "ID": "C119AS300433", "AdminCode": "413", "Type": "1", "LinkID": "A219AS300505", "Ref_Lane": 3, "PostID": "C619AS300726", "Maker": "而⑥", "UpdateDate": "20190620", "Version": "2019", "Remark": null, "HistType": null, "HistRemark": null }, "geometry": { "type": "Point", "coordinates": [ 127.328588806183291, 36.525049365045859, 76.609806338590545 ] } },
{ "type": "Feature", "properties": { "ID": "C119AS300432", "AdminCode": "413", "Type": "11", "LinkID": "A219AS300505", "Ref_Lane": 3, "PostID": "C619AS300726", "Maker": "而⑥", "UpdateDate": "20190620", "Version": "2019", "Remark": null, "HistType": null, "HistRemark": null }, "geometry": { "type": "Point", "coordinates": [ 127.328645565009211, 36.525075837699895, 74.846918671271311 ] } },
{ "type": "Feature", "properties": { "ID": "C119AS300431", "AdminCode": "413", "Type": "1", "LinkID": "A219AS300507", "Ref_Lane": 3, "PostID": "C619AS300725", "Maker": "而⑥", "UpdateDate": "20190620", "Version": "2019", "Remark": null, "HistType": null, "HistRemark": null }, "geometry": { "type": "Point", "coordinates": [ 127.328329483229339, 36.524963810468762, 76.843654207593261 ] } },
{ "type": "Feature", "properties": { "ID": "C119AS300430", "AdminCode": "413", "Type": "11", "LinkID": "A219AS300507", "Ref_Lane": 3, "PostID": "C619AS300725", "Maker": "而⑥", "UpdateDate": "20190620", "Version": "2019", "Remark": null, "HistType": null, "HistRemark": null }, "geometry": { "type": "Point", "coordinates": [ 127.328260825166979, 36.524920671087941, 75.011254246173309 ] } },
{ "type": "Feature", "properties": { "ID": "C119AS300429", "AdminCode": "413", "Type": "2", "LinkID": "A219AS300581", "Ref_Lane": 3, "PostID": "C619AS300724", "Maker": "而⑥", "UpdateDate": "20190620", "Version": "2019", "Remark": null, "HistType": null, "HistRemark": null }, "geometry": { "type": "Point", "coordinates": [ 127.323434005009645, 36.529106783423934, 65.10219 ] } },
{ "type": "Feature", "properties": { "ID": "C119AS300428", "AdminCode": "413", "Type": "11", "LinkID": "A219AS300579", "Ref_Lane": 5, "PostID": "C619AS300724", "Maker": "而⑥", "UpdateDate": "20190620", "Version": "2019", "Remark": null, "HistType": null, "HistRemark": null }, "geometry": { "type": "Point", "coordinates": [ 127.323366727366292, 36.529065203403576, 63.272170926303247 ] } },
{ "type": "Feature", "properties": { "ID": "C119AS300427", "AdminCode": "413", "Type": "2", "LinkID": "A219AS300537", "Ref_Lane": 5, "PostID": "C619AS300723", "Maker": "而⑥", "UpdateDate": "20190620", "Version": "2019", "Remark": null, "HistType": null, "HistRemark": null }, "geometry": { "type": "Point", "coordinates": [ 127.323558908537578, 36.529218242295016, 65.910414282329029 ] } },
{ "type": "Feature", "properties": { "ID": "C119AS300426", "AdminCode": "413", "Type": "2", "LinkID": "A219AS300537", "Ref_Lane": 5, "PostID": "C619AS300723", "Maker": "而⑥", "UpdateDate": "20190620", "Version": "2019", "Remark": null, "HistType": null, "HistRemark": null }, "geometry": { "type": "Point", "coordinates": [ 127.323591898843546, 36.529241632749219, 65.871347546396521 ] } },
{ "type": "Feature", "properties": { "ID": "C119AS300425", "AdminCode": "413", "Type": "11", "LinkID": "A219AS300537", "Ref_Lane": 5, "PostID": "C619AS300723", "Maker": "而⑥", "UpdateDate": "20190620", "Version": "2019", "Remark": null, "HistType": null, "HistRemark": null }, "geometry": { "type": "Point", "coordinates": [ 127.323634855183613, 36.529279757826387, 64.229580982420714 ] } },
{ "type": "Feature", "properties": { "ID": "C119AS300424", "AdminCode": "413", "Type": "2", "LinkID": "A219AS300531", "Ref_Lane": 3, "PostID": "C619AS300718", "Maker": "而⑥", "UpdateDate": "20190620", "Version": "2019", "Remark": null, "HistType": null, "HistRemark": null }, "geometry": { "type": "Point", "coordinates": [ 127.323160591375057, 36.529561979614591, 65.967765464173709 ] } },
{ "type": "Feature", "properties": { "ID": "C119AS300423", "AdminCode": "413", "Type": "11", "LinkID": "A219AS300531", "Ref_Lane": 3, "PostID": "C619AS300718", "Maker": "而⑥", "UpdateDate": "20190620", "Version": "2019", "Remark": null, "HistType": null, "HistRemark": null }, "geometry": { "type": "Point", "coordinates": [ 127.323220898548939, 36.529609727641677, 64.27400315638809 ] } },
{ "type": "Feature", "properties": { "ID": "C119AS300422", "AdminCode": "413", "Type": "11", "LinkID": "A219AS300579", "Ref_Lane": 5, "PostID": "C619AS300722", "Maker": "而⑥", "UpdateDate": "20190620", "Version": "2019", "Remark": null, "HistType": null, "HistRemark": null }, "geometry": { "type": "Point", "coordinates": [ 127.322936154819985, 36.529408949547907, 62.818069880493212 ] } },
{ "type": "Feature", "properties": { "ID": "C119AS300421", "AdminCode": "413", "Type": "2", "LinkID": "A219AS300579", "Ref_Lane": 5, "PostID": "C619AS300722", "Maker": "而⑥", "UpdateDate": "20190620", "Version": "2019", "Remark": null, "HistType": null, "HistRemark": null }, "geometry": { "type": "Point", "coordinates": [ 127.323006692290718, 36.529475533425241, 64.910083189831553 ] } },
{ "type": "Feature", "properties": { "ID": "C119AS300420", "AdminCode": "413", "Type": "1", "LinkID": "A219AS300579", "Ref_Lane": 5, "PostID": "C619AS300722", "Maker": "而⑥", "UpdateDate": "20190620", "Version": "2019", "Remark": null, "HistType": null, "HistRemark": null }, "geometry": { "type": "Point", "coordinates": [ 127.322976134113688, 36.529450037909882, 64.811627370950433 ] } },
{ "type": "Feature", "properties": { "ID": "C119AS300419", "AdminCode": "413", "Type": "1", "LinkID": "A219AS300604", "Ref_Lane": 3, "PostID": "C619AS300716", "Maker": "而⑥", "UpdateDate": "20190620", "Version": "2019", "Remark": null, "HistType": null, "HistRemark": null }, "geometry": { "type": "Point", "coordinates": [ 127.319832295644588, 36.532235941160131, 70.99558175581879 ] } },
{ "type": "Feature", "properties": { "ID": "C119AS300418", "AdminCode": "413", "Type": "11", "LinkID": "A219AS300604", "Ref_Lane": 3, "PostID": "C619AS300716", "Maker": "而⑥", "UpdateDate": "20190620", "Version": "2019", "Remark": null, "HistType": null, "HistRemark": null }, "geometry": { "type": "Point", "coordinates": [ 127.319890219060412, 36.532288557067737, 69.053734884779161 ] } },
{ "type": "Feature", "properties": { "ID": "C119AS300417", "AdminCode": "413", "Type": "11", "LinkID": "A219AS300615", "Ref_Lane": 3, "PostID": "C619AS300717", "Maker": "而⑥", "UpdateDate": "20190620", "Version": "2019", "Remark": null, "HistType": null, "HistRemark": null }, "geometry": { "type": "Point", "coordinates": [ 127.319585921799742, 36.532044567554728, 68.941609686502233 ] } },
{ "type": "Feature", "properties": { "ID": "C119AS300416", "AdminCode": "413", "Type": "1", "LinkID": "A219AS300615", "Ref_Lane": 3, "PostID": "C619AS300717", "Maker": "而⑥", "UpdateDate": "20190620", "Version": "2019", "Remark": null, "HistType": null, "HistRemark": null }, "geometry": { "type": "Point", "coordinates": [ 127.319634109504861, 36.532079209693599, 71.012120441879134 ] } },
{ "type": "Feature", "properties": { "ID": "C119AS300415", "AdminCode": "413", "Type": "3", "LinkID": "A219AS300587", "Ref_Lane": 1, "PostID": "C619AS300715", "Maker": "而⑥", "UpdateDate": "20190620", "Version": "2019", "Remark": null, "HistType": null, "HistRemark": null }, "geometry": { "type": "Point", "coordinates": [ 127.319638900964051, 36.532270377949629, 71.852692211777679 ] } },
{ "type": "Feature", "properties": { "ID": "C119AS300414", "AdminCode": "413", "Type": "1", "LinkID": "A219AS300878", "Ref_Lane": 1, "PostID": "C619AS300715", "Maker": "而⑥", "UpdateDate": "20190620", "Version": "2019", "Remark": null, "HistType": null, "HistRemark": null }, "geometry": { "type": "Point", "coordinates": [ 127.319633956893284, 36.532317146450978, 71.85858287214829 ] } },
{ "type": "Feature", "properties": { "ID": "C119AS300413", "AdminCode": "413", "Type": "8", "LinkID": "A219AS300613", "Ref_Lane": 1, "PostID": "C619AS300713", "Maker": "而⑥", "UpdateDate": "20190620", "Version": "2019", "Remark": null, "HistType": null, "HistRemark": null }, "geometry": { "type": "Point", "coordinates": [ 127.319444697293576, 36.532377728702095, 72.42654514405622 ] } },
{ "type": "Feature", "properties": { "ID": "C119AS300412", "AdminCode": "413", "Type": "1", "LinkID": "A219AS300615", "Ref_Lane": 3, "PostID": "C619AS300712", "Maker": "而⑥", "UpdateDate": "20190620", "Version": "2019", "Remark": null, "HistType": null, "HistRemark": null }, "geometry": { "type": "Point", "coordinates": [ 127.319249961183445, 36.532413442592201, 72.408725891490292 ] } },
{ "type": "Feature", "properties": { "ID": "C119AS300411", "AdminCode": "413", "Type": "1", "LinkID": "A219AS300615", "Ref_Lane": 3, "PostID": "C619AS300712", "Maker": "而⑥", "UpdateDate": "20190620", "Version": "2019", "Remark": null, "HistType": null, "HistRemark": null }, "geometry": { "type": "Point", "coordinates": [ 127.319219122706272, 36.532387266930904, 72.455339955924387 ] } },
{ "type": "Feature", "properties": { "ID": "C119AS300410", "AdminCode": "413", "Type": "1", "LinkID": "A219AS300317", "Ref_Lane": 3, "PostID": "C619AS300714", "Maker": "而⑥", "UpdateDate": "20190620", "Version": "2019", "Remark": null, "HistType": null, "HistRemark": null }, "geometry": { "type": "Point", "coordinates": [ 127.319471278087846, 36.532549813888053, 72.105767041703146 ] } },
{ "type": "Feature", "properties": { "ID": "C119AS300409", "AdminCode": "413", "Type": "11", "LinkID": "A219AS300317", "Ref_Lane": 5, "PostID": "C619AS300709", "Maker": "而⑥", "UpdateDate": "20190620", "Version": "2019", "Remark": null, "HistType": null, "HistRemark": null }, "geometry": { "type": "Point", "coordinates": [ 127.315220652648875, 36.535221859274692, 76.770270427060538 ] } },
{ "type": "Feature", "properties": { "ID": "C119AS300408", "AdminCode": "413", "Type": "2", "LinkID": "A219AS300317", "Ref_Lane": 5, "PostID": "C619AS300709", "Maker": "而⑥", "UpdateDate": "20190620", "Version": "2019", "Remark": null, "HistType": null, "HistRemark": null }, "geometry": { "type": "Point", "coordinates": [ 127.315168839670505, 36.535168478150752, 78.883614735225734 ] } },
{ "type": "Feature", "properties": { "ID": "C119AS300407", "AdminCode": "413", "Type": "1", "LinkID": "A219AS300339", "Ref_Lane": 5, "PostID": "C619AS300708", "Maker": "而⑥", "UpdateDate": "20190620", "Version": "2019", "Remark": null, "HistType": null, "HistRemark": null }, "geometry": { "type": "Point", "coordinates": [ 127.315066458567031, 36.535042163177621, 78.947840637924457 ] } },
{ "type": "Feature", "properties": { "ID": "C119AS300406", "AdminCode": "413", "Type": "1", "LinkID": "A219AS300339", "Ref_Lane": 5, "PostID": "C619AS300708", "Maker": "而⑥", "UpdateDate": "20190620", "Version": "2019", "Remark": null, "HistType": null, "HistRemark": null }, "geometry": { "type": "Point", "coordinates": [ 127.315045936544195, 36.535011486011932, 78.917333963128272 ] } },
{ "type": "Feature", "properties": { "ID": "C119AS300405", "AdminCode": "413", "Type": "11", "LinkID": "A219AS300339", "Ref_Lane": 5, "PostID": "C619AS300708", "Maker": "而⑥", "UpdateDate": "20190620", "Version": "2019", "Remark": null, "HistType": null, "HistRemark": null }, "geometry": { "type": "Point", "coordinates": [ 127.315020871249871, 36.534963339508401, 76.907776248387279 ] } },
{ "type": "Feature", "properties": { "ID": "C119AS300404", "AdminCode": "413", "Type": "11", "LinkID": "A219AS300823", "Ref_Lane": 2, "PostID": "C619AS300748", "Maker": "而⑥", "UpdateDate": "20190620", "Version": "2019", "Remark": null, "HistType": null, "HistRemark": null }, "geometry": { "type": "Point", "coordinates": [ 127.311802482383811, 36.536330480309609, 72.588624488674455 ] } },
{ "type": "Feature", "properties": { "ID": "C119AS300403", "AdminCode": "413", "Type": "11", "LinkID": "A219AS300361", "Ref_Lane": 2, "PostID": "C619AS300747", "Maker": "而⑥", "UpdateDate": "20190620", "Version": "2019", "Remark": null, "HistType": null, "HistRemark": null }, "geometry": { "type": "Point", "coordinates": [ 127.312085681949142, 36.536569041843755, 72.739506670928918 ] } },
{ "type": "Feature", "properties": { "ID": "C119AS300402", "AdminCode": "413", "Type": "8", "LinkID": "A219AS300359", "Ref_Lane": 1, "PostID": "C619AS300706", "Maker": "而⑥", "UpdateDate": "20190620", "Version": "2019", "Remark": null, "HistType": null, "HistRemark": null }, "geometry": { "type": "Point", "coordinates": [ 127.31187529276886, 36.536479459335851, 75.07758155230384 ] } },
{ "type": "Feature", "properties": { "ID": "C119AS300401", "AdminCode": "413", "Type": "1", "LinkID": "A219AS300361", "Ref_Lane": 2, "PostID": "C619AS300706", "Maker": "而⑥", "UpdateDate": "20190620", "Version": "2019", "Remark": null, "HistType": null, "HistRemark": null }, "geometry": { "type": "Point", "coordinates": [ 127.311919153432072, 36.53655932484245, 74.898699222479237 ] } },
{ "type": "Feature", "properties": { "ID": "C119AS300400", "AdminCode": "413", "Type": "1", "LinkID": "A219AS300361", "Ref_Lane": 2, "PostID": "C619AS300706", "Maker": "而⑥", "UpdateDate": "20190620", "Version": "2019", "Remark": null, "HistType": null, "HistRemark": null }, "geometry": { "type": "Point", "coordinates": [ 127.311906625811687, 36.536536775624015, 74.937195444000338 ] } },
{ "type": "Feature", "properties": { "ID": "C119AS300399", "AdminCode": "413", "Type": "1", "LinkID": "A219AS300827", "Ref_Lane": 2, "PostID": "C619AS300707", "Maker": "而⑥", "UpdateDate": "20190620", "Version": "2019", "Remark": null, "HistType": null, "HistRemark": null }, "geometry": { "type": "Point", "coordinates": [ 127.311693128543183, 36.536402036433479, 74.930015821008936 ] } },
{ "type": "Feature", "properties": { "ID": "C119AS300398", "AdminCode": "413", "Type": "1", "LinkID": "A219AS300827", "Ref_Lane": 2, "PostID": "C619AS300707", "Maker": "而⑥", "UpdateDate": "20190620", "Version": "2019", "Remark": null, "HistType": null, "HistRemark": null }, "geometry": { "type": "Point", "coordinates": [ 127.311705804481477, 36.536424498992503, 74.917934007857951 ] } },
{ "type": "Feature", "properties": { "ID": "C119AS300397", "AdminCode": "413", "Type": "8", "LinkID": "A219AS300881", "Ref_Lane": 1, "PostID": "C619AS300707", "Maker": "而⑥", "UpdateDate": "20190620", "Version": "2019", "Remark": null, "HistType": null, "HistRemark": null }, "geometry": { "type": "Point", "coordinates": [ 127.311737762009159, 36.536481596052994, 74.912486413419273 ] } },
{ "type": "Feature", "properties": { "ID": "C119AS300396", "AdminCode": "413", "Type": "11", "LinkID": "A219AS300849", "Ref_Lane": 2, "PostID": "C619AS300705", "Maker": "而⑥", "UpdateDate": "20190620", "Version": "2019", "Remark": null, "HistType": null, "HistRemark": null }, "geometry": { "type": "Point", "coordinates": [ 127.311805423757548, 36.536631727970452, 72.469269793177276 ] } },
{ "type": "Feature", "properties": { "ID": "C119AS300395", "AdminCode": "413", "Type": "11", "LinkID": "A219AS300827", "Ref_Lane": 3, "PostID": "C619AS300704", "Maker": "而⑥", "UpdateDate": "20190620", "Version": "2019", "Remark": null, "HistType": null, "HistRemark": null }, "geometry": { "type": "Point", "coordinates": [ 127.311545422516815, 36.536402936469429, 72.333380137661777 ] } },
{ "type": "Feature", "properties": { "ID": "C119AS300394", "AdminCode": "413", "Type": "1", "LinkID": "A219AS300645", "Ref_Lane": 3, "PostID": "C619AS300759", "Maker": "而⑥", "UpdateDate": "20190620", "Version": "2019", "Remark": null, "HistType": null, "HistRemark": null }, "geometry": { "type": "Point", "coordinates": [ 127.310165493442867, 36.536752199646614, 72.612755810994415 ] } },
{ "type": "Feature", "properties": { "ID": "C119AS300393", "AdminCode": "413", "Type": "1", "LinkID": "A219AS300642", "Ref_Lane": 3, "PostID": "C619AS300703", "Maker": "而⑥", "UpdateDate": "20190620", "Version": "2019", "Remark": null, "HistType": null, "HistRemark": null }, "geometry": { "type": "Point", "coordinates": [ 127.310379133350452, 36.536914331130845, 73.086641585970014 ] } },
{ "type": "Feature", "properties": { "ID": "C119AS300392", "AdminCode": "413", "Type": "1", "LinkID": "A219AS300642", "Ref_Lane": 3, "PostID": "C619AS300703", "Maker": "而⑥", "UpdateDate": "20190620", "Version": "2019", "Remark": null, "HistType": null, "HistRemark": null }, "geometry": { "type": "Point", "coordinates": [ 127.310389022025376, 36.536949615140387, 72.95785939458105 ] } },
{ "type": "Feature", "properties": { "ID": "C119AS300391", "AdminCode": "413", "Type": "8", "LinkID": "A219AS300883", "Ref_Lane": 1, "PostID": "C619AS300702", "Maker": "而⑥", "UpdateDate": "20190620", "Version": "2019", "Remark": null, "HistType": null, "HistRemark": null }, "geometry": { "type": "Point", "coordinates": [ 127.310339094397548, 36.536824313414883, 72.910652398039261 ] } },
{ "type": "Feature", "properties": { "ID": "C119AS300390", "AdminCode": "413", "Type": "8", "LinkID": "A219AS300880", "Ref_Lane": 1, "PostID": "C619AS300702", "Maker": "而⑥", "UpdateDate": "20190620", "Version": "2019", "Remark": null, "HistType": null, "HistRemark": null }, "geometry": { "type": "Point", "coordinates": [ 127.310351621327953, 36.536847732060352, 72.948062343986763 ] } },
{ "type": "Feature", "properties": { "ID": "C119AS300389", "AdminCode": "413", "Type": "2", "LinkID": "A219AS303034", "Ref_Lane": 2, "PostID": "C619AS300698", "Maker": "而⑥", "UpdateDate": "20190620", "Version": "2019", "Remark": null, "HistType": null, "HistRemark": null }, "geometry": { "type": "Point", "coordinates": [ 127.287765619199249, 36.534459628441248, 80.89151 ] } },
{ "type": "Feature", "properties": { "ID": "C119AS300388", "AdminCode": "413", "Type": "2", "LinkID": "A219AS303034", "Ref_Lane": 2, "PostID": "C619AS300698", "Maker": "而⑥", "UpdateDate": "20190620", "Version": "2019", "Remark": null, "HistType": null, "HistRemark": null }, "geometry": { "type": "Point", "coordinates": [ 127.287722612932242, 36.534466249296401, 80.930291694919362 ] } },
{ "type": "Feature", "properties": { "ID": "C119AS300387", "AdminCode": "413", "Type": "11", "LinkID": "A219AS300858", "Ref_Lane": 2, "PostID": "C619AS300698", "Maker": "而⑥", "UpdateDate": "20190620", "Version": "2019", "Remark": null, "HistType": null, "HistRemark": null }, "geometry": { "type": "Point", "coordinates": [ 127.287654143536258, 36.534474592563022, 78.712396839844786 ] } },
{ "type": "Feature", "properties": { "ID": "C119AS300386", "AdminCode": "413", "Type": "1", "LinkID": "A219AS300858", "Ref_Lane": 2, "PostID": "C619AS300697", "Maker": "而⑥", "UpdateDate": "20190620", "Version": "2019", "Remark": null, "HistType": null, "HistRemark": null }, "geometry": { "type": "Point", "coordinates": [ 127.287862435899228, 36.534401081842972, 81.464343543823205 ] } },
{ "type": "Feature", "properties": { "ID": "C119AS300385", "AdminCode": "413", "Type": "1", "LinkID": "A219AS300858", "Ref_Lane": 2, "PostID": "C619AS300697", "Maker": "而⑥", "UpdateDate": "20190620", "Version": "2019", "Remark": null, "HistType": null, "HistRemark": null }, "geometry": { "type": "Point", "coordinates": [ 127.287856448541277, 36.534374310427211, 81.505188565293992 ] } },
{ "type": "Feature", "properties": { "ID": "C119AS300384", "AdminCode": "413", "Type": "8", "LinkID": "A219AS300892", "Ref_Lane": 1, "PostID": "C619AS300697", "Maker": "而⑥", "UpdateDate": "20190620", "Version": "2019", "Remark": null, "HistType": null, "HistRemark": null }, "geometry": { "type": "Point", "coordinates": [ 127.28784214727672, 36.534315868398437, 81.653920674411253 ] } },
{ "type": "Feature", "properties": { "ID": "C119AS300383", "AdminCode": "413", "Type": "11", "LinkID": "A219AS300858", "Ref_Lane": 2, "PostID": "C619AS300696", "Maker": "而⑥", "UpdateDate": "20190620", "Version": "2019", "Remark": null, "HistType": null, "HistRemark": null }, "geometry": { "type": "Point", "coordinates": [ 127.288004572176234, 36.534429062305655, 79.048515687682453 ] } },
{ "type": "Feature", "properties": { "ID": "C119AS300382", "AdminCode": "413", "Type": "1", "LinkID": "A219AS300856", "Ref_Lane": 2, "PostID": "C619AS300695", "Maker": "而⑥", "UpdateDate": "20190620", "Version": "2019", "Remark": null, "HistType": null, "HistRemark": null }, "geometry": { "type": "Point", "coordinates": [ 127.289896079635838, 36.534231117600385, 85.396080550893672 ] } },
{ "type": "Feature", "properties": { "ID": "C119AS300381", "AdminCode": "413", "Type": "1", "LinkID": "A219AS300856", "Ref_Lane": 2, "PostID": "C619AS300695", "Maker": "而⑥", "UpdateDate": "20190620", "Version": "2019", "Remark": null, "HistType": null, "HistRemark": null }, "geometry": { "type": "Point", "coordinates": [ 127.289891043743822, 36.534204445324498, 85.385915647371178 ] } },
{ "type": "Feature", "properties": { "ID": "C119AS300380", "AdminCode": "413", "Type": "8", "LinkID": "A219AS300891", "Ref_Lane": 1, "PostID": "C619AS300695", "Maker": "而⑥", "UpdateDate": "20190620", "Version": "2019", "Remark": null, "HistType": null, "HistRemark": null }, "geometry": { "type": "Point", "coordinates": [ 127.289881835875306, 36.534154044902721, 85.422089539953902 ] } },
{ "type": "Feature", "properties": { "ID": "C119AS300379", "AdminCode": "413", "Type": "11", "LinkID": "A219AS300856", "Ref_Lane": 2, "PostID": "C619AS300694", "Maker": "而⑥", "UpdateDate": "20190620", "Version": "2019", "Remark": null, "HistType": null, "HistRemark": null }, "geometry": { "type": "Point", "coordinates": [ 127.290038958081638, 36.534243720881854, 82.868733085268957 ] } },
{ "type": "Feature", "properties": { "ID": "C119AS300378", "AdminCode": "413", "Type": "1", "LinkID": "A219AS300854", "Ref_Lane": 2, "PostID": "C619AS300693", "Maker": "而⑥", "UpdateDate": "20190620", "Version": "2019", "Remark": null, "HistType": null, "HistRemark": null }, "geometry": { "type": "Point", "coordinates": [ 127.2917793564134, 36.534091569724197, 81.156232171517615 ] } },
{ "type": "Feature", "properties": { "ID": "C119AS300377", "AdminCode": "413", "Type": "1", "LinkID": "A219AS300854", "Ref_Lane": 2, "PostID": "C619AS300693", "Maker": "而⑥", "UpdateDate": "20190620", "Version": "2019", "Remark": null, "HistType": null, "HistRemark": null }, "geometry": { "type": "Point", "coordinates": [ 127.291777018762346, 36.534064410478713, 81.168471118354674 ] } },
{ "type": "Feature", "properties": { "ID": "C119AS300376", "AdminCode": "413", "Type": "8", "LinkID": "A219AS300888", "Ref_Lane": 1, "PostID": "C619AS300693", "Maker": "而⑥", "UpdateDate": "20190620", "Version": "2019", "Remark": null, "HistType": null, "HistRemark": null }, "geometry": { "type": "Point", "coordinates": [ 127.291771635294424, 36.53400499183531, 81.287993162585948 ] } },
{ "type": "Feature", "properties": { "ID": "C119AS300375", "AdminCode": "413", "Type": "11", "LinkID": "A219AS300854", "Ref_Lane": 2, "PostID": "C619AS300692", "Maker": "而⑥", "UpdateDate": "20190620", "Version": "2019", "Remark": null, "HistType": null, "HistRemark": null }, "geometry": { "type": "Point", "coordinates": [ 127.291928273520952, 36.534120940324208, 77.998499894560354 ] } },
{ "type": "Feature", "properties": { "ID": "C119AS300374", "AdminCode": "413", "Type": "1", "LinkID": "A219AS300731", "Ref_Lane": 2, "PostID": "C619AS300691", "Maker": "而⑥", "UpdateDate": "20190620", "Version": "2019", "Remark": null, "HistType": null, "HistRemark": null }, "geometry": { "type": "Point", "coordinates": [ 127.292746275136849, 36.534112551692203, 77.749161684699246 ] } },
{ "type": "Feature", "properties": { "ID": "C119AS300373", "AdminCode": "413", "Type": "1", "LinkID": "A219AS300731", "Ref_Lane": 2, "PostID": "C619AS300691", "Maker": "而⑥", "UpdateDate": "20190620", "Version": "2019", "Remark": null, "HistType": null, "HistRemark": null }, "geometry": { "type": "Point", "coordinates": [ 127.292749418724966, 36.534085751245669, 77.758210199210524 ] } },
{ "type": "Feature", "properties": { "ID": "C119AS300372", "AdminCode": "413", "Type": "8", "LinkID": "A219AS300886", "Ref_Lane": 1, "PostID": "C619AS300691", "Maker": "而⑥", "UpdateDate": "20190620", "Version": "2019", "Remark": null, "HistType": null, "HistRemark": null }, "geometry": { "type": "Point", "coordinates": [ 127.292755586473163, 36.534026252813881, 77.791933375966366 ] } },
{ "type": "Feature", "properties": { "ID": "C119AS300371", "AdminCode": "413", "Type": "11", "LinkID": "A219AS300731", "Ref_Lane": 2, "PostID": "C619AS300690", "Maker": "而⑥", "UpdateDate": "20190620", "Version": "2019", "Remark": null, "HistType": null, "HistRemark": null }, "geometry": { "type": "Point", "coordinates": [ 127.292883987788954, 36.534143646566299, 74.748425772810236 ] } },
{ "type": "Feature", "properties": { "ID": "C119AS300370", "AdminCode": "413", "Type": "11", "LinkID": "A219AS300720", "Ref_Lane": 4, "PostID": "C619AS300689", "Maker": "而⑥", "UpdateDate": "20190620", "Version": "2019", "Remark": null, "HistType": null, "HistRemark": null }, "geometry": { "type": "Point", "coordinates": [ 127.294139072820968, 36.534342145073211, 70.946268593593842 ] } },
{ "type": "Feature", "properties": { "ID": "C119AS300369", "AdminCode": "413", "Type": "2", "LinkID": "A219AS300720", "Ref_Lane": 4, "PostID": "C619AS300753", "Maker": "而⑥", "UpdateDate": "20190620", "Version": "2019", "Remark": null, "HistType": null, "HistRemark": null }, "geometry": { "type": "Point", "coordinates": [ 127.294810005682621, 36.534475643274995, 72.598814060144349 ] } },
{ "type": "Feature", "properties": { "ID": "C119AS300368", "AdminCode": "413", "Type": "2", "LinkID": "A219AS300720", "Ref_Lane": 4, "PostID": "C619AS300753", "Maker": "而⑥", "UpdateDate": "20190620", "Version": "2019", "Remark": null, "HistType": null, "HistRemark": null }, "geometry": { "type": "Point", "coordinates": [ 127.294822844813083, 36.534442354660754, 72.578819453867311 ] } },
{ "type": "Feature", "properties": { "ID": "C119AS300367", "AdminCode": "413", "Type": "11", "LinkID": "A219AS300720", "Ref_Lane": 4, "PostID": "C619AS300753", "Maker": "而⑥", "UpdateDate": "20190620", "Version": "2019", "Remark": null, "HistType": null, "HistRemark": null }, "geometry": { "type": "Point", "coordinates": [ 127.294784574723948, 36.534523387107242, 70.439042804563684 ] } },
{ "type": "Feature", "properties": { "ID": "C119AS300366", "AdminCode": "413", "Type": "11", "LinkID": "A219AS303063", "Ref_Lane": 2, "PostID": "C619AS300687", "Maker": "而⑥", "UpdateDate": "20190620", "Version": "2019", "Remark": null, "HistType": null, "HistRemark": null }, "geometry": { "type": "Point", "coordinates": [ 127.304466460610598, 36.537200038456028, 69.27772540130114 ] } },
{ "type": "Feature", "properties": { "ID": "C119AS300365", "AdminCode": "413", "Type": "1", "LinkID": "A219AS303063", "Ref_Lane": 2, "PostID": "C619AS300687", "Maker": "而⑥", "UpdateDate": "20190620", "Version": "2019", "Remark": null, "HistType": null, "HistRemark": null }, "geometry": { "type": "Point", "coordinates": [ 127.304574196617764, 36.537217345939055, 71.01139178618439 ] } },
{ "type": "Feature", "properties": { "ID": "C119AS300364", "AdminCode": "413", "Type": "1", "LinkID": "A219AS303063", "Ref_Lane": 2, "PostID": "C619AS300687", "Maker": "而⑥", "UpdateDate": "20190620", "Version": "2019", "Remark": null, "HistType": null, "HistRemark": null }, "geometry": { "type": "Point", "coordinates": [ 127.304531436024476, 36.537209057350644, 71.063998946602169 ] } },
{ "type": "Feature", "properties": { "ID": "C119AS300363", "AdminCode": "413", "Type": "1", "LinkID": "A219AS300679", "Ref_Lane": 2, "PostID": "C619AS300687", "Maker": "而⑥", "UpdateDate": "20190620", "Version": "2019", "Remark": null, "HistType": null, "HistRemark": null }, "geometry": { "type": "Point", "coordinates": [ 127.304486212184628, 36.537144720605852, 71.146626460723297 ] } },
{ "type": "Feature", "properties": { "ID": "C119AS300362", "AdminCode": "413", "Type": "11", "LinkID": "A219AS303063", "Ref_Lane": 2, "PostID": "C619AS300686", "Maker": "而⑥", "UpdateDate": "20190620", "Version": "2019", "Remark": null, "HistType": null, "HistRemark": null }, "geometry": { "type": "Point", "coordinates": [ 127.30475354334915, 36.537251412026791, 69.035969019732079 ] } },
{ "type": "Feature", "properties": { "ID": "C119AS300361", "AdminCode": "413", "Type": "11", "LinkID": "A219AS300679", "Ref_Lane": 2, "PostID": "C619AS300686", "Maker": "而⑥", "UpdateDate": "20190620", "Version": "2019", "Remark": null, "HistType": null, "HistRemark": null }, "geometry": { "type": "Point", "coordinates": [ 127.304760476902331, 36.53724783372634, 69.220018504479683 ] } },
{ "type": "Feature", "properties": { "ID": "C119AS300360", "AdminCode": "413", "Type": "1", "LinkID": "A219AS300679", "Ref_Lane": 2, "PostID": "C619AS300686", "Maker": "而⑥", "UpdateDate": "20190620", "Version": "2019", "Remark": null, "HistType": null, "HistRemark": null }, "geometry": { "type": "Point", "coordinates": [ 127.304774334608695, 36.537195544660875, 71.001855880875183 ] } },
{ "type": "Feature", "properties": { "ID": "C119AS300359", "AdminCode": "413", "Type": "1", "LinkID": "A219AS300679", "Ref_Lane": 2, "PostID": "C619AS300686", "Maker": "而⑥", "UpdateDate": "20190620", "Version": "2019", "Remark": null, "HistType": null, "HistRemark": null }, "geometry": { "type": "Point", "coordinates": [ 127.304785552711962, 36.537162026610901, 70.937182357374425 ] } },
{ "type": "Feature", "properties": { "ID": "C119AS300358", "AdminCode": "413", "Type": "11", "LinkID": "A219AS300642", "Ref_Lane": 3, "PostID": "C619AS300685", "Maker": "而⑥", "UpdateDate": "20190620", "Version": "2019", "Remark": null, "HistType": null, "HistRemark": null }, "geometry": { "type": "Point", "coordinates": [ 127.309980369517703, 36.537079749550159, 70.299298964549394 ] } },
{ "type": "Feature", "properties": { "ID": "C119AS300357", "AdminCode": "413", "Type": "1", "LinkID": "A219AS300642", "Ref_Lane": 3, "PostID": "C619AS300685", "Maker": "而⑥", "UpdateDate": "20190620", "Version": "2019", "Remark": null, "HistType": null, "HistRemark": null }, "geometry": { "type": "Point", "coordinates": [ 127.309968134364993, 36.537028395805777, 72.26302888102893 ] } },
{ "type": "Feature", "properties": { "ID": "C119AS300356", "AdminCode": "413", "Type": "11", "LinkID": "A219AS300645", "Ref_Lane": 3, "PostID": "C619AS300683", "Maker": "而⑥", "UpdateDate": "20190620", "Version": "2019", "Remark": null, "HistType": null, "HistRemark": null }, "geometry": { "type": "Point", "coordinates": [ 127.309755248805246, 36.536784907436235, 70.495736956327036 ] } },
{ "type": "Feature", "properties": { "ID": "C119AS300355", "AdminCode": "413", "Type": "1", "LinkID": "A219AS300645", "Ref_Lane": 3, "PostID": "C619AS300683", "Maker": "而⑥", "UpdateDate": "20190620", "Version": "2019", "Remark": null, "HistType": null, "HistRemark": null }, "geometry": { "type": "Point", "coordinates": [ 127.309758085012902, 36.536819158429608, 72.505724049912857 ] } },
{ "type": "Feature", "properties": { "ID": "C119AS300354", "AdminCode": "413", "Type": "1", "LinkID": "A219AS300645", "Ref_Lane": 3, "PostID": "C619AS300683", "Maker": "而⑥", "UpdateDate": "20190620", "Version": "2019", "Remark": null, "HistType": null, "HistRemark": null }, "geometry": { "type": "Point", "coordinates": [ 127.309768306794112, 36.536854171360446, 72.431208563772103 ] } },
{ "type": "Feature", "properties": { "ID": "C119AS300353", "AdminCode": "413", "Type": "8", "LinkID": "A219AS300656", "Ref_Lane": 1, "PostID": "C619AS300684", "Maker": "而⑥", "UpdateDate": "20190620", "Version": "2019", "Remark": null, "HistType": null, "HistRemark": null }, "geometry": { "type": "Point", "coordinates": [ 127.309769046416406, 36.536907979459883, 72.800078974122968 ] } },
{ "type": "Feature", "properties": { "ID": "C119AS300352", "AdminCode": "413", "Type": "8", "LinkID": "A219AS300882", "Ref_Lane": 1, "PostID": "C619AS300684", "Maker": "而⑥", "UpdateDate": "20190620", "Version": "2019", "Remark": null, "HistType": null, "HistRemark": null }, "geometry": { "type": "Point", "coordinates": [ 127.309779995070102, 36.536926662514752, 72.752481960492602 ] } },
{ "type": "Feature", "properties": { "ID": "C119AS300351", "AdminCode": "413", "Type": "11", "LinkID": "A219AS300682", "Ref_Lane": 2, "PostID": "C619AS300682", "Maker": "而⑥", "UpdateDate": "20190620", "Version": "2019", "Remark": null, "HistType": null, "HistRemark": null }, "geometry": { "type": "Point", "coordinates": [ 127.304844293909596, 36.536958012977024, 69.085621451796669 ] } },
{ "type": "Feature", "properties": { "ID": "C119AS300350", "AdminCode": "413", "Type": "2", "LinkID": "A219AS300682", "Ref_Lane": 2, "PostID": "C619AS300682", "Maker": "而⑥", "UpdateDate": "20190620", "Version": "2019", "Remark": null, "HistType": null, "HistRemark": null }, "geometry": { "type": "Point", "coordinates": [ 127.30482296111289, 36.53702497113904, 71.072504094858104 ] } },
{ "type": "Feature", "properties": { "ID": "C119AS300349", "AdminCode": "413", "Type": "1", "LinkID": "A219AS303061", "Ref_Lane": 2, "PostID": "C619AS300681", "Maker": "而⑥", "UpdateDate": "20190620", "Version": "2019", "Remark": null, "HistType": null, "HistRemark": null }, "geometry": { "type": "Point", "coordinates": [ 127.304613982208934, 36.536923098325012, 70.989934310120205 ] } },
{ "type": "Feature", "properties": { "ID": "C119AS300348", "AdminCode": "413", "Type": "2", "LinkID": "A219AS300682", "Ref_Lane": 2, "PostID": "C619AS300681", "Maker": "而⑥", "UpdateDate": "20190620", "Version": "2019", "Remark": null, "HistType": null, "HistRemark": null }, "geometry": { "type": "Point", "coordinates": [ 127.304511952782832, 36.536952308401311, 70.810337411322038 ] } },
{ "type": "Feature", "properties": { "ID": "C119AS300347", "AdminCode": "413", "Type": "2", "LinkID": "A219AS300683", "Ref_Lane": 2, "PostID": "C619AS300681", "Maker": "而⑥", "UpdateDate": "20190620", "Version": "2019", "Remark": null, "HistType": null, "HistRemark": null }, "geometry": { "type": "Point", "coordinates": [ 127.304501449133994, 36.53698615839005, 70.784133272043192 ] } },
{ "type": "Feature", "properties": { "ID": "C119AS300346", "AdminCode": "413", "Type": "2", "LinkID": "A219AS300727", "Ref_Lane": 4, "PostID": "C619AS300680", "Maker": "而⑥", "UpdateDate": "20190620", "Version": "2019", "Remark": null, "HistType": null, "HistRemark": null }, "geometry": { "type": "Point", "coordinates": [ 127.294880412467691, 36.534311440269029, 73.103989205842481 ] } },
{ "type": "Feature", "properties": { "ID": "C119AS300345", "AdminCode": "413", "Type": "8", "LinkID": "A219AS300884", "Ref_Lane": 1, "PostID": "C619AS300680", "Maker": "而⑥", "UpdateDate": "20190620", "Version": "2019", "Remark": null, "HistType": null, "HistRemark": null }, "geometry": { "type": "Point", "coordinates": [ 127.294870329457538, 36.534335305081818, 73.139897371446594 ] } },
{ "type": "Feature", "properties": { "ID": "C119AS300344", "AdminCode": "413", "Type": "8", "LinkID": "A219AS300713", "Ref_Lane": 1, "PostID": "C619AS300680", "Maker": "而⑥", "UpdateDate": "20190620", "Version": "2019", "Remark": null, "HistType": null, "HistRemark": null }, "geometry": { "type": "Point", "coordinates": [ 127.294854378199787, 36.53438494593361, 73.13456495092565 ] } },
{ "type": "Feature", "properties": { "ID": "C119AS300343", "AdminCode": "413", "Type": "11", "LinkID": "A219AS300727", "Ref_Lane": 4, "PostID": "C619AS300678", "Maker": "而⑥", "UpdateDate": "20190620", "Version": "2019", "Remark": null, "HistType": null, "HistRemark": null }, "geometry": { "type": "Point", "coordinates": [ 127.294920475942106, 36.534223421678099, 70.248385195478335 ] } },
{ "type": "Feature", "properties": { "ID": "C119AS300342", "AdminCode": "413", "Type": "11", "LinkID": "A219AS303055", "Ref_Lane": 2, "PostID": "C619AS300677", "Maker": "而⑥", "UpdateDate": "20190620", "Version": "2019", "Remark": null, "HistType": null, "HistRemark": null }, "geometry": { "type": "Point", "coordinates": [ 127.294413114503953, 36.533982029125852, 70.585245155433171 ] } },
{ "type": "Feature", "properties": { "ID": "C119AS300341", "AdminCode": "413", "Type": "8", "LinkID": "A219AS300887", "Ref_Lane": 1, "PostID": "C619AS300676", "Maker": "而⑥", "UpdateDate": "20190620", "Version": "2019", "Remark": null, "HistType": null, "HistRemark": null }, "geometry": { "type": "Point", "coordinates": [ 127.294187632303675, 36.53419508209091, 73.521497053876516 ] } },
{ "type": "Feature", "properties": { "ID": "C119AS300340", "AdminCode": "413", "Type": "11", "LinkID": "A219AS300727", "Ref_Lane": 4, "PostID": "C619AS300675", "Maker": "而⑥", "UpdateDate": "20190620", "Version": "2019", "Remark": null, "HistType": null, "HistRemark": null }, "geometry": { "type": "Point", "coordinates": [ 127.294244501590882, 36.53405593794227, 71.070603909068623 ] } },
{ "type": "Feature", "properties": { "ID": "C119AS300339", "AdminCode": "413", "Type": "2", "LinkID": "A219AS300727", "Ref_Lane": 4, "PostID": "C619AS300675", "Maker": "而⑥", "UpdateDate": "20190620", "Version": "2019", "Remark": null, "HistType": null, "HistRemark": null }, "geometry": { "type": "Point", "coordinates": [ 127.294224036419067, 36.534105796593714, 73.109672690857906 ] } },
{ "type": "Feature", "properties": { "ID": "C119AS300338", "AdminCode": "413", "Type": "2", "LinkID": "A219AS300727", "Ref_Lane": 4, "PostID": "C619AS300675", "Maker": "而⑥", "UpdateDate": "20190620", "Version": "2019", "Remark": null, "HistType": null, "HistRemark": null }, "geometry": { "type": "Point", "coordinates": [ 127.294215686375168, 36.534139963349553, 73.02925150070439 ] } },
{ "type": "Feature", "properties": { "ID": "C119AS300337", "AdminCode": "413", "Type": "1", "LinkID": "A219AS300832", "Ref_Lane": 2, "PostID": "C619AS300674", "Maker": "而⑥", "UpdateDate": "20190620", "Version": "2019", "Remark": null, "HistType": null, "HistRemark": null }, "geometry": { "type": "Point", "coordinates": [ 127.292912779185329, 36.53389999315651, 77.515450250835798 ] } },
{ "type": "Feature", "properties": { "ID": "C119AS300336", "AdminCode": "413", "Type": "1", "LinkID": "A219AS300832", "Ref_Lane": 2, "PostID": "C619AS300674", "Maker": "而⑥", "UpdateDate": "20190620", "Version": "2019", "Remark": null, "HistType": null, "HistRemark": null }, "geometry": { "type": "Point", "coordinates": [ 127.292909644988086, 36.533926884970377, 77.489469498328432 ] } },
{ "type": "Feature", "properties": { "ID": "C119AS300335", "AdminCode": "413", "Type": "8", "LinkID": "A219AS300889", "Ref_Lane": 1, "PostID": "C619AS300674", "Maker": "而⑥", "UpdateDate": "20190620", "Version": "2019", "Remark": null, "HistType": null, "HistRemark": null }, "geometry": { "type": "Point", "coordinates": [ 127.292901601658599, 36.533986104914376, 77.53610726532375 ] } },
{ "type": "Feature", "properties": { "ID": "C119AS300334", "AdminCode": "413", "Type": "11", "LinkID": "A219AS300832", "Ref_Lane": 2, "PostID": "C619AS300673", "Maker": "而⑥", "UpdateDate": "20190620", "Version": "2019", "Remark": null, "HistType": null, "HistRemark": null }, "geometry": { "type": "Point", "coordinates": [ 127.292783616552342, 36.53385814044271, 75.516346394274649 ] } },
{ "type": "Feature", "properties": { "ID": "C119AS300333", "AdminCode": "413", "Type": "1", "LinkID": "A219AS300834", "Ref_Lane": 2, "PostID": "C619AS300672", "Maker": "而⑥", "UpdateDate": "20190620", "Version": "2019", "Remark": null, "HistType": null, "HistRemark": null }, "geometry": { "type": "Point", "coordinates": [ 127.291924231260694, 36.533869174403634, 80.598876954051519 ] } },
{ "type": "Feature", "properties": { "ID": "C119AS300332", "AdminCode": "413", "Type": "1", "LinkID": "A219AS300834", "Ref_Lane": 2, "PostID": "C619AS300672", "Maker": "而⑥", "UpdateDate": "20190620", "Version": "2019", "Remark": null, "HistType": null, "HistRemark": null }, "geometry": { "type": "Point", "coordinates": [ 127.29192655119644, 36.533896011793132, 80.598156091896939 ] } },
{ "type": "Feature", "properties": { "ID": "C119AS300331", "AdminCode": "413", "Type": "8", "LinkID": "A219AS300890", "Ref_Lane": 1, "PostID": "C619AS300672", "Maker": "而⑥", "UpdateDate": "20190620", "Version": "2019", "Remark": null, "HistType": null, "HistRemark": null }, "geometry": { "type": "Point", "coordinates": [ 127.291932251748847, 36.533955543924144, 80.675223045948513 ] } },
{ "type": "Feature", "properties": { "ID": "C119AS300330", "AdminCode": "413", "Type": "11", "LinkID": "A219AS300834", "Ref_Lane": 2, "PostID": "C619AS300671", "Maker": "而⑥", "UpdateDate": "20190620", "Version": "2019", "Remark": null, "HistType": null, "HistRemark": null }, "geometry": { "type": "Point", "coordinates": [ 127.291779236267303, 36.533844223432006, 78.883248887884179 ] } },
{ "type": "Feature", "properties": { "ID": "C119AS300329", "AdminCode": "413", "Type": "11", "LinkID": "A219AS303030", "Ref_Lane": 2, "PostID": "C619AS300670", "Maker": "而⑥", "UpdateDate": "20190620", "Version": "2019", "Remark": null, "HistType": null, "HistRemark": null }, "geometry": { "type": "Point", "coordinates": [ 127.287808452202057, 36.534166685794474, 78.962853596447559 ] } },
{ "type": "Feature", "properties": { "ID": "C119AS300328", "AdminCode": "413", "Type": "11", "LinkID": "A219AS300741", "Ref_Lane": 2, "PostID": "C619AS300670", "Maker": "而⑥", "UpdateDate": "20190620", "Version": "2019", "Remark": null, "HistType": null, "HistRemark": null }, "geometry": { "type": "Point", "coordinates": [ 127.28781596049501, 36.534170246815371, 78.995378587162307 ] } },
{ "type": "Feature", "properties": { "ID": "C119AS300327", "AdminCode": "413", "Type": "2", "LinkID": "A219AS303030", "Ref_Lane": 2, "PostID": "C619AS300670", "Maker": "而⑥", "UpdateDate": "20190620", "Version": "2019", "Remark": null, "HistType": null, "HistRemark": null }, "geometry": { "type": "Point", "coordinates": [ 127.287703906113947, 36.534183834971842, 81.11495290548639 ] } },
{ "type": "Feature", "properties": { "ID": "C119AS300326", "AdminCode": "413", "Type": "2", "LinkID": "A219AS303030", "Ref_Lane": 2, "PostID": "C619AS300670", "Maker": "而⑥", "UpdateDate": "20190620", "Version": "2019", "Remark": null, "HistType": null, "HistRemark": null }, "geometry": { "type": "Point", "coordinates": [ 127.287746533248097, 36.534178361327598, 81.153382584289304 ] } },
{ "type": "Feature", "properties": { "ID": "C119AS300325", "AdminCode": "413", "Type": "1", "LinkID": "A219AS300741", "Ref_Lane": 2, "PostID": "C619AS300669", "Maker": "而⑥", "UpdateDate": "20190620", "Version": "2019", "Remark": null, "HistType": null, "HistRemark": null }, "geometry": { "type": "Point", "coordinates": [ 127.287605664173697, 36.534240525929384, 81.40569098797117 ] } },
{ "type": "Feature", "properties": { "ID": "C119AS300324", "AdminCode": "413", "Type": "1", "LinkID": "A219AS300741", "Ref_Lane": 2, "PostID": "C619AS300669", "Maker": "而⑥", "UpdateDate": "20190620", "Version": "2019", "Remark": null, "HistType": null, "HistRemark": null }, "geometry": { "type": "Point", "coordinates": [ 127.287609360121493, 36.534267224179359, 81.376852236709297 ] } },
{ "type": "Feature", "properties": { "ID": "C119AS300323", "AdminCode": "413", "Type": "8", "LinkID": "A219AS300742", "Ref_Lane": 1, "PostID": "C619AS300669", "Maker": "而⑥", "UpdateDate": "20190620", "Version": "2019", "Remark": null, "HistType": null, "HistRemark": null }, "geometry": { "type": "Point", "coordinates": [ 127.287618860708008, 36.534326350068866, 81.420308816453726 ] } },
{ "type": "Feature", "properties": { "ID": "C119AS300322", "AdminCode": "413", "Type": "11", "LinkID": "A219AS300741", "Ref_Lane": 2, "PostID": "C619AS300668", "Maker": "而⑥", "UpdateDate": "20190620", "Version": "2019", "Remark": null, "HistType": null, "HistRemark": null }, "geometry": { "type": "Point", "coordinates": [ 127.287451942083067, 36.534210027485543, 78.557176478648245 ] } },
{ "type": "Feature", "properties": { "ID": "C119AS300321", "AdminCode": "413", "Type": "11", "LinkID": "A219AS300410", "Ref_Lane": 4, "PostID": "C619AS300667", "Maker": "而⑥", "UpdateDate": "20190620", "Version": "2019", "Remark": null, "HistType": null, "HistRemark": null }, "geometry": { "type": "Point", "coordinates": [ 127.265978492316577, 36.530697984169542, 97.625138944529681 ] } },
{ "type": "Feature", "properties": { "ID": "C119AS300320", "AdminCode": "413", "Type": "2", "LinkID": "A219AS300410", "Ref_Lane": 4, "PostID": "C619AS300667", "Maker": "而⑥", "UpdateDate": "20190620", "Version": "2019", "Remark": null, "HistType": null, "HistRemark": null }, "geometry": { "type": "Point", "coordinates": [ 127.266017056745596, 36.530656683172438, 99.774278974122865 ] } },
{ "type": "Feature", "properties": { "ID": "C119AS300319", "AdminCode": "413", "Type": "8", "LinkID": "A219AS301214", "Ref_Lane": 1, "PostID": "C619AS300667", "Maker": "而⑥", "UpdateDate": "20190620", "Version": "2019", "Remark": null, "HistType": null, "HistRemark": null }, "geometry": { "type": "Point", "coordinates": [ 127.266045834768292, 36.530628434734616, 99.818537063749417 ] } },
{ "type": "Feature", "properties": { "ID": "C119AS300318", "AdminCode": "413", "Type": "11", "LinkID": "A219AS300410", "Ref_Lane": 4, "PostID": "C619AS300666", "Maker": "而⑥", "UpdateDate": "20190620", "Version": "2019", "Remark": null, "HistType": null, "HistRemark": null }, "geometry": { "type": "Point", "coordinates": [ 127.266442183247179, 36.531012238272154, 99.843559791707037 ] } },
{ "type": "Feature", "properties": { "ID": "C119AS300317", "AdminCode": "413", "Type": "2", "LinkID": "A219AS300410", "Ref_Lane": 4, "PostID": "C619AS300666", "Maker": "而⑥", "UpdateDate": "20190620", "Version": "2019", "Remark": null, "HistType": null, "HistRemark": null }, "geometry": { "type": "Point", "coordinates": [ 127.266469788912445, 36.530993625112721, 101.993578959845877 ] } },
{ "type": "Feature", "properties": { "ID": "C119AS300316", "AdminCode": "413", "Type": "2", "LinkID": "A219AS300410", "Ref_Lane": 4, "PostID": "C619AS300666", "Maker": "而⑥", "UpdateDate": "20190620", "Version": "2019", "Remark": null, "HistType": null, "HistRemark": null }, "geometry": { "type": "Point", "coordinates": [ 127.266492039773112, 36.530969558879548, 102.02568 ] } },
{ "type": "Feature", "properties": { "ID": "C119AS300315", "AdminCode": "413", "Type": "8", "LinkID": "A219AS300402", "Ref_Lane": 1, "PostID": "C619AS300666", "Maker": "而⑥", "UpdateDate": "20190620", "Version": "2019", "Remark": null, "HistType": null, "HistRemark": null }, "geometry": { "type": "Point", "coordinates": [ 127.266515554472932, 36.530944640483874, 102.046656399889955 ] } },
{ "type": "Feature", "properties": { "ID": "C119AS300314", "AdminCode": "413", "Type": "1", "LinkID": "A219AS300385", "Ref_Lane": 2, "PostID": "C619AS300665", "Maker": "而⑥", "UpdateDate": "20190620", "Version": "2019", "Remark": null, "HistType": null, "HistRemark": null }, "geometry": { "type": "Point", "coordinates": [ 127.270482745253744, 36.532890648985621, 102.43298780871838 ] } },
{ "type": "Feature", "properties": { "ID": "C119AS300313", "AdminCode": "413", "Type": "1", "LinkID": "A219AS300385", "Ref_Lane": 2, "PostID": "C619AS300665", "Maker": "而⑥", "UpdateDate": "20190620", "Version": "2019", "Remark": null, "HistType": null, "HistRemark": null }, "geometry": { "type": "Point", "coordinates": [ 127.27049787260647, 36.53286631780631, 102.452407421304812 ] } },
{ "type": "Feature", "properties": { "ID": "C119AS300312", "AdminCode": "413", "Type": "8", "LinkID": "A219AS300898", "Ref_Lane": 1, "PostID": "C619AS300665", "Maker": "而⑥", "UpdateDate": "20190620", "Version": "2019", "Remark": null, "HistType": null, "HistRemark": null }, "geometry": { "type": "Point", "coordinates": [ 127.27052377224858, 36.532820178936177, 102.580690847459678 ] } },
{ "type": "Feature", "properties": { "ID": "C119AS300311", "AdminCode": "413", "Type": "11", "LinkID": "A219AS300385", "Ref_Lane": 2, "PostID": "C619AS300664", "Maker": "而⑥", "UpdateDate": "20190620", "Version": "2019", "Remark": null, "HistType": null, "HistRemark": null }, "geometry": { "type": "Point", "coordinates": [ 127.270611091042355, 36.532959682645327, 99.283019286315266 ] } },
{ "type": "Feature", "properties": { "ID": "C119AS300310", "AdminCode": "413", "Type": "11", "LinkID": "A219AS300859", "Ref_Lane": 2, "PostID": "C619AS300663", "Maker": "而⑥", "UpdateDate": "20190620", "Version": "2019", "Remark": null, "HistType": null, "HistRemark": null }, "geometry": { "type": "Point", "coordinates": [ 127.275629874891251, 36.534032913763618, 80.825250346089504 ] } },
{ "type": "Feature", "properties": { "ID": "C119AS300309", "AdminCode": "413", "Type": "1", "LinkID": "A219AS300859", "Ref_Lane": 2, "PostID": "C619AS300663", "Maker": "而⑥", "UpdateDate": "20190620", "Version": "2019", "Remark": null, "HistType": null, "HistRemark": null }, "geometry": { "type": "Point", "coordinates": [ 127.275630845893929, 36.534002690302941, 82.98232 ] } },
{ "type": "Feature", "properties": { "ID": "C119AS300308", "AdminCode": "413", "Type": "1", "LinkID": "A219AS300859", "Ref_Lane": 2, "PostID": "C619AS300663", "Maker": "而⑥", "UpdateDate": "20190620", "Version": "2019", "Remark": null, "HistType": null, "HistRemark": null }, "geometry": { "type": "Point", "coordinates": [ 127.27563618073178, 36.533973153292749, 82.97847 ] } },
{ "type": "Feature", "properties": { "ID": "C119AS300307", "AdminCode": "413", "Type": "8", "LinkID": "A219AS300897", "Ref_Lane": 1, "PostID": "C619AS300663", "Maker": "而⑥", "UpdateDate": "20190620", "Version": "2019", "Remark": null, "HistType": null, "HistRemark": null }, "geometry": { "type": "Point", "coordinates": [ 127.275641428336328, 36.533943741792285, 83.0302 ] } },
{ "type": "Feature", "properties": { "ID": "C119AS300306", "AdminCode": "413", "Type": "1", "LinkID": "A219AS300381", "Ref_Lane": 3, "PostID": "C619AS300662", "Maker": "而⑥", "UpdateDate": "20190620", "Version": "2019", "Remark": null, "HistType": null, "HistRemark": null }, "geometry": { "type": "Point", "coordinates": [ 127.276006694925115, 36.534055440604739, 81.668375 ] } },
{ "type": "Feature", "properties": { "ID": "C119AS300305", "AdminCode": "413", "Type": "1", "LinkID": "A219AS300381", "Ref_Lane": 3, "PostID": "C619AS300662", "Maker": "而⑥", "UpdateDate": "20190620", "Version": "2019", "Remark": null, "HistType": null, "HistRemark": null }, "geometry": { "type": "Point", "coordinates": [ 127.276014787247036, 36.534029183108082, 81.779365758117123 ] } },
{ "type": "Feature", "properties": { "ID": "C119AS300304", "AdminCode": "413", "Type": "8", "LinkID": "A219AS300378", "Ref_Lane": 1, "PostID": "C619AS300662", "Maker": "而⑥", "UpdateDate": "20190620", "Version": "2019", "Remark": null, "HistType": null, "HistRemark": null }, "geometry": { "type": "Point", "coordinates": [ 127.276028793989113, 36.533980084165407, 81.855700280112075 ] } },
{ "type": "Feature", "properties": { "ID": "C119AS300303", "AdminCode": "413", "Type": "11", "LinkID": "A219AS300381", "Ref_Lane": 3, "PostID": "C619AS300661", "Maker": "而⑥", "UpdateDate": "20190620", "Version": "2019", "Remark": null, "HistType": null, "HistRemark": null }, "geometry": { "type": "Point", "coordinates": [ 127.27614372908063, 36.534111189165891, 78.535215980915567 ] } },
{ "type": "Feature", "properties": { "ID": "C119AS300302", "AdminCode": "413", "Type": "1", "LinkID": "A219AS300371", "Ref_Lane": 2, "PostID": "C619AS300660", "Maker": "而⑥", "UpdateDate": "20190620", "Version": "2019", "Remark": null, "HistType": null, "HistRemark": null }, "geometry": { "type": "Point", "coordinates": [ 127.27949373361011, 36.534582302396977, 81.617201299192843 ] } },
{ "type": "Feature", "properties": { "ID": "C119AS300301", "AdminCode": "413", "Type": "1", "LinkID": "A219AS300371", "Ref_Lane": 2, "PostID": "C619AS300659", "Maker": "而⑥", "UpdateDate": "20190620", "Version": "2019", "Remark": null, "HistType": null, "HistRemark": null }, "geometry": { "type": "Point", "coordinates": [ 127.280081311588518, 36.534688826076696, 81.684523360334381 ] } },
{ "type": "Feature", "properties": { "ID": "C119AS300300", "AdminCode": "413", "Type": "1", "LinkID": "A219AS300371", "Ref_Lane": 2, "PostID": "C619AS300659", "Maker": "而⑥", "UpdateDate": "20190620", "Version": "2019", "Remark": null, "HistType": null, "HistRemark": null }, "geometry": { "type": "Point", "coordinates": [ 127.28007956294482, 36.53466463921832, 81.650796117079281 ] } },
{ "type": "Feature", "properties": { "ID": "C119AS300299", "AdminCode": "413", "Type": "11", "LinkID": "A219AS300768", "Ref_Lane": 5, "PostID": "C619AS300658", "Maker": "而⑥", "UpdateDate": "20190620", "Version": "2019", "Remark": null, "HistType": null, "HistRemark": null }, "geometry": { "type": "Point", "coordinates": [ 127.281424329301913, 36.534828173322317, 80.020241776662019 ] } },
{ "type": "Feature", "properties": { "ID": "C119AS300298", "AdminCode": "413", "Type": "2", "LinkID": "A219AS300768", "Ref_Lane": 5, "PostID": "C619AS300657", "Maker": "而⑥", "UpdateDate": "20190620", "Version": "2019", "Remark": null, "HistType": null, "HistRemark": null }, "geometry": { "type": "Point", "coordinates": [ 127.281565313778586, 36.534765328673096, 82.497174041196359 ] } },
{ "type": "Feature", "properties": { "ID": "C119AS300297", "AdminCode": "413", "Type": "1", "LinkID": "A219AS303026", "Ref_Lane": 2, "PostID": "C619AS300656", "Maker": "而⑥", "UpdateDate": "20190620", "Version": "2019", "Remark": null, "HistType": null, "HistRemark": null }, "geometry": { "type": "Point", "coordinates": [ 127.281714183045381, 36.5349055582125, 83.01188 ] } },
{ "type": "Feature", "properties": { "ID": "C119AS300296", "AdminCode": "413", "Type": "11", "LinkID": "A219AS300768", "Ref_Lane": 5, "PostID": "C619AS300655", "Maker": "而⑥", "UpdateDate": "20190620", "Version": "2019", "Remark": null, "HistType": null, "HistRemark": null }, "geometry": { "type": "Point", "coordinates": [ 127.282073817546646, 36.534847409027577, 80.348078523379741 ] } },
{ "type": "Feature", "properties": { "ID": "C119AS300295", "AdminCode": "413", "Type": "2", "LinkID": "A219AS300768", "Ref_Lane": 5, "PostID": "C619AS300654", "Maker": "而⑥", "UpdateDate": "20190620", "Version": "2019", "Remark": null, "HistType": null, "HistRemark": null }, "geometry": { "type": "Point", "coordinates": [ 127.282074516973978, 36.534774599087598, 82.937983733450537 ] } },
{ "type": "Feature", "properties": { "ID": "C119AS300294", "AdminCode": "413", "Type": "2", "LinkID": "A219AS300768", "Ref_Lane": 5, "PostID": "C619AS300654", "Maker": "而⑥", "UpdateDate": "20190620", "Version": "2019", "Remark": null, "HistType": null, "HistRemark": null }, "geometry": { "type": "Point", "coordinates": [ 127.282072196823407, 36.534738615801928, 82.964391896950431 ] } },
{ "type": "Feature", "properties": { "ID": "C119AS300293", "AdminCode": "413", "Type": "11", "LinkID": "A219AS300778", "Ref_Lane": 5, "PostID": "C619AS300653", "Maker": "而⑥", "UpdateDate": "20190620", "Version": "2019", "Remark": null, "HistType": null, "HistRemark": null }, "geometry": { "type": "Point", "coordinates": [ 127.28205976893301, 36.534551579958716, 80.401274466019331 ] } },
{ "type": "Feature", "properties": { "ID": "C119AS300292", "AdminCode": "413", "Type": "2", "LinkID": "A219AS300778", "Ref_Lane": 5, "PostID": "C619AS300651", "Maker": "而⑥", "UpdateDate": "20190620", "Version": "2019", "Remark": null, "HistType": null, "HistRemark": null }, "geometry": { "type": "Point", "coordinates": [ 127.281919886011067, 36.534624824226334, 82.903865870263289 ] } },
{ "type": "Feature", "properties": { "ID": "C119AS300291", "AdminCode": "413", "Type": "2", "LinkID": "A219AS300778", "Ref_Lane": 5, "PostID": "C619AS300652", "Maker": "而⑥", "UpdateDate": "20190620", "Version": "2019", "Remark": null, "HistType": null, "HistRemark": null }, "geometry": { "type": "Point", "coordinates": [ 127.281410372303313, 36.534607756020293, 82.595071360319835 ] } },
{ "type": "Feature", "properties": { "ID": "C119AS300290", "AdminCode": "413", "Type": "2", "LinkID": "A219AS300778", "Ref_Lane": 5, "PostID": "C619AS300652", "Maker": "而⑥", "UpdateDate": "20190620", "Version": "2019", "Remark": null, "HistType": null, "HistRemark": null }, "geometry": { "type": "Point", "coordinates": [ 127.281409823118992, 36.53464279280881, 82.562670404797132 ] } },
{ "type": "Feature", "properties": { "ID": "C119AS300289", "AdminCode": "413", "Type": "11", "LinkID": "A219AS300778", "Ref_Lane": 5, "PostID": "C619AS300650", "Maker": "而⑥", "UpdateDate": "20190620", "Version": "2019", "Remark": null, "HistType": null, "HistRemark": null }, "geometry": { "type": "Point", "coordinates": [ 127.281395010519617, 36.534531539941426, 79.636357053876438 ] } },
{ "type": "Feature", "properties": { "ID": "C119AS300288", "AdminCode": "413", "Type": "2", "LinkID": "A219AS300793", "Ref_Lane": 2, "PostID": "C619AS300649", "Maker": "而⑥", "UpdateDate": "20190620", "Version": "2019", "Remark": null, "HistType": null, "HistRemark": null }, "geometry": { "type": "Point", "coordinates": [ 127.280298758292943, 36.534521639397191, 82.58676 ] } },
{ "type": "Feature", "properties": { "ID": "C119AS300287", "AdminCode": "413", "Type": "1", "LinkID": "A219AS303020", "Ref_Lane": 2, "PostID": "C619AS300648", "Maker": "而⑥", "UpdateDate": "20190620", "Version": "2019", "Remark": null, "HistType": null, "HistRemark": null }, "geometry": { "type": "Point", "coordinates": [ 127.280131408793167, 36.534452685813818, 81.55621 ] } },
{ "type": "Feature", "properties": { "ID": "C119AS300286", "AdminCode": "413", "Type": "2", "LinkID": "A219AS300793", "Ref_Lane": 2, "PostID": "C619AS300647", "Maker": "而⑥", "UpdateDate": "20190620", "Version": "2019", "Remark": null, "HistType": null, "HistRemark": null }, "geometry": { "type": "Point", "coordinates": [ 127.279872505126633, 36.534463171639196, 81.429276956327087 ] } },
{ "type": "Feature", "properties": { "ID": "C119AS300285", "AdminCode": "413", "Type": "2", "LinkID": "A219AS300793", "Ref_Lane": 2, "PostID": "C619AS300647", "Maker": "而⑥", "UpdateDate": "20190620", "Version": "2019", "Remark": null, "HistType": null, "HistRemark": null }, "geometry": { "type": "Point", "coordinates": [ 127.279866900457577, 36.534485416780932, 81.53166 ] } },
{ "type": "Feature", "properties": { "ID": "C119AS300284", "AdminCode": "413", "Type": "11", "LinkID": "A219AS300837", "Ref_Lane": 2, "PostID": "C619AS300646", "Maker": "而⑥", "UpdateDate": "20190620", "Version": "2019", "Remark": null, "HistType": null, "HistRemark": null }, "geometry": { "type": "Point", "coordinates": [ 127.276199451847589, 36.533866166733645, 78.707520303600319 ] } },
{ "type": "Feature", "properties": { "ID": "C119AS300283", "AdminCode": "413", "Type": "1", "LinkID": "A219AS300837", "Ref_Lane": 2, "PostID": "C619AS300646", "Maker": "而⑥", "UpdateDate": "20190620", "Version": "2019", "Remark": null, "HistType": null, "HistRemark": null }, "geometry": { "type": "Point", "coordinates": [ 127.276196682893371, 36.533896261651876, 80.914971988795557 ] } },
{ "type": "Feature", "properties": { "ID": "C119AS300282", "AdminCode": "413", "Type": "1", "LinkID": "A219AS300837", "Ref_Lane": 2, "PostID": "C619AS300646", "Maker": "而⑥", "UpdateDate": "20190620", "Version": "2019", "Remark": null, "HistType": null, "HistRemark": null }, "geometry": { "type": "Point", "coordinates": [ 127.276190803158244, 36.533925693333565, 80.889302363682987 ] } },
{ "type": "Feature", "properties": { "ID": "C119AS300281", "AdminCode": "413", "Type": "8", "LinkID": "A219AS300896", "Ref_Lane": 1, "PostID": "C619AS300646", "Maker": "而⑥", "UpdateDate": "20190620", "Version": "2019", "Remark": null, "HistType": null, "HistRemark": null }, "geometry": { "type": "Point", "coordinates": [ 127.276185465232331, 36.53395510537171, 80.927692007035404 ] } },
{ "type": "Feature", "properties": { "ID": "C119AS300280", "AdminCode": "413", "Type": "1", "LinkID": "A219AS300798", "Ref_Lane": 2, "PostID": "C619AS300645", "Maker": "而⑥", "UpdateDate": "20190620", "Version": "2019", "Remark": null, "HistType": null, "HistRemark": null }, "geometry": { "type": "Point", "coordinates": [ 127.275822545923859, 36.533840905674232, 82.76295 ] } },
{ "type": "Feature", "properties": { "ID": "C119AS300279", "AdminCode": "413", "Type": "1", "LinkID": "A219AS300798", "Ref_Lane": 2, "PostID": "C619AS300645", "Maker": "而⑥", "UpdateDate": "20190620", "Version": "2019", "Remark": null, "HistType": null, "HistRemark": null }, "geometry": { "type": "Point", "coordinates": [ 127.275816415883526, 36.533867585811535, 82.83386 ] } },
{ "type": "Feature", "properties": { "ID": "C119AS300278", "AdminCode": "413", "Type": "8", "LinkID": "A219AS300899", "Ref_Lane": 1, "PostID": "C619AS300645", "Maker": "而⑥", "UpdateDate": "20190620", "Version": "2019", "Remark": null, "HistType": null, "HistRemark": null }, "geometry": { "type": "Point", "coordinates": [ 127.275805159658859, 36.533917253477753, 82.863103025210094 ] } },
{ "type": "Feature", "properties": { "ID": "C119AS300277", "AdminCode": "413", "Type": "11", "LinkID": "A219AS300798", "Ref_Lane": 3, "PostID": "C619AS300644", "Maker": "而⑥", "UpdateDate": "20190620", "Version": "2019", "Remark": null, "HistType": null, "HistRemark": null }, "geometry": { "type": "Point", "coordinates": [ 127.275696353653657, 36.533788938071289, 80.37081030360028 ] } },
{ "type": "Feature", "properties": { "ID": "C119AS300276", "AdminCode": "413", "Type": "1", "LinkID": "A219AS300801", "Ref_Lane": 2, "PostID": "C619AS300643", "Maker": "而⑥", "UpdateDate": "20190620", "Version": "2019", "Remark": null, "HistType": null, "HistRemark": null }, "geometry": { "type": "Point", "coordinates": [ 127.270719482183907, 36.532759427375282, 101.904896237463149 ] } },
{ "type": "Feature", "properties": { "ID": "C119AS300275", "AdminCode": "413", "Type": "1", "LinkID": "A219AS300801", "Ref_Lane": 2, "PostID": "C619AS300643", "Maker": "而⑥", "UpdateDate": "20190620", "Version": "2019", "Remark": null, "HistType": null, "HistRemark": null }, "geometry": { "type": "Point", "coordinates": [ 127.270706144850436, 36.532784517045449, 101.921273762536899 ] } },
{ "type": "Feature", "properties": { "ID": "C119AS300274", "AdminCode": "413", "Type": "8", "LinkID": "A219AS300395", "Ref_Lane": 1, "PostID": "C619AS300643", "Maker": "而⑥", "UpdateDate": "20190620", "Version": "2019", "Remark": null, "HistType": null, "HistRemark": null }, "geometry": { "type": "Point", "coordinates": [ 127.270681899318291, 36.532831000090866, 101.984325986627368 ] } },
{ "type": "Feature", "properties": { "ID": "C119AS300273", "AdminCode": "413", "Type": "11", "LinkID": "A219AS300801", "Ref_Lane": 2, "PostID": "C619AS300642", "Maker": "而⑥", "UpdateDate": "20190620", "Version": "2019", "Remark": null, "HistType": null, "HistRemark": null }, "geometry": { "type": "Point", "coordinates": [ 127.270586317404465, 36.53268955884139, 99.772919170582398 ] } },
{ "type": "Feature", "properties": { "ID": "C119AS300272", "AdminCode": "413", "Type": "8", "LinkID": "A219AS301222", "Ref_Lane": 4, "PostID": "C619AS300625", "Maker": "而⑥", "UpdateDate": "20190620", "Version": "2019", "Remark": null, "HistType": null, "HistRemark": null }, "geometry": { "type": "Point", "coordinates": [ 127.266622898593823, 36.530859367016973, 102.004307187196872 ] } },
{ "type": "Feature", "properties": { "ID": "C119AS300271", "AdminCode": "413", "Type": "2", "LinkID": "A219AS301340", "Ref_Lane": 1, "PostID": "C619AS300641", "Maker": "而⑥", "UpdateDate": "20190620", "Version": "2019", "Remark": null, "HistType": null, "HistRemark": null }, "geometry": { "type": "Point", "coordinates": [ 127.258989348043229, 36.517634628027452, 67.144913230028763 ] } },
{ "type": "Feature", "properties": { "ID": "C119AS300270", "AdminCode": "413", "Type": "2", "LinkID": "A219AS302995", "Ref_Lane": 1, "PostID": "C619AS300635", "Maker": "而⑥", "UpdateDate": "20190620", "Version": "2019", "Remark": null, "HistType": null, "HistRemark": null }, "geometry": { "type": "Point", "coordinates": [ 127.26640610089575, 36.530561282562189, 100.33694 ] } },
{ "type": "Feature", "properties": { "ID": "C119AS300269", "AdminCode": "413", "Type": "11", "LinkID": "A219AS302887", "Ref_Lane": 2, "PostID": "C619AS300547", "Maker": "而⑥", "UpdateDate": "20190620", "Version": "2019", "Remark": null, "HistType": null, "HistRemark": null }, "geometry": { "type": "Point", "coordinates": [ 127.259848411729408, 36.484234114105256, 57.473394366197184 ] } },
{ "type": "Feature", "properties": { "ID": "C119AS300268", "AdminCode": "413", "Type": "11", "LinkID": "A219AS302887", "Ref_Lane": 2, "PostID": "C619AS300639", "Maker": "而⑥", "UpdateDate": "20190620", "Version": "2019", "Remark": null, "HistType": null, "HistRemark": null }, "geometry": { "type": "Point", "coordinates": [ 127.259987941726621, 36.484044317128593, 57.59014 ] } },
{ "type": "Feature", "properties": { "ID": "C119AS300267", "AdminCode": "413", "Type": "11", "LinkID": "A219AS302889", "Ref_Lane": 2, "PostID": "C619AS300640", "Maker": "而⑥", "UpdateDate": "20190620", "Version": "2019", "Remark": null, "HistType": null, "HistRemark": null }, "geometry": { "type": "Point", "coordinates": [ 127.259328890710762, 36.483926968585685, 56.631565671175871 ] } },
{ "type": "Feature", "properties": { "ID": "C119AS300266", "AdminCode": "413", "Type": "2", "LinkID": "A219AS302887", "Ref_Lane": 2, "PostID": "C619AS300639", "Maker": "而⑥", "UpdateDate": "20190620", "Version": "2019", "Remark": null, "HistType": null, "HistRemark": null }, "geometry": { "type": "Point", "coordinates": [ 127.259952877388329, 36.484085293051891, 59.682321514376916 ] } },
{ "type": "Feature", "properties": { "ID": "C119AS300265", "AdminCode": "413", "Type": "11", "LinkID": "A219AS302874", "Ref_Lane": 2, "PostID": "C619AS300638", "Maker": "而⑥", "UpdateDate": "20190620", "Version": "2019", "Remark": null, "HistType": null, "HistRemark": null }, "geometry": { "type": "Point", "coordinates": [ 127.263360044862608, 36.479550936807634, 57.73263 ] } },
{ "type": "Feature", "properties": { "ID": "C119AS300264", "AdminCode": "413", "Type": "11", "LinkID": "A219AS302876", "Ref_Lane": 2, "PostID": "C619AS300637", "Maker": "而⑥", "UpdateDate": "20190620", "Version": "2019", "Remark": null, "HistType": null, "HistRemark": null }, "geometry": { "type": "Point", "coordinates": [ 127.262809626756322, 36.479251889757037, 57.92554 ] } },
{ "type": "Feature", "properties": { "ID": "C119AS300263", "AdminCode": "413", "Type": "11", "LinkID": "A219AS302876", "Ref_Lane": 2, "PostID": "C619AS300636", "Maker": "而⑥", "UpdateDate": "20190620", "Version": "2019", "Remark": null, "HistType": null, "HistRemark": null }, "geometry": { "type": "Point", "coordinates": [ 127.262886154893096, 36.478965142333408, 57.7678 ] } },
{ "type": "Feature", "properties": { "ID": "C119AS300262", "AdminCode": "413", "Type": "11", "LinkID": "A219AS301367", "Ref_Lane": 2, "PostID": "C619AS300634", "Maker": "而⑥", "UpdateDate": "20190620", "Version": "2019", "Remark": null, "HistType": null, "HistRemark": null }, "geometry": { "type": "Point", "coordinates": [ 127.25888515262514, 36.514606327587536, 63.218070070358728 ] } },
{ "type": "Feature", "properties": { "ID": "C119AS300261", "AdminCode": "413", "Type": "11", "LinkID": "A219AS301829", "Ref_Lane": 4, "PostID": "C619AS300633", "Maker": "而⑥", "UpdateDate": "20190620", "Version": "2019", "Remark": null, "HistType": null, "HistRemark": null }, "geometry": { "type": "Point", "coordinates": [ 127.2587560508222, 36.517803499882099, 66.472685330717979 ] } },
{ "type": "Feature", "properties": { "ID": "C119AS300260", "AdminCode": "413", "Type": "2", "LinkID": "A219AS302975", "Ref_Lane": 2, "PostID": "C619AS300633", "Maker": "而⑥", "UpdateDate": "20190620", "Version": "2019", "Remark": null, "HistType": null, "HistRemark": null }, "geometry": { "type": "Point", "coordinates": [ 127.258773274996358, 36.517858453375617, 68.932012136901804 ] } },
{ "type": "Feature", "properties": { "ID": "C119AS300259", "AdminCode": "413", "Type": "11", "LinkID": "A219AS302975", "Ref_Lane": 2, "PostID": "C619AS300633", "Maker": "而⑥", "UpdateDate": "20190620", "Version": "2019", "Remark": null, "HistType": null, "HistRemark": null }, "geometry": { "type": "Point", "coordinates": [ 127.258753270727951, 36.517809045830155, 66.509404669282048 ] } },
{ "type": "Feature", "properties": { "ID": "C119AS300258", "AdminCode": "413", "Type": "2", "LinkID": "A219AS302975", "Ref_Lane": 2, "PostID": "C619AS300633", "Maker": "而⑥", "UpdateDate": "20190620", "Version": "2019", "Remark": null, "HistType": null, "HistRemark": null }, "geometry": { "type": "Point", "coordinates": [ 127.258784656331699, 36.51789244028943, 68.995752922754605 ] } },
{ "type": "Feature", "properties": { "ID": "C119AS300257", "AdminCode": "413", "Type": "2", "LinkID": "A219AS301829", "Ref_Lane": 4, "PostID": "C619AS300633", "Maker": "而⑥", "UpdateDate": "20190620", "Version": "2019", "Remark": null, "HistType": null, "HistRemark": null }, "geometry": { "type": "Point", "coordinates": [ 127.258840710132205, 36.517794729432858, 68.851928437304224 ] } },
{ "type": "Feature", "properties": { "ID": "C119AS300256", "AdminCode": "413", "Type": "2", "LinkID": "A219AS301829", "Ref_Lane": 4, "PostID": "C619AS300472", "Maker": "而⑥", "UpdateDate": "20190620", "Version": "2019", "Remark": null, "HistType": null, "HistRemark": null }, "geometry": { "type": "Point", "coordinates": [ 127.258862725878458, 36.51805371480603, 68.993469155823192 ] } },
{ "type": "Feature", "properties": { "ID": "C119AS300255", "AdminCode": "413", "Type": "2", "LinkID": "A219AS301829", "Ref_Lane": 4, "PostID": "C619AS300472", "Maker": "而⑥", "UpdateDate": "20190620", "Version": "2019", "Remark": null, "HistType": null, "HistRemark": null }, "geometry": { "type": "Point", "coordinates": [ 127.258905940663652, 36.518051101856223, 69.03324 ] } },
{ "type": "Feature", "properties": { "ID": "C119AS300254", "AdminCode": "413", "Type": "11", "LinkID": "A219AS302979", "Ref_Lane": 2, "PostID": "C619AS300631", "Maker": "而⑥", "UpdateDate": "20190620", "Version": "2019", "Remark": null, "HistType": null, "HistRemark": null }, "geometry": { "type": "Point", "coordinates": [ 127.261085319325417, 36.525168733017182, 73.121208124637576 ] } },
{ "type": "Feature", "properties": { "ID": "C119AS300253", "AdminCode": "413", "Type": "2", "LinkID": "A219AS301257", "Ref_Lane": 4, "PostID": "C619AS300487", "Maker": "而⑥", "UpdateDate": "20190620", "Version": "2019", "Remark": null, "HistType": null, "HistRemark": null }, "geometry": { "type": "Point", "coordinates": [ 127.261182450592756, 36.52513321379827, 75.317031154975055 ] } },
{ "type": "Feature", "properties": { "ID": "C119AS300252", "AdminCode": "413", "Type": "11", "LinkID": "A219AS302979", "Ref_Lane": 2, "PostID": "C619AS300630", "Maker": "而⑥", "UpdateDate": "20190620", "Version": "2019", "Remark": null, "HistType": null, "HistRemark": null }, "geometry": { "type": "Point", "coordinates": [ 127.26127767941702, 36.525451533341602, 73.230630186135357 ] } },
{ "type": "Feature", "properties": { "ID": "C119AS300251", "AdminCode": "413", "Type": "2", "LinkID": "A219AS302979", "Ref_Lane": 2, "PostID": "C619AS300630", "Maker": "而⑥", "UpdateDate": "20190620", "Version": "2019", "Remark": null, "HistType": null, "HistRemark": null }, "geometry": { "type": "Point", "coordinates": [ 127.261252622739491, 36.525383058928966, 75.358511111111085 ] } },
{ "type": "Feature", "properties": { "ID": "C119AS300250", "AdminCode": "413", "Type": "11", "LinkID": "A219AS301257", "Ref_Lane": 4, "PostID": "C619AS300629", "Maker": "而⑥", "UpdateDate": "20190620", "Version": "2019", "Remark": null, "HistType": null, "HistRemark": null }, "geometry": { "type": "Point", "coordinates": [ 127.261392283481769, 36.525532367989115, 72.985210993766756 ] } },
{ "type": "Feature", "properties": { "ID": "C119AS300249", "AdminCode": "413", "Type": "2", "LinkID": "A219AS301257", "Ref_Lane": 4, "PostID": "C619AS300629", "Maker": "而⑥", "UpdateDate": "20190620", "Version": "2019", "Remark": null, "HistType": null, "HistRemark": null }, "geometry": { "type": "Point", "coordinates": [ 127.261453654063629, 36.525515874541441, 75.303675935127515 ] } },
{ "type": "Feature", "properties": { "ID": "C119AS300248", "AdminCode": "413", "Type": "2", "LinkID": "A219AS301257", "Ref_Lane": 4, "PostID": "C619AS300629", "Maker": "而⑥", "UpdateDate": "20190620", "Version": "2019", "Remark": null, "HistType": null, "HistRemark": null }, "geometry": { "type": "Point", "coordinates": [ 127.261493041481145, 36.525501240129053, 75.288107255702528 ] } },
{ "type": "Feature", "properties": { "ID": "C119AS300247", "AdminCode": "413", "Type": "11", "LinkID": "A219AS301783", "Ref_Lane": 2, "PostID": "C619AS300628", "Maker": "而⑥", "UpdateDate": "20190620", "Version": "2019", "Remark": null, "HistType": null, "HistRemark": null }, "geometry": { "type": "Point", "coordinates": [ 127.263969253011766, 36.528968690033579, 87.257752880428953 ] } },
{ "type": "Feature", "properties": { "ID": "C119AS300246", "AdminCode": "413", "Type": "1", "LinkID": "A219AS301783", "Ref_Lane": 2, "PostID": "C619AS300628", "Maker": "而⑥", "UpdateDate": "20190620", "Version": "2019", "Remark": null, "HistType": null, "HistRemark": null }, "geometry": { "type": "Point", "coordinates": [ 127.263994138360559, 36.528945980252267, 89.4318 ] } },
{ "type": "Feature", "properties": { "ID": "C119AS300245", "AdminCode": "413", "Type": "1", "LinkID": "A219AS301783", "Ref_Lane": 2, "PostID": "C619AS300628", "Maker": "而⑥", "UpdateDate": "20190620", "Version": "2019", "Remark": null, "HistType": null, "HistRemark": null }, "geometry": { "type": "Point", "coordinates": [ 127.264021415261027, 36.5289257420431, 89.46532 ] } },
{ "type": "Feature", "properties": { "ID": "C119AS300244", "AdminCode": "413", "Type": "8", "LinkID": "A219AS301807", "Ref_Lane": 1, "PostID": "C619AS300628", "Maker": "而⑥", "UpdateDate": "20190620", "Version": "2019", "Remark": null, "HistType": null, "HistRemark": null }, "geometry": { "type": "Point", "coordinates": [ 127.264047715543853, 36.528905577958639, 89.49951 ] } },
{ "type": "Feature", "properties": { "ID": "C119AS300243", "AdminCode": "413", "Type": "1", "LinkID": "A219AS301229", "Ref_Lane": 2, "PostID": "C619AS300627", "Maker": "而⑥", "UpdateDate": "20190620", "Version": "2019", "Remark": null, "HistType": null, "HistRemark": null }, "geometry": { "type": "Point", "coordinates": [ 127.264368975418691, 36.529301466598341, 91.794211902697455 ] } },
{ "type": "Feature", "properties": { "ID": "C119AS300242", "AdminCode": "413", "Type": "1", "LinkID": "A219AS301229", "Ref_Lane": 2, "PostID": "C619AS300627", "Maker": "而⑥", "UpdateDate": "20190620", "Version": "2019", "Remark": null, "HistType": null, "HistRemark": null }, "geometry": { "type": "Point", "coordinates": [ 127.264393386456106, 36.529282881692929, 91.832265789177825 ] } },
{ "type": "Feature", "properties": { "ID": "C119AS300241", "AdminCode": "413", "Type": "8", "LinkID": "A219AS301805", "Ref_Lane": 1, "PostID": "C619AS300627", "Maker": "而⑥", "UpdateDate": "20190620", "Version": "2019", "Remark": null, "HistType": null, "HistRemark": null }, "geometry": { "type": "Point", "coordinates": [ 127.26444596448205, 36.529241930466029, 91.973151659441072 ] } },
{ "type": "Feature", "properties": { "ID": "C119AS300240", "AdminCode": "413", "Type": "11", "LinkID": "A219AS301229", "Ref_Lane": 2, "PostID": "C619AS300626", "Maker": "而⑥", "UpdateDate": "20190620", "Version": "2019", "Remark": null, "HistType": null, "HistRemark": null }, "geometry": { "type": "Point", "coordinates": [ 127.264438137139223, 36.529420602305223, 90.073799081123909 ] } },
{ "type": "Feature", "properties": { "ID": "C119AS300239", "AdminCode": "413", "Type": "11", "LinkID": "A219AS301222", "Ref_Lane": 4, "PostID": "C619AS300625", "Maker": "而⑥", "UpdateDate": "20190620", "Version": "2019", "Remark": null, "HistType": null, "HistRemark": null }, "geometry": { "type": "Point", "coordinates": [ 127.266683072929879, 36.530785636821832, 99.872631137902957 ] } },
{ "type": "Feature", "properties": { "ID": "C119AS300238", "AdminCode": "413", "Type": "2", "LinkID": "A219AS301222", "Ref_Lane": 4, "PostID": "C619AS300625", "Maker": "而⑥", "UpdateDate": "20190620", "Version": "2019", "Remark": null, "HistType": null, "HistRemark": null }, "geometry": { "type": "Point", "coordinates": [ 127.266648774895458, 36.53082985058326, 102.018852308311054 ] } },
{ "type": "Feature", "properties": { "ID": "C119AS300237", "AdminCode": "413", "Type": "11", "LinkID": "A219AS301222", "Ref_Lane": 4, "PostID": "C619AS300624", "Maker": "而⑥", "UpdateDate": "20190620", "Version": "2019", "Remark": null, "HistType": null, "HistRemark": null }, "geometry": { "type": "Point", "coordinates": [ 127.266216861974314, 36.530469769382123, 97.67223575315144 ] } },
{ "type": "Feature", "properties": { "ID": "C119AS300236", "AdminCode": "413", "Type": "2", "LinkID": "A219AS301222", "Ref_Lane": 4, "PostID": "C619AS300624", "Maker": "而⑥", "UpdateDate": "20190620", "Version": "2019", "Remark": null, "HistType": null, "HistRemark": null }, "geometry": { "type": "Point", "coordinates": [ 127.266188304688953, 36.530486978740761, 99.792015276877081 ] } },
{ "type": "Feature", "properties": { "ID": "C119AS300235", "AdminCode": "413", "Type": "2", "LinkID": "A219AS301222", "Ref_Lane": 4, "PostID": "C619AS300624", "Maker": "而⑥", "UpdateDate": "20190620", "Version": "2019", "Remark": null, "HistType": null, "HistRemark": null }, "geometry": { "type": "Point", "coordinates": [ 127.266164000641623, 36.530509570079644, 99.707239037985133 ] } },
{ "type": "Feature", "properties": { "ID": "C119AS300234", "AdminCode": "413", "Type": "8", "LinkID": "A219AS301804", "Ref_Lane": 1, "PostID": "C619AS300624", "Maker": "而⑥", "UpdateDate": "20190620", "Version": "2019", "Remark": null, "HistType": null, "HistRemark": null }, "geometry": { "type": "Point", "coordinates": [ 127.266138814238559, 36.530533252087778, 99.784816918689685 ] } },
{ "type": "Feature", "properties": { "ID": "C119AS300233", "AdminCode": "413", "Type": "11", "LinkID": "A219AS301777", "Ref_Lane": 2, "PostID": "C619AS300623", "Maker": "而⑥", "UpdateDate": "20190620", "Version": "2019", "Remark": null, "HistType": null, "HistRemark": null }, "geometry": { "type": "Point", "coordinates": [ 127.264671104909723, 36.529262230815235, 90.018670360025766 ] } },
{ "type": "Feature", "properties": { "ID": "C119AS300232", "AdminCode": "413", "Type": "1", "LinkID": "A219AS301777", "Ref_Lane": 2, "PostID": "C619AS300623", "Maker": "而⑥", "UpdateDate": "20190620", "Version": "2019", "Remark": null, "HistType": null, "HistRemark": null }, "geometry": { "type": "Point", "coordinates": [ 127.26464419358382, 36.529284117131802, 92.010875266339283 ] } },
{ "type": "Feature", "properties": { "ID": "C119AS300231", "AdminCode": "413", "Type": "1", "LinkID": "A219AS301777", "Ref_Lane": 2, "PostID": "C619AS300623", "Maker": "而⑥", "UpdateDate": "20190620", "Version": "2019", "Remark": null, "HistType": null, "HistRemark": null }, "geometry": { "type": "Point", "coordinates": [ 127.264616890173727, 36.529303547080168, 92.065420387413539 ] } },
{ "type": "Feature", "properties": { "ID": "C119AS300230", "AdminCode": "413", "Type": "8", "LinkID": "A219AS301806", "Ref_Lane": 1, "PostID": "C619AS300623", "Maker": "而⑥", "UpdateDate": "20190620", "Version": "2019", "Remark": null, "HistType": null, "HistRemark": null }, "geometry": { "type": "Point", "coordinates": [ 127.264588369399462, 36.529322790907379, 92.119837348672206 ] } },
{ "type": "Feature", "properties": { "ID": "C119AS300229", "AdminCode": "413", "Type": "1", "LinkID": "A219AS301235", "Ref_Lane": 2, "PostID": "C619AS300622", "Maker": "而⑥", "UpdateDate": "20190620", "Version": "2019", "Remark": null, "HistType": null, "HistRemark": null }, "geometry": { "type": "Point", "coordinates": [ 127.264276237873744, 36.528943365748027, 90.462109576270194 ] } },
{ "type": "Feature", "properties": { "ID": "C119AS300228", "AdminCode": "413", "Type": "1", "LinkID": "A219AS301235", "Ref_Lane": 2, "PostID": "C619AS300622", "Maker": "而⑥", "UpdateDate": "20190620", "Version": "2019", "Remark": null, "HistType": null, "HistRemark": null }, "geometry": { "type": "Point", "coordinates": [ 127.264249890914414, 36.528960162536116, 90.47891907990784 ] } },
{ "type": "Feature", "properties": { "ID": "C119AS300227", "AdminCode": "413", "Type": "8", "LinkID": "A219AS301242", "Ref_Lane": 1, "PostID": "C619AS300622", "Maker": "而⑥", "UpdateDate": "20190620", "Version": "2019", "Remark": null, "HistType": null, "HistRemark": null }, "geometry": { "type": "Point", "coordinates": [ 127.264191906666426, 36.528995631040743, 90.536405205042215 ] } },
{ "type": "Feature", "properties": { "ID": "C119AS300226", "AdminCode": "413", "Type": "11", "LinkID": "A219AS301235", "Ref_Lane": 2, "PostID": "C619AS300621", "Maker": "而⑥", "UpdateDate": "20190620", "Version": "2019", "Remark": null, "HistType": null, "HistRemark": null }, "geometry": { "type": "Point", "coordinates": [ 127.264210688697233, 36.528819934881518, 87.15073909385687 ] } },
{ "type": "Feature", "properties": { "ID": "C119AS300225", "AdminCode": "413", "Type": "11", "LinkID": "A219AS301287", "Ref_Lane": 4, "PostID": "C619AS300620", "Maker": "而⑥", "UpdateDate": "20190620", "Version": "2019", "Remark": null, "HistType": null, "HistRemark": null }, "geometry": { "type": "Point", "coordinates": [ 127.261755838916983, 36.525344498236819, 72.881131782231748 ] } },
{ "type": "Feature", "properties": { "ID": "C119AS300224", "AdminCode": "413", "Type": "2", "LinkID": "A219AS301287", "Ref_Lane": 4, "PostID": "C619AS300620", "Maker": "而⑥", "UpdateDate": "20190620", "Version": "2019", "Remark": null, "HistType": null, "HistRemark": null }, "geometry": { "type": "Point", "coordinates": [ 127.261672785313579, 36.525397497851799, 75.043191151452163 ] } },
{ "type": "Feature", "properties": { "ID": "C119AS300223", "AdminCode": "413", "Type": "11", "LinkID": "A219AS302977", "Ref_Lane": 2, "PostID": "C619AS300619", "Maker": "而⑥", "UpdateDate": "20190620", "Version": "2019", "Remark": null, "HistType": null, "HistRemark": null }, "geometry": { "type": "Point", "coordinates": [ 127.26157210154814, 36.525068693693733, 73.408436172915586 ] } },
{ "type": "Feature", "properties": { "ID": "C119AS300222", "AdminCode": "413", "Type": "2", "LinkID": "A219AS302977", "Ref_Lane": 2, "PostID": "C619AS300619", "Maker": "而⑥", "UpdateDate": "20190620", "Version": "2019", "Remark": null, "HistType": null, "HistRemark": null }, "geometry": { "type": "Point", "coordinates": [ 127.26160180963835, 36.525135321120445, 75.538318746645444 ] } },
{ "type": "Feature", "properties": { "ID": "C119AS300221", "AdminCode": "413", "Type": "11", "LinkID": "A219AS301287", "Ref_Lane": 4, "PostID": "C619AS300618", "Maker": "而⑥", "UpdateDate": "20190620", "Version": "2019", "Remark": null, "HistType": null, "HistRemark": null }, "geometry": { "type": "Point", "coordinates": [ 127.261470377627973, 36.524990855504058, 73.328358956906897 ] } },
{ "type": "Feature", "properties": { "ID": "C119AS300220", "AdminCode": "413", "Type": "2", "LinkID": "A219AS301287", "Ref_Lane": 4, "PostID": "C619AS300618", "Maker": "而⑥", "UpdateDate": "20190620", "Version": "2019", "Remark": null, "HistType": null, "HistRemark": null }, "geometry": { "type": "Point", "coordinates": [ 127.261407786543145, 36.525004323766034, 75.559915168578627 ] } },
{ "type": "Feature", "properties": { "ID": "C119AS300219", "AdminCode": "413", "Type": "2", "LinkID": "A219AS301287", "Ref_Lane": 4, "PostID": "C619AS300618", "Maker": "而⑥", "UpdateDate": "20190620", "Version": "2019", "Remark": null, "HistType": null, "HistRemark": null }, "geometry": { "type": "Point", "coordinates": [ 127.261367324192477, 36.525017248342287, 75.535 ] } },
{ "type": "Feature", "properties": { "ID": "C119AS300218", "AdminCode": "413", "Type": "2", "LinkID": "A219AS301348", "Ref_Lane": 3, "PostID": "C619AS300471", "Maker": "而⑥", "UpdateDate": "20190620", "Version": "2019", "Remark": null, "HistType": null, "HistRemark": null }, "geometry": { "type": "Point", "coordinates": [ 127.259172743452723, 36.518045368017532, 68.848034350413187 ] } },
{ "type": "Feature", "properties": { "ID": "C119AS300217", "AdminCode": "413", "Type": "11", "LinkID": "A219AS301355", "Ref_Lane": 4, "PostID": "C619AS300617", "Maker": "而⑥", "UpdateDate": "20190620", "Version": "2019", "Remark": null, "HistType": null, "HistRemark": null }, "geometry": { "type": "Point", "coordinates": [ 127.259229629409504, 36.517770692642209, 66.399381342077731 ] } },
{ "type": "Feature", "properties": { "ID": "C119AS300216", "AdminCode": "413", "Type": "2", "LinkID": "A219AS302973", "Ref_Lane": 2, "PostID": "C619AS300617", "Maker": "而⑥", "UpdateDate": "20190620", "Version": "2019", "Remark": null, "HistType": null, "HistRemark": null }, "geometry": { "type": "Point", "coordinates": [ 127.259256594597048, 36.517841378991605, 68.56363 ] } },
{ "type": "Feature", "properties": { "ID": "C119AS300215", "AdminCode": "413", "Type": "11", "LinkID": "A219AS302973", "Ref_Lane": 2, "PostID": "C619AS300617", "Maker": "而⑥", "UpdateDate": "20190620", "Version": "2019", "Remark": null, "HistType": null, "HistRemark": null }, "geometry": { "type": "Point", "coordinates": [ 127.259238072947738, 36.517775775320757, 66.40237775286775 ] } },
{ "type": "Feature", "properties": { "ID": "C119AS300214", "AdminCode": "413", "Type": "2", "LinkID": "A219AS301355", "Ref_Lane": 4, "PostID": "C619AS300617", "Maker": "而⑥", "UpdateDate": "20190620", "Version": "2019", "Remark": null, "HistType": null, "HistRemark": null }, "geometry": { "type": "Point", "coordinates": [ 127.259167327603919, 36.517782838809858, 68.750681334299642 ] } },
{ "type": "Feature", "properties": { "ID": "C119AS300213", "AdminCode": "413", "Type": "2", "LinkID": "A219AS301355", "Ref_Lane": 4, "PostID": "C619AS300617", "Maker": "而⑥", "UpdateDate": "20190620", "Version": "2019", "Remark": null, "HistType": null, "HistRemark": null }, "geometry": { "type": "Point", "coordinates": [ 127.25912471766928, 36.517789092977374, 68.766468751884545 ] } },
{ "type": "Feature", "properties": { "ID": "C119AS300212", "AdminCode": "413", "Type": "11", "LinkID": "A219AS301760", "Ref_Lane": 2, "PostID": "C619AS300616", "Maker": "而⑥", "UpdateDate": "20190620", "Version": "2019", "Remark": null, "HistType": null, "HistRemark": null }, "geometry": { "type": "Point", "coordinates": [ 127.259187163298492, 36.514642206981534, 63.45637673205114 ] } },
{ "type": "Feature", "properties": { "ID": "C119AS300211", "AdminCode": "413", "Type": "1", "LinkID": "A219AS301760", "Ref_Lane": 2, "PostID": "C619AS300616", "Maker": "而⑥", "UpdateDate": "20190620", "Version": "2019", "Remark": null, "HistType": null, "HistRemark": null }, "geometry": { "type": "Point", "coordinates": [ 127.259149422620752, 36.514640807310506, 65.6622536824338 ] } },
{ "type": "Feature", "properties": { "ID": "C119AS300210", "AdminCode": "413", "Type": "1", "LinkID": "A219AS301760", "Ref_Lane": 2, "PostID": "C619AS300616", "Maker": "而⑥", "UpdateDate": "20190620", "Version": "2019", "Remark": null, "HistType": null, "HistRemark": null }, "geometry": { "type": "Point", "coordinates": [ 127.259112999684774, 36.514636118690404, 65.676995005305614 ] } },
{ "type": "Feature", "properties": { "ID": "C119AS300209", "AdminCode": "413", "Type": "8", "LinkID": "A219AS301808", "Ref_Lane": 1, "PostID": "C619AS300616", "Maker": "而⑥", "UpdateDate": "20190620", "Version": "2019", "Remark": null, "HistType": null, "HistRemark": null }, "geometry": { "type": "Point", "coordinates": [ 127.259076330395118, 36.514632115153645, 65.707175383025572 ] } },
{ "type": "Feature", "properties": { "ID": "C119AS300208", "AdminCode": "413", "Type": "11", "LinkID": "A219AS301387", "Ref_Lane": 3, "PostID": "C619AS300615", "Maker": "而⑥", "UpdateDate": "20190620", "Version": "2019", "Remark": null, "HistType": null, "HistRemark": null }, "geometry": { "type": "Point", "coordinates": [ 127.259802887561847, 36.512343360726575, 62.389823091041855 ] } },
{ "type": "Feature", "properties": { "ID": "C119AS300207", "AdminCode": "413", "Type": "11", "LinkID": "A219AS302948", "Ref_Lane": 2, "PostID": "C619AS300614", "Maker": "而⑥", "UpdateDate": "20190620", "Version": "2019", "Remark": null, "HistType": null, "HistRemark": null }, "geometry": { "type": "Point", "coordinates": [ 127.261042554837985, 36.504634008371973, 59.111199952001435 ] } },
{ "type": "Feature", "properties": { "ID": "C119AS300206", "AdminCode": "413", "Type": "11", "LinkID": "A219AS301460", "Ref_Lane": 2, "PostID": "C619AS300613", "Maker": "而⑥", "UpdateDate": "20190620", "Version": "2019", "Remark": null, "HistType": null, "HistRemark": null }, "geometry": { "type": "Point", "coordinates": [ 127.261312876212372, 36.504898898278462, 59.60892198430777 ] } },
{ "type": "Feature", "properties": { "ID": "C119AS300205", "AdminCode": "413", "Type": "11", "LinkID": "A219AS301404", "Ref_Lane": 5, "PostID": "C619AS300612", "Maker": "而⑥", "UpdateDate": "20190620", "Version": "2019", "Remark": null, "HistType": null, "HistRemark": null }, "geometry": { "type": "Point", "coordinates": [ 127.26140620597107, 36.508331715123298, 60.454355950918668 ] } },
{ "type": "Feature", "properties": { "ID": "C119AS300204", "AdminCode": "413", "Type": "11", "LinkID": "A219AS301404", "Ref_Lane": 5, "PostID": "C619AS300611", "Maker": "而⑥", "UpdateDate": "20190620", "Version": "2019", "Remark": null, "HistType": null, "HistRemark": null }, "geometry": { "type": "Point", "coordinates": [ 127.261259559709927, 36.508754345867487, 60.47761232163289 ] } },
{ "type": "Feature", "properties": { "ID": "C119AS300203", "AdminCode": "413", "Type": "11", "LinkID": "A219AS301788", "Ref_Lane": 2, "PostID": "C619AS300610", "Maker": "而⑥", "UpdateDate": "20190620", "Version": "2019", "Remark": null, "HistType": null, "HistRemark": null }, "geometry": { "type": "Point", "coordinates": [ 127.259441243446062, 36.512275818411091, 62.256688497575652 ] } },
{ "type": "Feature", "properties": { "ID": "C119AS300202", "AdminCode": "413", "Type": "1", "LinkID": "A219AS301788", "Ref_Lane": 2, "PostID": "C619AS300609", "Maker": "而⑥", "UpdateDate": "20190620", "Version": "2019", "Remark": null, "HistType": null, "HistRemark": null }, "geometry": { "type": "Point", "coordinates": [ 127.25952125695207, 36.512276981256036, 64.772458341331912 ] } },
{ "type": "Feature", "properties": { "ID": "C119AS300201", "AdminCode": "413", "Type": "1", "LinkID": "A219AS301788", "Ref_Lane": 2, "PostID": "C619AS300609", "Maker": "而⑥", "UpdateDate": "20190620", "Version": "2019", "Remark": null, "HistType": null, "HistRemark": null }, "geometry": { "type": "Point", "coordinates": [ 127.259544741552375, 36.512281848130904, 64.81096961298384 ] } },
{ "type": "Feature", "properties": { "ID": "C119AS300200", "AdminCode": "413", "Type": "8", "LinkID": "A219AS301811", "Ref_Lane": 1, "PostID": "C619AS300609", "Maker": "而⑥", "UpdateDate": "20190620", "Version": "2019", "Remark": null, "HistType": null, "HistRemark": null }, "geometry": { "type": "Point", "coordinates": [ 127.259603661514916, 36.512295406394884, 64.849927640713787 ] } },
{ "type": "Feature", "properties": { "ID": "C119AS300199", "AdminCode": "413", "Type": "11", "LinkID": "A219AS301785", "Ref_Lane": 2, "PostID": "C619AS300608", "Maker": "而⑥", "UpdateDate": "20190620", "Version": "2019", "Remark": null, "HistType": null, "HistRemark": null }, "geometry": { "type": "Point", "coordinates": [ 127.258960416115997, 36.514180948155285, 63.394745245513718 ] } },
{ "type": "Feature", "properties": { "ID": "C119AS300198", "AdminCode": "413", "Type": "1", "LinkID": "A219AS301785", "Ref_Lane": 2, "PostID": "C619AS300608", "Maker": "而⑥", "UpdateDate": "20190620", "Version": "2019", "Remark": null, "HistType": null, "HistRemark": null }, "geometry": { "type": "Point", "coordinates": [ 127.258997318029003, 36.514182588013483, 65.479299084022117 ] } },
{ "type": "Feature", "properties": { "ID": "C119AS300197", "AdminCode": "413", "Type": "1", "LinkID": "A219AS301785", "Ref_Lane": 2, "PostID": "C619AS300608", "Maker": "而⑥", "UpdateDate": "20190620", "Version": "2019", "Remark": null, "HistType": null, "HistRemark": null }, "geometry": { "type": "Point", "coordinates": [ 127.259033939625027, 36.514186276996064, 65.454354387286401 ] } },
{ "type": "Feature", "properties": { "ID": "C119AS300196", "AdminCode": "413", "Type": "8", "LinkID": "A219AS301809", "Ref_Lane": 1, "PostID": "C619AS300608", "Maker": "而⑥", "UpdateDate": "20190620", "Version": "2019", "Remark": null, "HistType": null, "HistRemark": null }, "geometry": { "type": "Point", "coordinates": [ 127.259071168473326, 36.514190209981066, 65.445363929597164 ] } },
{ "type": "Feature", "properties": { "ID": "C119AS300195", "AdminCode": "413", "Type": "8", "LinkID": "A219AS301371", "Ref_Lane": 1, "PostID": "C619AS300607", "Maker": "而⑥", "UpdateDate": "20190620", "Version": "2019", "Remark": null, "HistType": null, "HistRemark": null }, "geometry": { "type": "Point", "coordinates": [ 127.259045729710735, 36.514501674187528, 66.158499431074773 ] } },
{ "type": "Feature", "properties": { "ID": "C119AS300194", "AdminCode": "413", "Type": "1", "LinkID": "A219AS301367", "Ref_Lane": 2, "PostID": "C619AS300607", "Maker": "而⑥", "UpdateDate": "20190620", "Version": "2019", "Remark": null, "HistType": null, "HistRemark": null }, "geometry": { "type": "Point", "coordinates": [ 127.258938491370728, 36.514501730309171, 66.072097776836699 ] } },
{ "type": "Feature", "properties": { "ID": "C119AS300193", "AdminCode": "413", "Type": "1", "LinkID": "A219AS301367", "Ref_Lane": 2, "PostID": "C619AS300607", "Maker": "而⑥", "UpdateDate": "20190620", "Version": "2019", "Remark": null, "HistType": null, "HistRemark": null }, "geometry": { "type": "Point", "coordinates": [ 127.258971764148541, 36.514501865427917, 66.075291721627039 ] } },
{ "type": "Feature", "properties": { "ID": "C119AS300192", "AdminCode": "413", "Type": "1", "LinkID": "A219AS301374", "Ref_Lane": 2, "PostID": "C619AS300606", "Maker": "而⑥", "UpdateDate": "20190620", "Version": "2019", "Remark": null, "HistType": null, "HistRemark": null }, "geometry": { "type": "Point", "coordinates": [ 127.259204602114508, 36.514333753259706, 65.906116599994775 ] } },
{ "type": "Feature", "properties": { "ID": "C119AS300191", "AdminCode": "413", "Type": "1", "LinkID": "A219AS301374", "Ref_Lane": 2, "PostID": "C619AS300606", "Maker": "而⑥", "UpdateDate": "20190620", "Version": "2019", "Remark": null, "HistType": null, "HistRemark": null }, "geometry": { "type": "Point", "coordinates": [ 127.259171668889536, 36.514329132601247, 65.90063210386252 ] } },
{ "type": "Feature", "properties": { "ID": "C119AS300190", "AdminCode": "413", "Type": "8", "LinkID": "A219AS301810", "Ref_Lane": 1, "PostID": "C619AS300606", "Maker": "而⑥", "UpdateDate": "20190620", "Version": "2019", "Remark": null, "HistType": null, "HistRemark": null }, "geometry": { "type": "Point", "coordinates": [ 127.25909859190773, 36.514318859066556, 65.909955752070559 ] } },
{ "type": "Feature", "properties": { "ID": "C119AS300189", "AdminCode": "413", "Type": "11", "LinkID": "A219AS301374", "Ref_Lane": 2, "PostID": "C619AS300605", "Maker": "而⑥", "UpdateDate": "20190620", "Version": "2019", "Remark": null, "HistType": null, "HistRemark": null }, "geometry": { "type": "Point", "coordinates": [ 127.259269448565945, 36.514223852586412, 63.136044394084294 ] } },
{ "type": "Feature", "properties": { "ID": "C119AS300188", "AdminCode": "413", "Type": "8", "LinkID": "A219AS301392", "Ref_Lane": 1, "PostID": "C619AS300604", "Maker": "而⑥", "UpdateDate": "20190620", "Version": "2019", "Remark": null, "HistType": null, "HistRemark": null }, "geometry": { "type": "Point", "coordinates": [ 127.259608182595997, 36.512411923759686, 64.819288974156947 ] } },
{ "type": "Feature", "properties": { "ID": "C119AS300187", "AdminCode": "413", "Type": "1", "LinkID": "A219AS301387", "Ref_Lane": 2, "PostID": "C619AS300604", "Maker": "而⑥", "UpdateDate": "20190620", "Version": "2019", "Remark": null, "HistType": null, "HistRemark": null }, "geometry": { "type": "Point", "coordinates": [ 127.259688824435273, 36.512433953635487, 64.761774510558752 ] } },
{ "type": "Feature", "properties": { "ID": "C119AS300186", "AdminCode": "413", "Type": "1", "LinkID": "A219AS301387", "Ref_Lane": 2, "PostID": "C619AS300604", "Maker": "而⑥", "UpdateDate": "20190620", "Version": "2019", "Remark": null, "HistType": null, "HistRemark": null }, "geometry": { "type": "Point", "coordinates": [ 127.259666277872896, 36.512427598684859, 64.774211503805574 ] } },
{ "type": "Feature", "properties": { "ID": "C119AS300185", "AdminCode": "413", "Type": "11", "LinkID": "A219AS301448", "Ref_Lane": 5, "PostID": "C619AS300603", "Maker": "而⑥", "UpdateDate": "20190620", "Version": "2019", "Remark": null, "HistType": null, "HistRemark": null }, "geometry": { "type": "Point", "coordinates": [ 127.261643969884787, 36.508782879047288, 60.557181471104442 ] } },
{ "type": "Feature", "properties": { "ID": "C119AS300184", "AdminCode": "413", "Type": "2", "LinkID": "A219AS301448", "Ref_Lane": 5, "PostID": "C619AS300602", "Maker": "而⑥", "UpdateDate": "20190620", "Version": "2019", "Remark": null, "HistType": null, "HistRemark": null }, "geometry": { "type": "Point", "coordinates": [ 127.261573584120143, 36.508801209569526, 63.233649993456652 ] } },
{ "type": "Feature", "properties": { "ID": "C119AS300183", "AdminCode": "413", "Type": "2", "LinkID": "A219AS301404", "Ref_Lane": 5, "PostID": "C619AS300602", "Maker": "而⑥", "UpdateDate": "20190620", "Version": "2019", "Remark": null, "HistType": null, "HistRemark": null }, "geometry": { "type": "Point", "coordinates": [ 127.261427205483727, 36.508773693974106, 63.083089677609706 ] } },
{ "type": "Feature", "properties": { "ID": "C119AS300182", "AdminCode": "413", "Type": "2", "LinkID": "A219AS301404", "Ref_Lane": 5, "PostID": "C619AS300602", "Maker": "而⑥", "UpdateDate": "20190620", "Version": "2019", "Remark": null, "HistType": null, "HistRemark": null }, "geometry": { "type": "Point", "coordinates": [ 127.261384515580616, 36.508765528951827, 63.089497023802565 ] } },
{ "type": "Feature", "properties": { "ID": "C119AS300181", "AdminCode": "413", "Type": "2", "LinkID": "A219AS301404", "Ref_Lane": 5, "PostID": "C619AS300601", "Maker": "而⑥", "UpdateDate": "20190620", "Version": "2019", "Remark": null, "HistType": null, "HistRemark": null }, "geometry": { "type": "Point", "coordinates": [ 127.261501664915286, 36.508318755819467, 63.409403065697447 ] } },
{ "type": "Feature", "properties": { "ID": "C119AS300180", "AdminCode": "413", "Type": "2", "LinkID": "A219AS301448", "Ref_Lane": 5, "PostID": "C619AS300601", "Maker": "而⑥", "UpdateDate": "20190620", "Version": "2019", "Remark": null, "HistType": null, "HistRemark": null }, "geometry": { "type": "Point", "coordinates": [ 127.261649782315317, 36.508337549671154, 63.454448409129078 ] } },
{ "type": "Feature", "properties": { "ID": "C119AS300179", "AdminCode": "413", "Type": "2", "LinkID": "A219AS301448", "Ref_Lane": 5, "PostID": "C619AS300601", "Maker": "而⑥", "UpdateDate": "20190620", "Version": "2019", "Remark": null, "HistType": null, "HistRemark": null }, "geometry": { "type": "Point", "coordinates": [ 127.261692812529986, 36.508343708984285, 63.508143499647659 ] } },
{ "type": "Feature", "properties": { "ID": "C119AS300178", "AdminCode": "413", "Type": "11", "LinkID": "A219AS301448", "Ref_Lane": 5, "PostID": "C619AS300600", "Maker": "而⑥", "UpdateDate": "20190620", "Version": "2019", "Remark": null, "HistType": null, "HistRemark": null }, "geometry": { "type": "Point", "coordinates": [ 127.261799450583496, 36.508366041957942, 60.512056901101488 ] } },
{ "type": "Feature", "properties": { "ID": "C119AS300177", "AdminCode": "413", "Type": "1", "LinkID": "A219AS301467", "Ref_Lane": 3, "PostID": "C619AS300599", "Maker": "而⑥", "UpdateDate": "20190620", "Version": "2019", "Remark": null, "HistType": null, "HistRemark": null }, "geometry": { "type": "Point", "coordinates": [ 127.261477418062725, 36.504747219084088, 62.336856072005148 ] } },
{ "type": "Feature", "properties": { "ID": "C119AS300176", "AdminCode": "413", "Type": "8", "LinkID": "A219AS301815", "Ref_Lane": 1, "PostID": "C619AS300599", "Maker": "而⑥", "UpdateDate": "20190620", "Version": "2019", "Remark": null, "HistType": null, "HistRemark": null }, "geometry": { "type": "Point", "coordinates": [ 127.261442270199595, 36.50475600995275, 62.426657893606695 ] } },
{ "type": "Feature", "properties": { "ID": "C119AS300175", "AdminCode": "413", "Type": "8", "LinkID": "A219AS301465", "Ref_Lane": 1, "PostID": "C619AS300599", "Maker": "而⑥", "UpdateDate": "20190620", "Version": "2019", "Remark": null, "HistType": null, "HistRemark": null }, "geometry": { "type": "Point", "coordinates": [ 127.261408229264958, 36.504768363908262, 62.440826679205685 ] } },
{ "type": "Feature", "properties": { "ID": "C119AS300174", "AdminCode": "413", "Type": "1", "LinkID": "A219AS301460", "Ref_Lane": 2, "PostID": "C619AS300599", "Maker": "而⑥", "UpdateDate": "20190620", "Version": "2019", "Remark": null, "HistType": null, "HistRemark": null }, "geometry": { "type": "Point", "coordinates": [ 127.261333342985012, 36.504787969958088, 62.483980017727312 ] } },
{ "type": "Feature", "properties": { "ID": "C119AS300173", "AdminCode": "413", "Type": "2", "LinkID": "A219AS302923", "Ref_Lane": 2, "PostID": "C619AS300598", "Maker": "而⑥", "UpdateDate": "20190620", "Version": "2019", "Remark": null, "HistType": null, "HistRemark": null }, "geometry": { "type": "Point", "coordinates": [ 127.257762204999494, 36.49838113213378, 60.004092421734924 ] } },
{ "type": "Feature", "properties": { "ID": "C119AS300172", "AdminCode": "413", "Type": "2", "LinkID": "A219AS302923", "Ref_Lane": 2, "PostID": "C619AS300598", "Maker": "而⑥", "UpdateDate": "20190620", "Version": "2019", "Remark": null, "HistType": null, "HistRemark": null }, "geometry": { "type": "Point", "coordinates": [ 127.257779315739157, 36.498414240871796, 59.969672421734934 ] } },
{ "type": "Feature", "properties": { "ID": "C119AS300171", "AdminCode": "413", "Type": "11", "LinkID": "A219AS302923", "Ref_Lane": 2, "PostID": "C619AS300598", "Maker": "而⑥", "UpdateDate": "20190620", "Version": "2019", "Remark": null, "HistType": null, "HistRemark": null }, "geometry": { "type": "Point", "coordinates": [ 127.257744830085443, 36.498331307318352, 57.713682926829279 ] } },
{ "type": "Feature", "properties": { "ID": "C119AS300170", "AdminCode": "413", "Type": "2", "LinkID": "A219AS301501", "Ref_Lane": 4, "PostID": "C619AS300596", "Maker": "而⑥", "UpdateDate": "20190620", "Version": "2019", "Remark": null, "HistType": null, "HistRemark": null }, "geometry": { "type": "Point", "coordinates": [ 127.258171424398228, 36.498607973941887, 60.505217662157847 ] } },
{ "type": "Feature", "properties": { "ID": "C119AS300169", "AdminCode": "413", "Type": "2", "LinkID": "A219AS301501", "Ref_Lane": 4, "PostID": "C619AS300596", "Maker": "而⑥", "UpdateDate": "20190620", "Version": "2019", "Remark": null, "HistType": null, "HistRemark": null }, "geometry": { "type": "Point", "coordinates": [ 127.258209443170216, 36.498590467753687, 60.447077491316556 ] } },
{ "type": "Feature", "properties": { "ID": "C119AS300168", "AdminCode": "413", "Type": "11", "LinkID": "A219AS301501", "Ref_Lane": 4, "PostID": "C619AS300595", "Maker": "而⑥", "UpdateDate": "20190620", "Version": "2019", "Remark": null, "HistType": null, "HistRemark": null }, "geometry": { "type": "Point", "coordinates": [ 127.258203508808307, 36.498765788319325, 58.388523159335385 ] } },
{ "type": "Feature", "properties": { "ID": "C119AS300167", "AdminCode": "413", "Type": "11", "LinkID": "A219AS301474", "Ref_Lane": 2, "PostID": "C619AS300594", "Maker": "而⑥", "UpdateDate": "20190620", "Version": "2019", "Remark": null, "HistType": null, "HistRemark": null }, "geometry": { "type": "Point", "coordinates": [ 127.25956377840933, 36.501195433659909, 58.671557878122641 ] } },
{ "type": "Feature", "properties": { "ID": "C119AS300166", "AdminCode": "413", "Type": "1", "LinkID": "A219AS301474", "Ref_Lane": 2, "PostID": "C619AS300593", "Maker": "而⑥", "UpdateDate": "20190620", "Version": "2019", "Remark": null, "HistType": null, "HistRemark": null }, "geometry": { "type": "Point", "coordinates": [ 127.259736341277787, 36.501456422436739, 61.602533503762842 ] } },
{ "type": "Feature", "properties": { "ID": "C119AS300165", "AdminCode": "413", "Type": "1", "LinkID": "A219AS301474", "Ref_Lane": 2, "PostID": "C619AS300593", "Maker": "而⑥", "UpdateDate": "20190620", "Version": "2019", "Remark": null, "HistType": null, "HistRemark": null }, "geometry": { "type": "Point", "coordinates": [ 127.259767484214933, 36.501446883489137, 61.59318 ] } },
{ "type": "Feature", "properties": { "ID": "C119AS300164", "AdminCode": "413", "Type": "8", "LinkID": "A219AS301817", "Ref_Lane": 1, "PostID": "C619AS300593", "Maker": "而⑥", "UpdateDate": "20190620", "Version": "2019", "Remark": null, "HistType": null, "HistRemark": null }, "geometry": { "type": "Point", "coordinates": [ 127.259837387613018, 36.501426703639297, 61.650305720558897 ] } },
{ "type": "Feature", "properties": { "ID": "C119AS300163", "AdminCode": "413", "Type": "11", "LinkID": "A219AS301474", "Ref_Lane": 2, "PostID": "C619AS300592", "Maker": "而⑥", "UpdateDate": "20190620", "Version": "2019", "Remark": null, "HistType": null, "HistRemark": null }, "geometry": { "type": "Point", "coordinates": [ 127.25973563869718, 36.501568789614396, 58.847828013568986 ] } },
{ "type": "Feature", "properties": { "ID": "C119AS300162", "AdminCode": "413", "Type": "11", "LinkID": "A219AS301790", "Ref_Lane": 2, "PostID": "C619AS300591", "Maker": "而⑥", "UpdateDate": "20190620", "Version": "2019", "Remark": null, "HistType": null, "HistRemark": null }, "geometry": { "type": "Point", "coordinates": [ 127.260121200404583, 36.502373149505921, 58.932295481232053 ] } },
{ "type": "Feature", "properties": { "ID": "C119AS300161", "AdminCode": "413", "Type": "8", "LinkID": "A219AS301813", "Ref_Lane": 1, "PostID": "C619AS300591", "Maker": "而⑥", "UpdateDate": "20190620", "Version": "2019", "Remark": null, "HistType": null, "HistRemark": null }, "geometry": { "type": "Point", "coordinates": [ 127.26022052377273, 36.502336691519027, 61.568548959845913 ] } },
{ "type": "Feature", "properties": { "ID": "C119AS300160", "AdminCode": "413", "Type": "1", "LinkID": "A219AS301790", "Ref_Lane": 2, "PostID": "C619AS300591", "Maker": "而⑥", "UpdateDate": "20190620", "Version": "2019", "Remark": null, "HistType": null, "HistRemark": null }, "geometry": { "type": "Point", "coordinates": [ 127.260180253276857, 36.502350449735978, 61.455762207397136 ] } },
{ "type": "Feature", "properties": { "ID": "C119AS300159", "AdminCode": "413", "Type": "2", "LinkID": "A219AS302941", "Ref_Lane": 2, "PostID": "C619AS300590", "Maker": "而⑥", "UpdateDate": "20190620", "Version": "2019", "Remark": null, "HistType": null, "HistRemark": null }, "geometry": { "type": "Point", "coordinates": [ 127.260073614558181, 36.502563553192495, 61.106910864477712 ] } },
{ "type": "Feature", "properties": { "ID": "C119AS300158", "AdminCode": "413", "Type": "2", "LinkID": "A219AS302941", "Ref_Lane": 2, "PostID": "C619AS300590", "Maker": "而⑥", "UpdateDate": "20190620", "Version": "2019", "Remark": null, "HistType": null, "HistRemark": null }, "geometry": { "type": "Point", "coordinates": [ 127.260062686515283, 36.502538950004499, 61.123851276684412 ] } },
{ "type": "Feature", "properties": { "ID": "C119AS300157", "AdminCode": "413", "Type": "11", "LinkID": "A219AS302941", "Ref_Lane": 2, "PostID": "C619AS300590", "Maker": "而⑥", "UpdateDate": "20190620", "Version": "2019", "Remark": null, "HistType": null, "HistRemark": null }, "geometry": { "type": "Point", "coordinates": [ 127.260059196355257, 36.502515280745754, 58.472878046212294 ] } },
{ "type": "Feature", "properties": { "ID": "C119AS300156", "AdminCode": "413", "Type": "1", "LinkID": "A219AS301790", "Ref_Lane": 2, "PostID": "C619AS300589", "Maker": "而⑥", "UpdateDate": "20190620", "Version": "2019", "Remark": null, "HistType": null, "HistRemark": null }, "geometry": { "type": "Point", "coordinates": [ 127.260336147414208, 36.502752557618102, 61.594914836812038 ] } },
{ "type": "Feature", "properties": { "ID": "C119AS300155", "AdminCode": "413", "Type": "1", "LinkID": "A219AS301790", "Ref_Lane": 2, "PostID": "C619AS300589", "Maker": "而⑥", "UpdateDate": "20190620", "Version": "2019", "Remark": null, "HistType": null, "HistRemark": null }, "geometry": { "type": "Point", "coordinates": [ 127.260367052924991, 36.502742478409097, 61.612830267038539 ] } },
{ "type": "Feature", "properties": { "ID": "C119AS300154", "AdminCode": "413", "Type": "8", "LinkID": "A219AS301813", "Ref_Lane": 1, "PostID": "C619AS300589", "Maker": "而⑥", "UpdateDate": "20190620", "Version": "2019", "Remark": null, "HistType": null, "HistRemark": null }, "geometry": { "type": "Point", "coordinates": [ 127.260414994417573, 36.502726836406701, 61.700702427712862 ] } },
{ "type": "Feature", "properties": { "ID": "C119AS300153", "AdminCode": "413", "Type": "11", "LinkID": "A219AS301790", "Ref_Lane": 2, "PostID": "C619AS300588", "Maker": "而⑥", "UpdateDate": "20190620", "Version": "2019", "Remark": null, "HistType": null, "HistRemark": null }, "geometry": { "type": "Point", "coordinates": [ 127.260299402582973, 36.502746803523443, 58.901202645743695 ] } },
{ "type": "Feature", "properties": { "ID": "C119AS300152", "AdminCode": "413", "Type": "11", "LinkID": "A219AS301460", "Ref_Lane": 2, "PostID": "C619AS300587", "Maker": "而⑥", "UpdateDate": "20190620", "Version": "2019", "Remark": null, "HistType": null, "HistRemark": null }, "geometry": { "type": "Point", "coordinates": [ 127.261122954037461, 36.504533325718583, 59.574929846646974 ] } },
{ "type": "Feature", "properties": { "ID": "C119AS300151", "AdminCode": "413", "Type": "1", "LinkID": "A219AS301460", "Ref_Lane": 2, "PostID": "C619AS300586", "Maker": "而⑥", "UpdateDate": "20190620", "Version": "2019", "Remark": null, "HistType": null, "HistRemark": null }, "geometry": { "type": "Point", "coordinates": [ 127.261224862498011, 36.504507920381606, 62.305595345901082 ] } },
{ "type": "Feature", "properties": { "ID": "C119AS300150", "AdminCode": "413", "Type": "8", "LinkID": "A219AS301812", "Ref_Lane": 1, "PostID": "C619AS300586", "Maker": "而⑥", "UpdateDate": "20190620", "Version": "2019", "Remark": null, "HistType": null, "HistRemark": null }, "geometry": { "type": "Point", "coordinates": [ 127.261258512927967, 36.504496556170118, 62.314442430939245 ] } },
{ "type": "Feature", "properties": { "ID": "C119AS300149", "AdminCode": "413", "Type": "8", "LinkID": "A219AS301814", "Ref_Lane": 1, "PostID": "C619AS300586", "Maker": "而⑥", "UpdateDate": "20190620", "Version": "2019", "Remark": null, "HistType": null, "HistRemark": null }, "geometry": { "type": "Point", "coordinates": [ 127.261291658230974, 36.504482168937137, 62.369983591160228 ] } },
{ "type": "Feature", "properties": { "ID": "C119AS300148", "AdminCode": "413", "Type": "1", "LinkID": "A219AS301467", "Ref_Lane": 3, "PostID": "C619AS300586", "Maker": "而⑥", "UpdateDate": "20190620", "Version": "2019", "Remark": null, "HistType": null, "HistRemark": null }, "geometry": { "type": "Point", "coordinates": [ 127.261364764798003, 36.504458186646431, 62.383591183546379 ] } },
{ "type": "Feature", "properties": { "ID": "C119AS300147", "AdminCode": "413", "Type": "11", "LinkID": "A219AS302944", "Ref_Lane": 2, "PostID": "C619AS300585", "Maker": "而⑥", "UpdateDate": "20190620", "Version": "2019", "Remark": null, "HistType": null, "HistRemark": null }, "geometry": { "type": "Point", "coordinates": [ 127.261497531808345, 36.504461253484308, 59.199954017736886 ] } },
{ "type": "Feature", "properties": { "ID": "C119AS300146", "AdminCode": "413", "Type": "11", "LinkID": "A219AS301467", "Ref_Lane": 3, "PostID": "C619AS300584", "Maker": "而⑥", "UpdateDate": "20190620", "Version": "2019", "Remark": null, "HistType": null, "HistRemark": null }, "geometry": { "type": "Point", "coordinates": [ 127.261382785746505, 36.50434983212007, 59.425514404868878 ] } },
{ "type": "Feature", "properties": { "ID": "C119AS300145", "AdminCode": "413", "Type": "1", "LinkID": "A219AS301764", "Ref_Lane": 3, "PostID": "C619AS300583", "Maker": "而⑥", "UpdateDate": "20190620", "Version": "2019", "Remark": null, "HistType": null, "HistRemark": null }, "geometry": { "type": "Point", "coordinates": [ 127.260536567360347, 36.502684285976983, 61.663398178398523 ] } },
{ "type": "Feature", "properties": { "ID": "C119AS300144", "AdminCode": "413", "Type": "8", "LinkID": "A219AS301216", "Ref_Lane": 1, "PostID": "C619AS300583", "Maker": "而⑥", "UpdateDate": "20190620", "Version": "2019", "Remark": null, "HistType": null, "HistRemark": null }, "geometry": { "type": "Point", "coordinates": [ 127.260478236780415, 36.502702930526048, 61.716472428802049 ] } },
{ "type": "Feature", "properties": { "ID": "C119AS300143", "AdminCode": "413", "Type": "11", "LinkID": "A219AS301764", "Ref_Lane": 3, "PostID": "C619AS300582", "Maker": "而⑥", "UpdateDate": "20190620", "Version": "2019", "Remark": null, "HistType": null, "HistRemark": null }, "geometry": { "type": "Point", "coordinates": [ 127.260618179635202, 36.502659021816513, 58.939167491912286 ] } },
{ "type": "Feature", "properties": { "ID": "C119AS300142", "AdminCode": "413", "Type": "11", "LinkID": "A219AS301764", "Ref_Lane": 3, "PostID": "C619AS300581", "Maker": "而⑥", "UpdateDate": "20190620", "Version": "2019", "Remark": null, "HistType": null, "HistRemark": null }, "geometry": { "type": "Point", "coordinates": [ 127.260452686234018, 36.50228382821679, 58.700548735022217 ] } },
{ "type": "Feature", "properties": { "ID": "C119AS300141", "AdminCode": "413", "Type": "1", "LinkID": "A219AS301764", "Ref_Lane": 3, "PostID": "C619AS300581", "Maker": "而⑥", "UpdateDate": "20190620", "Version": "2019", "Remark": null, "HistType": null, "HistRemark": null }, "geometry": { "type": "Point", "coordinates": [ 127.260417364084802, 36.502289124051806, 61.016503643203102 ] } },
{ "type": "Feature", "properties": { "ID": "C119AS300140", "AdminCode": "413", "Type": "1", "LinkID": "A219AS301764", "Ref_Lane": 3, "PostID": "C619AS300581", "Maker": "而⑥", "UpdateDate": "20190620", "Version": "2019", "Remark": null, "HistType": null, "HistRemark": null }, "geometry": { "type": "Point", "coordinates": [ 127.260383208726452, 36.502301261178907, 61.040112208362665 ] } },
{ "type": "Feature", "properties": { "ID": "C119AS300139", "AdminCode": "413", "Type": "8", "LinkID": "A219AS301816", "Ref_Lane": 1, "PostID": "C619AS300581", "Maker": "而⑥", "UpdateDate": "20190620", "Version": "2019", "Remark": null, "HistType": null, "HistRemark": null }, "geometry": { "type": "Point", "coordinates": [ 127.260350020913549, 36.502313222929729, 61.071605612324909 ] } },
{ "type": "Feature", "properties": { "ID": "C119AS300138", "AdminCode": "413", "Type": "11", "LinkID": "A219AS301480", "Ref_Lane": 3, "PostID": "C619AS300580", "Maker": "而⑥", "UpdateDate": "20190620", "Version": "2019", "Remark": null, "HistType": null, "HistRemark": null }, "geometry": { "type": "Point", "coordinates": [ 127.260015531374592, 36.501370641992892, 58.493626266015553 ] } },
{ "type": "Feature", "properties": { "ID": "C119AS300137", "AdminCode": "413", "Type": "8", "LinkID": "A219AS301489", "Ref_Lane": 1, "PostID": "C619AS300579", "Maker": "而⑥", "UpdateDate": "20190620", "Version": "2019", "Remark": null, "HistType": null, "HistRemark": null }, "geometry": { "type": "Point", "coordinates": [ 127.259738293631642, 36.501165660842425, 61.404695652431791 ] } },
{ "type": "Feature", "properties": { "ID": "C119AS300136", "AdminCode": "413", "Type": "1", "LinkID": "A219AS301480", "Ref_Lane": 3, "PostID": "C619AS300579", "Maker": "而⑥", "UpdateDate": "20190620", "Version": "2019", "Remark": null, "HistType": null, "HistRemark": null }, "geometry": { "type": "Point", "coordinates": [ 127.259806861483, 36.50114206603763, 61.451204403682581 ] } },
{ "type": "Feature", "properties": { "ID": "C119AS300135", "AdminCode": "413", "Type": "1", "LinkID": "A219AS301480", "Ref_Lane": 3, "PostID": "C619AS300579", "Maker": "而⑥", "UpdateDate": "20190620", "Version": "2019", "Remark": null, "HistType": null, "HistRemark": null }, "geometry": { "type": "Point", "coordinates": [ 127.259837660698423, 36.501132141390059, 61.493022600159193 ] } },
{ "type": "Feature", "properties": { "ID": "C119AS300134", "AdminCode": "413", "Type": "11", "LinkID": "A219AS301480", "Ref_Lane": 0, "PostID": "C619AS300578", "Maker": "而⑥", "UpdateDate": "20190620", "Version": "2019", "Remark": null, "HistType": null, "HistRemark": null }, "geometry": { "type": "Point", "coordinates": [ 127.25982424945343, 36.50100548908172, 58.544760279161991 ] } },
{ "type": "Feature", "properties": { "ID": "C119AS300133", "AdminCode": "413", "Type": "11", "LinkID": "A219AS301529", "Ref_Lane": 4, "PostID": "C619AS300577", "Maker": "而⑥", "UpdateDate": "20190620", "Version": "2019", "Remark": null, "HistType": null, "HistRemark": null }, "geometry": { "type": "Point", "coordinates": [ 127.25848336629889, 36.498537886719447, 58.318555812710464 ] } },
{ "type": "Feature", "properties": { "ID": "C119AS300132", "AdminCode": "413", "Type": "2", "LinkID": "A219AS301529", "Ref_Lane": 4, "PostID": "C619AS300577", "Maker": "而⑥", "UpdateDate": "20190620", "Version": "2019", "Remark": null, "HistType": null, "HistRemark": null }, "geometry": { "type": "Point", "coordinates": [ 127.258425973472683, 36.4985591999191, 60.684905558011209 ] } },
{ "type": "Feature", "properties": { "ID": "C119AS300131", "AdminCode": "413", "Type": "11", "LinkID": "A219AS302920", "Ref_Lane": 3, "PostID": "C619AS300576", "Maker": "而⑥", "UpdateDate": "20190620", "Version": "2019", "Remark": null, "HistType": null, "HistRemark": null }, "geometry": { "type": "Point", "coordinates": [ 127.258318075559458, 36.498153075765003, 57.991779340512679 ] } },
{ "type": "Feature", "properties": { "ID": "C119AS300130", "AdminCode": "413", "Type": "2", "LinkID": "A219AS302920", "Ref_Lane": 3, "PostID": "C619AS300576", "Maker": "而⑥", "UpdateDate": "20190620", "Version": "2019", "Remark": null, "HistType": null, "HistRemark": null }, "geometry": { "type": "Point", "coordinates": [ 127.258349682137109, 36.498217117667657, 60.366041691721939 ] } },
{ "type": "Feature", "properties": { "ID": "C119AS300129", "AdminCode": "413", "Type": "11", "LinkID": "A219AS301562", "Ref_Lane": 2, "PostID": "C619AS300575", "Maker": "而⑥", "UpdateDate": "20190620", "Version": "2019", "Remark": null, "HistType": null, "HistRemark": null }, "geometry": { "type": "Point", "coordinates": [ 127.256240747283982, 36.494153886688885, 58.416882048439106 ] } },
{ "type": "Feature", "properties": { "ID": "C119AS300128", "AdminCode": "413", "Type": "1", "LinkID": "A219AS302918", "Ref_Lane": 2, "PostID": "C619AS300574", "Maker": "而⑥", "UpdateDate": "20190620", "Version": "2019", "Remark": null, "HistType": null, "HistRemark": null }, "geometry": { "type": "Point", "coordinates": [ 127.256231401851849, 36.494318622275117, 60.605464222155113 ] } },
{ "type": "Feature", "properties": { "ID": "C119AS300127", "AdminCode": "413", "Type": "1", "LinkID": "A219AS302918", "Ref_Lane": 2, "PostID": "C619AS300574", "Maker": "而⑥", "UpdateDate": "20190620", "Version": "2019", "Remark": null, "HistType": null, "HistRemark": null }, "geometry": { "type": "Point", "coordinates": [ 127.25621897201006, 36.494283952676597, 60.587622872181186 ] } },
{ "type": "Feature", "properties": { "ID": "C119AS300126", "AdminCode": "413", "Type": "11", "LinkID": "A219AS302918", "Ref_Lane": 2, "PostID": "C619AS300574", "Maker": "而⑥", "UpdateDate": "20190620", "Version": "2019", "Remark": null, "HistType": null, "HistRemark": null }, "geometry": { "type": "Point", "coordinates": [ 127.25620448459857, 36.494253940719446, 58.430890711774317 ] } },
{ "type": "Feature", "properties": { "ID": "C119AS300125", "AdminCode": "413", "Type": "8", "LinkID": "A219AS301796", "Ref_Lane": 1, "PostID": "C619AS300573", "Maker": "而⑥", "UpdateDate": "20190620", "Version": "2019", "Remark": null, "HistType": null, "HistRemark": null }, "geometry": { "type": "Point", "coordinates": [ 127.256497577955088, 36.494468896156022, 61.064438097302606 ] } },
{ "type": "Feature", "properties": { "ID": "C119AS300124", "AdminCode": "413", "Type": "8", "LinkID": "A219AS301564", "Ref_Lane": 1, "PostID": "C619AS300573", "Maker": "而⑥", "UpdateDate": "20190620", "Version": "2019", "Remark": null, "HistType": null, "HistRemark": null }, "geometry": { "type": "Point", "coordinates": [ 127.256452904384076, 36.494476433411116, 61.052641821611964 ] } },
{ "type": "Feature", "properties": { "ID": "C119AS300123", "AdminCode": "413", "Type": "1", "LinkID": "A219AS301562", "Ref_Lane": 2, "PostID": "C619AS300573", "Maker": "而⑥", "UpdateDate": "20190620", "Version": "2019", "Remark": null, "HistType": null, "HistRemark": null }, "geometry": { "type": "Point", "coordinates": [ 127.25634591106197, 36.494486421926844, 61.055448874398422 ] } },
{ "type": "Feature", "properties": { "ID": "C119AS300122", "AdminCode": "413", "Type": "1", "LinkID": "A219AS301562", "Ref_Lane": 2, "PostID": "C619AS300573", "Maker": "而⑥", "UpdateDate": "20190620", "Version": "2019", "Remark": null, "HistType": null, "HistRemark": null }, "geometry": { "type": "Point", "coordinates": [ 127.256379682446536, 36.494483414220177, 61.040694643474737 ] } },
{ "type": "Feature", "properties": { "ID": "C119AS300121", "AdminCode": "413", "Type": "11", "LinkID": "A219AS301562", "Ref_Lane": 2, "PostID": "C619AS300572", "Maker": "而⑥", "UpdateDate": "20190620", "Version": "2019", "Remark": null, "HistType": null, "HistRemark": null }, "geometry": { "type": "Point", "coordinates": [ 127.256321696171398, 36.494586945008663, 58.274499017731934 ] } },
{ "type": "Feature", "properties": { "ID": "C119AS300120", "AdminCode": "413", "Type": "2", "LinkID": "A219AS301501", "Ref_Lane": 4, "PostID": "C619AS300571", "Maker": "而⑥", "UpdateDate": "20190620", "Version": "2019", "Remark": null, "HistType": null, "HistRemark": null }, "geometry": { "type": "Point", "coordinates": [ 127.25787096412482, 36.498157427450096, 60.54664886759209 ] } },
{ "type": "Feature", "properties": { "ID": "C119AS300119", "AdminCode": "413", "Type": "11", "LinkID": "A219AS301501", "Ref_Lane": 4, "PostID": "C619AS300571", "Maker": "而⑥", "UpdateDate": "20190620", "Version": "2019", "Remark": null, "HistType": null, "HistRemark": null }, "geometry": { "type": "Point", "coordinates": [ 127.257811428307818, 36.498175752614607, 58.059574299038623 ] } },
{ "type": "Feature", "properties": { "ID": "C119AS300118", "AdminCode": "413", "Type": "2", "LinkID": "A219AS301529", "Ref_Lane": 3, "PostID": "C619AS300570", "Maker": "而⑥", "UpdateDate": "20190620", "Version": "2019", "Remark": null, "HistType": null, "HistRemark": null }, "geometry": { "type": "Point", "coordinates": [ 127.258130586760615, 36.498120545996713, 60.457762689991782 ] } },
{ "type": "Feature", "properties": { "ID": "C119AS300117", "AdminCode": "413", "Type": "2", "LinkID": "A219AS301529", "Ref_Lane": 3, "PostID": "C619AS300570", "Maker": "而⑥", "UpdateDate": "20190620", "Version": "2019", "Remark": null, "HistType": null, "HistRemark": null }, "geometry": { "type": "Point", "coordinates": [ 127.258091734668653, 36.498136919876842, 60.445203056331309 ] } },
{ "type": "Feature", "properties": { "ID": "C119AS300116", "AdminCode": "413", "Type": "11", "LinkID": "A219AS301529", "Ref_Lane": 4, "PostID": "C619AS300569", "Maker": "而⑥", "UpdateDate": "20190620", "Version": "2019", "Remark": null, "HistType": null, "HistRemark": null }, "geometry": { "type": "Point", "coordinates": [ 127.258108993171533, 36.497979358715128, 58.073983156512845 ] } },
{ "type": "Feature", "properties": { "ID": "C119AS300115", "AdminCode": "413", "Type": "11", "LinkID": "A219AS301568", "Ref_Lane": 2, "PostID": "C619AS300568", "Maker": "而⑥", "UpdateDate": "20190620", "Version": "2019", "Remark": null, "HistType": null, "HistRemark": null }, "geometry": { "type": "Point", "coordinates": [ 127.256596669078931, 36.494422228779207, 58.158010910159732 ] } },
{ "type": "Feature", "properties": { "ID": "C119AS300114", "AdminCode": "413", "Type": "8", "LinkID": "A219AS301797", "Ref_Lane": 1, "PostID": "C619AS300567", "Maker": "而⑥", "UpdateDate": "20190620", "Version": "2019", "Remark": null, "HistType": null, "HistRemark": null }, "geometry": { "type": "Point", "coordinates": [ 127.256364821543485, 36.494244364719997, 61.029027755298472 ] } },
{ "type": "Feature", "properties": { "ID": "C119AS300113", "AdminCode": "413", "Type": "8", "LinkID": "A219AS301574", "Ref_Lane": 1, "PostID": "C619AS300567", "Maker": "而⑥", "UpdateDate": "20190620", "Version": "2019", "Remark": null, "HistType": null, "HistRemark": null }, "geometry": { "type": "Point", "coordinates": [ 127.256407973039373, 36.494233213801643, 61.057931763773915 ] } },
{ "type": "Feature", "properties": { "ID": "C119AS300112", "AdminCode": "413", "Type": "2", "LinkID": "A219AS301568", "Ref_Lane": 2, "PostID": "C619AS300567", "Maker": "而⑥", "UpdateDate": "20190620", "Version": "2019", "Remark": null, "HistType": null, "HistRemark": null }, "geometry": { "type": "Point", "coordinates": [ 127.256511861217405, 36.494216145490284, 61.119016713528076 ] } },
{ "type": "Feature", "properties": { "ID": "C119AS300111", "AdminCode": "413", "Type": "2", "LinkID": "A219AS301568", "Ref_Lane": 2, "PostID": "C619AS300567", "Maker": "而⑥", "UpdateDate": "20190620", "Version": "2019", "Remark": null, "HistType": null, "HistRemark": null }, "geometry": { "type": "Point", "coordinates": [ 127.256478276200326, 36.494221290795842, 61.077177804999344 ] } },
{ "type": "Feature", "properties": { "ID": "C119AS300110", "AdminCode": "413", "Type": "11", "LinkID": "A219AS301568", "Ref_Lane": 2, "PostID": "C619AS300566", "Maker": "而⑥", "UpdateDate": "20190620", "Version": "2019", "Remark": null, "HistType": null, "HistRemark": null }, "geometry": { "type": "Point", "coordinates": [ 127.25655470129216, 36.49411512009155, 58.459771969026242 ] } },
{ "type": "Feature", "properties": { "ID": "C119AS300109", "AdminCode": "413", "Type": "2", "LinkID": "A219AS302910", "Ref_Lane": 2, "PostID": "C619AS300565", "Maker": "而⑥", "UpdateDate": "20190620", "Version": "2019", "Remark": null, "HistType": null, "HistRemark": null }, "geometry": { "type": "Point", "coordinates": [ 127.256676745637492, 36.491125546121403, 61.717495916822287 ] } },
{ "type": "Feature", "properties": { "ID": "C119AS300108", "AdminCode": "413", "Type": "11", "LinkID": "A219AS302910", "Ref_Lane": 2, "PostID": "C619AS300565", "Maker": "而⑥", "UpdateDate": "20190620", "Version": "2019", "Remark": null, "HistType": null, "HistRemark": null }, "geometry": { "type": "Point", "coordinates": [ 127.256693610110915, 36.491059993230422, 59.59718 ] } },
{ "type": "Feature", "properties": { "ID": "C119AS300107", "AdminCode": "413", "Type": "2", "LinkID": "A219AS302910", "Ref_Lane": 2, "PostID": "C619AS300564", "Maker": "而⑥", "UpdateDate": "20190620", "Version": "2019", "Remark": null, "HistType": null, "HistRemark": null }, "geometry": { "type": "Point", "coordinates": [ 127.25667860154779, 36.491213892819452, 61.67504733267549 ] } },
{ "type": "Feature", "properties": { "ID": "C119AS300106", "AdminCode": "413", "Type": "2", "LinkID": "A219AS302910", "Ref_Lane": 2, "PostID": "C619AS300564", "Maker": "而⑥", "UpdateDate": "20190620", "Version": "2019", "Remark": null, "HistType": null, "HistRemark": null }, "geometry": { "type": "Point", "coordinates": [ 127.256675194014406, 36.49124960358364, 61.67504733267549 ] } },
{ "type": "Feature", "properties": { "ID": "C119AS300105", "AdminCode": "413", "Type": "2", "LinkID": "A219AS301606", "Ref_Lane": 5, "PostID": "C619AS300564", "Maker": "而⑥", "UpdateDate": "20190620", "Version": "2019", "Remark": null, "HistType": null, "HistRemark": null }, "geometry": { "type": "Point", "coordinates": [ 127.256605339671722, 36.491295977541277, 61.702011655231807 ] } },
{ "type": "Feature", "properties": { "ID": "C119AS300104", "AdminCode": "413", "Type": "11", "LinkID": "A219AS302910", "Ref_Lane": 2, "PostID": "C619AS300564", "Maker": "而⑥", "UpdateDate": "20190620", "Version": "2019", "Remark": null, "HistType": null, "HistRemark": null }, "geometry": { "type": "Point", "coordinates": [ 127.256675355534796, 36.491298993362435, 59.649848689376199 ] } },
{ "type": "Feature", "properties": { "ID": "C119AS300103", "AdminCode": "413", "Type": "11", "LinkID": "A219AS301606", "Ref_Lane": 5, "PostID": "C619AS300564", "Maker": "而⑥", "UpdateDate": "20190620", "Version": "2019", "Remark": null, "HistType": null, "HistRemark": null }, "geometry": { "type": "Point", "coordinates": [ 127.256667715751647, 36.491305493123711, 59.398233756555108 ] } },
{ "type": "Feature", "properties": { "ID": "C119AS300102", "AdminCode": "413", "Type": "2", "LinkID": "A219AS301596", "Ref_Lane": 5, "PostID": "C619AS300563", "Maker": "而⑥", "UpdateDate": "20190620", "Version": "2019", "Remark": null, "HistType": null, "HistRemark": null }, "geometry": { "type": "Point", "coordinates": [ 127.256300296961086, 36.49125176221353, 61.530649262232245 ] } },
{ "type": "Feature", "properties": { "ID": "C119AS300101", "AdminCode": "413", "Type": "2", "LinkID": "A219AS301596", "Ref_Lane": 5, "PostID": "C619AS300563", "Maker": "而⑥", "UpdateDate": "20190620", "Version": "2019", "Remark": null, "HistType": null, "HistRemark": null }, "geometry": { "type": "Point", "coordinates": [ 127.256257091987834, 36.491250318159345, 61.595876711345085 ] } },
{ "type": "Feature", "properties": { "ID": "C119AS300100", "AdminCode": "413", "Type": "2", "LinkID": "A219AS302912", "Ref_Lane": 2, "PostID": "C619AS300563", "Maker": "而⑥", "UpdateDate": "20190620", "Version": "2019", "Remark": null, "HistType": null, "HistRemark": null }, "geometry": { "type": "Point", "coordinates": [ 127.256195277152131, 36.491194925407925, 61.692493517265078 ] } },
{ "type": "Feature", "properties": { "ID": "C119AS300099", "AdminCode": "413", "Type": "11", "LinkID": "A219AS301596", "Ref_Lane": 5, "PostID": "C619AS300563", "Maker": "而⑥", "UpdateDate": "20190620", "Version": "2019", "Remark": null, "HistType": null, "HistRemark": null }, "geometry": { "type": "Point", "coordinates": [ 127.256192944262111, 36.491250776142373, 59.26081428249465 ] } },
{ "type": "Feature", "properties": { "ID": "C119AS300098", "AdminCode": "413", "Type": "11", "LinkID": "A219AS302912", "Ref_Lane": 2, "PostID": "C619AS300562", "Maker": "而⑥", "UpdateDate": "20190620", "Version": "2019", "Remark": null, "HistType": null, "HistRemark": null }, "geometry": { "type": "Point", "coordinates": [ 127.25616981652496, 36.491223071915513, 59.295297206396249 ] } },
{ "type": "Feature", "properties": { "ID": "C119AS300097", "AdminCode": "413", "Type": "11", "LinkID": "A219AS301834", "Ref_Lane": 2, "PostID": "C619AS300561", "Maker": "而⑥", "UpdateDate": "20190620", "Version": "2019", "Remark": null, "HistType": null, "HistRemark": null }, "geometry": { "type": "Point", "coordinates": [ 127.258685965718243, 36.48518132072968, 58.220950136234052 ] } },
{ "type": "Feature", "properties": { "ID": "C119AS300096", "AdminCode": "413", "Type": "1", "LinkID": "A219AS301834", "Ref_Lane": 2, "PostID": "C619AS300561", "Maker": "而⑥", "UpdateDate": "20190620", "Version": "2019", "Remark": null, "HistType": null, "HistRemark": null }, "geometry": { "type": "Point", "coordinates": [ 127.25870859990475, 36.485199190343785, 60.346506946900952 ] } },
{ "type": "Feature", "properties": { "ID": "C119AS300095", "AdminCode": "413", "Type": "1", "LinkID": "A219AS301834", "Ref_Lane": 2, "PostID": "C619AS300561", "Maker": "而⑥", "UpdateDate": "20190620", "Version": "2019", "Remark": null, "HistType": null, "HistRemark": null }, "geometry": { "type": "Point", "coordinates": [ 127.258738357698434, 36.485212835768124, 60.327970493443374 ] } },
{ "type": "Feature", "properties": { "ID": "C119AS300094", "AdminCode": "413", "Type": "11", "LinkID": "A219AS301779", "Ref_Lane": 2, "PostID": "C619AS300560", "Maker": "而⑥", "UpdateDate": "20190620", "Version": "2019", "Remark": null, "HistType": null, "HistRemark": null }, "geometry": { "type": "Point", "coordinates": [ 127.257479444688443, 36.487068992550896, 59.032401369281672 ] } },
{ "type": "Feature", "properties": { "ID": "C119AS300093", "AdminCode": "413", "Type": "1", "LinkID": "A219AS301779", "Ref_Lane": 2, "PostID": "C619AS300560", "Maker": "而⑥", "UpdateDate": "20190620", "Version": "2019", "Remark": null, "HistType": null, "HistRemark": null }, "geometry": { "type": "Point", "coordinates": [ 127.257511190471234, 36.487076080006716, 61.147724353836523 ] } },
{ "type": "Feature", "properties": { "ID": "C119AS300092", "AdminCode": "413", "Type": "1", "LinkID": "A219AS301779", "Ref_Lane": 2, "PostID": "C619AS300560", "Maker": "而⑥", "UpdateDate": "20190620", "Version": "2019", "Remark": null, "HistType": null, "HistRemark": null }, "geometry": { "type": "Point", "coordinates": [ 127.257536747133344, 36.487084507072716, 61.196856644953925 ] } },
{ "type": "Feature", "properties": { "ID": "C119AS300091", "AdminCode": "413", "Type": "8", "LinkID": "A219AS301798", "Ref_Lane": 1, "PostID": "C619AS300559", "Maker": "而⑥", "UpdateDate": "20190620", "Version": "2019", "Remark": null, "HistType": null, "HistRemark": null }, "geometry": { "type": "Point", "coordinates": [ 127.257510734071843, 36.487379181249992, 61.72947191638729 ] } },
{ "type": "Feature", "properties": { "ID": "C119AS300090", "AdminCode": "413", "Type": "8", "LinkID": "A219AS301646", "Ref_Lane": 1, "PostID": "C619AS300559", "Maker": "而⑥", "UpdateDate": "20190620", "Version": "2019", "Remark": null, "HistType": null, "HistRemark": null }, "geometry": { "type": "Point", "coordinates": [ 127.257476388759528, 36.487374749221622, 61.633898903781692 ] } },
{ "type": "Feature", "properties": { "ID": "C119AS300089", "AdminCode": "413", "Type": "1", "LinkID": "A219AS301644", "Ref_Lane": 2, "PostID": "C619AS300559", "Maker": "而⑥", "UpdateDate": "20190620", "Version": "2019", "Remark": null, "HistType": null, "HistRemark": null }, "geometry": { "type": "Point", "coordinates": [ 127.257380818754925, 36.487352399524596, 61.594805999013261 ] } },
{ "type": "Feature", "properties": { "ID": "C119AS300088", "AdminCode": "413", "Type": "1", "LinkID": "A219AS301644", "Ref_Lane": 2, "PostID": "C619AS300559", "Maker": "而⑥", "UpdateDate": "20190620", "Version": "2019", "Remark": null, "HistType": null, "HistRemark": null }, "geometry": { "type": "Point", "coordinates": [ 127.257413019693885, 36.487360252484642, 61.589757867127148 ] } },
{ "type": "Feature", "properties": { "ID": "C119AS300087", "AdminCode": "413", "Type": "11", "LinkID": "A219AS301644", "Ref_Lane": 2, "PostID": "C619AS300558", "Maker": "而⑥", "UpdateDate": "20190620", "Version": "2019", "Remark": null, "HistType": null, "HistRemark": null }, "geometry": { "type": "Point", "coordinates": [ 127.257293133832789, 36.487442146623096, 59.043318710737708 ] } },
{ "type": "Feature", "properties": { "ID": "C119AS300086", "AdminCode": "413", "Type": "11", "LinkID": "A219AS301632", "Ref_Lane": 2, "PostID": "C619AS300557", "Maker": "而⑥", "UpdateDate": "20190620", "Version": "2019", "Remark": null, "HistType": null, "HistRemark": null }, "geometry": { "type": "Point", "coordinates": [ 127.25652482954591, 36.489622364929971, 60.016885101500904 ] } },
{ "type": "Feature", "properties": { "ID": "C119AS300085", "AdminCode": "413", "Type": "1", "LinkID": "A219AS301632", "Ref_Lane": 2, "PostID": "C619AS300557", "Maker": "而⑥", "UpdateDate": "20190620", "Version": "2019", "Remark": null, "HistType": null, "HistRemark": null }, "geometry": { "type": "Point", "coordinates": [ 127.256553061744185, 36.489633720761134, 62.105571597722552 ] } },
{ "type": "Feature", "properties": { "ID": "C119AS300084", "AdminCode": "413", "Type": "1", "LinkID": "A219AS301632", "Ref_Lane": 2, "PostID": "C619AS300557", "Maker": "而⑥", "UpdateDate": "20190620", "Version": "2019", "Remark": null, "HistType": null, "HistRemark": null }, "geometry": { "type": "Point", "coordinates": [ 127.256585928021209, 36.48963955842634, 62.180948159284284 ] } },
{ "type": "Feature", "properties": { "ID": "C119AS300083", "AdminCode": "413", "Type": "11", "LinkID": "A219AS302912", "Ref_Lane": 2, "PostID": "C619AS300556", "Maker": "而⑥", "UpdateDate": "20190620", "Version": "2019", "Remark": null, "HistType": null, "HistRemark": null }, "geometry": { "type": "Point", "coordinates": [ 127.256182449762179, 36.490945712777815, 59.55258408317772 ] } },
{ "type": "Feature", "properties": { "ID": "C119AS300082", "AdminCode": "413", "Type": "11", "LinkID": "A219AS302912", "Ref_Lane": 2, "PostID": "C619AS300556", "Maker": "而⑥", "UpdateDate": "20190620", "Version": "2019", "Remark": null, "HistType": null, "HistRemark": null }, "geometry": { "type": "Point", "coordinates": [ 127.256187349093182, 36.490939710307465, 59.454210412967768 ] } },
{ "type": "Feature", "properties": { "ID": "C119AS300081", "AdminCode": "413", "Type": "2", "LinkID": "A219AS302912", "Ref_Lane": 2, "PostID": "C619AS300556", "Maker": "而⑥", "UpdateDate": "20190620", "Version": "2019", "Remark": null, "HistType": null, "HistRemark": null }, "geometry": { "type": "Point", "coordinates": [ 127.256165822220353, 36.491028999670036, 61.59051733457823 ] } },
{ "type": "Feature", "properties": { "ID": "C119AS300080", "AdminCode": "413", "Type": "2", "LinkID": "A219AS302912", "Ref_Lane": 2, "PostID": "C619AS300556", "Maker": "而⑥", "UpdateDate": "20190620", "Version": "2019", "Remark": null, "HistType": null, "HistRemark": null }, "geometry": { "type": "Point", "coordinates": [ 127.256173872426032, 36.490995228989846, 61.641982039878911 ] } },
{ "type": "Feature", "properties": { "ID": "C119AS300079", "AdminCode": "413", "Type": "2", "LinkID": "A219AS301596", "Ref_Lane": 5, "PostID": "C619AS300555", "Maker": "而⑥", "UpdateDate": "20190620", "Version": "2019", "Remark": null, "HistType": null, "HistRemark": null }, "geometry": { "type": "Point", "coordinates": [ 127.256357490782761, 36.490962881100948, 62.229972497523363 ] } },
{ "type": "Feature", "properties": { "ID": "C119AS300078", "AdminCode": "413", "Type": "2", "LinkID": "A219AS301606", "Ref_Lane": 5, "PostID": "C619AS300555", "Maker": "而⑥", "UpdateDate": "20190620", "Version": "2019", "Remark": null, "HistType": null, "HistRemark": null }, "geometry": { "type": "Point", "coordinates": [ 127.256505124702031, 36.490972612174971, 62.106320797127623 ] } },
{ "type": "Feature", "properties": { "ID": "C119AS300077", "AdminCode": "413", "Type": "2", "LinkID": "A219AS301606", "Ref_Lane": 5, "PostID": "C619AS300555", "Maker": "而⑥", "UpdateDate": "20190620", "Version": "2019", "Remark": null, "HistType": null, "HistRemark": null }, "geometry": { "type": "Point", "coordinates": [ 127.256460764269036, 36.49096790394406, 62.125843922784043 ] } },
{ "type": "Feature", "properties": { "ID": "C119AS300076", "AdminCode": "413", "Type": "11", "LinkID": "A219AS301606", "Ref_Lane": 5, "PostID": "C619AS300554", "Maker": "而⑥", "UpdateDate": "20190620", "Version": "2019", "Remark": null, "HistType": null, "HistRemark": null }, "geometry": { "type": "Point", "coordinates": [ 127.256639908995112, 36.490881304958741, 59.448099164661365 ] } },
{ "type": "Feature", "properties": { "ID": "C119AS300075", "AdminCode": "413", "Type": "11", "LinkID": "A219AS301639", "Ref_Lane": 2, "PostID": "C619AS300553", "Maker": "而⑥", "UpdateDate": "20190620", "Version": "2019", "Remark": null, "HistType": null, "HistRemark": null }, "geometry": { "type": "Point", "coordinates": [ 127.25684861334517, 36.48957870311861, 59.927541468388903 ] } },
{ "type": "Feature", "properties": { "ID": "C119AS300074", "AdminCode": "413", "Type": "1", "LinkID": "A219AS301639", "Ref_Lane": 2, "PostID": "C619AS300553", "Maker": "而⑥", "UpdateDate": "20190620", "Version": "2019", "Remark": null, "HistType": null, "HistRemark": null }, "geometry": { "type": "Point", "coordinates": [ 127.256818858214757, 36.489570341683788, 62.033260171712072 ] } },
{ "type": "Feature", "properties": { "ID": "C119AS300073", "AdminCode": "413", "Type": "1", "LinkID": "A219AS301639", "Ref_Lane": 2, "PostID": "C619AS300553", "Maker": "而⑥", "UpdateDate": "20190620", "Version": "2019", "Remark": null, "HistType": null, "HistRemark": null }, "geometry": { "type": "Point", "coordinates": [ 127.256785184280716, 36.489567341663978, 62.045035792789278 ] } },
{ "type": "Feature", "properties": { "ID": "C119AS300072", "AdminCode": "413", "Type": "11", "LinkID": "A219AS301770", "Ref_Lane": 2, "PostID": "C619AS300552", "Maker": "而⑥", "UpdateDate": "20190620", "Version": "2019", "Remark": null, "HistType": null, "HistRemark": null }, "geometry": { "type": "Point", "coordinates": [ 127.257582891940459, 36.487534645054531, 59.233737301770972 ] } },
{ "type": "Feature", "properties": { "ID": "C119AS300071", "AdminCode": "413", "Type": "1", "LinkID": "A219AS301770", "Ref_Lane": 2, "PostID": "C619AS300552", "Maker": "而⑥", "UpdateDate": "20190620", "Version": "2019", "Remark": null, "HistType": null, "HistRemark": null }, "geometry": { "type": "Point", "coordinates": [ 127.257551241204197, 36.487528222235802, 61.358439199267401 ] } },
{ "type": "Feature", "properties": { "ID": "C119AS300070", "AdminCode": "413", "Type": "1", "LinkID": "A219AS301770", "Ref_Lane": 2, "PostID": "C619AS300552", "Maker": "而⑥", "UpdateDate": "20190620", "Version": "2019", "Remark": null, "HistType": null, "HistRemark": null }, "geometry": { "type": "Point", "coordinates": [ 127.257525056957562, 36.487520331819724, 61.412762210982564 ] } },
{ "type": "Feature", "properties": { "ID": "C119AS300069", "AdminCode": "413", "Type": "8", "LinkID": "A219AS301799", "Ref_Lane": 1, "PostID": "C619AS300551", "Maker": "而⑥", "UpdateDate": "20190620", "Version": "2019", "Remark": null, "HistType": null, "HistRemark": null }, "geometry": { "type": "Point", "coordinates": [ 127.257553569668147, 36.487217918397675, 61.690138563356413 ] } },
{ "type": "Feature", "properties": { "ID": "C119AS300068", "AdminCode": "413", "Type": "8", "LinkID": "A219AS301647", "Ref_Lane": 1, "PostID": "C619AS300551", "Maker": "而⑥", "UpdateDate": "20190620", "Version": "2019", "Remark": null, "HistType": null, "HistRemark": null }, "geometry": { "type": "Point", "coordinates": [ 127.257586859283478, 36.487224336358381, 61.665536077482727 ] } },
{ "type": "Feature", "properties": { "ID": "C119AS300067", "AdminCode": "413", "Type": "1", "LinkID": "A219AS301652", "Ref_Lane": 2, "PostID": "C619AS300551", "Maker": "而⑥", "UpdateDate": "20190620", "Version": "2019", "Remark": null, "HistType": null, "HistRemark": null }, "geometry": { "type": "Point", "coordinates": [ 127.257680379204544, 36.48725274287326, 61.597140423614931 ] } },
{ "type": "Feature", "properties": { "ID": "C119AS300066", "AdminCode": "413", "Type": "1", "LinkID": "A219AS301652", "Ref_Lane": 2, "PostID": "C619AS300551", "Maker": "而⑥", "UpdateDate": "20190620", "Version": "2019", "Remark": null, "HistType": null, "HistRemark": null }, "geometry": { "type": "Point", "coordinates": [ 127.257648329726607, 36.487243597123637, 61.597249794056509 ] } },
{ "type": "Feature", "properties": { "ID": "C119AS300065", "AdminCode": "413", "Type": "11", "LinkID": "A219AS301652", "Ref_Lane": 2, "PostID": "C619AS300550", "Maker": "而⑥", "UpdateDate": "20190620", "Version": "2019", "Remark": null, "HistType": null, "HistRemark": null }, "geometry": { "type": "Point", "coordinates": [ 127.257763166184731, 36.487170763051211, 58.959813911842787 ] } },
{ "type": "Feature", "properties": { "ID": "C119AS300064", "AdminCode": "413", "Type": "11", "LinkID": "A219AS301836", "Ref_Lane": 2, "PostID": "C619AS300549", "Maker": "而⑥", "UpdateDate": "20190620", "Version": "2019", "Remark": null, "HistType": null, "HistRemark": null }, "geometry": { "type": "Point", "coordinates": [ 127.259008387779019, 36.485221830032238, 58.110083667339801 ] } },
{ "type": "Feature", "properties": { "ID": "C119AS300063", "AdminCode": "413", "Type": "1", "LinkID": "A219AS301836", "Ref_Lane": 2, "PostID": "C619AS300549", "Maker": "而⑥", "UpdateDate": "20190620", "Version": "2019", "Remark": null, "HistType": null, "HistRemark": null }, "geometry": { "type": "Point", "coordinates": [ 127.258984824759324, 36.485205543396738, 60.312343604299663 ] } },
{ "type": "Feature", "properties": { "ID": "C119AS300062", "AdminCode": "413", "Type": "1", "LinkID": "A219AS301836", "Ref_Lane": 2, "PostID": "C619AS300549", "Maker": "而⑥", "UpdateDate": "20190620", "Version": "2019", "Remark": null, "HistType": null, "HistRemark": null }, "geometry": { "type": "Point", "coordinates": [ 127.258954732418673, 36.485193028787599, 60.306782740545863 ] } },
{ "type": "Feature", "properties": { "ID": "C119AS300061", "AdminCode": "413", "Type": "11", "LinkID": "A219AS302889", "Ref_Lane": 2, "PostID": "C619AS300548", "Maker": "而⑥", "UpdateDate": "20190620", "Version": "2019", "Remark": null, "HistType": null, "HistRemark": null }, "geometry": { "type": "Point", "coordinates": [ 127.259550252699924, 36.483781182041305, 57.352159483620419 ] } },
{ "type": "Feature", "properties": { "ID": "C119AS300060", "AdminCode": "413", "Type": "11", "LinkID": "A219AS302889", "Ref_Lane": 2, "PostID": "C619AS300548", "Maker": "而⑥", "UpdateDate": "20190620", "Version": "2019", "Remark": null, "HistType": null, "HistRemark": null }, "geometry": { "type": "Point", "coordinates": [ 127.259559206421144, 36.483777911587119, 57.198326195914937 ] } },
{ "type": "Feature", "properties": { "ID": "C119AS300059", "AdminCode": "413", "Type": "2", "LinkID": "A219AS302889", "Ref_Lane": 2, "PostID": "C619AS300548", "Maker": "而⑥", "UpdateDate": "20190620", "Version": "2019", "Remark": null, "HistType": null, "HistRemark": null }, "geometry": { "type": "Point", "coordinates": [ 127.25952246412561, 36.483826580097713, 59.258413460618691 ] } },
{ "type": "Feature", "properties": { "ID": "C119AS300058", "AdminCode": "413", "Type": "2", "LinkID": "A219AS302889", "Ref_Lane": 2, "PostID": "C619AS300548", "Maker": "而⑥", "UpdateDate": "20190620", "Version": "2019", "Remark": null, "HistType": null, "HistRemark": null }, "geometry": { "type": "Point", "coordinates": [ 127.259500125727769, 36.483856811731073, 59.199887215308209 ] } },
{ "type": "Feature", "properties": { "ID": "C119AS300057", "AdminCode": "413", "Type": "2", "LinkID": "A219AS302887", "Ref_Lane": 2, "PostID": "C619AS300547", "Maker": "而⑥", "UpdateDate": "20190620", "Version": "2019", "Remark": null, "HistType": null, "HistRemark": null }, "geometry": { "type": "Point", "coordinates": [ 127.259876051344804, 36.484188951725493, 59.644583987812773 ] } },
{ "type": "Feature", "properties": { "ID": "C119AS300056", "AdminCode": "413", "Type": "2", "LinkID": "A219AS302887", "Ref_Lane": 2, "PostID": "C619AS300547", "Maker": "而⑥", "UpdateDate": "20190620", "Version": "2019", "Remark": null, "HistType": null, "HistRemark": null }, "geometry": { "type": "Point", "coordinates": [ 127.259898449418174, 36.484158051120403, 59.599700414101797 ] } },
{ "type": "Feature", "properties": { "ID": "C119AS300055", "AdminCode": "413", "Type": "2", "LinkID": "A219AS301697", "Ref_Lane": 3, "PostID": "C619AS300547", "Maker": "而⑥", "UpdateDate": "20190620", "Version": "2019", "Remark": null, "HistType": null, "HistRemark": null }, "geometry": { "type": "Point", "coordinates": [ 127.259766071937904, 36.484200925718213, 59.817640611471809 ] } },
{ "type": "Feature", "properties": { "ID": "C119AS300054", "AdminCode": "413", "Type": "11", "LinkID": "A219AS301697", "Ref_Lane": 3, "PostID": "C619AS300546", "Maker": "而⑥", "UpdateDate": "20190620", "Version": "2019", "Remark": null, "HistType": null, "HistRemark": null }, "geometry": { "type": "Point", "coordinates": [ 127.259692366514244, 36.484323952565198, 57.669784666279355 ] } },
{ "type": "Feature", "properties": { "ID": "C119AS300053", "AdminCode": "413", "Type": "2", "LinkID": "A219AS302889", "Ref_Lane": 2, "PostID": "C619AS300545", "Maker": "而⑥", "UpdateDate": "20190620", "Version": "2019", "Remark": null, "HistType": null, "HistRemark": null }, "geometry": { "type": "Point", "coordinates": [ 127.259459754267851, 36.484031413322377, 59.698045782033503 ] } },
{ "type": "Feature", "properties": { "ID": "C119AS300052", "AdminCode": "413", "Type": "11", "LinkID": "A219AS301680", "Ref_Lane": 5, "PostID": "C619AS300545", "Maker": "而⑥", "UpdateDate": "20190620", "Version": "2019", "Remark": null, "HistType": null, "HistRemark": null }, "geometry": { "type": "Point", "coordinates": [ 127.259425217331085, 36.484079643427421, 57.54679757905194 ] } },
{ "type": "Feature", "properties": { "ID": "C119AS300051", "AdminCode": "413", "Type": "2", "LinkID": "A219AS301680", "Ref_Lane": 5, "PostID": "C619AS300545", "Maker": "而⑥", "UpdateDate": "20190620", "Version": "2019", "Remark": null, "HistType": null, "HistRemark": null }, "geometry": { "type": "Point", "coordinates": [ 127.259482113407884, 36.484102471827427, 59.710402025809415 ] } },
{ "type": "Feature", "properties": { "ID": "C119AS300050", "AdminCode": "413", "Type": "2", "LinkID": "A219AS301680", "Ref_Lane": 5, "PostID": "C619AS300545", "Maker": "而⑥", "UpdateDate": "20190620", "Version": "2019", "Remark": null, "HistType": null, "HistRemark": null }, "geometry": { "type": "Point", "coordinates": [ 127.25952007413197, 36.484119543209459, 59.750400515733695 ] } },
{ "type": "Feature", "properties": { "ID": "C119AS300049", "AdminCode": "413", "Type": "2", "LinkID": "A219AS301680", "Ref_Lane": 5, "PostID": "C619AS300544", "Maker": "而⑥", "UpdateDate": "20190620", "Version": "2019", "Remark": null, "HistType": null, "HistRemark": null }, "geometry": { "type": "Point", "coordinates": [ 127.259714633555745, 36.483867033438358, 60.076380257359105 ] } },
{ "type": "Feature", "properties": { "ID": "C119AS300048", "AdminCode": "413", "Type": "2", "LinkID": "A219AS301702", "Ref_Lane": 5, "PostID": "C619AS300544", "Maker": "而⑥", "UpdateDate": "20190620", "Version": "2019", "Remark": null, "HistType": null, "HistRemark": null }, "geometry": { "type": "Point", "coordinates": [ 127.259801410617015, 36.483912222985026, 59.898094408226811 ] } },
{ "type": "Feature", "properties": { "ID": "C119AS300047", "AdminCode": "413", "Type": "2", "LinkID": "A219AS301702", "Ref_Lane": 5, "PostID": "C619AS300544", "Maker": "而⑥", "UpdateDate": "20190620", "Version": "2019", "Remark": null, "HistType": null, "HistRemark": null }, "geometry": { "type": "Point", "coordinates": [ 127.259837622276677, 36.483933315343926, 59.82445431174483 ] } },
{ "type": "Feature", "properties": { "ID": "C119AS300046", "AdminCode": "413", "Type": "1", "LinkID": "A219AS301715", "Ref_Lane": 2, "PostID": "C619AS300543", "Maker": "而⑥", "UpdateDate": "20190620", "Version": "2019", "Remark": null, "HistType": null, "HistRemark": null }, "geometry": { "type": "Point", "coordinates": [ 127.260362128576389, 36.4829054367761, 59.391178771052658 ] } },
{ "type": "Feature", "properties": { "ID": "C119AS300045", "AdminCode": "413", "Type": "1", "LinkID": "A219AS301715", "Ref_Lane": 2, "PostID": "C619AS300543", "Maker": "而⑥", "UpdateDate": "20190620", "Version": "2019", "Remark": null, "HistType": null, "HistRemark": null }, "geometry": { "type": "Point", "coordinates": [ 127.260391694128515, 36.482918072936073, 59.451067170715724 ] } },
{ "type": "Feature", "properties": { "ID": "C119AS300044", "AdminCode": "413", "Type": "11", "LinkID": "A219AS301715", "Ref_Lane": 2, "PostID": "C619AS300543", "Maker": "而⑥", "UpdateDate": "20190620", "Version": "2019", "Remark": null, "HistType": null, "HistRemark": null }, "geometry": { "type": "Point", "coordinates": [ 127.260337650736076, 36.482888088100502, 57.167684393171534 ] } },
{ "type": "Feature", "properties": { "ID": "C119AS300043", "AdminCode": "413", "Type": "11", "LinkID": "A219AS301702", "Ref_Lane": 4, "PostID": "C619AS300542", "Maker": "而⑥", "UpdateDate": "20190620", "Version": "2019", "Remark": null, "HistType": null, "HistRemark": null }, "geometry": { "type": "Point", "coordinates": [ 127.260009419504613, 36.483882898624643, 57.047268395786404 ] } },
{ "type": "Feature", "properties": { "ID": "C119AS300042", "AdminCode": "413", "Type": "11", "LinkID": "A219AS301726", "Ref_Lane": 2, "PostID": "C619AS300541", "Maker": "而⑥", "UpdateDate": "20190620", "Version": "2019", "Remark": null, "HistType": null, "HistRemark": null }, "geometry": { "type": "Point", "coordinates": [ 127.260665194520797, 36.482976048204769, 57.473378425906709 ] } },
{ "type": "Feature", "properties": { "ID": "C119AS300041", "AdminCode": "413", "Type": "1", "LinkID": "A219AS301726", "Ref_Lane": 2, "PostID": "C619AS300541", "Maker": "而⑥", "UpdateDate": "20190620", "Version": "2019", "Remark": null, "HistType": null, "HistRemark": null }, "geometry": { "type": "Point", "coordinates": [ 127.260633281615554, 36.482952952143862, 59.477485396364777 ] } },
{ "type": "Feature", "properties": { "ID": "C119AS300040", "AdminCode": "413", "Type": "1", "LinkID": "A219AS301726", "Ref_Lane": 2, "PostID": "C619AS300541", "Maker": "而⑥", "UpdateDate": "20190620", "Version": "2019", "Remark": null, "HistType": null, "HistRemark": null }, "geometry": { "type": "Point", "coordinates": [ 127.260594526620977, 36.482934566156679, 59.416583094781316 ] } },
{ "type": "Feature", "properties": { "ID": "C119AS300039", "AdminCode": "413", "Type": "11", "LinkID": "A219AS301771", "Ref_Lane": 1, "PostID": "C619AS300540", "Maker": "而⑥", "UpdateDate": "20190620", "Version": "2019", "Remark": null, "HistType": null, "HistRemark": null }, "geometry": { "type": "Point", "coordinates": [ 127.262335680847514, 36.480720178429948, 55.997312758642643 ] } },
{ "type": "Feature", "properties": { "ID": "C119AS300038", "AdminCode": "413", "Type": "11", "LinkID": "A219AS301771", "Ref_Lane": 1, "PostID": "C619AS300539", "Maker": "而⑥", "UpdateDate": "20190620", "Version": "2019", "Remark": null, "HistType": null, "HistRemark": null }, "geometry": { "type": "Point", "coordinates": [ 127.262209516637455, 36.480894720429554, 56.189438074872236 ] } },
{ "type": "Feature", "properties": { "ID": "C119AS300037", "AdminCode": "413", "Type": "11", "LinkID": "A219AS301771", "Ref_Lane": 1, "PostID": "C619AS300538", "Maker": "而⑥", "UpdateDate": "20190620", "Version": "2019", "Remark": null, "HistType": null, "HistRemark": null }, "geometry": { "type": "Point", "coordinates": [ 127.262125121009291, 36.480914695434457, 55.965950066911432 ] } },
{ "type": "Feature", "properties": { "ID": "C119AS300036", "AdminCode": "413", "Type": "8", "LinkID": "A219AS301801", "Ref_Lane": 1, "PostID": "C619AS300537", "Maker": "而⑥", "UpdateDate": "20190620", "Version": "2019", "Remark": null, "HistType": null, "HistRemark": null }, "geometry": { "type": "Point", "coordinates": [ 127.262018303921963, 36.480837383109616, 59.053740206369348 ] } },
{ "type": "Feature", "properties": { "ID": "C119AS300035", "AdminCode": "413", "Type": "8", "LinkID": "A219AS301723", "Ref_Lane": 1, "PostID": "C619AS300537", "Maker": "而⑥", "UpdateDate": "20190620", "Version": "2019", "Remark": null, "HistType": null, "HistRemark": null }, "geometry": { "type": "Point", "coordinates": [ 127.261986638521677, 36.480827100545234, 58.994081315848824 ] } },
{ "type": "Feature", "properties": { "ID": "C119AS300034", "AdminCode": "413", "Type": "1", "LinkID": "A219AS301731", "Ref_Lane": 2, "PostID": "C619AS300537", "Maker": "而⑥", "UpdateDate": "20190620", "Version": "2019", "Remark": null, "HistType": null, "HistRemark": null }, "geometry": { "type": "Point", "coordinates": [ 127.261900752667231, 36.48078684661396, 58.948019200789425 ] } },
{ "type": "Feature", "properties": { "ID": "C119AS300033", "AdminCode": "413", "Type": "1", "LinkID": "A219AS301731", "Ref_Lane": 2, "PostID": "C619AS300537", "Maker": "而⑥", "UpdateDate": "20190620", "Version": "2019", "Remark": null, "HistType": null, "HistRemark": null }, "geometry": { "type": "Point", "coordinates": [ 127.261929430734298, 36.480800237652026, 58.951238470998838 ] } },
{ "type": "Feature", "properties": { "ID": "C119AS300032", "AdminCode": "413", "Type": "11", "LinkID": "A219AS301731", "Ref_Lane": 2, "PostID": "C619AS300536", "Maker": "而⑥", "UpdateDate": "20190620", "Version": "2019", "Remark": null, "HistType": null, "HistRemark": null }, "geometry": { "type": "Point", "coordinates": [ 127.261800062664577, 36.480861758479158, 56.282616143461858 ] } },
{ "type": "Feature", "properties": { "ID": "C119AS300031", "AdminCode": "413", "Type": "11", "LinkID": "A219AS301780", "Ref_Lane": 1, "PostID": "C619AS300535", "Maker": "而⑥", "UpdateDate": "20190620", "Version": "2019", "Remark": null, "HistType": null, "HistRemark": null }, "geometry": { "type": "Point", "coordinates": [ 127.261838118480483, 36.480710817521164, 56.39435219550932 ] } },
{ "type": "Feature", "properties": { "ID": "C119AS300030", "AdminCode": "413", "Type": "11", "LinkID": "A219AS301780", "Ref_Lane": 1, "PostID": "C619AS300534", "Maker": "而⑥", "UpdateDate": "20190620", "Version": "2019", "Remark": null, "HistType": null, "HistRemark": null }, "geometry": { "type": "Point", "coordinates": [ 127.261871586034829, 36.480523734320009, 56.481975214293492 ] } },
{ "type": "Feature", "properties": { "ID": "C119AS300029", "AdminCode": "413", "Type": "11", "LinkID": "A219AS301780", "Ref_Lane": 1, "PostID": "C619AS300533", "Maker": "而⑥", "UpdateDate": "20190620", "Version": "2019", "Remark": null, "HistType": null, "HistRemark": null }, "geometry": { "type": "Point", "coordinates": [ 127.262010777104365, 36.480519647335065, 56.125353994584266 ] } },
{ "type": "Feature", "properties": { "ID": "C119AS300028", "AdminCode": "413", "Type": "8", "LinkID": "A219AS301800", "Ref_Lane": 1, "PostID": "C619AS300532", "Maker": "而⑥", "UpdateDate": "20190620", "Version": "2019", "Remark": null, "HistType": null, "HistRemark": null }, "geometry": { "type": "Point", "coordinates": [ 127.26213889978564, 36.480583279798346, 58.830222980952882 ] } },
{ "type": "Feature", "properties": { "ID": "C119AS300027", "AdminCode": "413", "Type": "8", "LinkID": "A219AS301803", "Ref_Lane": 1, "PostID": "C619AS300532", "Maker": "而⑥", "UpdateDate": "20190620", "Version": "2019", "Remark": null, "HistType": null, "HistRemark": null }, "geometry": { "type": "Point", "coordinates": [ 127.262170276428648, 36.480594241916052, 58.797389091678909 ] } },
{ "type": "Feature", "properties": { "ID": "C119AS300026", "AdminCode": "413", "Type": "1", "LinkID": "A219AS301774", "Ref_Lane": 2, "PostID": "C619AS300532", "Maker": "而⑥", "UpdateDate": "20190620", "Version": "2019", "Remark": null, "HistType": null, "HistRemark": null }, "geometry": { "type": "Point", "coordinates": [ 127.262254064907921, 36.480637851591915, 58.766720648085567 ] } },
{ "type": "Feature", "properties": { "ID": "C119AS300025", "AdminCode": "413", "Type": "1", "LinkID": "A219AS301774", "Ref_Lane": 2, "PostID": "C619AS300532", "Maker": "而⑥", "UpdateDate": "20190620", "Version": "2019", "Remark": null, "HistType": null, "HistRemark": null }, "geometry": { "type": "Point", "coordinates": [ 127.262225887916202, 36.48062263496918, 58.805595444745364 ] } },
{ "type": "Feature", "properties": { "ID": "C119AS300024", "AdminCode": "413", "Type": "11", "LinkID": "A219AS301774", "Ref_Lane": 2, "PostID": "C619AS300531", "Maker": "而⑥", "UpdateDate": "20190620", "Version": "2019", "Remark": null, "HistType": null, "HistRemark": null }, "geometry": { "type": "Point", "coordinates": [ 127.26236598320564, 36.480565754890748, 56.024975758547043 ] } },
{ "type": "Feature", "properties": { "ID": "C119AS300023", "AdminCode": "413", "Type": "8", "LinkID": "A219AS301733", "Ref_Lane": 3, "PostID": "C619AS300530", "Maker": "而⑥", "UpdateDate": "20190620", "Version": "2019", "Remark": null, "HistType": null, "HistRemark": null }, "geometry": { "type": "Point", "coordinates": [ 127.263066770156954, 36.479001909266699, 61.610148882024497 ] } },
{ "type": "Feature", "properties": { "ID": "C119AS300022", "AdminCode": "413", "Type": "2", "LinkID": "A219AS301733", "Ref_Lane": 3, "PostID": "C619AS300530", "Maker": "而⑥", "UpdateDate": "20190620", "Version": "2019", "Remark": null, "HistType": null, "HistRemark": null }, "geometry": { "type": "Point", "coordinates": [ 127.263101206691601, 36.479015420747793, 61.564231751581673 ] } },
{ "type": "Feature", "properties": { "ID": "C119AS300021", "AdminCode": "413", "Type": "2", "LinkID": "A219AS302876", "Ref_Lane": 2, "PostID": "C619AS300529", "Maker": "而⑥", "UpdateDate": "20190620", "Version": "2019", "Remark": null, "HistType": null, "HistRemark": null }, "geometry": { "type": "Point", "coordinates": [ 127.262963067110292, 36.479092636830707, 61.258099200789388 ] } },
{ "type": "Feature", "properties": { "ID": "C119AS300020", "AdminCode": "413", "Type": "2", "LinkID": "A219AS302876", "Ref_Lane": 2, "PostID": "C619AS300529", "Maker": "而⑥", "UpdateDate": "20190620", "Version": "2019", "Remark": null, "HistType": null, "HistRemark": null }, "geometry": { "type": "Point", "coordinates": [ 127.262938931658752, 36.479118943224016, 61.157020538764876 ] } },
{ "type": "Feature", "properties": { "ID": "C119AS300019", "AdminCode": "413", "Type": "2", "LinkID": "A219AS302876", "Ref_Lane": 2, "PostID": "C619AS300529", "Maker": "而⑥", "UpdateDate": "20190620", "Version": "2019", "Remark": null, "HistType": null, "HistRemark": null }, "geometry": { "type": "Point", "coordinates": [ 127.26287710571448, 36.479188618674392, 61.161727483166025 ] } },
{ "type": "Feature", "properties": { "ID": "C119AS300018", "AdminCode": "413", "Type": "11", "LinkID": "A219AS301781", "Ref_Lane": 4, "PostID": "C619AS300528", "Maker": "而⑥", "UpdateDate": "20190620", "Version": "2019", "Remark": null, "HistType": null, "HistRemark": null }, "geometry": { "type": "Point", "coordinates": [ 127.262834367344908, 36.479332221962117, 58.021049916397978 ] } },
{ "type": "Feature", "properties": { "ID": "C119AS300017", "AdminCode": "413", "Type": "2", "LinkID": "A219AS301781", "Ref_Lane": 4, "PostID": "C619AS300528", "Maker": "而⑥", "UpdateDate": "20190620", "Version": "2019", "Remark": null, "HistType": null, "HistRemark": null }, "geometry": { "type": "Point", "coordinates": [ 127.26286027135086, 36.47934120896111, 60.692149130459114 ] } },
{ "type": "Feature", "properties": { "ID": "C119AS300016", "AdminCode": "413", "Type": "2", "LinkID": "A219AS301781", "Ref_Lane": 4, "PostID": "C619AS300528", "Maker": "而⑥", "UpdateDate": "20190620", "Version": "2019", "Remark": null, "HistType": null, "HistRemark": null }, "geometry": { "type": "Point", "coordinates": [ 127.262893516274588, 36.479358698559125, 60.702742609182351 ] } },
{ "type": "Feature", "properties": { "ID": "C119AS300015", "AdminCode": "413", "Type": "8", "LinkID": "A219AS301781", "Ref_Lane": 4, "PostID": "C619AS300528", "Maker": "而⑥", "UpdateDate": "20190620", "Version": "2019", "Remark": null, "HistType": null, "HistRemark": null }, "geometry": { "type": "Point", "coordinates": [ 127.262927608236296, 36.479376706785104, 60.644079008801995 ] } },
{ "type": "Feature", "properties": { "ID": "C119AS300014", "AdminCode": "413", "Type": "2", "LinkID": "A219AS301748", "Ref_Lane": 4, "PostID": "C619AS300527", "Maker": "而⑥", "UpdateDate": "20190620", "Version": "2019", "Remark": null, "HistType": null, "HistRemark": null }, "geometry": { "type": "Point", "coordinates": [ 127.263150696259814, 36.479511537696901, 60.742204886829946 ] } },
{ "type": "Feature", "properties": { "ID": "C119AS300013", "AdminCode": "413", "Type": "8", "LinkID": "A219AS301748", "Ref_Lane": 4, "PostID": "C619AS300527", "Maker": "而⑥", "UpdateDate": "20190620", "Version": "2019", "Remark": null, "HistType": null, "HistRemark": null }, "geometry": { "type": "Point", "coordinates": [ 127.263114749690828, 36.479492650815118, 60.780689295374238 ] } },
{ "type": "Feature", "properties": { "ID": "C119AS300012", "AdminCode": "413", "Type": "11", "LinkID": "A219AS301748", "Ref_Lane": 4, "PostID": "C619AS300527", "Maker": "而⑥", "UpdateDate": "20190620", "Version": "2019", "Remark": null, "HistType": null, "HistRemark": null }, "geometry": { "type": "Point", "coordinates": [ 127.26318404592044, 36.479536237207057, 57.939707784642223 ] } },
{ "type": "Feature", "properties": { "ID": "C119AS300011", "AdminCode": "413", "Type": "2", "LinkID": "A219AS302874", "Ref_Lane": 2, "PostID": "C619AS300526", "Maker": "而⑥", "UpdateDate": "20190620", "Version": "2019", "Remark": null, "HistType": null, "HistRemark": null }, "geometry": { "type": "Point", "coordinates": [ 127.263277198733547, 36.47945748747555, 61.154184699312403 ] } },
{ "type": "Feature", "properties": { "ID": "C119AS300010", "AdminCode": "413", "Type": "2", "LinkID": "A219AS302874", "Ref_Lane": 2, "PostID": "C619AS300526", "Maker": "而⑥", "UpdateDate": "20190620", "Version": "2019", "Remark": null, "HistType": null, "HistRemark": null }, "geometry": { "type": "Point", "coordinates": [ 127.263297506080534, 36.4794290745551, 61.114346739134632 ] } },
{ "type": "Feature", "properties": { "ID": "C119AS300009", "AdminCode": "413", "Type": "2", "LinkID": "A219AS302874", "Ref_Lane": 2, "PostID": "C619AS300526", "Maker": "而⑥", "UpdateDate": "20190620", "Version": "2019", "Remark": null, "HistType": null, "HistRemark": null }, "geometry": { "type": "Point", "coordinates": [ 127.263349266036585, 36.47935443665633, 61.143912589484643 ] } },
{ "type": "Feature", "properties": { "ID": "C119AS300008", "AdminCode": "413", "Type": "11", "LinkID": "A219AS302874", "Ref_Lane": 2, "PostID": "C619AS300525", "Maker": "而⑥", "UpdateDate": "20190620", "Version": "2019", "Remark": null, "HistType": null, "HistRemark": null }, "geometry": { "type": "Point", "coordinates": [ 127.263519700327137, 36.479333913856316, 57.880469515955433 ] } },
{ "type": "Feature", "properties": { "ID": "C119AS300007", "AdminCode": "413", "Type": "2", "LinkID": "A219AS301748", "Ref_Lane": 4, "PostID": "C619AS300524", "Maker": "而⑥", "UpdateDate": "20190620", "Version": "2019", "Remark": null, "HistType": null, "HistRemark": null }, "geometry": { "type": "Point", "coordinates": [ 127.263413631781447, 36.47919931074226, 61.400365309018767 ] } },
{ "type": "Feature", "properties": { "ID": "C119AS300006", "AdminCode": "413", "Type": "2", "LinkID": "A219AS301748", "Ref_Lane": 4, "PostID": "C619AS300524", "Maker": "而⑥", "UpdateDate": "20190620", "Version": "2019", "Remark": null, "HistType": null, "HistRemark": null }, "geometry": { "type": "Point", "coordinates": [ 127.263380854048251, 36.479181941985487, 61.446918384985615 ] } },
{ "type": "Feature", "properties": { "ID": "C119AS300005", "AdminCode": "413", "Type": "8", "LinkID": "A219AS301748", "Ref_Lane": 4, "PostID": "C619AS300524", "Maker": "而⑥", "UpdateDate": "20190620", "Version": "2019", "Remark": null, "HistType": null, "HistRemark": null }, "geometry": { "type": "Point", "coordinates": [ 127.263346603433121, 36.479163716259109, 61.508082276028034 ] } },
{ "type": "Feature", "properties": { "ID": "C119AS300004", "AdminCode": "413", "Type": "11", "LinkID": "A219AS300027", "Ref_Lane": 3, "PostID": "C619AS300523", "Maker": "而⑥", "UpdateDate": "20190620", "Version": "2019", "Remark": null, "HistType": null, "HistRemark": null }, "geometry": { "type": "Point", "coordinates": [ 127.271887032282834, 36.470648670353924, 57.039149426114122 ] } },
{ "type": "Feature", "properties": { "ID": "C119AS300003", "AdminCode": "413", "Type": "11", "LinkID": "A219AS303277", "Ref_Lane": 2, "PostID": "C619AS300523", "Maker": "而⑥", "UpdateDate": "20190620", "Version": "2019", "Remark": null, "HistType": null, "HistRemark": null }, "geometry": { "type": "Point", "coordinates": [ 127.27187935555861, 36.470645581939557, 57.09941546345101 ] } },
{ "type": "Feature", "properties": { "ID": "C119AS300002", "AdminCode": "413", "Type": "2", "LinkID": "A219AS303277", "Ref_Lane": 2, "PostID": "C619AS300515", "Maker": "而⑥", "UpdateDate": "20190620", "Version": "2019", "Remark": null, "HistType": null, "HistRemark": null }, "geometry": { "type": "Point", "coordinates": [ 127.271728690764633, 36.470676093552058, 59.08425 ] } },
{ "type": "Feature", "properties": { "ID": "C119AS300001", "AdminCode": "413", "Type": "2", "LinkID": "A219AS300027", "Ref_Lane": 3, "PostID": "C619AS300523", "Maker": "而⑥", "UpdateDate": "20190620", "Version": "2019", "Remark": null, "HistType": null, "HistRemark": null }, "geometry": { "type": "Point", "coordinates": [ 127.271894214653841, 36.470700913548747, 59.10375 ] } },
{ "type": "Feature", "properties": { "ID": "C123BH300001", "AdminCode": "413", "Type": "2", "LinkID": "A223BH300041", "Ref_Lane": 2, "PostID": null, "Maker": "吏곗", "UpdateDate": "20231105", "Version": "2019", "Remark": null, "HistType": "C1001", "HistRemark": null }, "geometry": { "type": "Point", "coordinates": [ 127.328997306577193, 36.502576339198683, 70.15769 ] } },
{ "type": "Feature", "properties": { "ID": "C123BH300002", "AdminCode": "413", "Type": "2", "LinkID": "A223BH300041", "Ref_Lane": 2, "PostID": null, "Maker": "吏곗", "UpdateDate": "20231105", "Version": "2019", "Remark": null, "HistType": "C1001", "HistRemark": null }, "geometry": { "type": "Point", "coordinates": [ 127.328973207940322, 36.502579139902963, 70.15769 ] } },
{ "type": "Feature", "properties": { "ID": "C119AS300802", "AdminCode": "413", "Type": "8", "LinkID": "A219AS302312", "Ref_Lane": 2, "PostID": "C619AS301048", "Maker": "새한항업컨소시엄", "UpdateDate": "20190909", "Version": "2019", "Remark": null, "HistType": null, "HistRemark": null }, "geometry": { "type": "Point", "coordinates": [ 127.267560401652275, 36.498725905296673, 63.120375 ] } },
{ "type": "Feature", "properties": { "ID": "C119AS300803", "AdminCode": "413", "Type": "8", "LinkID": "A219AS302312", "Ref_Lane": 2, "PostID": "C619AS301048", "Maker": "새한항업컨소시엄", "UpdateDate": "20190909", "Version": "2019", "Remark": null, "HistType": null, "HistRemark": null }, "geometry": { "type": "Point", "coordinates": [ 127.267559910822456, 36.498730396140907, 63.543375 ] } },
{ "type": "Feature", "properties": { "ID": "C119AS300804", "AdminCode": "413", "Type": "8", "LinkID": "A219AS302312", "Ref_Lane": 2, "PostID": "C619AS301048", "Maker": "새한항업컨소시엄", "UpdateDate": "20190909", "Version": "2019", "Remark": null, "HistType": null, "HistRemark": null }, "geometry": { "type": "Point", "coordinates": [ 127.267604210105858, 36.498731356196679, 63.371625 ] } },
{ "type": "Feature", "properties": { "ID": "C119AS300755", "AdminCode": "413", "Type": "1", "LinkID": "A219AS302329", "Ref_Lane": 1, "PostID": "C619AS301049", "Maker": "새한항업컨소시엄", "UpdateDate": "20190909", "Version": "2019", "Remark": null, "HistType": null, "HistRemark": null }, "geometry": { "type": "Point", "coordinates": [ 127.269837009976243, 36.503484419520063, 67.7625 ] } },
{ "type": "Feature", "properties": { "ID": "C119AS300756", "AdminCode": "413", "Type": "1", "LinkID": "A219AS302329", "Ref_Lane": 1, "PostID": "C619AS301049", "Maker": "새한항업컨소시엄", "UpdateDate": "20190909", "Version": "2019", "Remark": null, "HistType": null, "HistRemark": null }, "geometry": { "type": "Point", "coordinates": [ 127.269792226833047, 36.503477484866679, 67.7955 ] } },
{ "type": "Feature", "properties": { "ID": "C119AS300757", "AdminCode": "413", "Type": "1", "LinkID": "A219AS301897", "Ref_Lane": 1, "PostID": "C619AS301049", "Maker": "새한항업컨소시엄", "UpdateDate": "20190909", "Version": "2019", "Remark": null, "HistType": null, "HistRemark": null }, "geometry": { "type": "Point", "coordinates": [ 127.269793741420472, 36.503481547351619, 67.5175 ] } },
{ "type": "Feature", "properties": { "ID": "C119AS300758", "AdminCode": "413", "Type": "1", "LinkID": "A219AS302348", "Ref_Lane": 3, "PostID": "C619AS300968", "Maker": "새한항업컨소시엄", "UpdateDate": "20190909", "Version": "2019", "Remark": null, "HistType": null, "HistRemark": null }, "geometry": { "type": "Point", "coordinates": [ 127.268857846446622, 36.504663158150301, 66.2865 ] } },
{ "type": "Feature", "properties": { "ID": "C119AS300759", "AdminCode": "413", "Type": "1", "LinkID": "A219AS302348", "Ref_Lane": 3, "PostID": "C619AS300968", "Maker": "새한항업컨소시엄", "UpdateDate": "20190909", "Version": "2019", "Remark": null, "HistType": null, "HistRemark": null }, "geometry": { "type": "Point", "coordinates": [ 127.268872621020492, 36.504696127111586, 66.4385 ] } },
{ "type": "Feature", "properties": { "ID": "C119AS301039", "AdminCode": "413", "Type": "11", "LinkID": "A219AS302146", "Ref_Lane": 3, "PostID": "C619AS300882", "Maker": "새한항업컨소시엄", "UpdateDate": "20190909", "Version": "2019", "Remark": null, "HistType": null, "HistRemark": null }, "geometry": { "type": "Point", "coordinates": [ 127.258791652607968, 36.51805568775891, 66.901583206510409 ] } },
{ "type": "Feature", "properties": { "ID": "C119AS300985", "AdminCode": "413", "Type": "2", "LinkID": "A219AS302146", "Ref_Lane": 3, "PostID": "C619AS300882", "Maker": "새한항업컨소시엄", "UpdateDate": "20190909", "Version": "2019", "Remark": null, "HistType": null, "HistRemark": null }, "geometry": { "type": "Point", "coordinates": [ 127.258790735686134, 36.517986470734435, 69.028956265849814 ] } },
{ "type": "Feature", "properties": { "ID": "C119AS301040", "AdminCode": "413", "Type": "11", "LinkID": "A219AS302146", "Ref_Lane": 3, "PostID": "C619AS301054", "Maker": "새한항업컨소시엄", "UpdateDate": "20190909", "Version": "2019", "Remark": null, "HistType": null, "HistRemark": null }, "geometry": { "type": "Point", "coordinates": [ 127.259263958687939, 36.518035614078528, 66.683070559177352 ] } },
{ "type": "Feature", "properties": { "ID": "C119AS301041", "AdminCode": "413", "Type": "11", "LinkID": "A219AS302146", "Ref_Lane": 3, "PostID": "C619AS301054", "Maker": "새한항업컨소시엄", "UpdateDate": "20190909", "Version": "2019", "Remark": null, "HistType": null, "HistRemark": null }, "geometry": { "type": "Point", "coordinates": [ 127.259257495669459, 36.518040452001749, 66.610002336494915 ] } },
{ "type": "Feature", "properties": { "ID": "C119AS300986", "AdminCode": "413", "Type": "2", "LinkID": "A219AS302146", "Ref_Lane": 3, "PostID": "C619AS301054", "Maker": "새한항업컨소시엄", "UpdateDate": "20190909", "Version": "2019", "Remark": null, "HistType": null, "HistRemark": null }, "geometry": { "type": "Point", "coordinates": [ 127.259247315236195, 36.51794893423115, 68.76070303022324 ] } },
{ "type": "Feature", "properties": { "ID": "C119AS300987", "AdminCode": "413", "Type": "2", "LinkID": "A219AS302146", "Ref_Lane": 3, "PostID": "C619AS301054", "Maker": "새한항업컨소시엄", "UpdateDate": "20190909", "Version": "2019", "Remark": null, "HistType": null, "HistRemark": null }, "geometry": { "type": "Point", "coordinates": [ 127.25925255282678, 36.517983830442894, 68.78761594195484 ] } },
{ "type": "Feature", "properties": { "ID": "C119AS301043", "AdminCode": "413", "Type": "11", "LinkID": "A219AS301991", "Ref_Lane": 4, "PostID": "C619AS300884", "Maker": "새한항업컨소시엄", "UpdateDate": "20190909", "Version": "2019", "Remark": null, "HistType": null, "HistRemark": null }, "geometry": { "type": "Point", "coordinates": [ 127.26124890334188, 36.508417513205949, 60.385577186165541 ] } },
{ "type": "Feature", "properties": { "ID": "C119AS300988", "AdminCode": "413", "Type": "2", "LinkID": "A219AS301991", "Ref_Lane": 4, "PostID": "C619AS300884", "Maker": "새한항업컨소시엄", "UpdateDate": "20190909", "Version": "2019", "Remark": null, "HistType": null, "HistRemark": null }, "geometry": { "type": "Point", "coordinates": [ 127.261232240926702, 36.508466668275894, 62.722455148724698 ] } },
{ "type": "Feature", "properties": { "ID": "C119AS300989", "AdminCode": "413", "Type": "2", "LinkID": "A219AS301991", "Ref_Lane": 4, "PostID": "C619AS300884", "Maker": "새한항업컨소시엄", "UpdateDate": "20190909", "Version": "2019", "Remark": null, "HistType": null, "HistRemark": null }, "geometry": { "type": "Point", "coordinates": [ 127.261224746519389, 36.50850226943615, 62.702275280586377 ] } },
{ "type": "Feature", "properties": { "ID": "C119AS300990", "AdminCode": "413", "Type": "2", "LinkID": "A219AS301982", "Ref_Lane": 4, "PostID": "C619AS300885", "Maker": "새한항업컨소시엄", "UpdateDate": "20190909", "Version": "2019", "Remark": null, "HistType": null, "HistRemark": null }, "geometry": { "type": "Point", "coordinates": [ 127.261168182990787, 36.508587604822829, 62.863720825859602 ] } },
{ "type": "Feature", "properties": { "ID": "C119AS301044", "AdminCode": "413", "Type": "11", "LinkID": "A219AS301982", "Ref_Lane": 4, "PostID": "C619AS300885", "Maker": "새한항업컨소시엄", "UpdateDate": "20190909", "Version": "2019", "Remark": null, "HistType": null, "HistRemark": null }, "geometry": { "type": "Point", "coordinates": [ 127.261159610591847, 36.508638357624015, 60.430315742594352 ] } },
{ "type": "Feature", "properties": { "ID": "C119AS301046", "AdminCode": "413", "Type": "11", "LinkID": "A219AS302508", "Ref_Lane": 1, "PostID": "C619AS300887", "Maker": "새한항업컨소시엄", "UpdateDate": "20190909", "Version": "2019", "Remark": null, "HistType": null, "HistRemark": null }, "geometry": { "type": "Point", "coordinates": [ 127.261654771213088, 36.504593750489498, 59.204002508357938 ] } },
{ "type": "Feature", "properties": { "ID": "C119AS301049", "AdminCode": "413", "Type": "11", "LinkID": "A219AS302544", "Ref_Lane": 5, "PostID": "C619AS301055", "Maker": "새한항업컨소시엄", "UpdateDate": "20190909", "Version": "2019", "Remark": null, "HistType": null, "HistRemark": null }, "geometry": { "type": "Point", "coordinates": [ 127.25857202884994, 36.498381693608742, 57.935628628981483 ] } },
{ "type": "Feature", "properties": { "ID": "C119AS300993", "AdminCode": "413", "Type": "2", "LinkID": "A219AS302544", "Ref_Lane": 5, "PostID": "C619AS301055", "Maker": "새한항업컨소시엄", "UpdateDate": "20190909", "Version": "2019", "Remark": null, "HistType": null, "HistRemark": null }, "geometry": { "type": "Point", "coordinates": [ 127.258556821935187, 36.498333109366975, 60.398065691850171 ] } },
{ "type": "Feature", "properties": { "ID": "C119AS300994", "AdminCode": "413", "Type": "2", "LinkID": "A219AS302544", "Ref_Lane": 5, "PostID": "C619AS301055", "Maker": "새한항업컨소시엄", "UpdateDate": "20190909", "Version": "2019", "Remark": null, "HistType": null, "HistRemark": null }, "geometry": { "type": "Point", "coordinates": [ 127.258540730618904, 36.498299691978758, 60.365610806076006 ] } },
{ "type": "Feature", "properties": { "ID": "C119AS301054", "AdminCode": "413", "Type": "11", "LinkID": "A219AS302182", "Ref_Lane": 1, "PostID": "C619AS300891", "Maker": "새한항업컨소시엄", "UpdateDate": "20190909", "Version": "2019", "Remark": null, "HistType": null, "HistRemark": null }, "geometry": { "type": "Point", "coordinates": [ 127.266213651777974, 36.495685678580912, 59.712263296234056 ] } },
{ "type": "Feature", "properties": { "ID": "C119AS300808", "AdminCode": "413", "Type": "8", "LinkID": "A219AS302292", "Ref_Lane": 2, "PostID": "C619AS301056", "Maker": "새한항업컨소시엄", "UpdateDate": "20190909", "Version": "2019", "Remark": null, "HistType": null, "HistRemark": null }, "geometry": { "type": "Point", "coordinates": [ 127.266159388805818, 36.495881569159117, 61.974737110067821 ] } },
{ "type": "Feature", "properties": { "ID": "C119AS300809", "AdminCode": "413", "Type": "8", "LinkID": "A219AS302292", "Ref_Lane": 2, "PostID": "C619AS301056", "Maker": "새한항업컨소시엄", "UpdateDate": "20190909", "Version": "2019", "Remark": null, "HistType": null, "HistRemark": null }, "geometry": { "type": "Point", "coordinates": [ 127.266127956619272, 36.495890868549616, 62.014925926521393 ] } },
{ "type": "Feature", "properties": { "ID": "C119AS301055", "AdminCode": "413", "Type": "11", "LinkID": "A219AS302292", "Ref_Lane": 2, "PostID": "C619AS301056", "Maker": "새한항업컨소시엄", "UpdateDate": "20190909", "Version": "2019", "Remark": null, "HistType": null, "HistRemark": null }, "geometry": { "type": "Point", "coordinates": [ 127.266098561159495, 36.49589610726769, 59.364538023696042 ] } },
{ "type": "Feature", "properties": { "ID": "C119AS300810", "AdminCode": "413", "Type": "8", "LinkID": "A219AS302182", "Ref_Lane": 4, "PostID": "C619AS300894", "Maker": "새한항업컨소시엄", "UpdateDate": "20190909", "Version": "2019", "Remark": null, "HistType": null, "HistRemark": null }, "geometry": { "type": "Point", "coordinates": [ 127.265748397443971, 36.495812939226013, 62.469856291858896 ] } },
{ "type": "Feature", "properties": { "ID": "C119AS300811", "AdminCode": "413", "Type": "8", "LinkID": "A219AS302182", "Ref_Lane": 4, "PostID": "C619AS300894", "Maker": "새한항업컨소시엄", "UpdateDate": "20190909", "Version": "2019", "Remark": null, "HistType": null, "HistRemark": null }, "geometry": { "type": "Point", "coordinates": [ 127.2657220371471, 36.495782781851389, 62.521162354144415 ] } },
{ "type": "Feature", "properties": { "ID": "C119AS301056", "AdminCode": "413", "Type": "11", "LinkID": "A219AS302182", "Ref_Lane": 4, "PostID": "C619AS300894", "Maker": "새한항업컨소시엄", "UpdateDate": "20190909", "Version": "2019", "Remark": null, "HistType": null, "HistRemark": null }, "geometry": { "type": "Point", "coordinates": [ 127.26570385790221, 36.495753883588357, 60.028745845173496 ] } },
{ "type": "Feature", "properties": { "ID": "C119AS300812", "AdminCode": "413", "Type": "8", "LinkID": "A219AS302188", "Ref_Lane": 3, "PostID": "C619AS300889", "Maker": "새한항업컨소시엄", "UpdateDate": "20190909", "Version": "2019", "Remark": null, "HistType": null, "HistRemark": null }, "geometry": { "type": "Point", "coordinates": [ 127.265863315766339, 36.495892403659042, 62.464712182349899 ] } },
{ "type": "Feature", "properties": { "ID": "C119AS301057", "AdminCode": "413", "Type": "11", "LinkID": "A219AS302188", "Ref_Lane": 3, "PostID": "C619AS300889", "Maker": "새한항업컨소시엄", "UpdateDate": "20190909", "Version": "2019", "Remark": null, "HistType": null, "HistRemark": null }, "geometry": { "type": "Point", "coordinates": [ 127.265892521924968, 36.495915410103613, 59.961477422910711 ] } },
{ "type": "Feature", "properties": { "ID": "C119AS301058", "AdminCode": "413", "Type": "11", "LinkID": "A219AS302189", "Ref_Lane": 4, "PostID": "C619AS300901", "Maker": "새한항업컨소시엄", "UpdateDate": "20190909", "Version": "2019", "Remark": null, "HistType": null, "HistRemark": null }, "geometry": { "type": "Point", "coordinates": [ 127.263398813631255, 36.496867548137367, 59.386780829131723 ] } },
{ "type": "Feature", "properties": { "ID": "C119AS300813", "AdminCode": "413", "Type": "8", "LinkID": "A219AS302189", "Ref_Lane": 4, "PostID": "C619AS300901", "Maker": "새한항업컨소시엄", "UpdateDate": "20190909", "Version": "2019", "Remark": null, "HistType": null, "HistRemark": null }, "geometry": { "type": "Point", "coordinates": [ 127.263374402506116, 36.496803153662576, 61.91210642942967 ] } },
{ "type": "Feature", "properties": { "ID": "C119AS300814", "AdminCode": "413", "Type": "8", "LinkID": "A219AS302179", "Ref_Lane": 4, "PostID": "C619AS300895", "Maker": "새한항업컨소시엄", "UpdateDate": "20190909", "Version": "2019", "Remark": null, "HistType": null, "HistRemark": null }, "geometry": { "type": "Point", "coordinates": [ 127.26333262626693, 36.496729983433369, 61.724098675917176 ] } },
{ "type": "Feature", "properties": { "ID": "C119AS300815", "AdminCode": "413", "Type": "8", "LinkID": "A219AS302179", "Ref_Lane": 4, "PostID": "C619AS300895", "Maker": "새한항업컨소시엄", "UpdateDate": "20190909", "Version": "2019", "Remark": null, "HistType": null, "HistRemark": null }, "geometry": { "type": "Point", "coordinates": [ 127.263317038090179, 36.496702508988754, 61.774821965100919 ] } },
{ "type": "Feature", "properties": { "ID": "C119AS300816", "AdminCode": "413", "Type": "8", "LinkID": "A219AS302234", "Ref_Lane": 3, "PostID": "C619AS300896", "Maker": "새한항업컨소시엄", "UpdateDate": "20190909", "Version": "2019", "Remark": null, "HistType": null, "HistRemark": null }, "geometry": { "type": "Point", "coordinates": [ 127.263412705849873, 36.496576093948477, 61.789291191960587 ] } },
{ "type": "Feature", "properties": { "ID": "C119AS300817", "AdminCode": "413", "Type": "8", "LinkID": "A219AS302235", "Ref_Lane": 1, "PostID": "C619AS300897", "Maker": "새한항업컨소시엄", "UpdateDate": "20190909", "Version": "2019", "Remark": null, "HistType": null, "HistRemark": null }, "geometry": { "type": "Point", "coordinates": [ 127.263575093939863, 36.496528200175106, 61.746520022584221 ] } },
{ "type": "Feature", "properties": { "ID": "C119AS300818", "AdminCode": "413", "Type": "8", "LinkID": "A219AS302235", "Ref_Lane": 1, "PostID": "C619AS300897", "Maker": "새한항업컨소시엄", "UpdateDate": "20190909", "Version": "2019", "Remark": null, "HistType": null, "HistRemark": null }, "geometry": { "type": "Point", "coordinates": [ 127.263609188726988, 36.49651690484815, 61.745252984470056 ] } },
{ "type": "Feature", "properties": { "ID": "C119AS300819", "AdminCode": "413", "Type": "8", "LinkID": "A219AS302468", "Ref_Lane": 1, "PostID": "C619AS300897", "Maker": "새한항업컨소시엄", "UpdateDate": "20190909", "Version": "2019", "Remark": null, "HistType": null, "HistRemark": null }, "geometry": { "type": "Point", "coordinates": [ 127.263709010792539, 36.496559365112255, 61.763179953633376 ] } },
{ "type": "Feature", "properties": { "ID": "C119AS301059", "AdminCode": "413", "Type": "11", "LinkID": "A219AS302548", "Ref_Lane": 1, "PostID": "C619AS300897", "Maker": "새한항업컨소시엄", "UpdateDate": "20190909", "Version": "2019", "Remark": null, "HistType": null, "HistRemark": null }, "geometry": { "type": "Point", "coordinates": [ 127.263670981930645, 36.496492074112815, 59.434797357885202 ] } },
{ "type": "Feature", "properties": { "ID": "C119AS301060", "AdminCode": "413", "Type": "11", "LinkID": "A219AS302178", "Ref_Lane": 3, "PostID": "C619AS300907", "Maker": "새한항업컨소시엄", "UpdateDate": "20190909", "Version": "2019", "Remark": null, "HistType": null, "HistRemark": null }, "geometry": { "type": "Point", "coordinates": [ 127.260790414319629, 36.497670863304556, 58.623503530767259 ] } },
{ "type": "Feature", "properties": { "ID": "C119AS300760", "AdminCode": "413", "Type": "1", "LinkID": "A219AS302178", "Ref_Lane": 3, "PostID": "C619AS300907", "Maker": "새한항업컨소시엄", "UpdateDate": "20190909", "Version": "2019", "Remark": null, "HistType": null, "HistRemark": null }, "geometry": { "type": "Point", "coordinates": [ 127.260759510074536, 36.497622114795178, 61.02491115861524 ] } },
{ "type": "Feature", "properties": { "ID": "C119AS300820", "AdminCode": "413", "Type": "8", "LinkID": "A219AS302534", "Ref_Lane": 4, "PostID": "C619AS300906", "Maker": "새한항업컨소시엄", "UpdateDate": "20190909", "Version": "2019", "Remark": null, "HistType": null, "HistRemark": null }, "geometry": { "type": "Point", "coordinates": [ 127.26071233862011, 36.49753085864829, 61.008692849889229 ] } },
{ "type": "Feature", "properties": { "ID": "C119AS300821", "AdminCode": "413", "Type": "8", "LinkID": "A219AS302534", "Ref_Lane": 4, "PostID": "C619AS300906", "Maker": "새한항업컨소시엄", "UpdateDate": "20190909", "Version": "2019", "Remark": null, "HistType": null, "HistRemark": null }, "geometry": { "type": "Point", "coordinates": [ 127.260692638998563, 36.497498332774441, 61.038396429458956 ] } },
{ "type": "Feature", "properties": { "ID": "C119AS301061", "AdminCode": "413", "Type": "11", "LinkID": "A219AS302534", "Ref_Lane": 4, "PostID": "C619AS300906", "Maker": "새한항업컨소시엄", "UpdateDate": "20190909", "Version": "2019", "Remark": null, "HistType": null, "HistRemark": null }, "geometry": { "type": "Point", "coordinates": [ 127.260683651417679, 36.497467688017771, 58.268582562623024 ] } },
{ "type": "Feature", "properties": { "ID": "C119AS300822", "AdminCode": "413", "Type": "8", "LinkID": "A219AS302534", "Ref_Lane": 4, "PostID": "C619AS300905", "Maker": "새한항업컨소시엄", "UpdateDate": "20190909", "Version": "2019", "Remark": null, "HistType": null, "HistRemark": null }, "geometry": { "type": "Point", "coordinates": [ 127.260888429213765, 36.497377956069315, 60.975717481476195 ] } },
{ "type": "Feature", "properties": { "ID": "C119AS300823", "AdminCode": "413", "Type": "8", "LinkID": "A219AS302534", "Ref_Lane": 4, "PostID": "C619AS300904", "Maker": "새한항업컨소시엄", "UpdateDate": "20190909", "Version": "2019", "Remark": null, "HistType": null, "HistRemark": null }, "geometry": { "type": "Point", "coordinates": [ 127.260947366813099, 36.497356338110102, 60.739800135753569 ] } },
{ "type": "Feature", "properties": { "ID": "C119AS300824", "AdminCode": "413", "Type": "8", "LinkID": "A219AS302534", "Ref_Lane": 4, "PostID": "C619AS300904", "Maker": "새한항업컨소시엄", "UpdateDate": "20190909", "Version": "2019", "Remark": null, "HistType": null, "HistRemark": null }, "geometry": { "type": "Point", "coordinates": [ 127.260989170329069, 36.497345172413475, 60.739800135753569 ] } },
{ "type": "Feature", "properties": { "ID": "C119AS300825", "AdminCode": "413", "Type": "8", "LinkID": "A219AS302534", "Ref_Lane": 4, "PostID": "C619AS300904", "Maker": "새한항업컨소시엄", "UpdateDate": "20190909", "Version": "2019", "Remark": null, "HistType": null, "HistRemark": null }, "geometry": { "type": "Point", "coordinates": [ 127.261048142550976, 36.49738053695939, 60.712115771420784 ] } },
{ "type": "Feature", "properties": { "ID": "C119AS301062", "AdminCode": "413", "Type": "11", "LinkID": "A219AS302534", "Ref_Lane": 4, "PostID": "C619AS300904", "Maker": "새한항업컨소시엄", "UpdateDate": "20190909", "Version": "2019", "Remark": null, "HistType": null, "HistRemark": null }, "geometry": { "type": "Point", "coordinates": [ 127.261030813758808, 36.497331193068227, 58.472378491482736 ] } },
{ "type": "Feature", "properties": { "ID": "C119AS300761", "AdminCode": "413", "Type": "1", "LinkID": "A219AS302178", "Ref_Lane": 3, "PostID": "C619AS300903", "Maker": "새한항업컨소시엄", "UpdateDate": "20190909", "Version": "2019", "Remark": null, "HistType": null, "HistRemark": null }, "geometry": { "type": "Point", "coordinates": [ 127.26123162554191, 36.497459683726198, 61.054805665752674 ] } },
{ "type": "Feature", "properties": { "ID": "C119AS300762", "AdminCode": "413", "Type": "1", "LinkID": "A219AS302178", "Ref_Lane": 3, "PostID": "C619AS300903", "Maker": "새한항업컨소시엄", "UpdateDate": "20190909", "Version": "2019", "Remark": null, "HistType": null, "HistRemark": null }, "geometry": { "type": "Point", "coordinates": [ 127.261248691293247, 36.497492526661063, 61.113035422496175 ] } },
{ "type": "Feature", "properties": { "ID": "C119AS301063", "AdminCode": "413", "Type": "11", "LinkID": "A219AS302178", "Ref_Lane": 3, "PostID": "C619AS300903", "Maker": "새한항업컨소시엄", "UpdateDate": "20190909", "Version": "2019", "Remark": null, "HistType": null, "HistRemark": null }, "geometry": { "type": "Point", "coordinates": [ 127.261260412891176, 36.497525540744689, 58.714906407520509 ] } },
{ "type": "Feature", "properties": { "ID": "C119AS300826", "AdminCode": "413", "Type": "8", "LinkID": "A219AS302178", "Ref_Lane": 3, "PostID": "C619AS300902", "Maker": "새한항업컨소시엄", "UpdateDate": "20190909", "Version": "2019", "Remark": null, "HistType": null, "HistRemark": null }, "geometry": { "type": "Point", "coordinates": [ 127.261050262329306, 36.497686021594362, 60.89610297242389 ] } },
{ "type": "Feature", "properties": { "ID": "C119AS300827", "AdminCode": "413", "Type": "8", "LinkID": "A219AS302178", "Ref_Lane": 3, "PostID": "C619AS300902", "Maker": "새한항업컨소시엄", "UpdateDate": "20190909", "Version": "2019", "Remark": null, "HistType": null, "HistRemark": null }, "geometry": { "type": "Point", "coordinates": [ 127.261026561786849, 36.497693460412997, 60.823160626881574 ] } },
{ "type": "Feature", "properties": { "ID": "C119AS301064", "AdminCode": "413", "Type": "11", "LinkID": "A219AS302178", "Ref_Lane": 3, "PostID": "C619AS300902", "Maker": "새한항업컨소시엄", "UpdateDate": "20190909", "Version": "2019", "Remark": null, "HistType": null, "HistRemark": null }, "geometry": { "type": "Point", "coordinates": [ 127.261011905401887, 36.497694632203775, 58.179321389845363 ] } },
{ "type": "Feature", "properties": { "ID": "C119AS300828", "AdminCode": "413", "Type": "8", "LinkID": "A219AS302309", "Ref_Lane": 2, "PostID": "C619AS300911", "Maker": "새한항업컨소시엄", "UpdateDate": "20190909", "Version": "2019", "Remark": null, "HistType": null, "HistRemark": null }, "geometry": { "type": "Point", "coordinates": [ 127.267256375795199, 36.498146357663693, 63.186020811801789 ] } },
{ "type": "Feature", "properties": { "ID": "C119AS300829", "AdminCode": "413", "Type": "8", "LinkID": "A219AS302309", "Ref_Lane": 2, "PostID": "C619AS300911", "Maker": "새한항업컨소시엄", "UpdateDate": "20190909", "Version": "2019", "Remark": null, "HistType": null, "HistRemark": null }, "geometry": { "type": "Point", "coordinates": [ 127.267226077029235, 36.498157991804355, 63.232243544032301 ] } },
{ "type": "Feature", "properties": { "ID": "C119AS301065", "AdminCode": "413", "Type": "11", "LinkID": "A219AS302309", "Ref_Lane": 2, "PostID": "C619AS300911", "Maker": "새한항업컨소시엄", "UpdateDate": "20190909", "Version": "2019", "Remark": null, "HistType": null, "HistRemark": null }, "geometry": { "type": "Point", "coordinates": [ 127.267197594606515, 36.49815999390411, 60.530316782032912 ] } },
{ "type": "Feature", "properties": { "ID": "C119AS300830", "AdminCode": "413", "Type": "8", "LinkID": "A219AS302524", "Ref_Lane": 2, "PostID": "C619AS300909", "Maker": "새한항업컨소시엄", "UpdateDate": "20190909", "Version": "2019", "Remark": null, "HistType": null, "HistRemark": null }, "geometry": { "type": "Point", "coordinates": [ 127.267304273884989, 36.497903848459934, 63.24207024209916 ] } },
{ "type": "Feature", "properties": { "ID": "C119AS300831", "AdminCode": "413", "Type": "8", "LinkID": "A219AS302296", "Ref_Lane": 2, "PostID": "C619AS300910", "Maker": "새한항업컨소시엄", "UpdateDate": "20190909", "Version": "2019", "Remark": null, "HistType": null, "HistRemark": null }, "geometry": { "type": "Point", "coordinates": [ 127.267275828699354, 36.498042542516501, 63.204855204720531 ] } },
{ "type": "Feature", "properties": { "ID": "C119AS300832", "AdminCode": "413", "Type": "8", "LinkID": "A219AS302526", "Ref_Lane": 2, "PostID": "C619AS300910", "Maker": "새한항업컨소시엄", "UpdateDate": "20190909", "Version": "2019", "Remark": null, "HistType": null, "HistRemark": null }, "geometry": { "type": "Point", "coordinates": [ 127.267330778569885, 36.497967168842237, 63.278534475234601 ] } },
{ "type": "Feature", "properties": { "ID": "C119AS300833", "AdminCode": "413", "Type": "8", "LinkID": "A219AS302526", "Ref_Lane": 2, "PostID": "C619AS300910", "Maker": "새한항업컨소시엄", "UpdateDate": "20190909", "Version": "2019", "Remark": null, "HistType": null, "HistRemark": null }, "geometry": { "type": "Point", "coordinates": [ 127.26734370350519, 36.497992120151544, 63.273803414716554 ] } },
{ "type": "Feature", "properties": { "ID": "C119AS300834", "AdminCode": "413", "Type": "8", "LinkID": "A219AS302296", "Ref_Lane": 2, "PostID": "C619AS300910", "Maker": "새한항업컨소시엄", "UpdateDate": "20190909", "Version": "2019", "Remark": null, "HistType": null, "HistRemark": null }, "geometry": { "type": "Point", "coordinates": [ 127.267274435767149, 36.498040884467329, 63.232487171065188 ] } },
{ "type": "Feature", "properties": { "ID": "C119AS301066", "AdminCode": "413", "Type": "11", "LinkID": "A219AS302526", "Ref_Lane": 2, "PostID": "C619AS300910", "Maker": "새한항업컨소시엄", "UpdateDate": "20190909", "Version": "2019", "Remark": null, "HistType": null, "HistRemark": null }, "geometry": { "type": "Point", "coordinates": [ 127.267358362312237, 36.49801282217954, 60.608329346162286 ] } },
{ "type": "Feature", "properties": { "ID": "C119AS300835", "AdminCode": "413", "Type": "8", "LinkID": "A219AS302296", "Ref_Lane": 2, "PostID": "C619AS300908", "Maker": "새한항업컨소시엄", "UpdateDate": "20190909", "Version": "2019", "Remark": null, "HistType": null, "HistRemark": null }, "geometry": { "type": "Point", "coordinates": [ 127.267140200271697, 36.497804313197278, 63.21129231756651 ] } },
{ "type": "Feature", "properties": { "ID": "C119AS300836", "AdminCode": "413", "Type": "8", "LinkID": "A219AS302296", "Ref_Lane": 2, "PostID": "C619AS300908", "Maker": "새한항업컨소시엄", "UpdateDate": "20190909", "Version": "2019", "Remark": null, "HistType": null, "HistRemark": null }, "geometry": { "type": "Point", "coordinates": [ 127.267108333824112, 36.497813355857687, 63.202217968917033 ] } },
{ "type": "Feature", "properties": { "ID": "C119AS301067", "AdminCode": "413", "Type": "11", "LinkID": "A219AS302296", "Ref_Lane": 2, "PostID": "C619AS300908", "Maker": "새한항업컨소시엄", "UpdateDate": "20190909", "Version": "2019", "Remark": null, "HistType": null, "HistRemark": null }, "geometry": { "type": "Point", "coordinates": [ 127.267167855122622, 36.497798639151483, 60.547276650177068 ] } },
{ "type": "Feature", "properties": { "ID": "C119AS300837", "AdminCode": "413", "Type": "8", "LinkID": "A219AS302524", "Ref_Lane": 2, "PostID": "C619AS301057", "Maker": "새한항업컨소시엄", "UpdateDate": "20190909", "Version": "2019", "Remark": null, "HistType": null, "HistRemark": null }, "geometry": { "type": "Point", "coordinates": [ 127.267041191887344, 36.498004012169368, 63.272479278048166 ] } },
{ "type": "Feature", "properties": { "ID": "C119AS300838", "AdminCode": "413", "Type": "8", "LinkID": "A219AS302524", "Ref_Lane": 2, "PostID": "C619AS301057", "Maker": "새한항업컨소시엄", "UpdateDate": "20190909", "Version": "2019", "Remark": null, "HistType": null, "HistRemark": null }, "geometry": { "type": "Point", "coordinates": [ 127.267026673095742, 36.497979751798177, 63.263487998802766 ] } },
{ "type": "Feature", "properties": { "ID": "C119AS300839", "AdminCode": "413", "Type": "8", "LinkID": "A219AS302309", "Ref_Lane": 2, "PostID": "C619AS301057", "Maker": "새한항업컨소시엄", "UpdateDate": "20190909", "Version": "2019", "Remark": null, "HistType": null, "HistRemark": null }, "geometry": { "type": "Point", "coordinates": [ 127.267096327576638, 36.497929612185601, 63.263864138263145 ] } },
{ "type": "Feature", "properties": { "ID": "C119AS301068", "AdminCode": "413", "Type": "11", "LinkID": "A219AS302524", "Ref_Lane": 2, "PostID": "C619AS301057", "Maker": "새한항업컨소시엄", "UpdateDate": "20190909", "Version": "2019", "Remark": null, "HistType": null, "HistRemark": null }, "geometry": { "type": "Point", "coordinates": [ 127.267013040813907, 36.497959303194776, 60.742117199504428 ] } },
{ "type": "Feature", "properties": { "ID": "C119AS300840", "AdminCode": "413", "Type": "8", "LinkID": "A219AS302526", "Ref_Lane": 2, "PostID": "C619AS300912", "Maker": "새한항업컨소시엄", "UpdateDate": "20190909", "Version": "2019", "Remark": null, "HistType": null, "HistRemark": null }, "geometry": { "type": "Point", "coordinates": [ 127.267069921477088, 36.49806694693779, 63.300905971388985 ] } },
{ "type": "Feature", "properties": { "ID": "C119AS301069", "AdminCode": "413", "Type": "11", "LinkID": "A219AS302526", "Ref_Lane": 2, "PostID": "C619AS300912", "Maker": "새한항업컨소시엄", "UpdateDate": "20190909", "Version": "2019", "Remark": null, "HistType": null, "HistRemark": null }, "geometry": { "type": "Point", "coordinates": [ 127.267079030507702, 36.498098490442921, 60.572354479780238 ] } },
{ "type": "Feature", "properties": { "ID": "C119AS300841", "AdminCode": "413", "Type": "8", "LinkID": "A219AS302522", "Ref_Lane": 3, "PostID": "C619AS300915", "Maker": "새한항업컨소시엄", "UpdateDate": "20190909", "Version": "2019", "Remark": null, "HistType": null, "HistRemark": null }, "geometry": { "type": "Point", "coordinates": [ 127.264728213898621, 36.498787217173039, 62.784207409016886 ] } },
{ "type": "Feature", "properties": { "ID": "C119AS300842", "AdminCode": "413", "Type": "8", "LinkID": "A219AS302522", "Ref_Lane": 3, "PostID": "C619AS300915", "Maker": "새한항업컨소시엄", "UpdateDate": "20190909", "Version": "2019", "Remark": null, "HistType": null, "HistRemark": null }, "geometry": { "type": "Point", "coordinates": [ 127.264744466742584, 36.498820217970241, 62.738518196607451 ] } },
{ "type": "Feature", "properties": { "ID": "C119AS301070", "AdminCode": "413", "Type": "11", "LinkID": "A219AS302522", "Ref_Lane": 3, "PostID": "C619AS300915", "Maker": "새한항업컨소시엄", "UpdateDate": "20190909", "Version": "2019", "Remark": null, "HistType": null, "HistRemark": null }, "geometry": { "type": "Point", "coordinates": [ 127.264772930584314, 36.498864575617432, 60.260527342719065 ] } },
{ "type": "Feature", "properties": { "ID": "C119AS300843", "AdminCode": "413", "Type": "8", "LinkID": "A219AS302520", "Ref_Lane": 3, "PostID": "C619AS300914", "Maker": "새한항업컨소시엄", "UpdateDate": "20190909", "Version": "2019", "Remark": null, "HistType": null, "HistRemark": null }, "geometry": { "type": "Point", "coordinates": [ 127.264683015680959, 36.498711279323572, 62.670694803717097 ] } },
{ "type": "Feature", "properties": { "ID": "C119AS300844", "AdminCode": "413", "Type": "8", "LinkID": "A219AS302246", "Ref_Lane": 3, "PostID": "C619AS300913", "Maker": "새한항업컨소시엄", "UpdateDate": "20190909", "Version": "2019", "Remark": null, "HistType": null, "HistRemark": null }, "geometry": { "type": "Point", "coordinates": [ 127.264409799823042, 36.498598625187014, 62.750349113163914 ] } },
{ "type": "Feature", "properties": { "ID": "C119AS301071", "AdminCode": "413", "Type": "11", "LinkID": "A219AS302246", "Ref_Lane": 3, "PostID": "C619AS300913", "Maker": "새한항업컨소시엄", "UpdateDate": "20190909", "Version": "2019", "Remark": null, "HistType": null, "HistRemark": null }, "geometry": { "type": "Point", "coordinates": [ 127.264372010265561, 36.498612868027344, 60.219053115060497 ] } },
{ "type": "Feature", "properties": { "ID": "C119AS301072", "AdminCode": "413", "Type": "11", "LinkID": "A219AS302522", "Ref_Lane": 3, "PostID": "C619AS300918", "Maker": "새한항업컨소시엄", "UpdateDate": "20190909", "Version": "2019", "Remark": null, "HistType": null, "HistRemark": null }, "geometry": { "type": "Point", "coordinates": [ 127.26439897076817, 36.498944981473656, 60.006020905680899 ] } },
{ "type": "Feature", "properties": { "ID": "C119AS301073", "AdminCode": "413", "Type": "11", "LinkID": "A219AS302520", "Ref_Lane": 3, "PostID": "C619AS300919", "Maker": "새한항업컨소시엄", "UpdateDate": "20190909", "Version": "2019", "Remark": null, "HistType": null, "HistRemark": null }, "geometry": { "type": "Point", "coordinates": [ 127.264316147109682, 36.498763447851402, 60.166769853305709 ] } },
{ "type": "Feature", "properties": { "ID": "C119AS300845", "AdminCode": "413", "Type": "8", "LinkID": "A219AS302194", "Ref_Lane": 2, "PostID": "C619AS300921", "Maker": "새한항업컨소시엄", "UpdateDate": "20190909", "Version": "2019", "Remark": null, "HistType": null, "HistRemark": null }, "geometry": { "type": "Point", "coordinates": [ 127.261851377309597, 36.499450410149571, 61.63331585912173 ] } },
{ "type": "Feature", "properties": { "ID": "C119AS301074", "AdminCode": "413", "Type": "11", "LinkID": "A219AS302194", "Ref_Lane": 2, "PostID": "C619AS300921", "Maker": "새한항업컨소시엄", "UpdateDate": "20190909", "Version": "2019", "Remark": null, "HistType": null, "HistRemark": null }, "geometry": { "type": "Point", "coordinates": [ 127.261835507677617, 36.499458867409331, 58.916429855903488 ] } },
{ "type": "Feature", "properties": { "ID": "C119AS300846", "AdminCode": "413", "Type": "8", "LinkID": "A219AS302194", "Ref_Lane": 2, "PostID": "C619AS300922", "Maker": "새한항업컨소시엄", "UpdateDate": "20190909", "Version": "2019", "Remark": null, "HistType": null, "HistRemark": null }, "geometry": { "type": "Point", "coordinates": [ 127.261921963030318, 36.49942947712124, 61.529234844109553 ] } },
{ "type": "Feature", "properties": { "ID": "C119AS300847", "AdminCode": "413", "Type": "8", "LinkID": "A219AS302194", "Ref_Lane": 2, "PostID": "C619AS300922", "Maker": "새한항업컨소시엄", "UpdateDate": "20190909", "Version": "2019", "Remark": null, "HistType": null, "HistRemark": null }, "geometry": { "type": "Point", "coordinates": [ 127.261944231780987, 36.499422953007119, 61.458038947618064 ] } },
{ "type": "Feature", "properties": { "ID": "C119AS301075", "AdminCode": "413", "Type": "11", "LinkID": "A219AS302194", "Ref_Lane": 2, "PostID": "C619AS300923", "Maker": "새한항업컨소시엄", "UpdateDate": "20190909", "Version": "2019", "Remark": null, "HistType": null, "HistRemark": null }, "geometry": { "type": "Point", "coordinates": [ 127.262123542878854, 36.499474600740413, 58.985371496590602 ] } },
{ "type": "Feature", "properties": { "ID": "C119AS300848", "AdminCode": "413", "Type": "8", "LinkID": "A219AS302194", "Ref_Lane": 2, "PostID": "C619AS300923", "Maker": "새한항업컨소시엄", "UpdateDate": "20190909", "Version": "2019", "Remark": null, "HistType": null, "HistRemark": null }, "geometry": { "type": "Point", "coordinates": [ 127.262140717695885, 36.499503443350989, 61.669406792398178 ] } },
{ "type": "Feature", "properties": { "ID": "C119AS300849", "AdminCode": "413", "Type": "8", "LinkID": "A219AS302518", "Ref_Lane": 2, "PostID": "C619AS300924", "Maker": "새한항업컨소시엄", "UpdateDate": "20190909", "Version": "2019", "Remark": null, "HistType": null, "HistRemark": null }, "geometry": { "type": "Point", "coordinates": [ 127.262162910897501, 36.499551265454137, 61.669406792398178 ] } },
{ "type": "Feature", "properties": { "ID": "C119AS300850", "AdminCode": "413", "Type": "8", "LinkID": "A219AS302518", "Ref_Lane": 2, "PostID": "C619AS300924", "Maker": "새한항업컨소시엄", "UpdateDate": "20190909", "Version": "2019", "Remark": null, "HistType": null, "HistRemark": null }, "geometry": { "type": "Point", "coordinates": [ 127.262173519098425, 36.499577299635597, 61.669406792398178 ] } },
{ "type": "Feature", "properties": { "ID": "C119AS301076", "AdminCode": "413", "Type": "11", "LinkID": "A219AS302518", "Ref_Lane": 2, "PostID": "C619AS300924", "Maker": "새한항업컨소시엄", "UpdateDate": "20190909", "Version": "2019", "Remark": null, "HistType": null, "HistRemark": null }, "geometry": { "type": "Point", "coordinates": [ 127.262179091097721, 36.499599317989471, 58.859046902958688 ] } },
{ "type": "Feature", "properties": { "ID": "C119AS301079", "AdminCode": "413", "Type": "11", "LinkID": "A219AS302518", "Ref_Lane": 2, "PostID": "C619AS300927", "Maker": "새한항업컨소시엄", "UpdateDate": "20190909", "Version": "2019", "Remark": null, "HistType": null, "HistRemark": null }, "geometry": { "type": "Point", "coordinates": [ 127.261830721362657, 36.499706312268025, 58.917059610999289 ] } },
{ "type": "Feature", "properties": { "ID": "C119AS300853", "AdminCode": "413", "Type": "8", "LinkID": "A219AS302518", "Ref_Lane": 2, "PostID": "C619AS300927", "Maker": "새한항업컨소시엄", "UpdateDate": "20190909", "Version": "2019", "Remark": null, "HistType": null, "HistRemark": null }, "geometry": { "type": "Point", "coordinates": [ 127.261813571587595, 36.49967721996174, 61.546815578445198 ] } },
{ "type": "Feature", "properties": { "ID": "C119AS300854", "AdminCode": "413", "Type": "8", "LinkID": "A219AS302194", "Ref_Lane": 2, "PostID": "C619AS300920", "Maker": "새한항업컨소시엄", "UpdateDate": "20190909", "Version": "2019", "Remark": null, "HistType": null, "HistRemark": null }, "geometry": { "type": "Point", "coordinates": [ 127.261786576772664, 36.499632837642153, 61.546815578445198 ] } },
{ "type": "Feature", "properties": { "ID": "C119AS300855", "AdminCode": "413", "Type": "8", "LinkID": "A219AS302194", "Ref_Lane": 2, "PostID": "C619AS300920", "Maker": "새한항업컨소시엄", "UpdateDate": "20190909", "Version": "2019", "Remark": null, "HistType": null, "HistRemark": null }, "geometry": { "type": "Point", "coordinates": [ 127.261775447585592, 36.49960685223656, 61.494390248528688 ] } },
{ "type": "Feature", "properties": { "ID": "C119AS301080", "AdminCode": "413", "Type": "11", "LinkID": "A219AS302194", "Ref_Lane": 2, "PostID": "C619AS300920", "Maker": "새한항업컨소시엄", "UpdateDate": "20190909", "Version": "2019", "Remark": null, "HistType": null, "HistRemark": null }, "geometry": { "type": "Point", "coordinates": [ 127.261771519119677, 36.499583162979434, 58.885360388104971 ] } },
{ "type": "Feature", "properties": { "ID": "C119AS300856", "AdminCode": "413", "Type": "8", "LinkID": "A219AS302303", "Ref_Lane": 2, "PostID": "C619AS300929", "Maker": "새한항업컨소시엄", "UpdateDate": "20190909", "Version": "2019", "Remark": null, "HistType": null, "HistRemark": null }, "geometry": { "type": "Point", "coordinates": [ 127.268069033256054, 36.500172239439863, 64.205300974142233 ] } },
{ "type": "Feature", "properties": { "ID": "C119AS300857", "AdminCode": "413", "Type": "8", "LinkID": "A219AS302229", "Ref_Lane": 2, "PostID": "C619AS300930", "Maker": "새한항업컨소시엄", "UpdateDate": "20190909", "Version": "2019", "Remark": null, "HistType": null, "HistRemark": null }, "geometry": { "type": "Point", "coordinates": [ 127.268045850505871, 36.500102906189554, 64.205300974142233 ] } },
{ "type": "Feature", "properties": { "ID": "C119AS300858", "AdminCode": "413", "Type": "8", "LinkID": "A219AS302229", "Ref_Lane": 2, "PostID": "C619AS300930", "Maker": "새한항업컨소시엄", "UpdateDate": "20190909", "Version": "2019", "Remark": null, "HistType": null, "HistRemark": null }, "geometry": { "type": "Point", "coordinates": [ 127.268029222975059, 36.50007942706452, 64.205300974142233 ] } },
{ "type": "Feature", "properties": { "ID": "C119AS300859", "AdminCode": "413", "Type": "8", "LinkID": "A219AS302319", "Ref_Lane": 2, "PostID": "C619AS300930", "Maker": "새한항업컨소시엄", "UpdateDate": "20190909", "Version": "2019", "Remark": null, "HistType": null, "HistRemark": null }, "geometry": { "type": "Point", "coordinates": [ 127.268093260421082, 36.50002575805425, 64.067018867150608 ] } },
{ "type": "Feature", "properties": { "ID": "C119AS301081", "AdminCode": "413", "Type": "11", "LinkID": "A219AS302229", "Ref_Lane": 2, "PostID": "C619AS300930", "Maker": "새한항업컨소시엄", "UpdateDate": "20190909", "Version": "2019", "Remark": null, "HistType": null, "HistRemark": null }, "geometry": { "type": "Point", "coordinates": [ 127.268012480011038, 36.500060126659278, 61.548219893139731 ] } },
{ "type": "Feature", "properties": { "ID": "C119AS300860", "AdminCode": "413", "Type": "8", "LinkID": "A219AS302317", "Ref_Lane": 2, "PostID": "C619AS300931", "Maker": "새한항업컨소시엄", "UpdateDate": "20190909", "Version": "2019", "Remark": null, "HistType": null, "HistRemark": null }, "geometry": { "type": "Point", "coordinates": [ 127.268106316360473, 36.49992369381718, 63.912630200669312 ] } },
{ "type": "Feature", "properties": { "ID": "C119AS300861", "AdminCode": "413", "Type": "8", "LinkID": "A219AS302317", "Ref_Lane": 2, "PostID": "C619AS300931", "Maker": "새한항업컨소시엄", "UpdateDate": "20190909", "Version": "2019", "Remark": null, "HistType": null, "HistRemark": null }, "geometry": { "type": "Point", "coordinates": [ 127.268137549153337, 36.4999156397609, 63.957837198769276 ] } },
{ "type": "Feature", "properties": { "ID": "C119AS301082", "AdminCode": "413", "Type": "11", "LinkID": "A219AS302317", "Ref_Lane": 2, "PostID": "C619AS300931", "Maker": "새한항업컨소시엄", "UpdateDate": "20190909", "Version": "2019", "Remark": null, "HistType": null, "HistRemark": null }, "geometry": { "type": "Point", "coordinates": [ 127.268166740267176, 36.499912624877624, 61.324272956942103 ] } },
{ "type": "Feature", "properties": { "ID": "C119AS300862", "AdminCode": "413", "Type": "8", "LinkID": "A219AS302229", "Ref_Lane": 2, "PostID": "C619AS300932", "Maker": "새한항업컨소시엄", "UpdateDate": "20190909", "Version": "2019", "Remark": null, "HistType": null, "HistRemark": null }, "geometry": { "type": "Point", "coordinates": [ 127.268296453526062, 36.500007151559608, 64.119560450523522 ] } },
{ "type": "Feature", "properties": { "ID": "C119AS301083", "AdminCode": "413", "Type": "11", "LinkID": "A219AS302229", "Ref_Lane": 2, "PostID": "C619AS300932", "Maker": "새한항업컨소시엄", "UpdateDate": "20190909", "Version": "2019", "Remark": null, "HistType": null, "HistRemark": null }, "geometry": { "type": "Point", "coordinates": [ 127.268285658297117, 36.499975881416752, 61.461885212937332 ] } },
{ "type": "Feature", "properties": { "ID": "C119AS300863", "AdminCode": "413", "Type": "8", "LinkID": "A219AS302303", "Ref_Lane": 2, "PostID": "C619AS300933", "Maker": "새한항업컨소시엄", "UpdateDate": "20190909", "Version": "2019", "Remark": null, "HistType": null, "HistRemark": null }, "geometry": { "type": "Point", "coordinates": [ 127.268326008422562, 36.50007277312951, 64.047275132840525 ] } },
{ "type": "Feature", "properties": { "ID": "C119AS300864", "AdminCode": "413", "Type": "8", "LinkID": "A219AS302303", "Ref_Lane": 2, "PostID": "C619AS300933", "Maker": "새한항업컨소시엄", "UpdateDate": "20190909", "Version": "2019", "Remark": null, "HistType": null, "HistRemark": null }, "geometry": { "type": "Point", "coordinates": [ 127.268339085395723, 36.500096808812557, 64.074498178788943 ] } },
{ "type": "Feature", "properties": { "ID": "C119AS300865", "AdminCode": "413", "Type": "8", "LinkID": "A219AS302317", "Ref_Lane": 2, "PostID": "C619AS300933", "Maker": "새한항업컨소시엄", "UpdateDate": "20190909", "Version": "2019", "Remark": null, "HistType": null, "HistRemark": null }, "geometry": { "type": "Point", "coordinates": [ 127.268271139488576, 36.500144373933274, 63.975060877796487 ] } },
{ "type": "Feature", "properties": { "ID": "C119AS301084", "AdminCode": "413", "Type": "11", "LinkID": "A219AS302303", "Ref_Lane": 2, "PostID": "C619AS300933", "Maker": "새한항업컨소시엄", "UpdateDate": "20190909", "Version": "2019", "Remark": null, "HistType": null, "HistRemark": null }, "geometry": { "type": "Point", "coordinates": [ 127.268355886748395, 36.500117461127935, 61.512369860751207 ] } },
{ "type": "Feature", "properties": { "ID": "C119AS300866", "AdminCode": "413", "Type": "8", "LinkID": "A219AS302319", "Ref_Lane": 2, "PostID": "C619AS300928", "Maker": "새한항업컨소시엄", "UpdateDate": "20190909", "Version": "2019", "Remark": null, "HistType": null, "HistRemark": null }, "geometry": { "type": "Point", "coordinates": [ 127.268254385887857, 36.500255342669455, 64.202731354816336 ] } },
{ "type": "Feature", "properties": { "ID": "C119AS300867", "AdminCode": "413", "Type": "8", "LinkID": "A219AS302319", "Ref_Lane": 2, "PostID": "C619AS300928", "Maker": "새한항업컨소시엄", "UpdateDate": "20190909", "Version": "2019", "Remark": null, "HistType": null, "HistRemark": null }, "geometry": { "type": "Point", "coordinates": [ 127.268220978485218, 36.500262332226299, 64.110116787868819 ] } },
{ "type": "Feature", "properties": { "ID": "C119AS301085", "AdminCode": "413", "Type": "11", "LinkID": "A219AS302319", "Ref_Lane": 2, "PostID": "C619AS300928", "Maker": "새한항업컨소시엄", "UpdateDate": "20190909", "Version": "2019", "Remark": null, "HistType": null, "HistRemark": null }, "geometry": { "type": "Point", "coordinates": [ 127.268193573071073, 36.500265115873383, 61.545392118753469 ] } },
{ "type": "Feature", "properties": { "ID": "C119AS300868", "AdminCode": "413", "Type": "8", "LinkID": "A219AS302515", "Ref_Lane": 3, "PostID": "C619AS300937", "Maker": "새한항업컨소시엄", "UpdateDate": "20190909", "Version": "2019", "Remark": null, "HistType": null, "HistRemark": null }, "geometry": { "type": "Point", "coordinates": [ 127.265318624048987, 36.500945348774323, 63.336601621805499 ] } },
{ "type": "Feature", "properties": { "ID": "C119AS300869", "AdminCode": "413", "Type": "8", "LinkID": "A219AS302515", "Ref_Lane": 3, "PostID": "C619AS300937", "Maker": "새한항업컨소시엄", "UpdateDate": "20190909", "Version": "2019", "Remark": null, "HistType": null, "HistRemark": null }, "geometry": { "type": "Point", "coordinates": [ 127.265304856756828, 36.500911565940406, 63.339225753976194 ] } },
{ "type": "Feature", "properties": { "ID": "C119AS301086", "AdminCode": "413", "Type": "11", "LinkID": "A219AS302515", "Ref_Lane": 3, "PostID": "C619AS300937", "Maker": "새한항업컨소시엄", "UpdateDate": "20190909", "Version": "2019", "Remark": null, "HistType": null, "HistRemark": null }, "geometry": { "type": "Point", "coordinates": [ 127.265294519030334, 36.500878942938577, 60.886566666666809 ] } },
{ "type": "Feature", "properties": { "ID": "C119AS300870", "AdminCode": "413", "Type": "8", "LinkID": "A219AS302249", "Ref_Lane": 3, "PostID": "C619AS300934", "Maker": "새한항업컨소시엄", "UpdateDate": "20190909", "Version": "2019", "Remark": null, "HistType": null, "HistRemark": null }, "geometry": { "type": "Point", "coordinates": [ 127.265569596314009, 36.50077978877917, 63.373483809516692 ] } },
{ "type": "Feature", "properties": { "ID": "C119AS300871", "AdminCode": "413", "Type": "8", "LinkID": "A219AS302515", "Ref_Lane": 3, "PostID": "C619AS300934", "Maker": "새한항업컨소시엄", "UpdateDate": "20190909", "Version": "2019", "Remark": null, "HistType": null, "HistRemark": null }, "geometry": { "type": "Point", "coordinates": [ 127.265661736220636, 36.500822653616808, 63.378447445882671 ] } },
{ "type": "Feature", "properties": { "ID": "C119AS301087", "AdminCode": "413", "Type": "11", "LinkID": "A219AS302249", "Ref_Lane": 3, "PostID": "C619AS300934", "Maker": "새한항업컨소시엄", "UpdateDate": "20190909", "Version": "2019", "Remark": null, "HistType": null, "HistRemark": null }, "geometry": { "type": "Point", "coordinates": [ 127.265625855926913, 36.500755102552773, 60.774123582241145 ] } },
{ "type": "Feature", "properties": { "ID": "C119AS300872", "AdminCode": "413", "Type": "8", "LinkID": "A219AS302513", "Ref_Lane": 3, "PostID": "C619AS300935", "Maker": "새한항업컨소시엄", "UpdateDate": "20190909", "Version": "2019", "Remark": null, "HistType": null, "HistRemark": null }, "geometry": { "type": "Point", "coordinates": [ 127.265699748793523, 36.500893854398214, 63.46130495967185 ] } },
{ "type": "Feature", "properties": { "ID": "C119AS300873", "AdminCode": "413", "Type": "8", "LinkID": "A219AS302513", "Ref_Lane": 3, "PostID": "C619AS300935", "Maker": "새한항업컨소시엄", "UpdateDate": "20190909", "Version": "2019", "Remark": null, "HistType": null, "HistRemark": null }, "geometry": { "type": "Point", "coordinates": [ 127.265714774758862, 36.500920243718838, 63.484885625019103 ] } },
{ "type": "Feature", "properties": { "ID": "C119AS301088", "AdminCode": "413", "Type": "11", "LinkID": "A219AS302513", "Ref_Lane": 3, "PostID": "C619AS300935", "Maker": "새한항업컨소시엄", "UpdateDate": "20190909", "Version": "2019", "Remark": null, "HistType": null, "HistRemark": null }, "geometry": { "type": "Point", "coordinates": [ 127.26574960678623, 36.500970069432299, 61.077239041804376 ] } },
{ "type": "Feature", "properties": { "ID": "C119AS301089", "AdminCode": "413", "Type": "11", "LinkID": "A219AS302513", "Ref_Lane": 3, "PostID": "C619AS300935", "Maker": "새한항업컨소시엄", "UpdateDate": "20190909", "Version": "2019", "Remark": null, "HistType": null, "HistRemark": null }, "geometry": { "type": "Point", "coordinates": [ 127.265747634096073, 36.500976488465987, 61.036141651378585 ] } },
{ "type": "Feature", "properties": { "ID": "C119AS300874", "AdminCode": "413", "Type": "8", "LinkID": "A219AS302220", "Ref_Lane": 2, "PostID": "C619AS300938", "Maker": "새한항업컨소시엄", "UpdateDate": "20190909", "Version": "2019", "Remark": null, "HistType": null, "HistRemark": null }, "geometry": { "type": "Point", "coordinates": [ 127.2628095454115, 36.501782502415651, 62.28375207909324 ] } },
{ "type": "Feature", "properties": { "ID": "C119AS300875", "AdminCode": "413", "Type": "8", "LinkID": "A219AS302217", "Ref_Lane": 2, "PostID": "C619AS300939", "Maker": "새한항업컨소시엄", "UpdateDate": "20190909", "Version": "2019", "Remark": null, "HistType": null, "HistRemark": null }, "geometry": { "type": "Point", "coordinates": [ 127.262785445499347, 36.501735857523265, 62.166447825825529 ] } },
{ "type": "Feature", "properties": { "ID": "C119AS300876", "AdminCode": "413", "Type": "8", "LinkID": "A219AS302217", "Ref_Lane": 2, "PostID": "C619AS300939", "Maker": "새한항업컨소시엄", "UpdateDate": "20190909", "Version": "2019", "Remark": null, "HistType": null, "HistRemark": null }, "geometry": { "type": "Point", "coordinates": [ 127.262774125318614, 36.501710347174331, 62.166447825825529 ] } },
{ "type": "Feature", "properties": { "ID": "C119AS301090", "AdminCode": "413", "Type": "11", "LinkID": "A219AS302217", "Ref_Lane": 2, "PostID": "C619AS300939", "Maker": "새한항업컨소시엄", "UpdateDate": "20190909", "Version": "2019", "Remark": null, "HistType": null, "HistRemark": null }, "geometry": { "type": "Point", "coordinates": [ 127.262769075071091, 36.501686851845719, 59.583160327036197 ] } },
{ "type": "Feature", "properties": { "ID": "C119AS300877", "AdminCode": "413", "Type": "8", "LinkID": "A219AS302217", "Ref_Lane": 2, "PostID": "C619AS300940", "Maker": "새한항업컨소시엄", "UpdateDate": "20190909", "Version": "2019", "Remark": null, "HistType": null, "HistRemark": null }, "geometry": { "type": "Point", "coordinates": [ 127.262845941696824, 36.501551756379563, 62.299111320138394 ] } },
{ "type": "Feature", "properties": { "ID": "C119AS300878", "AdminCode": "413", "Type": "8", "LinkID": "A219AS302217", "Ref_Lane": 2, "PostID": "C619AS300941", "Maker": "새한항업컨소시엄", "UpdateDate": "20190909", "Version": "2019", "Remark": null, "HistType": null, "HistRemark": null }, "geometry": { "type": "Point", "coordinates": [ 127.262895772154224, 36.5015374537276, 62.427690262923335 ] } },
{ "type": "Feature", "properties": { "ID": "C119AS300879", "AdminCode": "413", "Type": "8", "LinkID": "A219AS302217", "Ref_Lane": 2, "PostID": "C619AS300941", "Maker": "새한항업컨소시엄", "UpdateDate": "20190909", "Version": "2019", "Remark": null, "HistType": null, "HistRemark": null }, "geometry": { "type": "Point", "coordinates": [ 127.262925669210262, 36.50152735177862, 62.403155480168643 ] } },
{ "type": "Feature", "properties": { "ID": "C119AS301091", "AdminCode": "413", "Type": "11", "LinkID": "A219AS302217", "Ref_Lane": 2, "PostID": "C619AS300941", "Maker": "새한항업컨소시엄", "UpdateDate": "20190909", "Version": "2019", "Remark": null, "HistType": null, "HistRemark": null }, "geometry": { "type": "Point", "coordinates": [ 127.262955543360292, 36.501522736874676, 59.605251436198735 ] } },
{ "type": "Feature", "properties": { "ID": "C119AS300880", "AdminCode": "413", "Type": "8", "LinkID": "A219AS302217", "Ref_Lane": 2, "PostID": "C619AS300942", "Maker": "새한항업컨소시엄", "UpdateDate": "20190909", "Version": "2019", "Remark": null, "HistType": null, "HistRemark": null }, "geometry": { "type": "Point", "coordinates": [ 127.263123124733823, 36.501612052197821, 62.462816660767011 ] } },
{ "type": "Feature", "properties": { "ID": "C119AS300881", "AdminCode": "413", "Type": "8", "LinkID": "A219AS302220", "Ref_Lane": 2, "PostID": "C619AS300943", "Maker": "새한항업컨소시엄", "UpdateDate": "20190909", "Version": "2019", "Remark": null, "HistType": null, "HistRemark": null }, "geometry": { "type": "Point", "coordinates": [ 127.263150067250038, 36.501658268057035, 62.467413649762143 ] } },
{ "type": "Feature", "properties": { "ID": "C119AS300882", "AdminCode": "413", "Type": "8", "LinkID": "A219AS302220", "Ref_Lane": 2, "PostID": "C619AS300943", "Maker": "새한항업컨소시엄", "UpdateDate": "20190909", "Version": "2019", "Remark": null, "HistType": null, "HistRemark": null }, "geometry": { "type": "Point", "coordinates": [ 127.263160236622937, 36.50168380610134, 62.430911015531642 ] } },
{ "type": "Feature", "properties": { "ID": "C119AS301092", "AdminCode": "413", "Type": "11", "LinkID": "A219AS302220", "Ref_Lane": 2, "PostID": "C619AS300943", "Maker": "새한항업컨소시엄", "UpdateDate": "20190909", "Version": "2019", "Remark": null, "HistType": null, "HistRemark": null }, "geometry": { "type": "Point", "coordinates": [ 127.263166285237986, 36.501706351491208, 59.688152334851139 ] } },
{ "type": "Feature", "properties": { "ID": "C119AS300883", "AdminCode": "413", "Type": "8", "LinkID": "A219AS302220", "Ref_Lane": 2, "PostID": "C619AS300944", "Maker": "새한항업컨소시엄", "UpdateDate": "20190909", "Version": "2019", "Remark": null, "HistType": null, "HistRemark": null }, "geometry": { "type": "Point", "coordinates": [ 127.263086364631747, 36.501838081652302, 62.282744205713875 ] } },
{ "type": "Feature", "properties": { "ID": "C119AS300884", "AdminCode": "413", "Type": "8", "LinkID": "A219AS302220", "Ref_Lane": 2, "PostID": "C619AS300945", "Maker": "새한항업컨소시엄", "UpdateDate": "20190909", "Version": "2019", "Remark": null, "HistType": null, "HistRemark": null }, "geometry": { "type": "Point", "coordinates": [ 127.263037647100617, 36.50185493004976, 62.201308395339979 ] } },
{ "type": "Feature", "properties": { "ID": "C119AS300885", "AdminCode": "413", "Type": "8", "LinkID": "A219AS302220", "Ref_Lane": 2, "PostID": "C619AS300945", "Maker": "새한항업컨소시엄", "UpdateDate": "20190909", "Version": "2019", "Remark": null, "HistType": null, "HistRemark": null }, "geometry": { "type": "Point", "coordinates": [ 127.263006099544569, 36.501864559520229, 62.165026938564374 ] } },
{ "type": "Feature", "properties": { "ID": "C119AS301093", "AdminCode": "413", "Type": "11", "LinkID": "A219AS302220", "Ref_Lane": 2, "PostID": "C619AS300945", "Maker": "새한항업컨소시엄", "UpdateDate": "20190909", "Version": "2019", "Remark": null, "HistType": null, "HistRemark": null }, "geometry": { "type": "Point", "coordinates": [ 127.262978552976705, 36.501869732543433, 59.328143095100138 ] } },
{ "type": "Feature", "properties": { "ID": "C119AS300886", "AdminCode": "413", "Type": "8", "LinkID": "A219AS302212", "Ref_Lane": 2, "PostID": "C619AS300947", "Maker": "새한항업컨소시엄", "UpdateDate": "20190909", "Version": "2019", "Remark": null, "HistType": null, "HistRemark": null }, "geometry": { "type": "Point", "coordinates": [ 127.26065594096481, 36.502427029676006, 61.087939333464604 ] } },
{ "type": "Feature", "properties": { "ID": "C119AS300887", "AdminCode": "413", "Type": "8", "LinkID": "A219AS302212", "Ref_Lane": 2, "PostID": "C619AS300947", "Maker": "새한항업컨소시엄", "UpdateDate": "20190909", "Version": "2019", "Remark": null, "HistType": null, "HistRemark": null }, "geometry": { "type": "Point", "coordinates": [ 127.260669039226286, 36.502451681383953, 61.099981251244103 ] } },
{ "type": "Feature", "properties": { "ID": "C119AS301094", "AdminCode": "413", "Type": "11", "LinkID": "A219AS302212", "Ref_Lane": 2, "PostID": "C619AS300947", "Maker": "새한항업컨소시엄", "UpdateDate": "20190909", "Version": "2019", "Remark": null, "HistType": null, "HistRemark": null }, "geometry": { "type": "Point", "coordinates": [ 127.260674488867707, 36.502476612311085, 58.481601662090455 ] } },
{ "type": "Feature", "properties": { "ID": "C119AS301095", "AdminCode": "413", "Type": "11", "LinkID": "A219AS302214", "Ref_Lane": 2, "PostID": "C619AS300946", "Maker": "새한항업컨소시엄", "UpdateDate": "20190909", "Version": "2019", "Remark": null, "HistType": null, "HistRemark": null }, "geometry": { "type": "Point", "coordinates": [ 127.260619294435728, 36.502344754789483, 58.272384633343158 ] } },
{ "type": "Feature", "properties": { "ID": "C119AS300888", "AdminCode": "413", "Type": "8", "LinkID": "A219AS302214", "Ref_Lane": 2, "PostID": "C619AS300946", "Maker": "새한항업컨소시엄", "UpdateDate": "20190909", "Version": "2019", "Remark": null, "HistType": null, "HistRemark": null }, "geometry": { "type": "Point", "coordinates": [ 127.260635119816726, 36.502374592939582, 60.938862507674791 ] } },
{ "type": "Feature", "properties": { "ID": "C119AS300889", "AdminCode": "413", "Type": "8", "LinkID": "A219AS302286", "Ref_Lane": 2, "PostID": "C619AS300948", "Maker": "새한항업컨소시엄", "UpdateDate": "20190909", "Version": "2019", "Remark": null, "HistType": null, "HistRemark": null }, "geometry": { "type": "Point", "coordinates": [ 127.269047343759027, 36.502183952113221, 68.43381918897289 ] } },
{ "type": "Feature", "properties": { "ID": "C119AS300890", "AdminCode": "413", "Type": "8", "LinkID": "A219AS302286", "Ref_Lane": 2, "PostID": "C619AS300948", "Maker": "새한항업컨소시엄", "UpdateDate": "20190909", "Version": "2019", "Remark": null, "HistType": null, "HistRemark": null }, "geometry": { "type": "Point", "coordinates": [ 127.269067150626157, 36.502216402617357, 68.44458807799974 ] } },
{ "type": "Feature", "properties": { "ID": "C119AS300891", "AdminCode": "413", "Type": "8", "LinkID": "A219AS302328", "Ref_Lane": 2, "PostID": "C619AS300949", "Maker": "새한항업컨소시엄", "UpdateDate": "20190909", "Version": "2019", "Remark": null, "HistType": null, "HistRemark": null }, "geometry": { "type": "Point", "coordinates": [ 127.269142512837846, 36.502116386765408, 68.339477511217765 ] } },
{ "type": "Feature", "properties": { "ID": "C119AS300892", "AdminCode": "413", "Type": "8", "LinkID": "A219AS302328", "Ref_Lane": 2, "PostID": "C619AS300949", "Maker": "새한항업컨소시엄", "UpdateDate": "20190909", "Version": "2019", "Remark": null, "HistType": null, "HistRemark": null }, "geometry": { "type": "Point", "coordinates": [ 127.269174935688568, 36.502108025781624, 68.348551859867243 ] } },
{ "type": "Feature", "properties": { "ID": "C119AS301096", "AdminCode": "413", "Type": "11", "LinkID": "A219AS302328", "Ref_Lane": 2, "PostID": "C619AS300949", "Maker": "새한항업컨소시엄", "UpdateDate": "20190909", "Version": "2019", "Remark": null, "HistType": null, "HistRemark": null }, "geometry": { "type": "Point", "coordinates": [ 127.269202637827334, 36.50209679389576, 65.578322229743137 ] } },
{ "type": "Feature", "properties": { "ID": "C119AS300893", "AdminCode": "413", "Type": "8", "LinkID": "A219AS302277", "Ref_Lane": 2, "PostID": "C619AS300950", "Maker": "새한항업컨소시엄", "UpdateDate": "20190909", "Version": "2019", "Remark": null, "HistType": null, "HistRemark": null }, "geometry": { "type": "Point", "coordinates": [ 127.266748002633562, 36.50291047026144, 64.317411292754883 ] } },
{ "type": "Feature", "properties": { "ID": "C119AS300894", "AdminCode": "413", "Type": "8", "LinkID": "A219AS302279", "Ref_Lane": 3, "PostID": "C619AS300951", "Maker": "새한항업컨소시엄", "UpdateDate": "20190909", "Version": "2019", "Remark": null, "HistType": null, "HistRemark": null }, "geometry": { "type": "Point", "coordinates": [ 127.266774275152528, 36.502963164783267, 64.277698391843558 ] } },
{ "type": "Feature", "properties": { "ID": "C119AS300895", "AdminCode": "413", "Type": "8", "LinkID": "A219AS302279", "Ref_Lane": 3, "PostID": "C619AS300951", "Maker": "새한항업컨소시엄", "UpdateDate": "20190909", "Version": "2019", "Remark": null, "HistType": null, "HistRemark": null }, "geometry": { "type": "Point", "coordinates": [ 127.266787045247483, 36.502987877967982, 64.247848060438471 ] } },
{ "type": "Feature", "properties": { "ID": "C119AS301097", "AdminCode": "413", "Type": "11", "LinkID": "A219AS302279", "Ref_Lane": 3, "PostID": "C619AS300951", "Maker": "새한항업컨소시엄", "UpdateDate": "20190909", "Version": "2019", "Remark": null, "HistType": null, "HistRemark": null }, "geometry": { "type": "Point", "coordinates": [ 127.266791015237615, 36.50301208480731, 61.617878369814555 ] } },
{ "type": "Feature", "properties": { "ID": "C119AS301098", "AdminCode": "413", "Type": "11", "LinkID": "A219AS302279", "Ref_Lane": 3, "PostID": "C619AS300954", "Maker": "새한항업컨소시엄", "UpdateDate": "20190909", "Version": "2019", "Remark": null, "HistType": null, "HistRemark": null }, "geometry": { "type": "Point", "coordinates": [ 127.266386909291484, 36.503137532364789, 61.490864081372678 ] } },
{ "type": "Feature", "properties": { "ID": "C119AS300896", "AdminCode": "413", "Type": "8", "LinkID": "A219AS302279", "Ref_Lane": 3, "PostID": "C619AS300954", "Maker": "새한항업컨소시엄", "UpdateDate": "20190909", "Version": "2019", "Remark": null, "HistType": null, "HistRemark": null }, "geometry": { "type": "Point", "coordinates": [ 127.266370706980538, 36.503106845374774, 64.158755618353084 ] } },
{ "type": "Feature", "properties": { "ID": "C119AS300763", "AdminCode": "413", "Type": "1", "LinkID": "A219AS302369", "Ref_Lane": 3, "PostID": "C619AS300958", "Maker": "새한항업컨소시엄", "UpdateDate": "20190909", "Version": "2019", "Remark": null, "HistType": null, "HistRemark": null }, "geometry": { "type": "Point", "coordinates": [ 127.278213678817522, 36.502179246825989, 58.205445656852561 ] } },
{ "type": "Feature", "properties": { "ID": "C119AS300764", "AdminCode": "413", "Type": "1", "LinkID": "A219AS302369", "Ref_Lane": 3, "PostID": "C619AS300958", "Maker": "새한항업컨소시엄", "UpdateDate": "20190909", "Version": "2019", "Remark": null, "HistType": null, "HistRemark": null }, "geometry": { "type": "Point", "coordinates": [ 127.278201393596248, 36.502126638103576, 60.552306560256298 ] } },
{ "type": "Feature", "properties": { "ID": "C119AS301099", "AdminCode": "413", "Type": "11", "LinkID": "A219AS302369", "Ref_Lane": 3, "PostID": "C619AS300958", "Maker": "새한항업컨소시엄", "UpdateDate": "20190909", "Version": "2019", "Remark": null, "HistType": null, "HistRemark": null }, "geometry": { "type": "Point", "coordinates": [ 127.278221245388309, 36.502181733455849, 58.103344765575237 ] } },
{ "type": "Feature", "properties": { "ID": "C119AS300897", "AdminCode": "413", "Type": "8", "LinkID": "A219AS302364", "Ref_Lane": 3, "PostID": "C619AS300959", "Maker": "새한항업컨소시엄", "UpdateDate": "20190909", "Version": "2019", "Remark": null, "HistType": null, "HistRemark": null }, "geometry": { "type": "Point", "coordinates": [ 127.278184662809622, 36.502059086766366, 60.379775192958753 ] } },
{ "type": "Feature", "properties": { "ID": "C119AS300898", "AdminCode": "413", "Type": "8", "LinkID": "A219AS302364", "Ref_Lane": 3, "PostID": "C619AS300959", "Maker": "새한항업컨소시엄", "UpdateDate": "20190909", "Version": "2019", "Remark": null, "HistType": null, "HistRemark": null }, "geometry": { "type": "Point", "coordinates": [ 127.278172235305036, 36.502024596202638, 60.398694096740414 ] } },
{ "type": "Feature", "properties": { "ID": "C119AS300899", "AdminCode": "413", "Type": "8", "LinkID": "A219AS302360", "Ref_Lane": 3, "PostID": "C619AS300960", "Maker": "새한항업컨소시엄", "UpdateDate": "20190909", "Version": "2019", "Remark": null, "HistType": null, "HistRemark": null }, "geometry": { "type": "Point", "coordinates": [ 127.275353940671351, 36.502813310255412, 60.796726192801927 ] } },
{ "type": "Feature", "properties": { "ID": "C119AS300900", "AdminCode": "413", "Type": "8", "LinkID": "A219AS302360", "Ref_Lane": 3, "PostID": "C619AS300960", "Maker": "새한항업컨소시엄", "UpdateDate": "20190909", "Version": "2019", "Remark": null, "HistType": null, "HistRemark": null }, "geometry": { "type": "Point", "coordinates": [ 127.275340860789001, 36.502777282507836, 60.803386493415246 ] } },
{ "type": "Feature", "properties": { "ID": "C119AS300901", "AdminCode": "413", "Type": "8", "LinkID": "A219AS302487", "Ref_Lane": 2, "PostID": "C619AS300962", "Maker": "새한항업컨소시엄", "UpdateDate": "20190909", "Version": "2019", "Remark": null, "HistType": null, "HistRemark": null }, "geometry": { "type": "Point", "coordinates": [ 127.275423185517312, 36.502914600467776, 60.534202907569785 ] } },
{ "type": "Feature", "properties": { "ID": "C119AS300754", "AdminCode": "413", "Type": "99", "LinkID": "A219AS302487", "Ref_Lane": 2, "PostID": "C619AS300962", "Maker": "새한항업컨소시엄", "UpdateDate": "20190909", "Version": "2019", "Remark": null, "HistType": null, "HistRemark": null }, "geometry": { "type": "Point", "coordinates": [ 127.275383229287669, 36.502890927413382, 60.391679874045401 ] } },
{ "type": "Feature", "properties": { "ID": "C119AS301100", "AdminCode": "413", "Type": "11", "LinkID": "A219AS302487", "Ref_Lane": 2, "PostID": "C619AS300962", "Maker": "새한항업컨소시엄", "UpdateDate": "20190909", "Version": "2019", "Remark": null, "HistType": null, "HistRemark": null }, "geometry": { "type": "Point", "coordinates": [ 127.275377001834613, 36.502925515449064, 58.015010775427612 ] } },
{ "type": "Feature", "properties": { "ID": "C119AS301101", "AdminCode": "413", "Type": "11", "LinkID": "A219AS302360", "Ref_Lane": 3, "PostID": "C619AS300960", "Maker": "새한항업컨소시엄", "UpdateDate": "20190909", "Version": "2019", "Remark": null, "HistType": null, "HistRemark": null }, "geometry": { "type": "Point", "coordinates": [ 127.27532675582772, 36.502747132746606, 58.334408802204834 ] } },
{ "type": "Feature", "properties": { "ID": "C119AS301102", "AdminCode": "413", "Type": "11", "LinkID": "A219AS302448", "Ref_Lane": 1, "PostID": "C619AS300963", "Maker": "새한항업컨소시엄", "UpdateDate": "20190909", "Version": "2019", "Remark": null, "HistType": null, "HistRemark": null }, "geometry": { "type": "Point", "coordinates": [ 127.271973067254947, 36.503622484847824, 59.430538697471832 ] } },
{ "type": "Feature", "properties": { "ID": "C119AS300765", "AdminCode": "413", "Type": "1", "LinkID": "A219AS302331", "Ref_Lane": 1, "PostID": "C619AS300965", "Maker": "새한항업컨소시엄", "UpdateDate": "20190909", "Version": "2019", "Remark": null, "HistType": null, "HistRemark": null }, "geometry": { "type": "Point", "coordinates": [ 127.270200597436101, 36.504383837278205, 67.210931588081877 ] } },
{ "type": "Feature", "properties": { "ID": "C119AS301103", "AdminCode": "413", "Type": "11", "LinkID": "A219AS302358", "Ref_Lane": 3, "PostID": "C619AS300965", "Maker": "새한항업컨소시엄", "UpdateDate": "20190909", "Version": "2019", "Remark": null, "HistType": null, "HistRemark": null }, "geometry": { "type": "Point", "coordinates": [ 127.27022424045343, 36.50437713348402, 64.739902701997835 ] } },
{ "type": "Feature", "properties": { "ID": "C119AS300902", "AdminCode": "413", "Type": "8", "LinkID": "A219AS302358", "Ref_Lane": 3, "PostID": "C619AS300965", "Maker": "새한항업컨소시엄", "UpdateDate": "20190909", "Version": "2019", "Remark": null, "HistType": null, "HistRemark": null }, "geometry": { "type": "Point", "coordinates": [ 127.270192361214598, 36.504313824586312, 67.156217377895032 ] } },
{ "type": "Feature", "properties": { "ID": "C119AS300903", "AdminCode": "413", "Type": "8", "LinkID": "A219AS302358", "Ref_Lane": 3, "PostID": "C619AS300965", "Maker": "새한항업컨소시엄", "UpdateDate": "20190909", "Version": "2019", "Remark": null, "HistType": null, "HistRemark": null }, "geometry": { "type": "Point", "coordinates": [ 127.27020638765363, 36.504349291899352, 67.218188148869373 ] } },
{ "type": "Feature", "properties": { "ID": "C119AS300766", "AdminCode": "413", "Type": "1", "LinkID": "A219AS302353", "Ref_Lane": 2, "PostID": "C619AS300964", "Maker": "새한항업컨소시엄", "UpdateDate": "20190909", "Version": "2019", "Remark": null, "HistType": null, "HistRemark": null }, "geometry": { "type": "Point", "coordinates": [ 127.270191149838638, 36.504270149498666, 67.2198486337725 ] } },
{ "type": "Feature", "properties": { "ID": "C119AS300767", "AdminCode": "413", "Type": "1", "LinkID": "A219AS302353", "Ref_Lane": 2, "PostID": "C619AS300964", "Maker": "새한항업컨소시엄", "UpdateDate": "20190909", "Version": "2019", "Remark": null, "HistType": null, "HistRemark": null }, "geometry": { "type": "Point", "coordinates": [ 127.270182164166172, 36.504244453113053, 67.17336391292622 ] } },
{ "type": "Feature", "properties": { "ID": "C119AS300768", "AdminCode": "413", "Type": "1", "LinkID": "A219AS302331", "Ref_Lane": 1, "PostID": "C619AS300964", "Maker": "새한항업컨소시엄", "UpdateDate": "20190909", "Version": "2019", "Remark": null, "HistType": null, "HistRemark": null }, "geometry": { "type": "Point", "coordinates": [ 127.270152881967221, 36.504223964436534, 67.101755299167081 ] } },
{ "type": "Feature", "properties": { "ID": "C119AS301104", "AdminCode": "413", "Type": "11", "LinkID": "A219AS302353", "Ref_Lane": 2, "PostID": "C619AS300964", "Maker": "새한항업컨소시엄", "UpdateDate": "20190909", "Version": "2019", "Remark": null, "HistType": null, "HistRemark": null }, "geometry": { "type": "Point", "coordinates": [ 127.270177326293648, 36.504217441404592, 64.748802077191101 ] } },
{ "type": "Feature", "properties": { "ID": "C119AS301105", "AdminCode": "413", "Type": "11", "LinkID": "A219AS302495", "Ref_Lane": 3, "PostID": "C619AS300969", "Maker": "새한항업컨소시엄", "UpdateDate": "20190909", "Version": "2019", "Remark": null, "HistType": null, "HistRemark": null }, "geometry": { "type": "Point", "coordinates": [ 127.269117051122905, 36.504748496146632, 64.305939290693814 ] } },
{ "type": "Feature", "properties": { "ID": "C119AS300769", "AdminCode": "413", "Type": "1", "LinkID": "A219AS302495", "Ref_Lane": 3, "PostID": "C619AS300969", "Maker": "새한항업컨소시엄", "UpdateDate": "20190909", "Version": "2019", "Remark": null, "HistType": null, "HistRemark": null }, "geometry": { "type": "Point", "coordinates": [ 127.269096263571939, 36.504680680619714, 66.615582411734721 ] } },
{ "type": "Feature", "properties": { "ID": "C119AS300770", "AdminCode": "413", "Type": "1", "LinkID": "A219AS302495", "Ref_Lane": 3, "PostID": "C619AS300969", "Maker": "새한항업컨소시엄", "UpdateDate": "20190909", "Version": "2019", "Remark": null, "HistType": null, "HistRemark": null }, "geometry": { "type": "Point", "coordinates": [ 127.269111425049928, 36.504714359938959, 66.654012090537549 ] } },
{ "type": "Feature", "properties": { "ID": "C119AS300771", "AdminCode": "413", "Type": "1", "LinkID": "A219AS302495", "Ref_Lane": 3, "PostID": "C619AS300966", "Maker": "새한항업컨소시엄", "UpdateDate": "20190909", "Version": "2019", "Remark": null, "HistType": null, "HistRemark": null }, "geometry": { "type": "Point", "coordinates": [ 127.268738674045991, 36.504799490650107, 66.485729431180772 ] } },
{ "type": "Feature", "properties": { "ID": "C119AS300772", "AdminCode": "413", "Type": "1", "LinkID": "A219AS302348", "Ref_Lane": 3, "PostID": "C619AS300968", "Maker": "새한항업컨소시엄", "UpdateDate": "20190909", "Version": "2019", "Remark": null, "HistType": null, "HistRemark": null }, "geometry": { "type": "Point", "coordinates": [ 127.268804386316361, 36.50464417337713, 66.617132256870121 ] } },
{ "type": "Feature", "properties": { "ID": "C119AS300773", "AdminCode": "413", "Type": "1", "LinkID": "A219AS302348", "Ref_Lane": 3, "PostID": "C619AS300968", "Maker": "새한항업컨소시엄", "UpdateDate": "20190909", "Version": "2019", "Remark": null, "HistType": null, "HistRemark": null }, "geometry": { "type": "Point", "coordinates": [ 127.268826522821755, 36.5046361984854, 66.590013039769374 ] } },
{ "type": "Feature", "properties": { "ID": "C119AS301106", "AdminCode": "413", "Type": "11", "LinkID": "A219AS302348", "Ref_Lane": 3, "PostID": "C619AS300967", "Maker": "새한항업컨소시엄", "UpdateDate": "20190909", "Version": "2019", "Remark": null, "HistType": null, "HistRemark": null }, "geometry": { "type": "Point", "coordinates": [ 127.268938313476326, 36.504601529019382, 64.063441910251143 ] } },
{ "type": "Feature", "properties": { "ID": "C119AS301107", "AdminCode": "413", "Type": "11", "LinkID": "A219AS302349", "Ref_Lane": 3, "PostID": "C619AS300970", "Maker": "새한항업컨소시엄", "UpdateDate": "20190909", "Version": "2019", "Remark": null, "HistType": null, "HistRemark": null }, "geometry": { "type": "Point", "coordinates": [ 127.267380386703962, 36.505253366190964, 63.334800604308057 ] } },
{ "type": "Feature", "properties": { "ID": "C119AS300904", "AdminCode": "413", "Type": "8", "LinkID": "A219AS302349", "Ref_Lane": 3, "PostID": "C619AS300974", "Maker": "새한항업컨소시엄", "UpdateDate": "20190909", "Version": "2019", "Remark": null, "HistType": null, "HistRemark": null }, "geometry": { "type": "Point", "coordinates": [ 127.267722742850424, 36.50508539230708, 66.145696698992211 ] } },
{ "type": "Feature", "properties": { "ID": "C119AS300905", "AdminCode": "413", "Type": "8", "LinkID": "A219AS302349", "Ref_Lane": 3, "PostID": "C619AS300974", "Maker": "새한항업컨소시엄", "UpdateDate": "20190909", "Version": "2019", "Remark": null, "HistType": null, "HistRemark": null }, "geometry": { "type": "Point", "coordinates": [ 127.267741193189863, 36.505118437689127, 66.172418795929531 ] } },
{ "type": "Feature", "properties": { "ID": "C119AS300906", "AdminCode": "413", "Type": "8", "LinkID": "A219AS302344", "Ref_Lane": 3, "PostID": "C619AS300971", "Maker": "새한항업컨소시엄", "UpdateDate": "20190909", "Version": "2019", "Remark": null, "HistType": null, "HistRemark": null }, "geometry": { "type": "Point", "coordinates": [ 127.26732634607896, 36.505169624127788, 65.846961258433822 ] } },
{ "type": "Feature", "properties": { "ID": "C119AS300907", "AdminCode": "413", "Type": "8", "LinkID": "A219AS302344", "Ref_Lane": 3, "PostID": "C619AS300971", "Maker": "새한항업컨소시엄", "UpdateDate": "20190909", "Version": "2019", "Remark": null, "HistType": null, "HistRemark": null }, "geometry": { "type": "Point", "coordinates": [ 127.267314846179787, 36.505134393778192, 65.807063775178193 ] } },
{ "type": "Feature", "properties": { "ID": "C119AS301108", "AdminCode": "413", "Type": "11", "LinkID": "A219AS302344", "Ref_Lane": 3, "PostID": "C619AS300971", "Maker": "새한항업컨소시엄", "UpdateDate": "20190909", "Version": "2019", "Remark": null, "HistType": null, "HistRemark": null }, "geometry": { "type": "Point", "coordinates": [ 127.267311426207712, 36.505100999580478, 63.344629770070682 ] } },
{ "type": "Feature", "properties": { "ID": "C119AS300908", "AdminCode": "413", "Type": "8", "LinkID": "A219AS301895", "Ref_Lane": 3, "PostID": "C619AS300978", "Maker": "새한항업컨소시엄", "UpdateDate": "20190909", "Version": "2019", "Remark": null, "HistType": null, "HistRemark": null }, "geometry": { "type": "Point", "coordinates": [ 127.264824995301041, 36.505926036553014, 64.637528438083606 ] } },
{ "type": "Feature", "properties": { "ID": "C119AS300909", "AdminCode": "413", "Type": "8", "LinkID": "A219AS301895", "Ref_Lane": 3, "PostID": "C619AS300978", "Maker": "새한항업컨소시엄", "UpdateDate": "20190909", "Version": "2019", "Remark": null, "HistType": null, "HistRemark": null }, "geometry": { "type": "Point", "coordinates": [ 127.264809720500779, 36.50589212946646, 64.668277646106361 ] } },
{ "type": "Feature", "properties": { "ID": "C119AS300910", "AdminCode": "413", "Type": "8", "LinkID": "A219AS301895", "Ref_Lane": 3, "PostID": "C619AS300978", "Maker": "새한항업컨소시엄", "UpdateDate": "20190909", "Version": "2019", "Remark": null, "HistType": null, "HistRemark": null }, "geometry": { "type": "Point", "coordinates": [ 127.264857804362748, 36.50584460208681, 64.66545252046339 ] } },
{ "type": "Feature", "properties": { "ID": "C119AS301109", "AdminCode": "413", "Type": "11", "LinkID": "A219AS301895", "Ref_Lane": 3, "PostID": "C619AS300978", "Maker": "새한항업컨소시엄", "UpdateDate": "20190909", "Version": "2019", "Remark": null, "HistType": null, "HistRemark": null }, "geometry": { "type": "Point", "coordinates": [ 127.264793446799374, 36.505862285250927, 62.250949030768837 ] } },
{ "type": "Feature", "properties": { "ID": "C119AS300911", "AdminCode": "413", "Type": "8", "LinkID": "A219AS301895", "Ref_Lane": 3, "PostID": "C619AS300977", "Maker": "새한항업컨소시엄", "UpdateDate": "20190909", "Version": "2019", "Remark": null, "HistType": null, "HistRemark": null }, "geometry": { "type": "Point", "coordinates": [ 127.26494066148409, 36.505719456619005, 64.631098237462382 ] } },
{ "type": "Feature", "properties": { "ID": "C119AS300912", "AdminCode": "413", "Type": "8", "LinkID": "A219AS301895", "Ref_Lane": 3, "PostID": "C619AS300977", "Maker": "새한항업컨소시엄", "UpdateDate": "20190909", "Version": "2019", "Remark": null, "HistType": null, "HistRemark": null }, "geometry": { "type": "Point", "coordinates": [ 127.264909773483666, 36.505731149248035, 64.599015570137908 ] } },
{ "type": "Feature", "properties": { "ID": "C119AS300913", "AdminCode": "413", "Type": "8", "LinkID": "A219AS302342", "Ref_Lane": 3, "PostID": "C619AS300975", "Maker": "새한항업컨소시엄", "UpdateDate": "20190909", "Version": "2019", "Remark": null, "HistType": null, "HistRemark": null }, "geometry": { "type": "Point", "coordinates": [ 127.265068627054177, 36.505945674284703, 64.900351216496304 ] } },
{ "type": "Feature", "properties": { "ID": "C119AS300914", "AdminCode": "413", "Type": "8", "LinkID": "A219AS302342", "Ref_Lane": 3, "PostID": "C619AS300979", "Maker": "새한항업컨소시엄", "UpdateDate": "20190909", "Version": "2019", "Remark": null, "HistType": null, "HistRemark": null }, "geometry": { "type": "Point", "coordinates": [ 127.264957571288164, 36.506083999078712, 64.667998184054184 ] } },
{ "type": "Feature", "properties": { "ID": "C119AS300915", "AdminCode": "413", "Type": "8", "LinkID": "A219AS302342", "Ref_Lane": 3, "PostID": "C619AS300979", "Maker": "새한항업컨소시엄", "UpdateDate": "20190909", "Version": "2019", "Remark": null, "HistType": null, "HistRemark": null }, "geometry": { "type": "Point", "coordinates": [ 127.264928797862666, 36.506098337471244, 64.72329593935261 ] } },
{ "type": "Feature", "properties": { "ID": "C119AS301110", "AdminCode": "413", "Type": "11", "LinkID": "A219AS302342", "Ref_Lane": 3, "PostID": "C619AS300979", "Maker": "새한항업컨소시엄", "UpdateDate": "20190909", "Version": "2019", "Remark": null, "HistType": null, "HistRemark": null }, "geometry": { "type": "Point", "coordinates": [ 127.264902822597591, 36.506108144851552, 62.01104730079237 ] } },
{ "type": "Feature", "properties": { "ID": "C119AS301111", "AdminCode": "413", "Type": "11", "LinkID": "A219AS302342", "Ref_Lane": 3, "PostID": "C619AS300980", "Maker": "새한항업컨소시엄", "UpdateDate": "20190909", "Version": "2019", "Remark": null, "HistType": null, "HistRemark": null }, "geometry": { "type": "Point", "coordinates": [ 127.264754298766775, 36.506062874761966, 62.208345550852968 ] } },
{ "type": "Feature", "properties": { "ID": "C119AS301112", "AdminCode": "413", "Type": "11", "LinkID": "A219AS302337", "Ref_Lane": 3, "PostID": "C619AS300982", "Maker": "새한항업컨소시엄", "UpdateDate": "20190909", "Version": "2019", "Remark": null, "HistType": null, "HistRemark": null }, "geometry": { "type": "Point", "coordinates": [ 127.262930598877489, 36.506698656954264, 60.34275356792584 ] } },
{ "type": "Feature", "properties": { "ID": "C119AS300916", "AdminCode": "413", "Type": "8", "LinkID": "A219AS302335", "Ref_Lane": 4, "PostID": "C619AS300981", "Maker": "새한항업컨소시엄", "UpdateDate": "20190909", "Version": "2019", "Remark": null, "HistType": null, "HistRemark": null }, "geometry": { "type": "Point", "coordinates": [ 127.262885295727287, 36.506508831294987, 62.888642796950194 ] } },
{ "type": "Feature", "properties": { "ID": "C119AS300917", "AdminCode": "413", "Type": "8", "LinkID": "A219AS302335", "Ref_Lane": 4, "PostID": "C619AS300981", "Maker": "새한항업컨소시엄", "UpdateDate": "20190909", "Version": "2019", "Remark": null, "HistType": null, "HistRemark": null }, "geometry": { "type": "Point", "coordinates": [ 127.262869995127062, 36.50647370639841, 62.896427576464532 ] } },
{ "type": "Feature", "properties": { "ID": "C119AS300918", "AdminCode": "413", "Type": "8", "LinkID": "A219AS302335", "Ref_Lane": 4, "PostID": "C619AS300981", "Maker": "새한항업컨소시엄", "UpdateDate": "20190909", "Version": "2019", "Remark": null, "HistType": null, "HistRemark": null }, "geometry": { "type": "Point", "coordinates": [ 127.26291627997108, 36.506425898005354, 63.000879315414963 ] } },
{ "type": "Feature", "properties": { "ID": "C119AS301113", "AdminCode": "413", "Type": "11", "LinkID": "A219AS302335", "Ref_Lane": 4, "PostID": "C619AS300983", "Maker": "새한항업컨소시엄", "UpdateDate": "20190909", "Version": "2019", "Remark": null, "HistType": null, "HistRemark": null }, "geometry": { "type": "Point", "coordinates": [ 127.263208825854207, 36.506337086948697, 60.905999576866016 ] } },
{ "type": "Feature", "properties": { "ID": "C119AS300919", "AdminCode": "413", "Type": "8", "LinkID": "A219AS302335", "Ref_Lane": 4, "PostID": "C619AS300983", "Maker": "새한항업컨소시엄", "UpdateDate": "20190909", "Version": "2019", "Remark": null, "HistType": null, "HistRemark": null }, "geometry": { "type": "Point", "coordinates": [ 127.263238552494968, 36.506382946878475, 63.29526890748496 ] } },
{ "type": "Feature", "properties": { "ID": "C119AS300920", "AdminCode": "413", "Type": "8", "LinkID": "A219AS302337", "Ref_Lane": 3, "PostID": "C619AS300984", "Maker": "새한항업컨소시엄", "UpdateDate": "20190909", "Version": "2019", "Remark": null, "HistType": null, "HistRemark": null }, "geometry": { "type": "Point", "coordinates": [ 127.263149890196829, 36.506484667801779, 63.295754165491196 ] } },
{ "type": "Feature", "properties": { "ID": "C119AS300921", "AdminCode": "413", "Type": "8", "LinkID": "A219AS302337", "Ref_Lane": 3, "PostID": "C619AS300984", "Maker": "새한항업컨소시엄", "UpdateDate": "20190909", "Version": "2019", "Remark": null, "HistType": null, "HistRemark": null }, "geometry": { "type": "Point", "coordinates": [ 127.263169287087123, 36.506517009989587, 63.296029288951615 ] } },
{ "type": "Feature", "properties": { "ID": "C119AS300922", "AdminCode": "413", "Type": "8", "LinkID": "A219AS302337", "Ref_Lane": 3, "PostID": "C619AS300984", "Maker": "새한항업컨소시엄", "UpdateDate": "20190909", "Version": "2019", "Remark": null, "HistType": null, "HistRemark": null }, "geometry": { "type": "Point", "coordinates": [ 127.263125546534823, 36.506567081502062, 63.185244513055572 ] } },
{ "type": "Feature", "properties": { "ID": "C119AS300923", "AdminCode": "413", "Type": "8", "LinkID": "A219AS302337", "Ref_Lane": 3, "PostID": "C619AS300984", "Maker": "새한항업컨소시엄", "UpdateDate": "20190909", "Version": "2019", "Remark": null, "HistType": null, "HistRemark": null }, "geometry": { "type": "Point", "coordinates": [ 127.263155882468951, 36.506556919789531, 63.187845799768908 ] } },
{ "type": "Feature", "properties": { "ID": "C119AS301114", "AdminCode": "413", "Type": "11", "LinkID": "A219AS302337", "Ref_Lane": 3, "PostID": "C619AS300984", "Maker": "새한항업컨소시엄", "UpdateDate": "20190909", "Version": "2019", "Remark": null, "HistType": null, "HistRemark": null }, "geometry": { "type": "Point", "coordinates": [ 127.263188787756846, 36.506545773891382, 60.777944463388216 ] } },
{ "type": "Feature", "properties": { "ID": "C119AS300924", "AdminCode": "413", "Type": "8", "LinkID": "A219AS302337", "Ref_Lane": 3, "PostID": "C619AS300982", "Maker": "새한항업컨소시엄", "UpdateDate": "20190909", "Version": "2019", "Remark": null, "HistType": null, "HistRemark": null }, "geometry": { "type": "Point", "coordinates": [ 127.26297151715174, 36.506696409982233, 62.964024449501544 ] } },
{ "type": "Feature", "properties": { "ID": "C119AS300774", "AdminCode": "413", "Type": "1", "LinkID": "A219AS302272", "Ref_Lane": 2, "PostID": "C619AS300987", "Maker": "새한항업컨소시엄", "UpdateDate": "20190909", "Version": "2019", "Remark": null, "HistType": null, "HistRemark": null }, "geometry": { "type": "Point", "coordinates": [ 127.263842532926077, 36.503844279935244, 63.251125 ] } },
{ "type": "Feature", "properties": { "ID": "C119AS300775", "AdminCode": "413", "Type": "1", "LinkID": "A219AS302272", "Ref_Lane": 2, "PostID": "C619AS300987", "Maker": "새한항업컨소시엄", "UpdateDate": "20190909", "Version": "2019", "Remark": null, "HistType": null, "HistRemark": null }, "geometry": { "type": "Point", "coordinates": [ 127.263823464009974, 36.503814220214657, 63.228125 ] } },
{ "type": "Feature", "properties": { "ID": "C119AS300925", "AdminCode": "413", "Type": "8", "LinkID": "A219AS302275", "Ref_Lane": 2, "PostID": "C619AS300986", "Maker": "새한항업컨소시엄", "UpdateDate": "20190909", "Version": "2019", "Remark": null, "HistType": null, "HistRemark": null }, "geometry": { "type": "Point", "coordinates": [ 127.263979214175478, 36.50391371689711, 63.290836824834422 ] } },
{ "type": "Feature", "properties": { "ID": "C119AS300926", "AdminCode": "413", "Type": "8", "LinkID": "A219AS302337", "Ref_Lane": 2, "PostID": "C619AS300986", "Maker": "새한항업컨소시엄", "UpdateDate": "20190909", "Version": "2019", "Remark": null, "HistType": null, "HistRemark": null }, "geometry": { "type": "Point", "coordinates": [ 127.263938553419138, 36.503928907641154, 63.316751614491004 ] } },
{ "type": "Feature", "properties": { "ID": "C119AS301115", "AdminCode": "413", "Type": "11", "LinkID": "A219AS302337", "Ref_Lane": 2, "PostID": "C619AS300986", "Maker": "새한항업컨소시엄", "UpdateDate": "20190909", "Version": "2019", "Remark": null, "HistType": null, "HistRemark": null }, "geometry": { "type": "Point", "coordinates": [ 127.263894203083126, 36.50394302872833, 60.809822232100203 ] } },
{ "type": "Feature", "properties": { "ID": "C119AS300776", "AdminCode": "413", "Type": "1", "LinkID": "A219AS302275", "Ref_Lane": 2, "PostID": "C619AS300985", "Maker": "새한항업컨소시엄", "UpdateDate": "20190909", "Version": "2019", "Remark": null, "HistType": null, "HistRemark": null }, "geometry": { "type": "Point", "coordinates": [ 127.264043893427228, 36.50382460050848, 63.37218576400435 ] } },
{ "type": "Feature", "properties": { "ID": "C119AS300777", "AdminCode": "413", "Type": "1", "LinkID": "A219AS302275", "Ref_Lane": 2, "PostID": "C619AS300985", "Maker": "새한항업컨소시엄", "UpdateDate": "20190909", "Version": "2019", "Remark": null, "HistType": null, "HistRemark": null }, "geometry": { "type": "Point", "coordinates": [ 127.264065342229372, 36.50385671237013, 63.33589342521028 ] } },
{ "type": "Feature", "properties": { "ID": "C119AS301116", "AdminCode": "413", "Type": "11", "LinkID": "A219AS302275", "Ref_Lane": 2, "PostID": "C619AS300985", "Maker": "새한항업컨소시엄", "UpdateDate": "20190909", "Version": "2019", "Remark": null, "HistType": null, "HistRemark": null }, "geometry": { "type": "Point", "coordinates": [ 127.264088522065592, 36.503884336495318, 61.027225108471598 ] } },
{ "type": "Feature", "properties": { "ID": "C119AS300927", "AdminCode": "413", "Type": "8", "LinkID": "A219AS302398", "Ref_Lane": 3, "PostID": "C619AS300989", "Maker": "새한항업컨소시엄", "UpdateDate": "20190909", "Version": "2019", "Remark": null, "HistType": null, "HistRemark": null }, "geometry": { "type": "Point", "coordinates": [ 127.279331962257217, 36.504887065362617, 63.631805738619356 ] } },
{ "type": "Feature", "properties": { "ID": "C119AS300928", "AdminCode": "413", "Type": "8", "LinkID": "A219AS302398", "Ref_Lane": 3, "PostID": "C619AS300989", "Maker": "새한항업컨소시엄", "UpdateDate": "20190909", "Version": "2019", "Remark": null, "HistType": null, "HistRemark": null }, "geometry": { "type": "Point", "coordinates": [ 127.279291088050499, 36.504895720804114, 63.546412830421339 ] } },
{ "type": "Feature", "properties": { "ID": "C119AS301117", "AdminCode": "413", "Type": "11", "LinkID": "A219AS302398", "Ref_Lane": 3, "PostID": "C619AS300989", "Maker": "새한항업컨소시엄", "UpdateDate": "20190909", "Version": "2019", "Remark": null, "HistType": null, "HistRemark": null }, "geometry": { "type": "Point", "coordinates": [ 127.279228541624619, 36.50490250358208, 61.201873465162784 ] } },
{ "type": "Feature", "properties": { "ID": "C119AS300929", "AdminCode": "413", "Type": "8", "LinkID": "A219AS302480", "Ref_Lane": 3, "PostID": "C619AS300993", "Maker": "새한항업컨소시엄", "UpdateDate": "20190909", "Version": "2019", "Remark": null, "HistType": null, "HistRemark": null }, "geometry": { "type": "Point", "coordinates": [ 127.27912525417176, 36.504736906589279, 63.350185623090958 ] } },
{ "type": "Feature", "properties": { "ID": "C119AS301118", "AdminCode": "413", "Type": "11", "LinkID": "A219AS302480", "Ref_Lane": 3, "PostID": "C619AS300993", "Maker": "새한항업컨소시엄", "UpdateDate": "20190909", "Version": "2019", "Remark": null, "HistType": null, "HistRemark": null }, "geometry": { "type": "Point", "coordinates": [ 127.27914315225263, 36.504804568964204, 60.949875027770261 ] } },
{ "type": "Feature", "properties": { "ID": "C119AS300930", "AdminCode": "413", "Type": "8", "LinkID": "A219AS302398", "Ref_Lane": 3, "PostID": "C619AS300992", "Maker": "새한항업컨소시엄", "UpdateDate": "20190909", "Version": "2019", "Remark": null, "HistType": null, "HistRemark": null }, "geometry": { "type": "Point", "coordinates": [ 127.279171887492922, 36.504507087159453, 63.16806092800573 ] } },
{ "type": "Feature", "properties": { "ID": "C119AS300931", "AdminCode": "413", "Type": "8", "LinkID": "A219AS301859", "Ref_Lane": 4, "PostID": "C619AS300992", "Maker": "새한항업컨소시엄", "UpdateDate": "20190909", "Version": "2019", "Remark": null, "HistType": null, "HistRemark": null }, "geometry": { "type": "Point", "coordinates": [ 127.279115145093229, 36.504604095354097, 63.220336370109735 ] } },
{ "type": "Feature", "properties": { "ID": "C119AS300932", "AdminCode": "413", "Type": "8", "LinkID": "A219AS301859", "Ref_Lane": 4, "PostID": "C619AS300992", "Maker": "새한항업컨소시엄", "UpdateDate": "20190909", "Version": "2019", "Remark": null, "HistType": null, "HistRemark": null }, "geometry": { "type": "Point", "coordinates": [ 127.279103974984494, 36.504568893520869, 63.175735908064794 ] } },
{ "type": "Feature", "properties": { "ID": "C119AS301119", "AdminCode": "413", "Type": "11", "LinkID": "A219AS302398", "Ref_Lane": 4, "PostID": "C619AS300992", "Maker": "새한항업컨소시엄", "UpdateDate": "20190909", "Version": "2019", "Remark": null, "HistType": null, "HistRemark": null }, "geometry": { "type": "Point", "coordinates": [ 127.279088382467677, 36.50451475384989, 60.640427580908934 ] } },
{ "type": "Feature", "properties": { "ID": "C119AS300933", "AdminCode": "413", "Type": "8", "LinkID": "A219AS302368", "Ref_Lane": 4, "PostID": "C619AS300991", "Maker": "새한항업컨소시엄", "UpdateDate": "20190909", "Version": "2019", "Remark": null, "HistType": null, "HistRemark": null }, "geometry": { "type": "Point", "coordinates": [ 127.27927886354216, 36.504504904685625, 62.976432742349523 ] } },
{ "type": "Feature", "properties": { "ID": "C119AS300934", "AdminCode": "413", "Type": "8", "LinkID": "A219AS302368", "Ref_Lane": 4, "PostID": "C619AS300991", "Maker": "새한항업컨소시엄", "UpdateDate": "20190909", "Version": "2019", "Remark": null, "HistType": null, "HistRemark": null }, "geometry": { "type": "Point", "coordinates": [ 127.279320332573974, 36.504496343413464, 63.034853969240807 ] } },
{ "type": "Feature", "properties": { "ID": "C119AS300935", "AdminCode": "413", "Type": "8", "LinkID": "A219AS301859", "Ref_Lane": 4, "PostID": "C619AS300991", "Maker": "새한항업컨소시엄", "UpdateDate": "20190909", "Version": "2019", "Remark": null, "HistType": null, "HistRemark": null }, "geometry": { "type": "Point", "coordinates": [ 127.279402707635725, 36.504551463029188, 63.161877085151545 ] } },
{ "type": "Feature", "properties": { "ID": "C119AS301120", "AdminCode": "413", "Type": "11", "LinkID": "A219AS302368", "Ref_Lane": 4, "PostID": "C619AS300991", "Maker": "새한항업컨소시엄", "UpdateDate": "20190909", "Version": "2019", "Remark": null, "HistType": null, "HistRemark": null }, "geometry": { "type": "Point", "coordinates": [ 127.279382474843757, 36.50448090891453, 60.631520351099212 ] } },
{ "type": "Feature", "properties": { "ID": "C119AS300936", "AdminCode": "413", "Type": "8", "LinkID": "A219AS302480", "Ref_Lane": 4, "PostID": "C619AS300990", "Maker": "새한항업컨소시엄", "UpdateDate": "20190909", "Version": "2019", "Remark": null, "HistType": null, "HistRemark": null }, "geometry": { "type": "Point", "coordinates": [ 127.279433814964889, 36.504679910431577, 63.290155393099255 ] } },
{ "type": "Feature", "properties": { "ID": "C119AS300937", "AdminCode": "413", "Type": "8", "LinkID": "A219AS302480", "Ref_Lane": 4, "PostID": "C619AS300990", "Maker": "새한항업컨소시엄", "UpdateDate": "20190909", "Version": "2019", "Remark": null, "HistType": null, "HistRemark": null }, "geometry": { "type": "Point", "coordinates": [ 127.279447934370381, 36.504714493680922, 63.388565830030075 ] } },
{ "type": "Feature", "properties": { "ID": "C119AS300938", "AdminCode": "413", "Type": "8", "LinkID": "A219AS302368", "Ref_Lane": 3, "PostID": "C619AS300990", "Maker": "새한항업컨소시엄", "UpdateDate": "20190909", "Version": "2019", "Remark": null, "HistType": null, "HistRemark": null }, "geometry": { "type": "Point", "coordinates": [ 127.27938414416144, 36.504785142345867, 63.516332401477264 ] } },
{ "type": "Feature", "properties": { "ID": "C119AS301121", "AdminCode": "413", "Type": "11", "LinkID": "A219AS302480", "Ref_Lane": 4, "PostID": "C619AS300990", "Maker": "새한항업컨소시엄", "UpdateDate": "20190909", "Version": "2019", "Remark": null, "HistType": null, "HistRemark": null }, "geometry": { "type": "Point", "coordinates": [ 127.279472005425561, 36.504762872556476, 60.928914644449044 ] } },
{ "type": "Feature", "properties": { "ID": "C119AS300778", "AdminCode": "413", "Type": "1", "LinkID": "A219AS301932", "Ref_Lane": 2, "PostID": "C619AS300994", "Maker": "새한항업컨소시엄", "UpdateDate": "20190909", "Version": "2019", "Remark": null, "HistType": null, "HistRemark": null }, "geometry": { "type": "Point", "coordinates": [ 127.273673700640941, 36.505819115906405, 76.271734795624653 ] } },
{ "type": "Feature", "properties": { "ID": "C119AS300779", "AdminCode": "413", "Type": "1", "LinkID": "A219AS301932", "Ref_Lane": 2, "PostID": "C619AS300994", "Maker": "새한항업컨소시엄", "UpdateDate": "20190909", "Version": "2019", "Remark": null, "HistType": null, "HistRemark": null }, "geometry": { "type": "Point", "coordinates": [ 127.273659386388246, 36.505794251290617, 76.247321756180028 ] } },
{ "type": "Feature", "properties": { "ID": "C119AS301122", "AdminCode": "413", "Type": "11", "LinkID": "A219AS301932", "Ref_Lane": 2, "PostID": "C619AS300994", "Maker": "새한항업컨소시엄", "UpdateDate": "20190909", "Version": "2019", "Remark": null, "HistType": null, "HistRemark": null }, "geometry": { "type": "Point", "coordinates": [ 127.273641791433576, 36.505772229049192, 73.711528787444067 ] } },
{ "type": "Feature", "properties": { "ID": "C119AS300780", "AdminCode": "413", "Type": "1", "LinkID": "A219AS301931", "Ref_Lane": 3, "PostID": "C619AS300995", "Maker": "새한항업컨소시엄", "UpdateDate": "20190909", "Version": "2019", "Remark": null, "HistType": null, "HistRemark": null }, "geometry": { "type": "Point", "coordinates": [ 127.273634869842283, 36.505940215253915, 76.504039532935309 ] } },
{ "type": "Feature", "properties": { "ID": "C119AS300781", "AdminCode": "413", "Type": "1", "LinkID": "A219AS301931", "Ref_Lane": 3, "PostID": "C619AS300995", "Maker": "새한항업컨소시엄", "UpdateDate": "20190909", "Version": "2019", "Remark": null, "HistType": null, "HistRemark": null }, "geometry": { "type": "Point", "coordinates": [ 127.273646149179143, 36.505965841263766, 76.512263804685816 ] } },
{ "type": "Feature", "properties": { "ID": "C119AS301123", "AdminCode": "413", "Type": "11", "LinkID": "A219AS301931", "Ref_Lane": 3, "PostID": "C619AS300995", "Maker": "새한항업컨소시엄", "UpdateDate": "20190909", "Version": "2019", "Remark": null, "HistType": null, "HistRemark": null }, "geometry": { "type": "Point", "coordinates": [ 127.273661120834021, 36.505986689342706, 73.959894936711052 ] } },
{ "type": "Feature", "properties": { "ID": "C119AS300939", "AdminCode": "413", "Type": "8", "LinkID": "A219AS301948", "Ref_Lane": 4, "PostID": "C619AS301002", "Maker": "새한항업컨소시엄", "UpdateDate": "20190909", "Version": "2019", "Remark": null, "HistType": null, "HistRemark": null }, "geometry": { "type": "Point", "coordinates": [ 127.268021338830962, 36.507852488855889, 76.486576327462771 ] } },
{ "type": "Feature", "properties": { "ID": "C119AS300940", "AdminCode": "413", "Type": "8", "LinkID": "A219AS301948", "Ref_Lane": 4, "PostID": "C619AS301002", "Maker": "새한항업컨소시엄", "UpdateDate": "20190909", "Version": "2019", "Remark": null, "HistType": null, "HistRemark": null }, "geometry": { "type": "Point", "coordinates": [ 127.268014526036325, 36.507816368446484, 76.458047809690157 ] } },
{ "type": "Feature", "properties": { "ID": "C119AS300941", "AdminCode": "413", "Type": "8", "LinkID": "A219AS301905", "Ref_Lane": 4, "PostID": "C619AS301002", "Maker": "새한항업컨소시엄", "UpdateDate": "20190909", "Version": "2019", "Remark": null, "HistType": null, "HistRemark": null }, "geometry": { "type": "Point", "coordinates": [ 127.267998211014557, 36.507750722551457, 76.550955029639184 ] } },
{ "type": "Feature", "properties": { "ID": "C119AS301124", "AdminCode": "413", "Type": "11", "LinkID": "A219AS301857", "Ref_Lane": 1, "PostID": "C619AS300996", "Maker": "새한항업컨소시엄", "UpdateDate": "20190909", "Version": "2019", "Remark": null, "HistType": null, "HistRemark": null }, "geometry": { "type": "Point", "coordinates": [ 127.268014314537808, 36.507629366075797, 73.616875858532566 ] } },
{ "type": "Feature", "properties": { "ID": "C119AS301125", "AdminCode": "413", "Type": "11", "LinkID": "A219AS301948", "Ref_Lane": 4, "PostID": "C619AS300997", "Maker": "새한항업컨소시엄", "UpdateDate": "20190909", "Version": "2019", "Remark": null, "HistType": null, "HistRemark": null }, "geometry": { "type": "Point", "coordinates": [ 127.268120740433829, 36.507952757315671, 73.769416079394759 ] } },
{ "type": "Feature", "properties": { "ID": "C119AS300942", "AdminCode": "413", "Type": "8", "LinkID": "A219AS302382", "Ref_Lane": 3, "PostID": "C619AS300998", "Maker": "새한항업컨소시엄", "UpdateDate": "20190909", "Version": "2019", "Remark": null, "HistType": null, "HistRemark": null }, "geometry": { "type": "Point", "coordinates": [ 127.267891158173697, 36.50802082052008, 76.249393841934676 ] } },
{ "type": "Feature", "properties": { "ID": "C119AS300943", "AdminCode": "413", "Type": "8", "LinkID": "A219AS301948", "Ref_Lane": 4, "PostID": "C619AS301000", "Maker": "새한항업컨소시엄", "UpdateDate": "20190909", "Version": "2019", "Remark": null, "HistType": null, "HistRemark": null }, "geometry": { "type": "Point", "coordinates": [ 127.267608194383058, 36.508012624555853, 76.356437935356055 ] } },
{ "type": "Feature", "properties": { "ID": "C119AS300944", "AdminCode": "413", "Type": "8", "LinkID": "A219AS301905", "Ref_Lane": 4, "PostID": "C619AS301000", "Maker": "새한항업컨소시엄", "UpdateDate": "20190909", "Version": "2019", "Remark": null, "HistType": null, "HistRemark": null }, "geometry": { "type": "Point", "coordinates": [ 127.267582123512213, 36.507911852407496, 76.356437935356055 ] } },
{ "type": "Feature", "properties": { "ID": "C119AS300945", "AdminCode": "413", "Type": "8", "LinkID": "A219AS301905", "Ref_Lane": 4, "PostID": "C619AS301000", "Maker": "새한항업컨소시엄", "UpdateDate": "20190909", "Version": "2019", "Remark": null, "HistType": null, "HistRemark": null }, "geometry": { "type": "Point", "coordinates": [ 127.267591099539672, 36.507949273802488, 76.365370827722145 ] } },
{ "type": "Feature", "properties": { "ID": "C119AS300782", "AdminCode": "413", "Type": "1", "LinkID": "A219AS301979", "Ref_Lane": 2, "PostID": "C619AS301003", "Maker": "새한항업컨소시엄", "UpdateDate": "20190909", "Version": "2019", "Remark": null, "HistType": null, "HistRemark": null }, "geometry": { "type": "Point", "coordinates": [ 127.26335777115753, 36.508551070414185, 66.083665640770917 ] } },
{ "type": "Feature", "properties": { "ID": "C119AS300783", "AdminCode": "413", "Type": "1", "LinkID": "A219AS301979", "Ref_Lane": 2, "PostID": "C619AS301003", "Maker": "새한항업컨소시엄", "UpdateDate": "20190909", "Version": "2019", "Remark": null, "HistType": null, "HistRemark": null }, "geometry": { "type": "Point", "coordinates": [ 127.263355493372103, 36.508514912977923, 66.108404759198791 ] } },
{ "type": "Feature", "properties": { "ID": "C119AS300784", "AdminCode": "413", "Type": "1", "LinkID": "A219AS301904", "Ref_Lane": 3, "PostID": "C619AS301004", "Maker": "새한항업컨소시엄", "UpdateDate": "20190909", "Version": "2019", "Remark": null, "HistType": null, "HistRemark": null }, "geometry": { "type": "Point", "coordinates": [ 127.263496748473727, 36.508632792203422, 66.625477531383524 ] } },
{ "type": "Feature", "properties": { "ID": "C119AS300785", "AdminCode": "413", "Type": "1", "LinkID": "A219AS301904", "Ref_Lane": 3, "PostID": "C619AS301004", "Maker": "새한항업컨소시엄", "UpdateDate": "20190909", "Version": "2019", "Remark": null, "HistType": null, "HistRemark": null }, "geometry": { "type": "Point", "coordinates": [ 127.263497036101725, 36.508668725040614, 66.577997238394204 ] } },
{ "type": "Feature", "properties": { "ID": "C119AS301126", "AdminCode": "413", "Type": "11", "LinkID": "A219AS301904", "Ref_Lane": 3, "PostID": "C619AS301004", "Maker": "새한항업컨소시엄", "UpdateDate": "20190909", "Version": "2019", "Remark": null, "HistType": null, "HistRemark": null }, "geometry": { "type": "Point", "coordinates": [ 127.263491007722038, 36.508701998340811, 64.166277792103273 ] } },
{ "type": "Feature", "properties": { "ID": "C119AS301127", "AdminCode": "413", "Type": "11", "LinkID": "A219AS301979", "Ref_Lane": 2, "PostID": "C619AS301003", "Maker": "새한항업컨소시엄", "UpdateDate": "20190909", "Version": "2019", "Remark": null, "HistType": null, "HistRemark": null }, "geometry": { "type": "Point", "coordinates": [ 127.26336169865597, 36.508480155141157, 63.838322435567754 ] } },
{ "type": "Feature", "properties": { "ID": "C119AS300946", "AdminCode": "413", "Type": "8", "LinkID": "A219AS301991", "Ref_Lane": 4, "PostID": "C619AS301005", "Maker": "새한항업컨소시엄", "UpdateDate": "20190909", "Version": "2019", "Remark": null, "HistType": null, "HistRemark": null }, "geometry": { "type": "Point", "coordinates": [ 127.261905663339917, 36.508520202367102, 62.80095875525577 ] } },
{ "type": "Feature", "properties": { "ID": "C119AS300947", "AdminCode": "413", "Type": "8", "LinkID": "A219AS301982", "Ref_Lane": 4, "PostID": "C619AS301006", "Maker": "새한항업컨소시엄", "UpdateDate": "20190909", "Version": "2019", "Remark": null, "HistType": null, "HistRemark": null }, "geometry": { "type": "Point", "coordinates": [ 127.261821197483997, 36.508614096180651, 62.757103855457757 ] } },
{ "type": "Feature", "properties": { "ID": "C119AS300948", "AdminCode": "413", "Type": "8", "LinkID": "A219AS301982", "Ref_Lane": 4, "PostID": "C619AS301006", "Maker": "새한항업컨소시엄", "UpdateDate": "20190909", "Version": "2019", "Remark": null, "HistType": null, "HistRemark": null }, "geometry": { "type": "Point", "coordinates": [ 127.261816858507785, 36.508643673902846, 62.825874558349248 ] } },
{ "type": "Feature", "properties": { "ID": "C119AS301128", "AdminCode": "413", "Type": "11", "LinkID": "A219AS301982", "Ref_Lane": 4, "PostID": "C619AS301006", "Maker": "새한항업컨소시엄", "UpdateDate": "20190909", "Version": "2019", "Remark": null, "HistType": null, "HistRemark": null }, "geometry": { "type": "Point", "coordinates": [ 127.261800786197682, 36.508699279255175, 60.408266275867305 ] } },
{ "type": "Feature", "properties": { "ID": "C119AS300949", "AdminCode": "413", "Type": "8", "LinkID": "A219AS302390", "Ref_Lane": 3, "PostID": "C619AS301007", "Maker": "새한항업컨소시엄", "UpdateDate": "20190909", "Version": "2019", "Remark": null, "HistType": null, "HistRemark": null }, "geometry": { "type": "Point", "coordinates": [ 127.263091793270064, 36.513083559653197, 71.985570540292144 ] } },
{ "type": "Feature", "properties": { "ID": "C119AS300950", "AdminCode": "413", "Type": "8", "LinkID": "A219AS302390", "Ref_Lane": 3, "PostID": "C619AS301007", "Maker": "새한항업컨소시엄", "UpdateDate": "20190909", "Version": "2019", "Remark": null, "HistType": null, "HistRemark": null }, "geometry": { "type": "Point", "coordinates": [ 127.263136031375112, 36.513088068983883, 72.054908281931603 ] } },
{ "type": "Feature", "properties": { "ID": "C119AS301129", "AdminCode": "413", "Type": "11", "LinkID": "A219AS302390", "Ref_Lane": 3, "PostID": "C619AS301007", "Maker": "새한항업컨소시엄", "UpdateDate": "20190909", "Version": "2019", "Remark": null, "HistType": null, "HistRemark": null }, "geometry": { "type": "Point", "coordinates": [ 127.263180329845653, 36.513094715587442, 69.584187808310304 ] } },
{ "type": "Feature", "properties": { "ID": "C119AS301130", "AdminCode": "413", "Type": "11", "LinkID": "A219AS302069", "Ref_Lane": 3, "PostID": "C619AS301009", "Maker": "새한항업컨소시엄", "UpdateDate": "20190909", "Version": "2019", "Remark": null, "HistType": null, "HistRemark": null }, "geometry": { "type": "Point", "coordinates": [ 127.262925191023342, 36.513231929192166, 69.137882365880259 ] } },
{ "type": "Feature", "properties": { "ID": "C119AS301131", "AdminCode": "413", "Type": "11", "LinkID": "A219AS302390", "Ref_Lane": 3, "PostID": "C619AS301008", "Maker": "새한항업컨소시엄", "UpdateDate": "20190909", "Version": "2019", "Remark": null, "HistType": null, "HistRemark": null }, "geometry": { "type": "Point", "coordinates": [ 127.262960207685822, 36.513029212905359, 68.881490374010539 ] } },
{ "type": "Feature", "properties": { "ID": "C119AS300951", "AdminCode": "413", "Type": "8", "LinkID": "A219AS302390", "Ref_Lane": 3, "PostID": "C619AS301008", "Maker": "새한항업컨소시엄", "UpdateDate": "20190909", "Version": "2019", "Remark": null, "HistType": null, "HistRemark": null }, "geometry": { "type": "Point", "coordinates": [ 127.262941748903728, 36.513114829866744, 71.51685215304191 ] } },
{ "type": "Feature", "properties": { "ID": "C119AS300952", "AdminCode": "413", "Type": "8", "LinkID": "A219AS302390", "Ref_Lane": 3, "PostID": "C619AS301008", "Maker": "새한항업컨소시엄", "UpdateDate": "20190909", "Version": "2019", "Remark": null, "HistType": null, "HistRemark": null }, "geometry": { "type": "Point", "coordinates": [ 127.262951287753907, 36.513080693815517, 71.462521868911068 ] } },
{ "type": "Feature", "properties": { "ID": "C119AS300953", "AdminCode": "413", "Type": "8", "LinkID": "A219AS302069", "Ref_Lane": 3, "PostID": "C619AS301009", "Maker": "새한항업컨소시엄", "UpdateDate": "20190909", "Version": "2019", "Remark": null, "HistType": null, "HistRemark": null }, "geometry": { "type": "Point", "coordinates": [ 127.26301466592669, 36.513239258024925, 71.649288604473341 ] } },
{ "type": "Feature", "properties": { "ID": "C119AS300954", "AdminCode": "413", "Type": "8", "LinkID": "A219AS302069", "Ref_Lane": 3, "PostID": "C619AS301009", "Maker": "새한항업컨소시엄", "UpdateDate": "20190909", "Version": "2019", "Remark": null, "HistType": null, "HistRemark": null }, "geometry": { "type": "Point", "coordinates": [ 127.262969557483757, 36.513236033645491, 71.671368141619922 ] } },
{ "type": "Feature", "properties": { "ID": "C119AS300955", "AdminCode": "413", "Type": "8", "LinkID": "A219AS302069", "Ref_Lane": 3, "PostID": "C619AS301010", "Maker": "새한항업컨소시엄", "UpdateDate": "20190909", "Version": "2019", "Remark": null, "HistType": null, "HistRemark": null }, "geometry": { "type": "Point", "coordinates": [ 127.263170700519694, 36.513213329446515, 71.81048762002105 ] } },
{ "type": "Feature", "properties": { "ID": "C119AS300956", "AdminCode": "413", "Type": "8", "LinkID": "A219AS302069", "Ref_Lane": 3, "PostID": "C619AS301010", "Maker": "새한항업컨소시엄", "UpdateDate": "20190909", "Version": "2019", "Remark": null, "HistType": null, "HistRemark": null }, "geometry": { "type": "Point", "coordinates": [ 127.263161609746604, 36.513249097777248, 71.744716137316971 ] } },
{ "type": "Feature", "properties": { "ID": "C119AS300957", "AdminCode": "413", "Type": "8", "LinkID": "A219AS302069", "Ref_Lane": 3, "PostID": "C619AS301010", "Maker": "새한항업컨소시엄", "UpdateDate": "20190909", "Version": "2019", "Remark": null, "HistType": null, "HistRemark": null }, "geometry": { "type": "Point", "coordinates": [ 127.263131844012889, 36.513278363492134, 72.144548707446177 ] } },
{ "type": "Feature", "properties": { "ID": "C119AS301132", "AdminCode": "413", "Type": "11", "LinkID": "A219AS302069", "Ref_Lane": 3, "PostID": "C619AS301010", "Maker": "새한항업컨소시엄", "UpdateDate": "20190909", "Version": "2019", "Remark": null, "HistType": null, "HistRemark": null }, "geometry": { "type": "Point", "coordinates": [ 127.263154222331892, 36.513299776979608, 69.306836739213736 ] } },
{ "type": "Feature", "properties": { "ID": "C119AS301133", "AdminCode": "413", "Type": "11", "LinkID": "A219AS302075", "Ref_Lane": 4, "PostID": "C619AS301013", "Maker": "새한항업컨소시엄", "UpdateDate": "20190909", "Version": "2019", "Remark": null, "HistType": null, "HistRemark": null }, "geometry": { "type": "Point", "coordinates": [ 127.261884836308269, 36.512851771998257, 66.855101813534887 ] } },
{ "type": "Feature", "properties": { "ID": "C119AS300958", "AdminCode": "413", "Type": "8", "LinkID": "A219AS302075", "Ref_Lane": 4, "PostID": "C619AS301013", "Maker": "새한항업컨소시엄", "UpdateDate": "20190909", "Version": "2019", "Remark": null, "HistType": null, "HistRemark": null }, "geometry": { "type": "Point", "coordinates": [ 127.261778754056294, 36.512839639794251, 69.163398740086507 ] } },
{ "type": "Feature", "properties": { "ID": "C119AS300959", "AdminCode": "413", "Type": "8", "LinkID": "A219AS302075", "Ref_Lane": 4, "PostID": "C619AS301013", "Maker": "새한항업컨소시엄", "UpdateDate": "20190909", "Version": "2019", "Remark": null, "HistType": null, "HistRemark": null }, "geometry": { "type": "Point", "coordinates": [ 127.261822059343785, 36.512846363665787, 69.081594938178895 ] } },
{ "type": "Feature", "properties": { "ID": "C119AS300960", "AdminCode": "413", "Type": "8", "LinkID": "A219AS302075", "Ref_Lane": 4, "PostID": "C619AS301013", "Maker": "새한항업컨소시엄", "UpdateDate": "20190909", "Version": "2019", "Remark": null, "HistType": null, "HistRemark": null }, "geometry": { "type": "Point", "coordinates": [ 127.261871297639814, 36.512906412174281, 69.108655052437001 ] } },
{ "type": "Feature", "properties": { "ID": "C119AS301134", "AdminCode": "413", "Type": "11", "LinkID": "A219AS302083", "Ref_Lane": 3, "PostID": "C619AS301014", "Maker": "새한항업컨소시엄", "UpdateDate": "20190909", "Version": "2019", "Remark": null, "HistType": null, "HistRemark": null }, "geometry": { "type": "Point", "coordinates": [ 127.261527364068684, 36.512987777425927, 66.12564561351428 ] } },
{ "type": "Feature", "properties": { "ID": "C119AS301135", "AdminCode": "413", "Type": "11", "LinkID": "A219AS302083", "Ref_Lane": 3, "PostID": "C619AS301011", "Maker": "새한항업컨소시엄", "UpdateDate": "20190909", "Version": "2019", "Remark": null, "HistType": null, "HistRemark": null }, "geometry": { "type": "Point", "coordinates": [ 127.26174198050569, 36.513028056695532, 66.927777318272902 ] } },
{ "type": "Feature", "properties": { "ID": "C119AS300961", "AdminCode": "413", "Type": "8", "LinkID": "A219AS302083", "Ref_Lane": 3, "PostID": "C619AS301011", "Maker": "새한항업컨소시엄", "UpdateDate": "20190909", "Version": "2019", "Remark": null, "HistType": null, "HistRemark": null }, "geometry": { "type": "Point", "coordinates": [ 127.261704320501408, 36.513015327233639, 68.863616343195957 ] } },
{ "type": "Feature", "properties": { "ID": "C119AS300962", "AdminCode": "413", "Type": "8", "LinkID": "A219AS302083", "Ref_Lane": 3, "PostID": "C619AS301011", "Maker": "새한항업컨소시엄", "UpdateDate": "20190909", "Version": "2019", "Remark": null, "HistType": null, "HistRemark": null }, "geometry": { "type": "Point", "coordinates": [ 127.261757671336895, 36.512974749786153, 68.826087489927829 ] } },
{ "type": "Feature", "properties": { "ID": "C119AS300963", "AdminCode": "413", "Type": "8", "LinkID": "A219AS302083", "Ref_Lane": 3, "PostID": "C619AS301011", "Maker": "새한항업컨소시엄", "UpdateDate": "20190909", "Version": "2019", "Remark": null, "HistType": null, "HistRemark": null }, "geometry": { "type": "Point", "coordinates": [ 127.261750574536819, 36.513001462417861, 68.735780154292314 ] } },
{ "type": "Feature", "properties": { "ID": "C119AS300964", "AdminCode": "413", "Type": "8", "LinkID": "A219AS302083", "Ref_Lane": 3, "PostID": "C619AS301015", "Maker": "새한항업컨소시엄", "UpdateDate": "20190909", "Version": "2019", "Remark": null, "HistType": null, "HistRemark": null }, "geometry": { "type": "Point", "coordinates": [ 127.261536772663206, 36.512952238916007, 68.172788134077791 ] } },
{ "type": "Feature", "properties": { "ID": "C119AS300965", "AdminCode": "413", "Type": "8", "LinkID": "A219AS302075", "Ref_Lane": 4, "PostID": "C619AS301012", "Maker": "새한항업컨소시엄", "UpdateDate": "20190909", "Version": "2019", "Remark": null, "HistType": null, "HistRemark": null }, "geometry": { "type": "Point", "coordinates": [ 127.261544137440893, 36.512855978268853, 68.301505138479783 ] } },
{ "type": "Feature", "properties": { "ID": "C119AS300966", "AdminCode": "413", "Type": "8", "LinkID": "A219AS302075", "Ref_Lane": 4, "PostID": "C619AS301012", "Maker": "새한항업컨소시엄", "UpdateDate": "20190909", "Version": "2019", "Remark": null, "HistType": null, "HistRemark": null }, "geometry": { "type": "Point", "coordinates": [ 127.261553253268033, 36.512820124293626, 68.301505138479783 ] } },
{ "type": "Feature", "properties": { "ID": "C119AS300967", "AdminCode": "413", "Type": "8", "LinkID": "A219AS302075", "Ref_Lane": 4, "PostID": "C619AS301012", "Maker": "새한항업컨소시엄", "UpdateDate": "20190909", "Version": "2019", "Remark": null, "HistType": null, "HistRemark": null }, "geometry": { "type": "Point", "coordinates": [ 127.261645294447007, 36.51280346526093, 68.301505138479783 ] } },
{ "type": "Feature", "properties": { "ID": "C119AS301136", "AdminCode": "413", "Type": "11", "LinkID": "A219AS302075", "Ref_Lane": 4, "PostID": "C619AS301012", "Maker": "새한항업컨소시엄", "UpdateDate": "20190909", "Version": "2019", "Remark": null, "HistType": null, "HistRemark": null }, "geometry": { "type": "Point", "coordinates": [ 127.261556328388068, 36.512789486434727, 66.066926161027737 ] } },
{ "type": "Feature", "properties": { "ID": "C119AS300968", "AdminCode": "413", "Type": "8", "LinkID": "A219AS302083", "Ref_Lane": 3, "PostID": "C619AS301015", "Maker": "새한항업컨소시엄", "UpdateDate": "20190909", "Version": "2019", "Remark": null, "HistType": null, "HistRemark": null }, "geometry": { "type": "Point", "coordinates": [ 127.261612670939726, 36.512995606151854, 68.149128560039614 ] } },
{ "type": "Feature", "properties": { "ID": "C119AS300969", "AdminCode": "413", "Type": "8", "LinkID": "A219AS302083", "Ref_Lane": 3, "PostID": "C619AS301015", "Maker": "새한항업컨소시엄", "UpdateDate": "20190909", "Version": "2019", "Remark": null, "HistType": null, "HistRemark": null }, "geometry": { "type": "Point", "coordinates": [ 127.261568705642588, 36.51298968516101, 68.183064507003181 ] } },
{ "type": "Feature", "properties": { "ID": "C119AS301137", "AdminCode": "413", "Type": "11", "LinkID": "A219AS302083", "Ref_Lane": 3, "PostID": "C619AS301015", "Maker": "새한항업컨소시엄", "UpdateDate": "20190909", "Version": "2019", "Remark": null, "HistType": null, "HistRemark": null }, "geometry": { "type": "Point", "coordinates": [ 127.261523843870833, 36.512982514450997, 66.029720516133168 ] } },
{ "type": "Feature", "properties": { "ID": "C119AS301138", "AdminCode": "413", "Type": "11", "LinkID": "A219AS302124", "Ref_Lane": 3, "PostID": "C619AS301016", "Maker": "새한항업컨소시엄", "UpdateDate": "20190909", "Version": "2019", "Remark": null, "HistType": null, "HistRemark": null }, "geometry": { "type": "Point", "coordinates": [ 127.265295033348593, 36.516102003399979, 77.666903445054757 ] } },
{ "type": "Feature", "properties": { "ID": "C119AS300970", "AdminCode": "413", "Type": "8", "LinkID": "A219AS302414", "Ref_Lane": 2, "PostID": "C619AS301016", "Maker": "새한항업컨소시엄", "UpdateDate": "20190909", "Version": "2019", "Remark": null, "HistType": null, "HistRemark": null }, "geometry": { "type": "Point", "coordinates": [ 127.265313262368238, 36.516035693978459, 80.383079647553245 ] } },
{ "type": "Feature", "properties": { "ID": "C119AS301139", "AdminCode": "413", "Type": "11", "LinkID": "A219AS302109", "Ref_Lane": 3, "PostID": "C619AS301017", "Maker": "새한항업컨소시엄", "UpdateDate": "20190909", "Version": "2019", "Remark": null, "HistType": null, "HistRemark": null }, "geometry": { "type": "Point", "coordinates": [ 127.262389592797689, 36.516158933821664, 71.361353946493779 ] } },
{ "type": "Feature", "properties": { "ID": "C119AS301140", "AdminCode": "413", "Type": "11", "LinkID": "A219AS302113", "Ref_Lane": 3, "PostID": "C619AS301019", "Maker": "새한항업컨소시엄", "UpdateDate": "20190909", "Version": "2019", "Remark": null, "HistType": null, "HistRemark": null }, "geometry": { "type": "Point", "coordinates": [ 127.262686976188348, 36.515958288772957, 71.780918935285285 ] } },
{ "type": "Feature", "properties": { "ID": "C119AS300971", "AdminCode": "413", "Type": "8", "LinkID": "A219AS302113", "Ref_Lane": 3, "PostID": "C619AS301020", "Maker": "새한항업컨소시엄", "UpdateDate": "20190909", "Version": "2019", "Remark": null, "HistType": null, "HistRemark": null }, "geometry": { "type": "Point", "coordinates": [ 127.262575019681833, 36.515928715799177, 74.288692140178242 ] } },
{ "type": "Feature", "properties": { "ID": "C119AS300972", "AdminCode": "413", "Type": "8", "LinkID": "A219AS302113", "Ref_Lane": 3, "PostID": "C619AS301020", "Maker": "새한항업컨소시엄", "UpdateDate": "20190909", "Version": "2019", "Remark": null, "HistType": null, "HistRemark": null }, "geometry": { "type": "Point", "coordinates": [ 127.262619340063964, 36.515931955724241, 74.265295507703243 ] } },
{ "type": "Feature", "properties": { "ID": "C119AS300973", "AdminCode": "413", "Type": "8", "LinkID": "A219AS302109", "Ref_Lane": 3, "PostID": "C619AS301021", "Maker": "새한항업컨소시엄", "UpdateDate": "20190909", "Version": "2019", "Remark": null, "HistType": null, "HistRemark": null }, "geometry": { "type": "Point", "coordinates": [ 127.262673582314278, 36.516055874618687, 74.353039582457853 ] } },
{ "type": "Feature", "properties": { "ID": "C119AS300974", "AdminCode": "413", "Type": "8", "LinkID": "A219AS302109", "Ref_Lane": 3, "PostID": "C619AS301021", "Maker": "새한항업컨소시엄", "UpdateDate": "20190909", "Version": "2019", "Remark": null, "HistType": null, "HistRemark": null }, "geometry": { "type": "Point", "coordinates": [ 127.262671334770118, 36.516090979701453, 74.364564723903214 ] } },
{ "type": "Feature", "properties": { "ID": "C119AS301141", "AdminCode": "413", "Type": "11", "LinkID": "A219AS302109", "Ref_Lane": 3, "PostID": "C619AS301021", "Maker": "새한항업컨소시엄", "UpdateDate": "20190909", "Version": "2019", "Remark": null, "HistType": null, "HistRemark": null }, "geometry": { "type": "Point", "coordinates": [ 127.262673469242742, 36.51614334824729, 71.888752810177067 ] } },
{ "type": "Feature", "properties": { "ID": "C119AS300975", "AdminCode": "413", "Type": "8", "LinkID": "A219AS302109", "Ref_Lane": 3, "PostID": "C619AS301022", "Maker": "새한항업컨소시엄", "UpdateDate": "20190909", "Version": "2019", "Remark": null, "HistType": null, "HistRemark": null }, "geometry": { "type": "Point", "coordinates": [ 127.26248831474696, 36.516186357160116, 74.050911734956387 ] } },
{ "type": "Feature", "properties": { "ID": "C119AS300976", "AdminCode": "413", "Type": "8", "LinkID": "A219AS302109", "Ref_Lane": 3, "PostID": "C619AS301022", "Maker": "새한항업컨소시엄", "UpdateDate": "20190909", "Version": "2019", "Remark": null, "HistType": null, "HistRemark": null }, "geometry": { "type": "Point", "coordinates": [ 127.262442786584543, 36.516187721240378, 74.076085109233105 ] } },
{ "type": "Feature", "properties": { "ID": "C119AS300786", "AdminCode": "413", "Type": "1", "LinkID": "A219AS302113", "Ref_Lane": 3, "PostID": "C619AS301018", "Maker": "새한항업컨소시엄", "UpdateDate": "20190909", "Version": "2019", "Remark": null, "HistType": null, "HistRemark": null }, "geometry": { "type": "Point", "coordinates": [ 127.262428832928876, 36.516037867256387, 74.005021802620305 ] } },
{ "type": "Feature", "properties": { "ID": "C119AS300787", "AdminCode": "413", "Type": "1", "LinkID": "A219AS302113", "Ref_Lane": 3, "PostID": "C619AS301018", "Maker": "새한항업컨소시엄", "UpdateDate": "20190909", "Version": "2019", "Remark": null, "HistType": null, "HistRemark": null }, "geometry": { "type": "Point", "coordinates": [ 127.262429246105143, 36.516001646330622, 73.963415730615225 ] } },
{ "type": "Feature", "properties": { "ID": "C119AS301142", "AdminCode": "413", "Type": "11", "LinkID": "A219AS302113", "Ref_Lane": 3, "PostID": "C619AS301018", "Maker": "새한항업컨소시엄", "UpdateDate": "20190909", "Version": "2019", "Remark": null, "HistType": null, "HistRemark": null }, "geometry": { "type": "Point", "coordinates": [ 127.262425314672058, 36.515950566507101, 71.406605519577084 ] } },
{ "type": "Feature", "properties": { "ID": "C119AS300788", "AdminCode": "413", "Type": "1", "LinkID": "A219AS302136", "Ref_Lane": 3, "PostID": "C619AS301023", "Maker": "새한항업컨소시엄", "UpdateDate": "20190909", "Version": "2019", "Remark": null, "HistType": null, "HistRemark": null }, "geometry": { "type": "Point", "coordinates": [ 127.264095909461403, 36.518617587122968, 88.417112084094541 ] } },
{ "type": "Feature", "properties": { "ID": "C119AS301143", "AdminCode": "413", "Type": "11", "LinkID": "A219AS302136", "Ref_Lane": 3, "PostID": "C619AS301023", "Maker": "새한항업컨소시엄", "UpdateDate": "20190909", "Version": "2019", "Remark": null, "HistType": null, "HistRemark": null }, "geometry": { "type": "Point", "coordinates": [ 127.264048563879541, 36.518610026880054, 85.683679654965417 ] } },
{ "type": "Feature", "properties": { "ID": "C119AS300789", "AdminCode": "413", "Type": "1", "LinkID": "A219AS302431", "Ref_Lane": 2, "PostID": "C619AS301024", "Maker": "새한항업컨소시엄", "UpdateDate": "20190909", "Version": "2019", "Remark": null, "HistType": null, "HistRemark": null }, "geometry": { "type": "Point", "coordinates": [ 127.264087093074323, 36.518493570908568, 88.1342184813263 ] } },
{ "type": "Feature", "properties": { "ID": "C119AS300790", "AdminCode": "413", "Type": "1", "LinkID": "A219AS302431", "Ref_Lane": 2, "PostID": "C619AS301024", "Maker": "새한항업컨소시엄", "UpdateDate": "20190909", "Version": "2019", "Remark": null, "HistType": null, "HistRemark": null }, "geometry": { "type": "Point", "coordinates": [ 127.264102365146059, 36.518459688403148, 87.999871617820972 ] } },
{ "type": "Feature", "properties": { "ID": "C119AS300977", "AdminCode": "413", "Type": "8", "LinkID": "A219AS302433", "Ref_Lane": 2, "PostID": "C619AS301029", "Maker": "새한항업컨소시엄", "UpdateDate": "20190909", "Version": "2019", "Remark": null, "HistType": null, "HistRemark": null }, "geometry": { "type": "Point", "coordinates": [ 127.261927317361582, 36.51819908975002, 78.863643890365665 ] } },
{ "type": "Feature", "properties": { "ID": "C119AS301144", "AdminCode": "413", "Type": "11", "LinkID": "A219AS302433", "Ref_Lane": 2, "PostID": "C619AS301029", "Maker": "새한항업컨소시엄", "UpdateDate": "20190909", "Version": "2019", "Remark": null, "HistType": null, "HistRemark": null }, "geometry": { "type": "Point", "coordinates": [ 127.261909361999955, 36.518192112987734, 76.450358474711692 ] } },
{ "type": "Feature", "properties": { "ID": "C119AS301145", "AdminCode": "413", "Type": "11", "LinkID": "A219AS302433", "Ref_Lane": 2, "PostID": "C619AS301030", "Maker": "새한항업컨소시엄", "UpdateDate": "20190909", "Version": "2019", "Remark": null, "HistType": null, "HistRemark": null }, "geometry": { "type": "Point", "coordinates": [ 127.261824087497828, 36.51809723493794, 75.508354320683864 ] } },
{ "type": "Feature", "properties": { "ID": "C119AS300978", "AdminCode": "413", "Type": "8", "LinkID": "A219AS302150", "Ref_Lane": 3, "PostID": "C619AS301025", "Maker": "새한항업컨소시엄", "UpdateDate": "20190909", "Version": "2019", "Remark": null, "HistType": null, "HistRemark": null }, "geometry": { "type": "Point", "coordinates": [ 127.262030907036248, 36.517944402975985, 78.631680577332205 ] } },
{ "type": "Feature", "properties": { "ID": "C119AS301146", "AdminCode": "413", "Type": "11", "LinkID": "A219AS302150", "Ref_Lane": 3, "PostID": "C619AS301026", "Maker": "새한항업컨소시엄", "UpdateDate": "20190909", "Version": "2019", "Remark": null, "HistType": null, "HistRemark": null }, "geometry": { "type": "Point", "coordinates": [ 127.262200775791428, 36.517976000903751, 76.659156276418557 ] } },
{ "type": "Feature", "properties": { "ID": "C119AS300979", "AdminCode": "413", "Type": "8", "LinkID": "A219AS302150", "Ref_Lane": 3, "PostID": "C619AS301025", "Maker": "새한항업컨소시엄", "UpdateDate": "20190909", "Version": "2019", "Remark": null, "HistType": null, "HistRemark": null }, "geometry": { "type": "Point", "coordinates": [ 127.261978554927381, 36.5180079895148, 78.51843097716737 ] } },
{ "type": "Feature", "properties": { "ID": "C119AS300980", "AdminCode": "413", "Type": "8", "LinkID": "A219AS302150", "Ref_Lane": 3, "PostID": "C619AS301025", "Maker": "새한항업컨소시엄", "UpdateDate": "20190909", "Version": "2019", "Remark": null, "HistType": null, "HistRemark": null }, "geometry": { "type": "Point", "coordinates": [ 127.261982049705395, 36.517972183174329, 78.496494405525553 ] } },
{ "type": "Feature", "properties": { "ID": "C119AS300981", "AdminCode": "413", "Type": "8", "LinkID": "A219AS302150", "Ref_Lane": 3, "PostID": "C619AS301026", "Maker": "새한항업컨소시엄", "UpdateDate": "20190909", "Version": "2019", "Remark": null, "HistType": null, "HistRemark": null }, "geometry": { "type": "Point", "coordinates": [ 127.262112814888141, 36.517959409552667, 79.176382027525861 ] } },
{ "type": "Feature", "properties": { "ID": "C119AS300982", "AdminCode": "413", "Type": "8", "LinkID": "A219AS302150", "Ref_Lane": 3, "PostID": "C619AS301026", "Maker": "새한항업컨소시엄", "UpdateDate": "20190909", "Version": "2019", "Remark": null, "HistType": null, "HistRemark": null }, "geometry": { "type": "Point", "coordinates": [ 127.262156504940108, 36.517966920542442, 79.267905449939846 ] } },
{ "type": "Feature", "properties": { "ID": "C119AS300983", "AdminCode": "413", "Type": "8", "LinkID": "A219AS302433", "Ref_Lane": 2, "PostID": "C619AS301027", "Maker": "새한항업컨소시엄", "UpdateDate": "20190909", "Version": "2019", "Remark": null, "HistType": null, "HistRemark": null }, "geometry": { "type": "Point", "coordinates": [ 127.262115874286096, 36.518095230685489, 79.368766235408657 ] } },
{ "type": "Feature", "properties": { "ID": "C119AS300984", "AdminCode": "413", "Type": "8", "LinkID": "A219AS302433", "Ref_Lane": 2, "PostID": "C619AS301027", "Maker": "새한항업컨소시엄", "UpdateDate": "20190909", "Version": "2019", "Remark": null, "HistType": null, "HistRemark": null }, "geometry": { "type": "Point", "coordinates": [ 127.262110868398366, 36.518122778245818, 79.254059706447663 ] } },
{ "type": "Feature", "properties": { "ID": "C119AS301147", "AdminCode": "413", "Type": "11", "LinkID": "A219AS302433", "Ref_Lane": 2, "PostID": "C619AS301028", "Maker": "새한항업컨소시엄", "UpdateDate": "20190909", "Version": "2019", "Remark": null, "HistType": null, "HistRemark": null }, "geometry": { "type": "Point", "coordinates": [ 127.262068012620887, 36.518153182670737, 76.926218390718361 ] } },
{ "type": "Feature", "properties": { "ID": "C119AS301148", "AdminCode": "413", "Type": "11", "LinkID": "A219AS302150", "Ref_Lane": 3, "PostID": "C619AS301025", "Maker": "새한항업컨소시엄", "UpdateDate": "20190909", "Version": "2019", "Remark": null, "HistType": null, "HistRemark": null }, "geometry": { "type": "Point", "coordinates": [ 127.261984222806817, 36.517939679031933, 76.099928036279763 ] } },
{ "type": "Feature", "properties": { "ID": "C119AS300995", "AdminCode": "413", "Type": "2", "LinkID": "A219AS302014", "Ref_Lane": 3, "PostID": "C619AS300999", "Maker": "새한항업컨소시엄", "UpdateDate": "20190909", "Version": "2019", "Remark": null, "HistType": null, "HistRemark": null }, "geometry": { "type": "Point", "coordinates": [ 127.267711635791031, 36.508195085420653, 76.773776666666691 ] } },
{ "type": "Feature", "properties": { "ID": "C119AS300996", "AdminCode": "413", "Type": "2", "LinkID": "A219AS302014", "Ref_Lane": 3, "PostID": "C619AS300999", "Maker": "새한항업컨소시엄", "UpdateDate": "20190909", "Version": "2019", "Remark": null, "HistType": null, "HistRemark": null }, "geometry": { "type": "Point", "coordinates": [ 127.267746367005117, 36.508193085598748, 76.77414 ] } },
{ "type": "Feature", "properties": { "ID": "C119AS300997", "AdminCode": "413", "Type": "2", "LinkID": "A219AS302097", "Ref_Lane": 3, "PostID": "C619AS301041", "Maker": "새한항업컨소시엄", "UpdateDate": "20190909", "Version": "2019", "Remark": null, "HistType": null, "HistRemark": null }, "geometry": { "type": "Point", "coordinates": [ 127.26567435919425, 36.515878407322383, 80.087489985052287 ] } },
{ "type": "Feature", "properties": { "ID": "C119AS300998", "AdminCode": "413", "Type": "2", "LinkID": "A219AS302097", "Ref_Lane": 3, "PostID": "C619AS301041", "Maker": "새한항업컨소시엄", "UpdateDate": "20190909", "Version": "2019", "Remark": null, "HistType": null, "HistRemark": null }, "geometry": { "type": "Point", "coordinates": [ 127.265633816432768, 36.51586498694121, 80.156403139013435 ] } },
{ "type": "Feature", "properties": { "ID": "C119AS300999", "AdminCode": "413", "Type": "2", "LinkID": "A219AS302089", "Ref_Lane": 3, "PostID": "C619AS301040", "Maker": "새한항업컨소시엄", "UpdateDate": "20190909", "Version": "2019", "Remark": null, "HistType": null, "HistRemark": null }, "geometry": { "type": "Point", "coordinates": [ 127.266389728451841, 36.513900785422358, 78.959853494436857 ] } },
{ "type": "Feature", "properties": { "ID": "C119AS301000", "AdminCode": "413", "Type": "2", "LinkID": "A219AS302089", "Ref_Lane": 3, "PostID": "C619AS301040", "Maker": "새한항업컨소시엄", "UpdateDate": "20190909", "Version": "2019", "Remark": null, "HistType": null, "HistRemark": null }, "geometry": { "type": "Point", "coordinates": [ 127.266432509024455, 36.513908750143578, 78.96557340076005 ] } },
{ "type": "Feature", "properties": { "ID": "C119AS301001", "AdminCode": "413", "Type": "2", "LinkID": "A219AS302034", "Ref_Lane": 3, "PostID": "C619AS301039", "Maker": "새한항업컨소시엄", "UpdateDate": "20190909", "Version": "2019", "Remark": null, "HistType": null, "HistRemark": null }, "geometry": { "type": "Point", "coordinates": [ 127.266481907773439, 36.51368497028561, 78.797022537885127 ] } },
{ "type": "Feature", "properties": { "ID": "C119AS301002", "AdminCode": "413", "Type": "2", "LinkID": "A219AS302034", "Ref_Lane": 3, "PostID": "C619AS301039", "Maker": "새한항업컨소시엄", "UpdateDate": "20190909", "Version": "2019", "Remark": null, "HistType": null, "HistRemark": null }, "geometry": { "type": "Point", "coordinates": [ 127.266524865500628, 36.513690579016156, 78.836781591492723 ] } },
{ "type": "Feature", "properties": { "ID": "C119AS300791", "AdminCode": "413", "Type": "1", "LinkID": "A219AS302383", "Ref_Lane": 2, "PostID": "C619AS301037", "Maker": "새한항업컨소시엄", "UpdateDate": "20190909", "Version": "2019", "Remark": null, "HistType": null, "HistRemark": null }, "geometry": { "type": "Point", "coordinates": [ 127.266722933224401, 36.51172000273376, 78.294155536675447 ] } },
{ "type": "Feature", "properties": { "ID": "C119AS300792", "AdminCode": "413", "Type": "1", "LinkID": "A219AS302383", "Ref_Lane": 2, "PostID": "C619AS301037", "Maker": "새한항업컨소시엄", "UpdateDate": "20190909", "Version": "2019", "Remark": null, "HistType": null, "HistRemark": null }, "geometry": { "type": "Point", "coordinates": [ 127.266766873368411, 36.511726078412927, 78.304105851868542 ] } },
{ "type": "Feature", "properties": { "ID": "C119AS301003", "AdminCode": "413", "Type": "2", "LinkID": "A219AS302020", "Ref_Lane": 3, "PostID": "C619AS301038", "Maker": "새한항업컨소시엄", "UpdateDate": "20190909", "Version": "2019", "Remark": null, "HistType": null, "HistRemark": null }, "geometry": { "type": "Point", "coordinates": [ 127.26682297848734, 36.511732376287867, 78.324879935653328 ] } },
{ "type": "Feature", "properties": { "ID": "C119AS301004", "AdminCode": "413", "Type": "2", "LinkID": "A219AS302020", "Ref_Lane": 3, "PostID": "C619AS301035", "Maker": "새한항업컨소시엄", "UpdateDate": "20190909", "Version": "2019", "Remark": null, "HistType": null, "HistRemark": null }, "geometry": { "type": "Point", "coordinates": [ 127.266940490370345, 36.511467868134851, 78.279157781221343 ] } },
{ "type": "Feature", "properties": { "ID": "C119AS301005", "AdminCode": "413", "Type": "2", "LinkID": "A219AS302020", "Ref_Lane": 3, "PostID": "C619AS301035", "Maker": "새한항업컨소시엄", "UpdateDate": "20190909", "Version": "2019", "Remark": null, "HistType": null, "HistRemark": null }, "geometry": { "type": "Point", "coordinates": [ 127.26689833309328, 36.511455946461702, 78.282053858437322 ] } },
{ "type": "Feature", "properties": { "ID": "C119AS300793", "AdminCode": "413", "Type": "1", "LinkID": "A219AS302383", "Ref_Lane": 2, "PostID": "C619AS301036", "Maker": "새한항업컨소시엄", "UpdateDate": "20190909", "Version": "2019", "Remark": null, "HistType": null, "HistRemark": null }, "geometry": { "type": "Point", "coordinates": [ 127.266764741285314, 36.511522100301868, 78.164867652527974 ] } },
{ "type": "Feature", "properties": { "ID": "C119AS301006", "AdminCode": "413", "Type": "2", "LinkID": "A219AS302014", "Ref_Lane": 3, "PostID": "C619AS301001", "Maker": "새한항업컨소시엄", "UpdateDate": "20190909", "Version": "2019", "Remark": null, "HistType": null, "HistRemark": null }, "geometry": { "type": "Point", "coordinates": [ 127.267723795728443, 36.507745503545877, 75.896154714920499 ] } },
{ "type": "Feature", "properties": { "ID": "C119AS301007", "AdminCode": "413", "Type": "2", "LinkID": "A219AS302382", "Ref_Lane": 3, "PostID": "C619AS301034", "Maker": "새한항업컨소시엄", "UpdateDate": "20190909", "Version": "2019", "Remark": null, "HistType": null, "HistRemark": null }, "geometry": { "type": "Point", "coordinates": [ 127.26783056041991, 36.507574547896198, 75.446684715299682 ] } },
{ "type": "Feature", "properties": { "ID": "C119AS301008", "AdminCode": "413", "Type": "2", "LinkID": "A219AS302382", "Ref_Lane": 3, "PostID": "C619AS301034", "Maker": "새한항업컨소시엄", "UpdateDate": "20190909", "Version": "2019", "Remark": null, "HistType": null, "HistRemark": null }, "geometry": { "type": "Point", "coordinates": [ 127.267874404469453, 36.50756760990744, 75.429921263890321 ] } },
{ "type": "Feature", "properties": { "ID": "C119AS300794", "AdminCode": "413", "Type": "1", "LinkID": "A219AS302376", "Ref_Lane": 2, "PostID": "C619AS301033", "Maker": "새한항업컨소시엄", "UpdateDate": "20190909", "Version": "2019", "Remark": null, "HistType": null, "HistRemark": null }, "geometry": { "type": "Point", "coordinates": [ 127.267874470321146, 36.506919811954347, 73.055681756315948 ] } },
{ "type": "Feature", "properties": { "ID": "C119AS301009", "AdminCode": "413", "Type": "2", "LinkID": "A219AS302377", "Ref_Lane": 4, "PostID": "C619AS301032", "Maker": "새한항업컨소시엄", "UpdateDate": "20190909", "Version": "2019", "Remark": null, "HistType": null, "HistRemark": null }, "geometry": { "type": "Point", "coordinates": [ 127.267760011118497, 36.506777195344846, 72.517706552361588 ] } },
{ "type": "Feature", "properties": { "ID": "C119AS301010", "AdminCode": "413", "Type": "2", "LinkID": "A219AS302377", "Ref_Lane": 4, "PostID": "C619AS301032", "Maker": "새한항업컨소시엄", "UpdateDate": "20190909", "Version": "2019", "Remark": null, "HistType": null, "HistRemark": null }, "geometry": { "type": "Point", "coordinates": [ 127.267804578769287, 36.506778411899461, 72.561908019846413 ] } },
{ "type": "Feature", "properties": { "ID": "C119AS300795", "AdminCode": "413", "Type": "1", "LinkID": "A219AS302376", "Ref_Lane": 2, "PostID": "C619AS301031", "Maker": "새한항업컨소시엄", "UpdateDate": "20190909", "Version": "2019", "Remark": null, "HistType": null, "HistRemark": null }, "geometry": { "type": "Point", "coordinates": [ 127.2678916605349, 36.506640700033572, 71.864551417755933 ] } },
{ "type": "Feature", "properties": { "ID": "C119AS300796", "AdminCode": "413", "Type": "1", "LinkID": "A219AS302376", "Ref_Lane": 2, "PostID": "C619AS301031", "Maker": "새한항업컨소시엄", "UpdateDate": "20190909", "Version": "2019", "Remark": null, "HistType": null, "HistRemark": null }, "geometry": { "type": "Point", "coordinates": [ 127.26785803323942, 36.506640662907024, 71.874145576642306 ] } },
{ "type": "Feature", "properties": { "ID": "C119AS301011", "AdminCode": "413", "Type": "2", "LinkID": "A219AS302372", "Ref_Lane": 3, "PostID": "C619AS301058", "Maker": "새한항업컨소시엄", "UpdateDate": "20190909", "Version": "2019", "Remark": null, "HistType": null, "HistRemark": null }, "geometry": { "type": "Point", "coordinates": [ 127.267594115099541, 36.505329862667679, 66.258671417755892 ] } },
{ "type": "Feature", "properties": { "ID": "C119AS301012", "AdminCode": "413", "Type": "2", "LinkID": "A219AS302372", "Ref_Lane": 3, "PostID": "C619AS301058", "Maker": "새한항업컨소시엄", "UpdateDate": "20190909", "Version": "2019", "Remark": null, "HistType": null, "HistRemark": null }, "geometry": { "type": "Point", "coordinates": [ 127.267635935449562, 36.505317082717468, 66.158936748599544 ] } },
{ "type": "Feature", "properties": { "ID": "C119AS301013", "AdminCode": "413", "Type": "2", "LinkID": "A219AS302260", "Ref_Lane": 2, "PostID": "C619AS300972", "Maker": "새한항업컨소시엄", "UpdateDate": "20190909", "Version": "2019", "Remark": null, "HistType": null, "HistRemark": null }, "geometry": { "type": "Point", "coordinates": [ 127.267579287566861, 36.504971802455927, 65.961226918689547 ] } },
{ "type": "Feature", "properties": { "ID": "C119AS301014", "AdminCode": "413", "Type": "2", "LinkID": "A219AS302260", "Ref_Lane": 2, "PostID": "C619AS300972", "Maker": "새한항업컨소시엄", "UpdateDate": "20190909", "Version": "2019", "Remark": null, "HistType": null, "HistRemark": null }, "geometry": { "type": "Point", "coordinates": [ 127.267537666365669, 36.504984542987643, 65.909770170089985 ] } },
{ "type": "Feature", "properties": { "ID": "C119AS301015", "AdminCode": "413", "Type": "2", "LinkID": "A219AS302372", "Ref_Lane": 2, "PostID": "C619AS301059", "Maker": "새한항업컨소시엄", "UpdateDate": "20190909", "Version": "2019", "Remark": null, "HistType": null, "HistRemark": null }, "geometry": { "type": "Point", "coordinates": [ 127.267408495086258, 36.504941072022099, 65.791265500933619 ] } },
{ "type": "Feature", "properties": { "ID": "C119AS301016", "AdminCode": "413", "Type": "2", "LinkID": "A219AS302261", "Ref_Lane": 3, "PostID": "C619AS300953", "Maker": "새한항업컨소시엄", "UpdateDate": "20190909", "Version": "2019", "Remark": null, "HistType": null, "HistRemark": null }, "geometry": { "type": "Point", "coordinates": [ 127.266575411112413, 36.503203538689213, 64.332994499066345 ] } },
{ "type": "Feature", "properties": { "ID": "C119AS301017", "AdminCode": "413", "Type": "2", "LinkID": "A219AS302261", "Ref_Lane": 3, "PostID": "C619AS300953", "Maker": "새한항업컨소시엄", "UpdateDate": "20190909", "Version": "2019", "Remark": null, "HistType": null, "HistRemark": null }, "geometry": { "type": "Point", "coordinates": [ 127.266605022732151, 36.503190999053601, 64.340684083177749 ] } },
{ "type": "Feature", "properties": { "ID": "C119AS301018", "AdminCode": "413", "Type": "2", "LinkID": "A219AS302252", "Ref_Lane": 3, "PostID": "C619AS300952", "Maker": "새한항업컨소시엄", "UpdateDate": "20190909", "Version": "2019", "Remark": null, "HistType": null, "HistRemark": null }, "geometry": { "type": "Point", "coordinates": [ 127.266696977348971, 36.503163717222591, 64.405221001867261 ] } },
{ "type": "Feature", "properties": { "ID": "C119AS301019", "AdminCode": "413", "Type": "2", "LinkID": "A219AS302261", "Ref_Lane": 3, "PostID": "C619AS300956", "Maker": "새한항업컨소시엄", "UpdateDate": "20190909", "Version": "2019", "Remark": null, "HistType": null, "HistRemark": null }, "geometry": { "type": "Point", "coordinates": [ 127.266420145596086, 36.502849695259108, 64.223189168222731 ] } },
{ "type": "Feature", "properties": { "ID": "C119AS301020", "AdminCode": "413", "Type": "2", "LinkID": "A219AS302252", "Ref_Lane": 3, "PostID": "C619AS300957", "Maker": "새한항업컨소시엄", "UpdateDate": "20190909", "Version": "2019", "Remark": null, "HistType": null, "HistRemark": null }, "geometry": { "type": "Point", "coordinates": [ 127.266541700500383, 36.502811331186976, 64.256254669156405 ] } },
{ "type": "Feature", "properties": { "ID": "C119AS301021", "AdminCode": "413", "Type": "2", "LinkID": "A219AS302252", "Ref_Lane": 3, "PostID": "C619AS300957", "Maker": "새한항업컨소시엄", "UpdateDate": "20190909", "Version": "2019", "Remark": null, "HistType": null, "HistRemark": null }, "geometry": { "type": "Point", "coordinates": [ 127.26651104191042, 36.502822461088158, 64.232969414021412 ] } },
{ "type": "Feature", "properties": { "ID": "C119AS301022", "AdminCode": "413", "Type": "2", "LinkID": "A219AS302255", "Ref_Lane": 3, "PostID": "C619AS300936", "Maker": "새한항업컨소시엄", "UpdateDate": "20190909", "Version": "2019", "Remark": null, "HistType": null, "HistRemark": null }, "geometry": { "type": "Point", "coordinates": [ 127.265542964008361, 36.501032531363293, 63.536155916822267 ] } },
{ "type": "Feature", "properties": { "ID": "C119AS301023", "AdminCode": "413", "Type": "2", "LinkID": "A219AS302255", "Ref_Lane": 3, "PostID": "C619AS300936", "Maker": "새한항업컨소시엄", "UpdateDate": "20190909", "Version": "2019", "Remark": null, "HistType": null, "HistRemark": null }, "geometry": { "type": "Point", "coordinates": [ 127.26558471758463, 36.501019535161369, 63.527802249533174 ] } },
{ "type": "Feature", "properties": { "ID": "C119AS301024", "AdminCode": "413", "Type": "2", "LinkID": "A219AS302249", "Ref_Lane": 3, "PostID": "C619AS300934", "Maker": "새한항업컨소시엄", "UpdateDate": "20190909", "Version": "2019", "Remark": null, "HistType": null, "HistRemark": null }, "geometry": { "type": "Point", "coordinates": [ 127.265568523758176, 36.500777706441248, 63.29647266542181 ] } },
{ "type": "Feature", "properties": { "ID": "C119AS301025", "AdminCode": "413", "Type": "2", "LinkID": "A219AS302249", "Ref_Lane": 3, "PostID": "C619AS300934", "Maker": "새한항업컨소시엄", "UpdateDate": "20190909", "Version": "2019", "Remark": null, "HistType": null, "HistRemark": null }, "geometry": { "type": "Point", "coordinates": [ 127.265528168307654, 36.500791699721894, 63.291488166355478 ] } },
{ "type": "Feature", "properties": { "ID": "C119AS301026", "AdminCode": "413", "Type": "2", "LinkID": "A219AS302246", "Ref_Lane": 3, "PostID": "C619AS300917", "Maker": "새한항업컨소시엄", "UpdateDate": "20190909", "Version": "2019", "Remark": null, "HistType": null, "HistRemark": null }, "geometry": { "type": "Point", "coordinates": [ 127.264610282427356, 36.499027036751265, 62.923517750466864 ] } },
{ "type": "Feature", "properties": { "ID": "C119AS301027", "AdminCode": "413", "Type": "2", "LinkID": "A219AS302246", "Ref_Lane": 3, "PostID": "C619AS300917", "Maker": "새한항업컨소시엄", "UpdateDate": "20190909", "Version": "2019", "Remark": null, "HistType": null, "HistRemark": null }, "geometry": { "type": "Point", "coordinates": [ 127.264652346114744, 36.499014652611962, 62.976696332710937 ] } },
{ "type": "Feature", "properties": { "ID": "C119AS301028", "AdminCode": "413", "Type": "2", "LinkID": "A219AS302246", "Ref_Lane": 3, "PostID": "C619AS300913", "Maker": "새한항업컨소시엄", "UpdateDate": "20190909", "Version": "2019", "Remark": null, "HistType": null, "HistRemark": null }, "geometry": { "type": "Point", "coordinates": [ 127.264409310237639, 36.498597731107722, 62.752398582244098 ] } },
{ "type": "Feature", "properties": { "ID": "C119AS301029", "AdminCode": "413", "Type": "2", "LinkID": "A219AS302239", "Ref_Lane": 3, "PostID": "C619AS300914", "Maker": "새한항업컨소시엄", "UpdateDate": "20190909", "Version": "2019", "Remark": null, "HistType": null, "HistRemark": null }, "geometry": { "type": "Point", "coordinates": [ 127.264591275008144, 36.498667827610753, 62.632407548588581 ] } },
{ "type": "Feature", "properties": { "ID": "C119AS301030", "AdminCode": "413", "Type": "2", "LinkID": "A219AS302239", "Ref_Lane": 3, "PostID": "C619AS300914", "Maker": "새한항업컨소시엄", "UpdateDate": "20190909", "Version": "2019", "Remark": null, "HistType": null, "HistRemark": null }, "geometry": { "type": "Point", "coordinates": [ 127.264551780857175, 36.498683094333252, 62.6440480079103 ] } },
{ "type": "Feature", "properties": { "ID": "C119AS300797", "AdminCode": "413", "Type": "1", "LinkID": "A219AS302238", "Ref_Lane": 2, "PostID": "C619AS301060", "Maker": "새한항업컨소시엄", "UpdateDate": "20190909", "Version": "2019", "Remark": null, "HistType": null, "HistRemark": null }, "geometry": { "type": "Point", "coordinates": [ 127.264004225657402, 36.497751272859652, 62.258777968358856 ] } },
{ "type": "Feature", "properties": { "ID": "C119AS300798", "AdminCode": "413", "Type": "1", "LinkID": "A219AS302238", "Ref_Lane": 2, "PostID": "C619AS301060", "Maker": "새한항업컨소시엄", "UpdateDate": "20190909", "Version": "2019", "Remark": null, "HistType": null, "HistRemark": null }, "geometry": { "type": "Point", "coordinates": [ 127.264030698557846, 36.497739146705214, 62.300136276240806 ] } },
{ "type": "Feature", "properties": { "ID": "C119AS300799", "AdminCode": "413", "Type": "1", "LinkID": "A219AS302235", "Ref_Lane": 2, "PostID": "C619AS301061", "Maker": "새한항업컨소시엄", "UpdateDate": "20190909", "Version": "2019", "Remark": null, "HistType": null, "HistRemark": null }, "geometry": { "type": "Point", "coordinates": [ 127.264039261042825, 36.49760193518371, 62.218622965469912 ] } },
{ "type": "Feature", "properties": { "ID": "C119AS300800", "AdminCode": "413", "Type": "1", "LinkID": "A219AS302235", "Ref_Lane": 2, "PostID": "C619AS301061", "Maker": "새한항업컨소시엄", "UpdateDate": "20190909", "Version": "2019", "Remark": null, "HistType": null, "HistRemark": null }, "geometry": { "type": "Point", "coordinates": [ 127.264066715064288, 36.497592561642193, 62.204955930939825 ] } },
{ "type": "Feature", "properties": { "ID": "C119AS301031", "AdminCode": "413", "Type": "2", "LinkID": "A219AS302234", "Ref_Lane": 3, "PostID": "C619AS300900", "Maker": "새한항업컨소시엄", "UpdateDate": "20190909", "Version": "2019", "Remark": null, "HistType": null, "HistRemark": null }, "geometry": { "type": "Point", "coordinates": [ 127.263583582490853, 36.496875040133773, 61.902330119373474 ] } },
{ "type": "Feature", "properties": { "ID": "C119AS301032", "AdminCode": "413", "Type": "2", "LinkID": "A219AS302234", "Ref_Lane": 3, "PostID": "C619AS300900", "Maker": "새한항업컨소시엄", "UpdateDate": "20190909", "Version": "2019", "Remark": null, "HistType": null, "HistRemark": null }, "geometry": { "type": "Point", "coordinates": [ 127.263624628719384, 36.496861344741539, 61.988225401301193 ] } },
{ "type": "Feature", "properties": { "ID": "C119AS301033", "AdminCode": "413", "Type": "2", "LinkID": "A219AS302731", "Ref_Lane": 1, "PostID": "C619AS300899", "Maker": "새한항업컨소시엄", "UpdateDate": "20190909", "Version": "2019", "Remark": null, "HistType": null, "HistRemark": null }, "geometry": { "type": "Point", "coordinates": [ 127.263692650208014, 36.496840807772003, 61.864971941289554 ] } },
{ "type": "Feature", "properties": { "ID": "C119AS301034", "AdminCode": "413", "Type": "2", "LinkID": "A219AS302124", "Ref_Lane": 3, "PostID": "C619AS301016", "Maker": "새한항업컨소시엄", "UpdateDate": "20190909", "Version": "2019", "Remark": null, "HistType": null, "HistRemark": null }, "geometry": { "type": "Point", "coordinates": [ 127.265361818762429, 36.516117875896029, 80.344227146719192 ] } },
{ "type": "Feature", "properties": { "ID": "C119AS301035", "AdminCode": "413", "Type": "2", "LinkID": "A219AS302124", "Ref_Lane": 3, "PostID": "C619AS301016", "Maker": "새한항업컨소시엄", "UpdateDate": "20190909", "Version": "2019", "Remark": null, "HistType": null, "HistRemark": null }, "geometry": { "type": "Point", "coordinates": [ 127.265404457398049, 36.516126278725764, 80.334247594962591 ] } },
{ "type": "Feature", "properties": { "ID": "C119AS301036", "AdminCode": "413", "Type": "2", "LinkID": "A219AS302136", "Ref_Lane": 3, "PostID": "C619AS301042", "Maker": "새한항업컨소시엄", "UpdateDate": "20190909", "Version": "2019", "Remark": null, "HistType": null, "HistRemark": null }, "geometry": { "type": "Point", "coordinates": [ 127.264310398566082, 36.518467908859215, 88.03944 ] } },
{ "type": "Feature", "properties": { "ID": "C119AS301037", "AdminCode": "413", "Type": "2", "LinkID": "A219AS302136", "Ref_Lane": 3, "PostID": "C619AS301042", "Maker": "새한항업컨소시엄", "UpdateDate": "20190909", "Version": "2019", "Remark": null, "HistType": null, "HistRemark": null }, "geometry": { "type": "Point", "coordinates": [ 127.264268805793535, 36.518453685383861, 87.96537 ] } },
{ "type": "Feature", "properties": { "ID": "C119AS300801", "AdminCode": "413", "Type": "1", "LinkID": "A219AS302577", "Ref_Lane": 2, "PostID": "C619AS301024", "Maker": "새한항업컨소시엄", "UpdateDate": "20190909", "Version": "2019", "Remark": null, "HistType": null, "HistRemark": null }, "geometry": { "type": "Point", "coordinates": [ 127.264181292667502, 36.518449110686355, 87.91312 ] } },
{ "type": "Feature", "properties": { "ID": "C119AS301038", "AdminCode": "413", "Type": "2", "LinkID": "A219AS302344", "Ref_Lane": 3, "PostID": "C619AS300973", "Maker": "새한항업컨소시엄", "UpdateDate": "20190909", "Version": "2019", "Remark": null, "HistType": null, "HistRemark": null }, "geometry": { "type": "Point", "coordinates": [ 127.267803544429015, 36.504985139331978, 66.023750396728502 ] } },
{ "type": "Feature", "properties": { "ID": "C119AS301149", "AdminCode": "413", "Type": "11", "LinkID": "A219AS302344", "Ref_Lane": 3, "PostID": "C619AS300973", "Maker": "새한항업컨소시엄", "UpdateDate": "20190909", "Version": "2019", "Remark": null, "HistType": null, "HistRemark": null }, "geometry": { "type": "Point", "coordinates": [ 127.267782754796471, 36.504956055787005, 63.805750396728499 ] } },
{ "type": "Feature", "properties": { "ID": "C119AS301150", "AdminCode": "413", "Type": "11", "LinkID": "A219AS302495", "Ref_Lane": 3, "PostID": "C619AS300966", "Maker": "새한항업컨소시엄", "UpdateDate": "20190909", "Version": "2019", "Remark": null, "HistType": null, "HistRemark": null }, "geometry": { "type": "Point", "coordinates": [ 127.268751906483928, 36.504836847378101, 64.045750396728494 ] } },
{ "type": "Feature", "properties": { "ID": "C119AS301151", "AdminCode": "413", "Type": "11", "LinkID": "A219AS302349", "Ref_Lane": 3, "PostID": "C619AS300974", "Maker": "새한항업컨소시엄", "UpdateDate": "20190909", "Version": "2019", "Remark": null, "HistType": null, "HistRemark": null }, "geometry": { "type": "Point", "coordinates": [ 127.267762600446559, 36.50514547100245, 63.8997503967285 ] } }
]
}
